"Step","layer_10_hook_mlp_out_gpt2_gated_fisher_true_project_TheStackPython - losses/fisher_reg_term","layer_10_hook_mlp_out_gpt2_gated_fisher_true_project_TheStackPython - losses/fisher_reg_term__MIN","layer_10_hook_mlp_out_gpt2_gated_fisher_true_project_TheStackPython - losses/fisher_reg_term__MAX","layer_5_hook_mlp_out_gpt2_gated_fisher_true_project_TheStackPython - losses/fisher_reg_term","layer_5_hook_mlp_out_gpt2_gated_fisher_true_project_TheStackPython - losses/fisher_reg_term__MIN","layer_5_hook_mlp_out_gpt2_gated_fisher_true_project_TheStackPython - losses/fisher_reg_term__MAX","layer_0_hook_mlp_out_gpt2_gated_fisher_true_project_TheStackPython - losses/fisher_reg_term","layer_0_hook_mlp_out_gpt2_gated_fisher_true_project_TheStackPython - losses/fisher_reg_term__MIN","layer_0_hook_mlp_out_gpt2_gated_fisher_true_project_TheStackPython - losses/fisher_reg_term__MAX"
"29","24.719511032104492","24.719511032104492","24.719511032104492","5.61336088180542","5.61336088180542","5.61336088180542","7.9521307945251465","7.9521307945251465","7.9521307945251465"
"59","25.27323341369629","25.27323341369629","25.27323341369629","4.247169494628906","4.247169494628906","4.247169494628906","6.483753681182861","6.483753681182861","6.483753681182861"
"89","18.604862213134766","18.604862213134766","18.604862213134766","4.39775276184082","4.39775276184082","4.39775276184082","5.977097511291504","5.977097511291504","5.977097511291504"
"119","12.166296005249023","12.166296005249023","12.166296005249023","4.022497653961182","4.022497653961182","4.022497653961182","5.476213455200195","5.476213455200195","5.476213455200195"
"149","11.4702730178833","11.4702730178833","11.4702730178833","8.376255989074707","8.376255989074707","8.376255989074707","11.532454490661621","11.532454490661621","11.532454490661621"
"179","9.567816734313965","9.567816734313965","9.567816734313965","7.400561332702637","7.400561332702637","7.400561332702637","10.579878807067871","10.579878807067871","10.579878807067871"
"209","7.5644426345825195","7.5644426345825195","7.5644426345825195","3.4249753952026367","3.4249753952026367","3.4249753952026367","4.8044939041137695","4.8044939041137695","4.8044939041137695"
"239","6.521581649780273","6.521581649780273","6.521581649780273","3.4244225025177","3.4244225025177","3.4244225025177","4.105004787445068","4.105004787445068","4.105004787445068"
"269","6.120466232299805","6.120466232299805","6.120466232299805","3.2836055755615234","3.2836055755615234","3.2836055755615234","4.417019367218018","4.417019367218018","4.417019367218018"
"299","6.162744045257568","6.162744045257568","6.162744045257568","3.4058403968811035","3.4058403968811035","3.4058403968811035","4.236565589904785","4.236565589904785","4.236565589904785"
"329","6.497400283813477","6.497400283813477","6.497400283813477","3.5737147331237793","3.5737147331237793","3.5737147331237793","3.9392173290252686","3.9392173290252686","3.9392173290252686"
"359","6.561729431152344","6.561729431152344","6.561729431152344","3.3956170082092285","3.3956170082092285","3.3956170082092285","4.031619548797607","4.031619548797607","4.031619548797607"
"389","5.776969909667969","5.776969909667969","5.776969909667969","3.4528732299804688","3.4528732299804688","3.4528732299804688","3.633004665374756","3.633004665374756","3.633004665374756"
"419","5.418337345123291","5.418337345123291","5.418337345123291","3.368729829788208","3.368729829788208","3.368729829788208","3.863020658493042","3.863020658493042","3.863020658493042"
"449","5.56831169128418","5.56831169128418","5.56831169128418","3.1047635078430176","3.1047635078430176","3.1047635078430176","3.5730390548706055","3.5730390548706055","3.5730390548706055"
"479","5.5748291015625","5.5748291015625","5.5748291015625","3.2606475353240967","3.2606475353240967","3.2606475353240967","3.8415424823760986","3.8415424823760986","3.8415424823760986"
"509","6.011464595794678","6.011464595794678","6.011464595794678","3.28542160987854","3.28542160987854","3.28542160987854","3.6670310497283936","3.6670310497283936","3.6670310497283936"
"539","5.2509446144104","5.2509446144104","5.2509446144104","10.15216064453125","10.15216064453125","10.15216064453125","8.16373348236084","8.16373348236084","8.16373348236084"
"569","5.428318977355957","5.428318977355957","5.428318977355957","3.1053926944732666","3.1053926944732666","3.1053926944732666","3.619645595550537","3.619645595550537","3.619645595550537"
"599","5.469580173492432","5.469580173492432","5.469580173492432","2.9735827445983887","2.9735827445983887","2.9735827445983887","4.0812225341796875","4.0812225341796875","4.0812225341796875"
"629","4.62032413482666","4.62032413482666","4.62032413482666","3.1066067218780518","3.1066067218780518","3.1066067218780518","3.409515380859375","3.409515380859375","3.409515380859375"
"659","4.702779293060303","4.702779293060303","4.702779293060303","3.5812828540802","3.5812828540802","3.5812828540802","3.4839000701904297","3.4839000701904297","3.4839000701904297"
"689","4.739112854003906","4.739112854003906","4.739112854003906","6.331998825073242","6.331998825073242","6.331998825073242","6.687448501586914","6.687448501586914","6.687448501586914"
"719","5.094076156616211","5.094076156616211","5.094076156616211","3.157212495803833","3.157212495803833","3.157212495803833","3.6970202922821045","3.6970202922821045","3.6970202922821045"
"749","5.2275309562683105","5.2275309562683105","5.2275309562683105","3.2026360034942627","3.2026360034942627","3.2026360034942627","3.842648506164551","3.842648506164551","3.842648506164551"
"779","4.744231224060059","4.744231224060059","4.744231224060059","3.784003257751465","3.784003257751465","3.784003257751465","3.482144594192505","3.482144594192505","3.482144594192505"
"809","5.242907524108887","5.242907524108887","5.242907524108887","5.200563430786133","5.200563430786133","5.200563430786133","5.711875915527344","5.711875915527344","5.711875915527344"
"839","5.1914286613464355","5.1914286613464355","5.1914286613464355","2.9453582763671875","2.9453582763671875","2.9453582763671875","3.756709575653076","3.756709575653076","3.756709575653076"
"869","4.369194030761719","4.369194030761719","4.369194030761719","6.326966285705566","6.326966285705566","6.326966285705566","5.265833854675293","5.265833854675293","5.265833854675293"
"899","4.872249603271484","4.872249603271484","4.872249603271484","3.1348094940185547","3.1348094940185547","3.1348094940185547","3.5599029064178467","3.5599029064178467","3.5599029064178467"
"929","4.301469802856445","4.301469802856445","4.301469802856445","2.7769954204559326","2.7769954204559326","2.7769954204559326","3.35111927986145","3.35111927986145","3.35111927986145"
"959","4.550088405609131","4.550088405609131","4.550088405609131","6.844063758850098","6.844063758850098","6.844063758850098","5.383440017700195","5.383440017700195","5.383440017700195"
"989","4.807791233062744","4.807791233062744","4.807791233062744","2.694797992706299","2.694797992706299","2.694797992706299","3.1691393852233887","3.1691393852233887","3.1691393852233887"
"1019","4.68333625793457","4.68333625793457","4.68333625793457","4.784228324890137","4.784228324890137","4.784228324890137","4.417597770690918","4.417597770690918","4.417597770690918"
"1049","4.456105709075928","4.456105709075928","4.456105709075928","2.702385902404785","2.702385902404785","2.702385902404785","3.4119443893432617","3.4119443893432617","3.4119443893432617"
"1079","4.511205196380615","4.511205196380615","4.511205196380615","2.63397216796875","2.63397216796875","2.63397216796875","3.3259289264678955","3.3259289264678955","3.3259289264678955"
"1109","4.090756893157959","4.090756893157959","4.090756893157959","4.204779148101807","4.204779148101807","4.204779148101807","4.178218364715576","4.178218364715576","4.178218364715576"
"1139","4.258541584014893","4.258541584014893","4.258541584014893","2.85562801361084","2.85562801361084","2.85562801361084","3.2764978408813477","3.2764978408813477","3.2764978408813477"
"1169","5.099282264709473","5.099282264709473","5.099282264709473","2.758840799331665","2.758840799331665","2.758840799331665","3.5606634616851807","3.5606634616851807","3.5606634616851807"
"1199","4.449947834014893","4.449947834014893","4.449947834014893","3.0459814071655273","3.0459814071655273","3.0459814071655273","3.237839937210083","3.237839937210083","3.237839937210083"
"1229","4.053452014923096","4.053452014923096","4.053452014923096","4.980517387390137","4.980517387390137","4.980517387390137","4.05825662612915","4.05825662612915","4.05825662612915"
"1259","4.442277908325195","4.442277908325195","4.442277908325195","2.820018768310547","2.820018768310547","2.820018768310547","3.33559513092041","3.33559513092041","3.33559513092041"
"1289","4.242359638214111","4.242359638214111","4.242359638214111","2.9966354370117188","2.9966354370117188","2.9966354370117188","3.358704090118408","3.358704090118408","3.358704090118408"
"1319","4.337299346923828","4.337299346923828","4.337299346923828","4.469691276550293","4.469691276550293","4.469691276550293","4.0287628173828125","4.0287628173828125","4.0287628173828125"
"1349","4.335200309753418","4.335200309753418","4.335200309753418","2.579202175140381","2.579202175140381","2.579202175140381","3.212315320968628","3.212315320968628","3.212315320968628"
"1379","3.873671770095825","3.873671770095825","3.873671770095825","2.614842414855957","2.614842414855957","2.614842414855957","3.179718255996704","3.179718255996704","3.179718255996704"
"1409","4.4169721603393555","4.4169721603393555","4.4169721603393555","2.58151912689209","2.58151912689209","2.58151912689209","3.1318445205688477","3.1318445205688477","3.1318445205688477"
"1439","4.204129695892334","4.204129695892334","4.204129695892334","2.5413763523101807","2.5413763523101807","2.5413763523101807","3.142481565475464","3.142481565475464","3.142481565475464"
"1469","3.91184139251709","3.91184139251709","3.91184139251709","2.5275816917419434","2.5275816917419434","2.5275816917419434","3.351994514465332","3.351994514465332","3.351994514465332"
"1499","4.050802230834961","4.050802230834961","4.050802230834961","2.378429889678955","2.378429889678955","2.378429889678955","3.334003210067749","3.334003210067749","3.334003210067749"
"1529","3.664055585861206","3.664055585861206","3.664055585861206","2.5027987957000732","2.5027987957000732","2.5027987957000732","3.4549813270568848","3.4549813270568848","3.4549813270568848"
"1559","4.013609409332275","4.013609409332275","4.013609409332275","2.5971405506134033","2.5971405506134033","2.5971405506134033","3.3604612350463867","3.3604612350463867","3.3604612350463867"
"1589","3.8241195678710938","3.8241195678710938","3.8241195678710938","2.6049227714538574","2.6049227714538574","2.6049227714538574","2.9496164321899414","2.9496164321899414","2.9496164321899414"
"1619","3.9671571254730225","3.9671571254730225","3.9671571254730225","4.011569976806641","4.011569976806641","4.011569976806641","3.5110692977905273","3.5110692977905273","3.5110692977905273"
"1649","3.672884225845337","3.672884225845337","3.672884225845337","3.622494697570801","3.622494697570801","3.622494697570801","3.508319616317749","3.508319616317749","3.508319616317749"
"1679","4.045882701873779","4.045882701873779","4.045882701873779","2.864032506942749","2.864032506942749","2.864032506942749","3.46281361579895","3.46281361579895","3.46281361579895"
"1709","4.24463415145874","4.24463415145874","4.24463415145874","2.4949817657470703","2.4949817657470703","2.4949817657470703","3.0978405475616455","3.0978405475616455","3.0978405475616455"
"1739","3.466167449951172","3.466167449951172","3.466167449951172","2.576669454574585","2.576669454574585","2.576669454574585","3.1462738513946533","3.1462738513946533","3.1462738513946533"
"1769","3.5818135738372803","3.5818135738372803","3.5818135738372803","2.6518523693084717","2.6518523693084717","2.6518523693084717","3.042142868041992","3.042142868041992","3.042142868041992"
"1799","3.3420610427856445","3.3420610427856445","3.3420610427856445","2.40761399269104","2.40761399269104","2.40761399269104","3.060967445373535","3.060967445373535","3.060967445373535"
"1829","4.030160427093506","4.030160427093506","4.030160427093506","2.629124164581299","2.629124164581299","2.629124164581299","2.9953532218933105","2.9953532218933105","2.9953532218933105"
"1859","3.9166359901428223","3.9166359901428223","3.9166359901428223","2.514782428741455","2.514782428741455","2.514782428741455","2.8663618564605713","2.8663618564605713","2.8663618564605713"
"1889","3.3681323528289795","3.3681323528289795","3.3681323528289795","2.49729323387146","2.49729323387146","2.49729323387146","2.78702974319458","2.78702974319458","2.78702974319458"
"1919","4.025272846221924","4.025272846221924","4.025272846221924","3.043658971786499","3.043658971786499","3.043658971786499","3.1835601329803467","3.1835601329803467","3.1835601329803467"
"1949","3.823028564453125","3.823028564453125","3.823028564453125","2.6358625888824463","2.6358625888824463","2.6358625888824463","2.709714889526367","2.709714889526367","2.709714889526367"
"1979","3.833693742752075","3.833693742752075","3.833693742752075","2.5372073650360107","2.5372073650360107","2.5372073650360107","2.6689915657043457","2.6689915657043457","2.6689915657043457"
"2009","3.7508552074432373","3.7508552074432373","3.7508552074432373","2.59847092628479","2.59847092628479","2.59847092628479","2.9876246452331543","2.9876246452331543","2.9876246452331543"
"2039","4.582827568054199","4.582827568054199","4.582827568054199","2.553323268890381","2.553323268890381","2.553323268890381","2.7760517597198486","2.7760517597198486","2.7760517597198486"
"2069","3.8647563457489014","3.8647563457489014","3.8647563457489014","2.542518138885498","2.542518138885498","2.542518138885498","2.5278661251068115","2.5278661251068115","2.5278661251068115"
"2099","3.7148332595825195","3.7148332595825195","3.7148332595825195","2.270862102508545","2.270862102508545","2.270862102508545","2.427259683609009","2.427259683609009","2.427259683609009"
"2129","3.494706630706787","3.494706630706787","3.494706630706787","2.3893983364105225","2.3893983364105225","2.3893983364105225","2.9170022010803223","2.9170022010803223","2.9170022010803223"
"2159","3.1090264320373535","3.1090264320373535","3.1090264320373535","2.4535903930664062","2.4535903930664062","2.4535903930664062","2.5342366695404053","2.5342366695404053","2.5342366695404053"
"2189","3.3553738594055176","3.3553738594055176","3.3553738594055176","2.4350802898406982","2.4350802898406982","2.4350802898406982","2.788613796234131","2.788613796234131","2.788613796234131"
"2219","3.863323211669922","3.863323211669922","3.863323211669922","2.509732961654663","2.509732961654663","2.509732961654663","2.94622540473938","2.94622540473938","2.94622540473938"
"2249","3.7193686962127686","3.7193686962127686","3.7193686962127686","2.53934645652771","2.53934645652771","2.53934645652771","3.035714864730835","3.035714864730835","3.035714864730835"
"2279","44.150917053222656","44.150917053222656","44.150917053222656","33.360538482666016","33.360538482666016","33.360538482666016","25.623661041259766","25.623661041259766","25.623661041259766"
"2309","3.320524215698242","3.320524215698242","3.320524215698242","2.2190146446228027","2.2190146446228027","2.2190146446228027","2.4278788566589355","2.4278788566589355","2.4278788566589355"
"2339","3.4766972064971924","3.4766972064971924","3.4766972064971924","2.612633228302002","2.612633228302002","2.612633228302002","3.0678765773773193","3.0678765773773193","3.0678765773773193"
"2369","3.827650785446167","3.827650785446167","3.827650785446167","2.4846818447113037","2.4846818447113037","2.4846818447113037","2.989764451980591","2.989764451980591","2.989764451980591"
"2399","3.5298662185668945","3.5298662185668945","3.5298662185668945","2.771667957305908","2.771667957305908","2.771667957305908","3.199969530105591","3.199969530105591","3.199969530105591"
"2429","3.124433755874634","3.124433755874634","3.124433755874634","3.0855913162231445","3.0855913162231445","3.0855913162231445","2.843057155609131","2.843057155609131","2.843057155609131"
"2459","3.0435731410980225","3.0435731410980225","3.0435731410980225","2.4730703830718994","2.4730703830718994","2.4730703830718994","2.9709279537200928","2.9709279537200928","2.9709279537200928"
"2489","3.499396324157715","3.499396324157715","3.499396324157715","2.3582417964935303","2.3582417964935303","2.3582417964935303","2.5192947387695312","2.5192947387695312","2.5192947387695312"
"2519","3.1963906288146973","3.1963906288146973","3.1963906288146973","2.393256902694702","2.393256902694702","2.393256902694702","2.576878070831299","2.576878070831299","2.576878070831299"
"2549","3.3260319232940674","3.3260319232940674","3.3260319232940674","2.4514834880828857","2.4514834880828857","2.4514834880828857","2.8235113620758057","2.8235113620758057","2.8235113620758057"
"2579","2.8116557598114014","2.8116557598114014","2.8116557598114014","2.3580410480499268","2.3580410480499268","2.3580410480499268","2.621671199798584","2.621671199798584","2.621671199798584"
"2609","2.921015977859497","2.921015977859497","2.921015977859497","2.333022356033325","2.333022356033325","2.333022356033325","2.5943267345428467","2.5943267345428467","2.5943267345428467"
"2639","2.9181175231933594","2.9181175231933594","2.9181175231933594","2.721308469772339","2.721308469772339","2.721308469772339","2.347165584564209","2.347165584564209","2.347165584564209"
"2669","3.005988597869873","3.005988597869873","3.005988597869873","2.3863468170166016","2.3863468170166016","2.3863468170166016","2.5960071086883545","2.5960071086883545","2.5960071086883545"
"2699","2.921916961669922","2.921916961669922","2.921916961669922","2.24002742767334","2.24002742767334","2.24002742767334","2.6571555137634277","2.6571555137634277","2.6571555137634277"
"2729","3.049229860305786","3.049229860305786","3.049229860305786","2.4444878101348877","2.4444878101348877","2.4444878101348877","2.3713510036468506","2.3713510036468506","2.3713510036468506"
"2759","3.2997398376464844","3.2997398376464844","3.2997398376464844","2.374922513961792","2.374922513961792","2.374922513961792","2.630018949508667","2.630018949508667","2.630018949508667"
"2789","3.1207237243652344","3.1207237243652344","3.1207237243652344","3.368396520614624","3.368396520614624","3.368396520614624","2.788591146469116","2.788591146469116","2.788591146469116"
"2819","2.903099298477173","2.903099298477173","2.903099298477173","2.1402010917663574","2.1402010917663574","2.1402010917663574","2.456094980239868","2.456094980239868","2.456094980239868"
"2849","3.0671236515045166","3.0671236515045166","3.0671236515045166","2.4185197353363037","2.4185197353363037","2.4185197353363037","2.1442503929138184","2.1442503929138184","2.1442503929138184"
"2879","2.799145460128784","2.799145460128784","2.799145460128784","2.391357660293579","2.391357660293579","2.391357660293579","2.648993492126465","2.648993492126465","2.648993492126465"
"2909","2.8632028102874756","2.8632028102874756","2.8632028102874756","2.202709436416626","2.202709436416626","2.202709436416626","2.6368865966796875","2.6368865966796875","2.6368865966796875"
"2939","2.6578264236450195","2.6578264236450195","2.6578264236450195","2.5248875617980957","2.5248875617980957","2.5248875617980957","2.535001516342163","2.535001516342163","2.535001516342163"
"2969","2.959501266479492","2.959501266479492","2.959501266479492","2.36224627494812","2.36224627494812","2.36224627494812","2.8718645572662354","2.8718645572662354","2.8718645572662354"
"2999","2.5800459384918213","2.5800459384918213","2.5800459384918213","2.1498470306396484","2.1498470306396484","2.1498470306396484","2.1663756370544434","2.1663756370544434","2.1663756370544434"
"3029","2.6925084590911865","2.6925084590911865","2.6925084590911865","2.3145523071289062","2.3145523071289062","2.3145523071289062","2.5741875171661377","2.5741875171661377","2.5741875171661377"
"3059","2.804731607437134","2.804731607437134","2.804731607437134","2.5955276489257812","2.5955276489257812","2.5955276489257812","2.3087918758392334","2.3087918758392334","2.3087918758392334"
"3089","2.681130886077881","2.681130886077881","2.681130886077881","2.1141321659088135","2.1141321659088135","2.1141321659088135","2.203446388244629","2.203446388244629","2.203446388244629"
"3119","2.9779694080352783","2.9779694080352783","2.9779694080352783","2.571244478225708","2.571244478225708","2.571244478225708","3.115272045135498","3.115272045135498","3.115272045135498"
"3149","2.702967405319214","2.702967405319214","2.702967405319214","2.32412052154541","2.32412052154541","2.32412052154541","2.407399892807007","2.407399892807007","2.407399892807007"
"3179","2.6408979892730713","2.6408979892730713","2.6408979892730713","2.4601082801818848","2.4601082801818848","2.4601082801818848","2.4606878757476807","2.4606878757476807","2.4606878757476807"
"3209","3.0390255451202393","3.0390255451202393","3.0390255451202393","2.457422971725464","2.457422971725464","2.457422971725464","2.35321044921875","2.35321044921875","2.35321044921875"
"3239","2.8599724769592285","2.8599724769592285","2.8599724769592285","2.3348071575164795","2.3348071575164795","2.3348071575164795","2.1996779441833496","2.1996779441833496","2.1996779441833496"
"3269","2.8127856254577637","2.8127856254577637","2.8127856254577637","2.201239824295044","2.201239824295044","2.201239824295044","2.373786449432373","2.373786449432373","2.373786449432373"
"3299","2.5932891368865967","2.5932891368865967","2.5932891368865967","2.3643834590911865","2.3643834590911865","2.3643834590911865","2.517033100128174","2.517033100128174","2.517033100128174"
"3329","2.5314693450927734","2.5314693450927734","2.5314693450927734","2.085905075073242","2.085905075073242","2.085905075073242","2.464005470275879","2.464005470275879","2.464005470275879"
"3359","2.4679081439971924","2.4679081439971924","2.4679081439971924","1.9903539419174194","1.9903539419174194","1.9903539419174194","2.364619493484497","2.364619493484497","2.364619493484497"
"3389","2.3937997817993164","2.3937997817993164","2.3937997817993164","2.3949437141418457","2.3949437141418457","2.3949437141418457","2.0388851165771484","2.0388851165771484","2.0388851165771484"
"3419","2.39674973487854","2.39674973487854","2.39674973487854","2.235368251800537","2.235368251800537","2.235368251800537","2.6987547874450684","2.6987547874450684","2.6987547874450684"
"3449","2.6094086170196533","2.6094086170196533","2.6094086170196533","2.151634454727173","2.151634454727173","2.151634454727173","2.473106622695923","2.473106622695923","2.473106622695923"
"3479","2.5164999961853027","2.5164999961853027","2.5164999961853027","2.3746984004974365","2.3746984004974365","2.3746984004974365","1.6890515089035034","1.6890515089035034","1.6890515089035034"
"3509","2.5295143127441406","2.5295143127441406","2.5295143127441406","2.285933256149292","2.285933256149292","2.285933256149292","2.2350282669067383","2.2350282669067383","2.2350282669067383"
"3539","2.7262346744537354","2.7262346744537354","2.7262346744537354","1.916526198387146","1.916526198387146","1.916526198387146","2.2703702449798584","2.2703702449798584","2.2703702449798584"
"3569","2.125581741333008","2.125581741333008","2.125581741333008","2.3903839588165283","2.3903839588165283","2.3903839588165283","2.259735584259033","2.259735584259033","2.259735584259033"
"3599","2.262471914291382","2.262471914291382","2.262471914291382","2.2582814693450928","2.2582814693450928","2.2582814693450928","1.9748220443725586","1.9748220443725586","1.9748220443725586"
"3629","2.4834184646606445","2.4834184646606445","2.4834184646606445","2.183760404586792","2.183760404586792","2.183760404586792","2.316401243209839","2.316401243209839","2.316401243209839"
"3659","2.2874114513397217","2.2874114513397217","2.2874114513397217","2.2099406719207764","2.2099406719207764","2.2099406719207764","2.2345595359802246","2.2345595359802246","2.2345595359802246"
"3689","2.4613285064697266","2.4613285064697266","2.4613285064697266","2.583634376525879","2.583634376525879","2.583634376525879","2.4082608222961426","2.4082608222961426","2.4082608222961426"
"3719","2.3500142097473145","2.3500142097473145","2.3500142097473145","2.631060838699341","2.631060838699341","2.631060838699341","2.2366650104522705","2.2366650104522705","2.2366650104522705"
"3749","2.268566846847534","2.268566846847534","2.268566846847534","2.69284987449646","2.69284987449646","2.69284987449646","2.2491295337677","2.2491295337677","2.2491295337677"
"3779","2.675455331802368","2.675455331802368","2.675455331802368","2.093393564224243","2.093393564224243","2.093393564224243","1.9866430759429932","1.9866430759429932","1.9866430759429932"
"3809","2.6948437690734863","2.6948437690734863","2.6948437690734863","2.4661293029785156","2.4661293029785156","2.4661293029785156","2.34747576713562","2.34747576713562","2.34747576713562"
"3839","2.2047080993652344","2.2047080993652344","2.2047080993652344","2.1412241458892822","2.1412241458892822","2.1412241458892822","2.5406510829925537","2.5406510829925537","2.5406510829925537"
"3869","2.432219982147217","2.432219982147217","2.432219982147217","2.1367828845977783","2.1367828845977783","2.1367828845977783","2.5165817737579346","2.5165817737579346","2.5165817737579346"
"3899","2.395061492919922","2.395061492919922","2.395061492919922","2.083925485610962","2.083925485610962","2.083925485610962","1.8881441354751587","1.8881441354751587","1.8881441354751587"
"3929","2.317598581314087","2.317598581314087","2.317598581314087","2.483825206756592","2.483825206756592","2.483825206756592","2.12642502784729","2.12642502784729","2.12642502784729"
"3959","2.157627820968628","2.157627820968628","2.157627820968628","2.344066619873047","2.344066619873047","2.344066619873047","2.257341146469116","2.257341146469116","2.257341146469116"
"3989","2.181596517562866","2.181596517562866","2.181596517562866","2.8344640731811523","2.8344640731811523","2.8344640731811523","1.8800580501556396","1.8800580501556396","1.8800580501556396"
"4019","2.1596248149871826","2.1596248149871826","2.1596248149871826","2.2259790897369385","2.2259790897369385","2.2259790897369385","2.483700752258301","2.483700752258301","2.483700752258301"
"4049","2.1634013652801514","2.1634013652801514","2.1634013652801514","2.0942578315734863","2.0942578315734863","2.0942578315734863","1.8556832075119019","1.8556832075119019","1.8556832075119019"
"4079","2.1269326210021973","2.1269326210021973","2.1269326210021973","2.5162065029144287","2.5162065029144287","2.5162065029144287","2.239549398422241","2.239549398422241","2.239549398422241"
"4109","2.0991783142089844","2.0991783142089844","2.0991783142089844","3.155186891555786","3.155186891555786","3.155186891555786","2.143357992172241","2.143357992172241","2.143357992172241"
"4139","2.317517042160034","2.317517042160034","2.317517042160034","1.977868914604187","1.977868914604187","1.977868914604187","2.3770809173583984","2.3770809173583984","2.3770809173583984"
"4169","2.24668550491333","2.24668550491333","2.24668550491333","2.1905901432037354","2.1905901432037354","2.1905901432037354","2.122082471847534","2.122082471847534","2.122082471847534"
"4199","2.051088571548462","2.051088571548462","2.051088571548462","2.0802464485168457","2.0802464485168457","2.0802464485168457","1.7608731985092163","1.7608731985092163","1.7608731985092163"
"4229","2.6095166206359863","2.6095166206359863","2.6095166206359863","2.96456241607666","2.96456241607666","2.96456241607666","2.1805953979492188","2.1805953979492188","2.1805953979492188"
"4259","1.930959701538086","1.930959701538086","1.930959701538086","1.9428174495697021","1.9428174495697021","1.9428174495697021","1.908923864364624","1.908923864364624","1.908923864364624"
"4289","1.909554123878479","1.909554123878479","1.909554123878479","2.510906934738159","2.510906934738159","2.510906934738159","1.7694320678710938","1.7694320678710938","1.7694320678710938"
"4319","1.8509032726287842","1.8509032726287842","1.8509032726287842","2.1205241680145264","2.1205241680145264","2.1205241680145264","2.2373507022857666","2.2373507022857666","2.2373507022857666"
"4349","1.9131044149398804","1.9131044149398804","1.9131044149398804","2.3552446365356445","2.3552446365356445","2.3552446365356445","2.1045525074005127","2.1045525074005127","2.1045525074005127"
"4379","2.096451997756958","2.096451997756958","2.096451997756958","2.0372447967529297","2.0372447967529297","2.0372447967529297","2.2774744033813477","2.2774744033813477","2.2774744033813477"
"4409","1.793755054473877","1.793755054473877","1.793755054473877","2.2700695991516113","2.2700695991516113","2.2700695991516113","1.9204915761947632","1.9204915761947632","1.9204915761947632"
"4439","1.9479845762252808","1.9479845762252808","1.9479845762252808","2.0794999599456787","2.0794999599456787","2.0794999599456787","2.2320480346679688","2.2320480346679688","2.2320480346679688"
"4469","1.963102102279663","1.963102102279663","1.963102102279663","2.1236538887023926","2.1236538887023926","2.1236538887023926","2.6178271770477295","2.6178271770477295","2.6178271770477295"
"4499","1.8660812377929688","1.8660812377929688","1.8660812377929688","1.975905418395996","1.975905418395996","1.975905418395996","2.1229348182678223","2.1229348182678223","2.1229348182678223"
"4529","1.77047598361969","1.77047598361969","1.77047598361969","1.8135267496109009","1.8135267496109009","1.8135267496109009","1.7903590202331543","1.7903590202331543","1.7903590202331543"
"4559","2.0578222274780273","2.0578222274780273","2.0578222274780273","1.9203681945800781","1.9203681945800781","1.9203681945800781","1.860385537147522","1.860385537147522","1.860385537147522"
"4589","1.8854092359542847","1.8854092359542847","1.8854092359542847","2.100930690765381","2.100930690765381","2.100930690765381","1.5160499811172485","1.5160499811172485","1.5160499811172485"
"4619","2.3802330493927","2.3802330493927","2.3802330493927","2.2967278957366943","2.2967278957366943","2.2967278957366943","1.7153496742248535","1.7153496742248535","1.7153496742248535"
"4649","1.8753308057785034","1.8753308057785034","1.8753308057785034","1.9157140254974365","1.9157140254974365","1.9157140254974365","1.9869991540908813","1.9869991540908813","1.9869991540908813"
"4679","2.042253017425537","2.042253017425537","2.042253017425537","2.1420791149139404","2.1420791149139404","2.1420791149139404","2.1760404109954834","2.1760404109954834","2.1760404109954834"
"4709","1.765144944190979","1.765144944190979","1.765144944190979","2.2799572944641113","2.2799572944641113","2.2799572944641113","1.8115438222885132","1.8115438222885132","1.8115438222885132"
"4739","2.0211851596832275","2.0211851596832275","2.0211851596832275","2.0161116123199463","2.0161116123199463","2.0161116123199463","1.6559771299362183","1.6559771299362183","1.6559771299362183"
"4769","1.7910244464874268","1.7910244464874268","1.7910244464874268","2.351797342300415","2.351797342300415","2.351797342300415","1.8586584329605103","1.8586584329605103","1.8586584329605103"
"4799","1.6293667554855347","1.6293667554855347","1.6293667554855347","2.093893051147461","2.093893051147461","2.093893051147461","2.082716941833496","2.082716941833496","2.082716941833496"
"4829","1.8239907026290894","1.8239907026290894","1.8239907026290894","1.8957765102386475","1.8957765102386475","1.8957765102386475","1.9313006401062012","1.9313006401062012","1.9313006401062012"
"4859","1.8035274744033813","1.8035274744033813","1.8035274744033813","1.9764071702957153","1.9764071702957153","1.9764071702957153","1.9111342430114746","1.9111342430114746","1.9111342430114746"
"4889","1.8094021081924438","1.8094021081924438","1.8094021081924438","1.95595121383667","1.95595121383667","1.95595121383667","1.9507579803466797","1.9507579803466797","1.9507579803466797"
"4919","2.141711473464966","2.141711473464966","2.141711473464966","2.1304614543914795","2.1304614543914795","2.1304614543914795","1.9021170139312744","1.9021170139312744","1.9021170139312744"
"4949","1.8823418617248535","1.8823418617248535","1.8823418617248535","2.2328648567199707","2.2328648567199707","2.2328648567199707","2.240345001220703","2.240345001220703","2.240345001220703"
"4979","1.7357473373413086","1.7357473373413086","1.7357473373413086","2.0057923793792725","2.0057923793792725","2.0057923793792725","1.9445416927337646","1.9445416927337646","1.9445416927337646"
"5009","1.5899426937103271","1.5899426937103271","1.5899426937103271","2.04361629486084","2.04361629486084","2.04361629486084","1.6086828708648682","1.6086828708648682","1.6086828708648682"
"5039","1.6451284885406494","1.6451284885406494","1.6451284885406494","1.850311517715454","1.850311517715454","1.850311517715454","2.1608498096466064","2.1608498096466064","2.1608498096466064"
"5069","1.7267202138900757","1.7267202138900757","1.7267202138900757","2.5433075428009033","2.5433075428009033","2.5433075428009033","1.8842370510101318","1.8842370510101318","1.8842370510101318"
"5099","1.807618498802185","1.807618498802185","1.807618498802185","1.8976751565933228","1.8976751565933228","1.8976751565933228","1.8005949258804321","1.8005949258804321","1.8005949258804321"
"5129","1.7035738229751587","1.7035738229751587","1.7035738229751587","1.9553042650222778","1.9553042650222778","1.9553042650222778","1.905929684638977","1.905929684638977","1.905929684638977"
"5159","1.61834716796875","1.61834716796875","1.61834716796875","1.7736010551452637","1.7736010551452637","1.7736010551452637","1.827441692352295","1.827441692352295","1.827441692352295"
"5189","1.8066134452819824","1.8066134452819824","1.8066134452819824","2.235543727874756","2.235543727874756","2.235543727874756","1.4088134765625","1.4088134765625","1.4088134765625"
"5219","1.603763222694397","1.603763222694397","1.603763222694397","1.9592244625091553","1.9592244625091553","1.9592244625091553","1.9713929891586304","1.9713929891586304","1.9713929891586304"
"5249","1.5241820812225342","1.5241820812225342","1.5241820812225342","2.169499397277832","2.169499397277832","2.169499397277832","1.5475387573242188","1.5475387573242188","1.5475387573242188"
"5279","1.6863642930984497","1.6863642930984497","1.6863642930984497","1.72336745262146","1.72336745262146","1.72336745262146","1.911918044090271","1.911918044090271","1.911918044090271"
"5309","1.6370071172714233","1.6370071172714233","1.6370071172714233","1.9117379188537598","1.9117379188537598","1.9117379188537598","1.559159517288208","1.559159517288208","1.559159517288208"
"5339","1.6581026315689087","1.6581026315689087","1.6581026315689087","2.2081058025360107","2.2081058025360107","2.2081058025360107","1.8699251413345337","1.8699251413345337","1.8699251413345337"
"5369","1.492940902709961","1.492940902709961","1.492940902709961","2.5860252380371094","2.5860252380371094","2.5860252380371094","1.6112971305847168","1.6112971305847168","1.6112971305847168"
"5399","1.534277319908142","1.534277319908142","1.534277319908142","1.8799999952316284","1.8799999952316284","1.8799999952316284","1.6663987636566162","1.6663987636566162","1.6663987636566162"
"5429","1.510069489479065","1.510069489479065","1.510069489479065","1.9508609771728516","1.9508609771728516","1.9508609771728516","1.233743667602539","1.233743667602539","1.233743667602539"
"5459","1.531648874282837","1.531648874282837","1.531648874282837","1.857126235961914","1.857126235961914","1.857126235961914","1.843369722366333","1.843369722366333","1.843369722366333"
"5489","1.6337597370147705","1.6337597370147705","1.6337597370147705","1.7445663213729858","1.7445663213729858","1.7445663213729858","1.4838314056396484","1.4838314056396484","1.4838314056396484"
"5519","1.5519284009933472","1.5519284009933472","1.5519284009933472","1.7775243520736694","1.7775243520736694","1.7775243520736694","1.6099505424499512","1.6099505424499512","1.6099505424499512"
"5549","1.6813424825668335","1.6813424825668335","1.6813424825668335","1.9653799533843994","1.9653799533843994","1.9653799533843994","1.8970667123794556","1.8970667123794556","1.8970667123794556"
"5579","1.5833827257156372","1.5833827257156372","1.5833827257156372","1.9691786766052246","1.9691786766052246","1.9691786766052246","1.2985345125198364","1.2985345125198364","1.2985345125198364"
"5609","1.5041370391845703","1.5041370391845703","1.5041370391845703","1.8810181617736816","1.8810181617736816","1.8810181617736816","2.151918888092041","2.151918888092041","2.151918888092041"
"5639","1.476491928100586","1.476491928100586","1.476491928100586","1.7005846500396729","1.7005846500396729","1.7005846500396729","1.4916244745254517","1.4916244745254517","1.4916244745254517"
"5669","1.7463576793670654","1.7463576793670654","1.7463576793670654","2.7181358337402344","2.7181358337402344","2.7181358337402344","1.7601351737976074","1.7601351737976074","1.7601351737976074"
"5699","1.643700361251831","1.643700361251831","1.643700361251831","2.0209157466888428","2.0209157466888428","2.0209157466888428","1.308363437652588","1.308363437652588","1.308363437652588"
"5729","1.3754416704177856","1.3754416704177856","1.3754416704177856","2.3451342582702637","2.3451342582702637","2.3451342582702637","1.717773675918579","1.717773675918579","1.717773675918579"
"5759","1.477277159690857","1.477277159690857","1.477277159690857","1.98109769821167","1.98109769821167","1.98109769821167","1.6776734590530396","1.6776734590530396","1.6776734590530396"
"5789","1.674487590789795","1.674487590789795","1.674487590789795","2.10186767578125","2.10186767578125","2.10186767578125","1.4293720722198486","1.4293720722198486","1.4293720722198486"
"5819","1.544994831085205","1.544994831085205","1.544994831085205","1.9437285661697388","1.9437285661697388","1.9437285661697388","1.5887582302093506","1.5887582302093506","1.5887582302093506"
"5849","1.4278265237808228","1.4278265237808228","1.4278265237808228","2.0084645748138428","2.0084645748138428","2.0084645748138428","1.5395056009292603","1.5395056009292603","1.5395056009292603"
"5879","1.71881103515625","1.71881103515625","1.71881103515625","2.734424591064453","2.734424591064453","2.734424591064453","1.1107486486434937","1.1107486486434937","1.1107486486434937"
"5909","1.5386549234390259","1.5386549234390259","1.5386549234390259","1.89987051486969","1.89987051486969","1.89987051486969","1.709032654762268","1.709032654762268","1.709032654762268"
"5939","1.4035066366195679","1.4035066366195679","1.4035066366195679","2.143075704574585","2.143075704574585","2.143075704574585","1.6955105066299438","1.6955105066299438","1.6955105066299438"
"5969","1.5302619934082031","1.5302619934082031","1.5302619934082031","2.163487434387207","2.163487434387207","2.163487434387207","1.4803069829940796","1.4803069829940796","1.4803069829940796"
"5999","1.4155203104019165","1.4155203104019165","1.4155203104019165","2.0890910625457764","2.0890910625457764","2.0890910625457764","1.727596402168274","1.727596402168274","1.727596402168274"
"6029","1.5320059061050415","1.5320059061050415","1.5320059061050415","2.22379732131958","2.22379732131958","2.22379732131958","1.3249437808990479","1.3249437808990479","1.3249437808990479"
"6059","1.4657317399978638","1.4657317399978638","1.4657317399978638","3.2052011489868164","3.2052011489868164","3.2052011489868164","1.1075220108032227","1.1075220108032227","1.1075220108032227"
"6089","1.5043988227844238","1.5043988227844238","1.5043988227844238","1.8738994598388672","1.8738994598388672","1.8738994598388672","1.236654281616211","1.236654281616211","1.236654281616211"
"6119","1.4729795455932617","1.4729795455932617","1.4729795455932617","1.9626275300979614","1.9626275300979614","1.9626275300979614","1.022930383682251","1.022930383682251","1.022930383682251"
"6149","1.2625329494476318","1.2625329494476318","1.2625329494476318","2.2388272285461426","2.2388272285461426","2.2388272285461426","1.52105712890625","1.52105712890625","1.52105712890625"
"6179","1.4968572854995728","1.4968572854995728","1.4968572854995728","1.8542907238006592","1.8542907238006592","1.8542907238006592","1.6433086395263672","1.6433086395263672","1.6433086395263672"
"6209","1.3060494661331177","1.3060494661331177","1.3060494661331177","1.779610514640808","1.779610514640808","1.779610514640808","1.5372543334960938","1.5372543334960938","1.5372543334960938"
"6239","1.5387972593307495","1.5387972593307495","1.5387972593307495","1.8520923852920532","1.8520923852920532","1.8520923852920532","1.463287115097046","1.463287115097046","1.463287115097046"
"6269","1.4518667459487915","1.4518667459487915","1.4518667459487915","1.79081392288208","1.79081392288208","1.79081392288208","1.6162911653518677","1.6162911653518677","1.6162911653518677"
"6299","1.3650784492492676","1.3650784492492676","1.3650784492492676","2.1189727783203125","2.1189727783203125","2.1189727783203125","1.81290864944458","1.81290864944458","1.81290864944458"
"6329","1.4336490631103516","1.4336490631103516","1.4336490631103516","1.6877514123916626","1.6877514123916626","1.6877514123916626","1.3651294708251953","1.3651294708251953","1.3651294708251953"
"6359","1.3496496677398682","1.3496496677398682","1.3496496677398682","2.0206847190856934","2.0206847190856934","2.0206847190856934","1.703602910041809","1.703602910041809","1.703602910041809"
"6389","1.3405711650848389","1.3405711650848389","1.3405711650848389","1.9388915300369263","1.9388915300369263","1.9388915300369263","1.174646258354187","1.174646258354187","1.174646258354187"
"6419","1.1885318756103516","1.1885318756103516","1.1885318756103516","1.6797680854797363","1.6797680854797363","1.6797680854797363","1.6876866817474365","1.6876866817474365","1.6876866817474365"
"6449","1.2755372524261475","1.2755372524261475","1.2755372524261475","1.9225486516952515","1.9225486516952515","1.9225486516952515","1.4053454399108887","1.4053454399108887","1.4053454399108887"
"6479","1.387307047843933","1.387307047843933","1.387307047843933","2.1946046352386475","2.1946046352386475","2.1946046352386475","1.6909289360046387","1.6909289360046387","1.6909289360046387"
"6509","1.377319574356079","1.377319574356079","1.377319574356079","1.8139187097549438","1.8139187097549438","1.8139187097549438","1.621235966682434","1.621235966682434","1.621235966682434"
"6539","1.3400613069534302","1.3400613069534302","1.3400613069534302","2.3377859592437744","2.3377859592437744","2.3377859592437744","1.54200279712677","1.54200279712677","1.54200279712677"
"6569","1.2989428043365479","1.2989428043365479","1.2989428043365479","1.8266005516052246","1.8266005516052246","1.8266005516052246","1.2016748189926147","1.2016748189926147","1.2016748189926147"
"6599","1.3522979021072388","1.3522979021072388","1.3522979021072388","1.679568886756897","1.679568886756897","1.679568886756897","1.5525234937667847","1.5525234937667847","1.5525234937667847"
"6629","1.5709264278411865","1.5709264278411865","1.5709264278411865","1.9248446226119995","1.9248446226119995","1.9248446226119995","1.4326778650283813","1.4326778650283813","1.4326778650283813"
"6659","1.5076329708099365","1.5076329708099365","1.5076329708099365","1.880471110343933","1.880471110343933","1.880471110343933","1.547038197517395","1.547038197517395","1.547038197517395"
"6689","1.2560476064682007","1.2560476064682007","1.2560476064682007","1.5578991174697876","1.5578991174697876","1.5578991174697876","1.455479383468628","1.455479383468628","1.455479383468628"
"6719","1.2240948677062988","1.2240948677062988","1.2240948677062988","1.7172006368637085","1.7172006368637085","1.7172006368637085","1.5980041027069092","1.5980041027069092","1.5980041027069092"
"6749","1.3107415437698364","1.3107415437698364","1.3107415437698364","1.7019000053405762","1.7019000053405762","1.7019000053405762","1.4124881029129028","1.4124881029129028","1.4124881029129028"
"6779","1.4016642570495605","1.4016642570495605","1.4016642570495605","1.8643665313720703","1.8643665313720703","1.8643665313720703","1.802518606185913","1.802518606185913","1.802518606185913"
"6809","1.1367155313491821","1.1367155313491821","1.1367155313491821","1.7270138263702393","1.7270138263702393","1.7270138263702393","1.300954818725586","1.300954818725586","1.300954818725586"
"6839","1.3999385833740234","1.3999385833740234","1.3999385833740234","1.6284722089767456","1.6284722089767456","1.6284722089767456","1.3857269287109375","1.3857269287109375","1.3857269287109375"
"6869","1.2642029523849487","1.2642029523849487","1.2642029523849487","2.140256404876709","2.140256404876709","2.140256404876709","1.4807584285736084","1.4807584285736084","1.4807584285736084"
"6899","1.2614203691482544","1.2614203691482544","1.2614203691482544","1.8320449590682983","1.8320449590682983","1.8320449590682983","1.679457664489746","1.679457664489746","1.679457664489746"
"6929","1.2546290159225464","1.2546290159225464","1.2546290159225464","1.7493489980697632","1.7493489980697632","1.7493489980697632","1.0884588956832886","1.0884588956832886","1.0884588956832886"
"6959","1.2455220222473145","1.2455220222473145","1.2455220222473145","1.6387008428573608","1.6387008428573608","1.6387008428573608","1.5302215814590454","1.5302215814590454","1.5302215814590454"
"6989","1.175581932067871","1.175581932067871","1.175581932067871","1.705532193183899","1.705532193183899","1.705532193183899","0.6786561608314514","0.6786561608314514","0.6786561608314514"
"7019","1.3404276371002197","1.3404276371002197","1.3404276371002197","1.698681116104126","1.698681116104126","1.698681116104126","1.4373664855957031","1.4373664855957031","1.4373664855957031"
"7049","1.2395230531692505","1.2395230531692505","1.2395230531692505","1.7300742864608765","1.7300742864608765","1.7300742864608765","1.0878605842590332","1.0878605842590332","1.0878605842590332"
"7079","1.1242109537124634","1.1242109537124634","1.1242109537124634","1.5738461017608643","1.5738461017608643","1.5738461017608643","1.552619457244873","1.552619457244873","1.552619457244873"
"7109","1.270964503288269","1.270964503288269","1.270964503288269","2.4166407585144043","2.4166407585144043","2.4166407585144043","1.2829903364181519","1.2829903364181519","1.2829903364181519"
"7139","1.3622546195983887","1.3622546195983887","1.3622546195983887","1.9762816429138184","1.9762816429138184","1.9762816429138184","1.5455981492996216","1.5455981492996216","1.5455981492996216"
"7169","1.1760871410369873","1.1760871410369873","1.1760871410369873","1.75266695022583","1.75266695022583","1.75266695022583","1.4501726627349854","1.4501726627349854","1.4501726627349854"
"7199","1.1574493646621704","1.1574493646621704","1.1574493646621704","2.173813581466675","2.173813581466675","2.173813581466675","1.105257272720337","1.105257272720337","1.105257272720337"
"7229","1.1081560850143433","1.1081560850143433","1.1081560850143433","2.0950284004211426","2.0950284004211426","2.0950284004211426","1.2736881971359253","1.2736881971359253","1.2736881971359253"
"7259","1.1115517616271973","1.1115517616271973","1.1115517616271973","1.7772974967956543","1.7772974967956543","1.7772974967956543","1.1224048137664795","1.1224048137664795","1.1224048137664795"
"7289","1.2884918451309204","1.2884918451309204","1.2884918451309204","1.5281181335449219","1.5281181335449219","1.5281181335449219","1.3375849723815918","1.3375849723815918","1.3375849723815918"
"7319","1.3362154960632324","1.3362154960632324","1.3362154960632324","1.6621088981628418","1.6621088981628418","1.6621088981628418","1.570919156074524","1.570919156074524","1.570919156074524"
"7349","1.2460670471191406","1.2460670471191406","1.2460670471191406","1.6793206930160522","1.6793206930160522","1.6793206930160522","1.2112576961517334","1.2112576961517334","1.2112576961517334"
"7379","1.1479036808013916","1.1479036808013916","1.1479036808013916","1.6452142000198364","1.6452142000198364","1.6452142000198364","1.3815935850143433","1.3815935850143433","1.3815935850143433"
"7409","1.0087089538574219","1.0087089538574219","1.0087089538574219","1.4231311082839966","1.4231311082839966","1.4231311082839966","0.9686793088912964","0.9686793088912964","0.9686793088912964"
"7439","1.135430097579956","1.135430097579956","1.135430097579956","1.5279260873794556","1.5279260873794556","1.5279260873794556","1.0034953355789185","1.0034953355789185","1.0034953355789185"
"7469","1.071418046951294","1.071418046951294","1.071418046951294","1.9901078939437866","1.9901078939437866","1.9901078939437866","1.6661376953125","1.6661376953125","1.6661376953125"
"7499","1.134343147277832","1.134343147277832","1.134343147277832","1.5246357917785645","1.5246357917785645","1.5246357917785645","1.127230167388916","1.127230167388916","1.127230167388916"
"7529","1.009170651435852","1.009170651435852","1.009170651435852","1.6562957763671875","1.6562957763671875","1.6562957763671875","1.6405500173568726","1.6405500173568726","1.6405500173568726"
"7559","1.1402482986450195","1.1402482986450195","1.1402482986450195","1.598272681236267","1.598272681236267","1.598272681236267","1.4012420177459717","1.4012420177459717","1.4012420177459717"
"7589","1.1224817037582397","1.1224817037582397","1.1224817037582397","1.7486568689346313","1.7486568689346313","1.7486568689346313","1.4448580741882324","1.4448580741882324","1.4448580741882324"
"7619","1.0862761735916138","1.0862761735916138","1.0862761735916138","1.4302849769592285","1.4302849769592285","1.4302849769592285","2.475512981414795","2.475512981414795","2.475512981414795"
"7649","1.0191527605056763","1.0191527605056763","1.0191527605056763","1.6145678758621216","1.6145678758621216","1.6145678758621216","0.9023446440696716","0.9023446440696716","0.9023446440696716"
"7679","1.2434637546539307","1.2434637546539307","1.2434637546539307","1.4312368631362915","1.4312368631362915","1.4312368631362915","1.1673252582550049","1.1673252582550049","1.1673252582550049"
"7709","1.3076586723327637","1.3076586723327637","1.3076586723327637","1.4167317152023315","1.4167317152023315","1.4167317152023315","1.2867597341537476","1.2867597341537476","1.2867597341537476"
"7739","1.3615398406982422","1.3615398406982422","1.3615398406982422","2.0097789764404297","2.0097789764404297","2.0097789764404297","1.4691513776779175","1.4691513776779175","1.4691513776779175"
"7769","1.0468733310699463","1.0468733310699463","1.0468733310699463","1.7008624076843262","1.7008624076843262","1.7008624076843262","0.9683146476745605","0.9683146476745605","0.9683146476745605"
"7799","1.099527359008789","1.099527359008789","1.099527359008789","1.8096826076507568","1.8096826076507568","1.8096826076507568","1.2047501802444458","1.2047501802444458","1.2047501802444458"
"7829","1.2441223859786987","1.2441223859786987","1.2441223859786987","2.0259618759155273","2.0259618759155273","2.0259618759155273","1.2291619777679443","1.2291619777679443","1.2291619777679443"
"7859","1.1002774238586426","1.1002774238586426","1.1002774238586426","1.7580082416534424","1.7580082416534424","1.7580082416534424","1.2244690656661987","1.2244690656661987","1.2244690656661987"
"7889","1.1904704570770264","1.1904704570770264","1.1904704570770264","1.7271798849105835","1.7271798849105835","1.7271798849105835","1.6592037677764893","1.6592037677764893","1.6592037677764893"
"7919","1.0974206924438477","1.0974206924438477","1.0974206924438477","1.655449390411377","1.655449390411377","1.655449390411377","1.5300636291503906","1.5300636291503906","1.5300636291503906"
"7949","1.1596137285232544","1.1596137285232544","1.1596137285232544","1.6120482683181763","1.6120482683181763","1.6120482683181763","1.3271777629852295","1.3271777629852295","1.3271777629852295"
"7979","0.970808207988739","0.970808207988739","0.970808207988739","1.4948885440826416","1.4948885440826416","1.4948885440826416","1.27285897731781","1.27285897731781","1.27285897731781"
"8009","1.2306749820709229","1.2306749820709229","1.2306749820709229","1.6326841115951538","1.6326841115951538","1.6326841115951538","1.2331101894378662","1.2331101894378662","1.2331101894378662"
"8039","0.9456824064254761","0.9456824064254761","0.9456824064254761","1.5771267414093018","1.5771267414093018","1.5771267414093018","1.3179923295974731","1.3179923295974731","1.3179923295974731"
"8069","0.9859557747840881","0.9859557747840881","0.9859557747840881","1.602711796760559","1.602711796760559","1.602711796760559","1.6590189933776855","1.6590189933776855","1.6590189933776855"
"8099","0.9149053692817688","0.9149053692817688","0.9149053692817688","1.3552292585372925","1.3552292585372925","1.3552292585372925","0.9141690135002136","0.9141690135002136","0.9141690135002136"
"8129","1.307545781135559","1.307545781135559","1.307545781135559","2.050706386566162","2.050706386566162","2.050706386566162","1.3282201290130615","1.3282201290130615","1.3282201290130615"
"8159","0.9562398195266724","0.9562398195266724","0.9562398195266724","1.2441555261611938","1.2441555261611938","1.2441555261611938","1.2065330743789673","1.2065330743789673","1.2065330743789673"
"8189","1.0064632892608643","1.0064632892608643","1.0064632892608643","1.717262864112854","1.717262864112854","1.717262864112854","1.179129719734192","1.179129719734192","1.179129719734192"
"8219","0.9140739440917969","0.9140739440917969","0.9140739440917969","1.5707290172576904","1.5707290172576904","1.5707290172576904","1.1333478689193726","1.1333478689193726","1.1333478689193726"
"8249","1.0264256000518799","1.0264256000518799","1.0264256000518799","1.5017293691635132","1.5017293691635132","1.5017293691635132","1.2279754877090454","1.2279754877090454","1.2279754877090454"
"8279","1.2226288318634033","1.2226288318634033","1.2226288318634033","2.108786106109619","2.108786106109619","2.108786106109619","1.16011381149292","1.16011381149292","1.16011381149292"
"8309","0.9826958775520325","0.9826958775520325","0.9826958775520325","1.4700857400894165","1.4700857400894165","1.4700857400894165","1.1309415102005005","1.1309415102005005","1.1309415102005005"
"8339","1.0497971773147583","1.0497971773147583","1.0497971773147583","1.6445837020874023","1.6445837020874023","1.6445837020874023","0.8498263955116272","0.8498263955116272","0.8498263955116272"
"8369","0.9996131658554077","0.9996131658554077","0.9996131658554077","1.682841181755066","1.682841181755066","1.682841181755066","1.192236304283142","1.192236304283142","1.192236304283142"
"8399","0.9863015413284302","0.9863015413284302","0.9863015413284302","1.7034846544265747","1.7034846544265747","1.7034846544265747","1.4861398935317993","1.4861398935317993","1.4861398935317993"
"8429","0.9390125274658203","0.9390125274658203","0.9390125274658203","1.3582890033721924","1.3582890033721924","1.3582890033721924","1.2549147605895996","1.2549147605895996","1.2549147605895996"
"8459","1.037842035293579","1.037842035293579","1.037842035293579","1.6120362281799316","1.6120362281799316","1.6120362281799316","1.1671779155731201","1.1671779155731201","1.1671779155731201"
"8489","1.186403751373291","1.186403751373291","1.186403751373291","1.5241146087646484","1.5241146087646484","1.5241146087646484","1.1395251750946045","1.1395251750946045","1.1395251750946045"
"8519","1.019828200340271","1.019828200340271","1.019828200340271","1.4706683158874512","1.4706683158874512","1.4706683158874512","0.9726588726043701","0.9726588726043701","0.9726588726043701"
"8549","1.0062309503555298","1.0062309503555298","1.0062309503555298","2.1908886432647705","2.1908886432647705","2.1908886432647705","0.6751881241798401","0.6751881241798401","0.6751881241798401"
"8579","0.8807134032249451","0.8807134032249451","0.8807134032249451","1.6057461500167847","1.6057461500167847","1.6057461500167847","1.165603756904602","1.165603756904602","1.165603756904602"
"8609","0.9430689215660095","0.9430689215660095","0.9430689215660095","1.453105092048645","1.453105092048645","1.453105092048645","1.3065160512924194","1.3065160512924194","1.3065160512924194"
"8639","1.1099830865859985","1.1099830865859985","1.1099830865859985","1.7089396715164185","1.7089396715164185","1.7089396715164185","0.9884165525436401","0.9884165525436401","0.9884165525436401"
"8669","0.933114767074585","0.933114767074585","0.933114767074585","1.4440733194351196","1.4440733194351196","1.4440733194351196","0.9268781542778015","0.9268781542778015","0.9268781542778015"
"8699","0.9008207321166992","0.9008207321166992","0.9008207321166992","1.5130414962768555","1.5130414962768555","1.5130414962768555","1.0451956987380981","1.0451956987380981","1.0451956987380981"
"8729","1.0713857412338257","1.0713857412338257","1.0713857412338257","1.4449360370635986","1.4449360370635986","1.4449360370635986","1.0627621412277222","1.0627621412277222","1.0627621412277222"
"8759","0.9371739625930786","0.9371739625930786","0.9371739625930786","1.586397409439087","1.586397409439087","1.586397409439087","1.0291695594787598","1.0291695594787598","1.0291695594787598"
"8789","0.8669012188911438","0.8669012188911438","0.8669012188911438","1.4384323358535767","1.4384323358535767","1.4384323358535767","1.2087647914886475","1.2087647914886475","1.2087647914886475"
"8819","0.992427408695221","0.992427408695221","0.992427408695221","1.507562518119812","1.507562518119812","1.507562518119812","1.1477127075195312","1.1477127075195312","1.1477127075195312"
"8849","1.2604998350143433","1.2604998350143433","1.2604998350143433","1.6928482055664062","1.6928482055664062","1.6928482055664062","0.9901108145713806","0.9901108145713806","0.9901108145713806"
"8879","1.050999641418457","1.050999641418457","1.050999641418457","1.7054991722106934","1.7054991722106934","1.7054991722106934","1.1557098627090454","1.1557098627090454","1.1557098627090454"
"8909","0.9131706953048706","0.9131706953048706","0.9131706953048706","1.371095895767212","1.371095895767212","1.371095895767212","1.1063802242279053","1.1063802242279053","1.1063802242279053"
"8939","1.1764111518859863","1.1764111518859863","1.1764111518859863","1.4233360290527344","1.4233360290527344","1.4233360290527344","0.8241955637931824","0.8241955637931824","0.8241955637931824"
"8969","1.0592734813690186","1.0592734813690186","1.0592734813690186","1.2887414693832397","1.2887414693832397","1.2887414693832397","0.9864974617958069","0.9864974617958069","0.9864974617958069"
"8999","0.9671781063079834","0.9671781063079834","0.9671781063079834","1.4113879203796387","1.4113879203796387","1.4113879203796387","1.3501964807510376","1.3501964807510376","1.3501964807510376"
"9029","0.8585784435272217","0.8585784435272217","0.8585784435272217","1.762083888053894","1.762083888053894","1.762083888053894","1.0016117095947266","1.0016117095947266","1.0016117095947266"
"9059","0.9002775549888611","0.9002775549888611","0.9002775549888611","1.7154985666275024","1.7154985666275024","1.7154985666275024","1.1113109588623047","1.1113109588623047","1.1113109588623047"
"9089","0.8819339275360107","0.8819339275360107","0.8819339275360107","1.5088659524917603","1.5088659524917603","1.5088659524917603","1.1825861930847168","1.1825861930847168","1.1825861930847168"
"9119","0.9653217792510986","0.9653217792510986","0.9653217792510986","1.156683325767517","1.156683325767517","1.156683325767517","1.1145801544189453","1.1145801544189453","1.1145801544189453"
"9149","0.9685160517692566","0.9685160517692566","0.9685160517692566","2.7465405464172363","2.7465405464172363","2.7465405464172363","0.8824425935745239","0.8824425935745239","0.8824425935745239"
"9179","0.927102267742157","0.927102267742157","0.927102267742157","1.1279717683792114","1.1279717683792114","1.1279717683792114","1.0442997217178345","1.0442997217178345","1.0442997217178345"
"9209","0.8651331663131714","0.8651331663131714","0.8651331663131714","1.5089399814605713","1.5089399814605713","1.5089399814605713","1.1189228296279907","1.1189228296279907","1.1189228296279907"
"9239","0.9829597473144531","0.9829597473144531","0.9829597473144531","1.4316630363464355","1.4316630363464355","1.4316630363464355","1.0382362604141235","1.0382362604141235","1.0382362604141235"
"9269","1.0980064868927002","1.0980064868927002","1.0980064868927002","1.8119889497756958","1.8119889497756958","1.8119889497756958","0.6975022554397583","0.6975022554397583","0.6975022554397583"
"9299","0.9017606973648071","0.9017606973648071","0.9017606973648071","1.5784955024719238","1.5784955024719238","1.5784955024719238","0.9923701882362366","0.9923701882362366","0.9923701882362366"
"9329","0.9103516340255737","0.9103516340255737","0.9103516340255737","1.475751519203186","1.475751519203186","1.475751519203186","0.7998109459877014","0.7998109459877014","0.7998109459877014"
"9359","1.054019570350647","1.054019570350647","1.054019570350647","1.5730637311935425","1.5730637311935425","1.5730637311935425","0.8822750449180603","0.8822750449180603","0.8822750449180603"
"9389","0.8573415875434875","0.8573415875434875","0.8573415875434875","1.7504366636276245","1.7504366636276245","1.7504366636276245","1.0432933568954468","1.0432933568954468","1.0432933568954468"
"9419","0.9933919906616211","0.9933919906616211","0.9933919906616211","1.919932246208191","1.919932246208191","1.919932246208191","1.0823298692703247","1.0823298692703247","1.0823298692703247"
"9449","0.9104235768318176","0.9104235768318176","0.9104235768318176","1.4349563121795654","1.4349563121795654","1.4349563121795654","1.0777770280838013","1.0777770280838013","1.0777770280838013"
"9479","0.8901870250701904","0.8901870250701904","0.8901870250701904","1.9029358625411987","1.9029358625411987","1.9029358625411987","1.0665247440338135","1.0665247440338135","1.0665247440338135"
"9509","0.8992225527763367","0.8992225527763367","0.8992225527763367","1.40813410282135","1.40813410282135","1.40813410282135","0.6841855645179749","0.6841855645179749","0.6841855645179749"
"9539","0.9290658831596375","0.9290658831596375","0.9290658831596375","1.2398861646652222","1.2398861646652222","1.2398861646652222","0.8179814219474792","0.8179814219474792","0.8179814219474792"
"9569","0.8634661436080933","0.8634661436080933","0.8634661436080933","1.7564425468444824","1.7564425468444824","1.7564425468444824","1.0253355503082275","1.0253355503082275","1.0253355503082275"
"9599","0.9161669611930847","0.9161669611930847","0.9161669611930847","1.4353092908859253","1.4353092908859253","1.4353092908859253","0.9879776835441589","0.9879776835441589","0.9879776835441589"
"9629","0.7969793677330017","0.7969793677330017","0.7969793677330017","2.28157377243042","2.28157377243042","2.28157377243042","1.0583933591842651","1.0583933591842651","1.0583933591842651"
"9659","0.9205361604690552","0.9205361604690552","0.9205361604690552","1.3201243877410889","1.3201243877410889","1.3201243877410889","0.8893294930458069","0.8893294930458069","0.8893294930458069"
"9689","0.8240070939064026","0.8240070939064026","0.8240070939064026","1.2765730619430542","1.2765730619430542","1.2765730619430542","0.7089341282844543","0.7089341282844543","0.7089341282844543"
"9719","0.8529969453811646","0.8529969453811646","0.8529969453811646","1.5715017318725586","1.5715017318725586","1.5715017318725586","0.9416448473930359","0.9416448473930359","0.9416448473930359"
"9749","0.8403770327568054","0.8403770327568054","0.8403770327568054","1.318764567375183","1.318764567375183","1.318764567375183","0.7612978219985962","0.7612978219985962","0.7612978219985962"
"9779","0.7827386856079102","0.7827386856079102","0.7827386856079102","1.2200489044189453","1.2200489044189453","1.2200489044189453","0.7499514818191528","0.7499514818191528","0.7499514818191528"
"9809","0.8607879281044006","0.8607879281044006","0.8607879281044006","1.1901609897613525","1.1901609897613525","1.1901609897613525","0.9776240587234497","0.9776240587234497","0.9776240587234497"
"9839","0.9221991300582886","0.9221991300582886","0.9221991300582886","1.5471158027648926","1.5471158027648926","1.5471158027648926","0.8767737150192261","0.8767737150192261","0.8767737150192261"
"9869","0.8280996680259705","0.8280996680259705","0.8280996680259705","1.587807536125183","1.587807536125183","1.587807536125183","0.8441072702407837","0.8441072702407837","0.8441072702407837"
"9899","0.90250563621521","0.90250563621521","0.90250563621521","1.265077829360962","1.265077829360962","1.265077829360962","1.1961567401885986","1.1961567401885986","1.1961567401885986"
"9929","0.8710575699806213","0.8710575699806213","0.8710575699806213","1.328136920928955","1.328136920928955","1.328136920928955","1.0998682975769043","1.0998682975769043","1.0998682975769043"
"9959","0.7750882506370544","0.7750882506370544","0.7750882506370544","1.1600875854492188","1.1600875854492188","1.1600875854492188","0.7811088562011719","0.7811088562011719","0.7811088562011719"
"9989","0.8368666172027588","0.8368666172027588","0.8368666172027588","1.4230910539627075","1.4230910539627075","1.4230910539627075","1.0600367784500122","1.0600367784500122","1.0600367784500122"
"10019","0.8859468102455139","0.8859468102455139","0.8859468102455139","1.3821786642074585","1.3821786642074585","1.3821786642074585","0.9670873880386353","0.9670873880386353","0.9670873880386353"
"10049","0.7817581295967102","0.7817581295967102","0.7817581295967102","1.3450080156326294","1.3450080156326294","1.3450080156326294","1.0459301471710205","1.0459301471710205","1.0459301471710205"
"10079","0.7797577977180481","0.7797577977180481","0.7797577977180481","1.3501516580581665","1.3501516580581665","1.3501516580581665","0.7607537508010864","0.7607537508010864","0.7607537508010864"
"10109","0.8090131878852844","0.8090131878852844","0.8090131878852844","1.240910291671753","1.240910291671753","1.240910291671753","0.9505616426467896","0.9505616426467896","0.9505616426467896"
"10139","0.8455674648284912","0.8455674648284912","0.8455674648284912","1.355212926864624","1.355212926864624","1.355212926864624","0.9872826337814331","0.9872826337814331","0.9872826337814331"
"10169","0.8066236972808838","0.8066236972808838","0.8066236972808838","1.3114902973175049","1.3114902973175049","1.3114902973175049","1.1694625616073608","1.1694625616073608","1.1694625616073608"
"10199","0.7479246258735657","0.7479246258735657","0.7479246258735657","1.2302310466766357","1.2302310466766357","1.2302310466766357","0.9924240112304688","0.9924240112304688","0.9924240112304688"
"10229","0.8072913289070129","0.8072913289070129","0.8072913289070129","1.5656899213790894","1.5656899213790894","1.5656899213790894","1.043565273284912","1.043565273284912","1.043565273284912"
"10259","0.8291358947753906","0.8291358947753906","0.8291358947753906","1.4733431339263916","1.4733431339263916","1.4733431339263916","0.9012406468391418","0.9012406468391418","0.9012406468391418"
"10289","0.7741190791130066","0.7741190791130066","0.7741190791130066","1.1573474407196045","1.1573474407196045","1.1573474407196045","0.828090488910675","0.828090488910675","0.828090488910675"
"10319","0.8381282091140747","0.8381282091140747","0.8381282091140747","1.3315786123275757","1.3315786123275757","1.3315786123275757","1.240647792816162","1.240647792816162","1.240647792816162"
"10349","0.8211736679077148","0.8211736679077148","0.8211736679077148","1.4536701440811157","1.4536701440811157","1.4536701440811157","1.0773998498916626","1.0773998498916626","1.0773998498916626"
"10379","0.8888619542121887","0.8888619542121887","0.8888619542121887","1.281553030014038","1.281553030014038","1.281553030014038","1.0421411991119385","1.0421411991119385","1.0421411991119385"
"10409","0.7856246829032898","0.7856246829032898","0.7856246829032898","1.1959775686264038","1.1959775686264038","1.1959775686264038","0.9387644529342651","0.9387644529342651","0.9387644529342651"
"10439","0.8651249408721924","0.8651249408721924","0.8651249408721924","1.3227745294570923","1.3227745294570923","1.3227745294570923","0.7311068773269653","0.7311068773269653","0.7311068773269653"
"10469","0.8107719421386719","0.8107719421386719","0.8107719421386719","1.426374912261963","1.426374912261963","1.426374912261963","0.9518768787384033","0.9518768787384033","0.9518768787384033"
"10499","1.0261236429214478","1.0261236429214478","1.0261236429214478","1.6310162544250488","1.6310162544250488","1.6310162544250488","0.8752760887145996","0.8752760887145996","0.8752760887145996"
"10529","0.8317909836769104","0.8317909836769104","0.8317909836769104","2.181326389312744","2.181326389312744","2.181326389312744","0.9437025785446167","0.9437025785446167","0.9437025785446167"
"10559","0.9474198818206787","0.9474198818206787","0.9474198818206787","1.4134048223495483","1.4134048223495483","1.4134048223495483","0.5413782596588135","0.5413782596588135","0.5413782596588135"
"10589","0.7714038491249084","0.7714038491249084","0.7714038491249084","1.2714512348175049","1.2714512348175049","1.2714512348175049","0.7808602452278137","0.7808602452278137","0.7808602452278137"
"10619","0.782235324382782","0.782235324382782","0.782235324382782","1.8983330726623535","1.8983330726623535","1.8983330726623535","0.8846163749694824","0.8846163749694824","0.8846163749694824"
"10649","0.7827204465866089","0.7827204465866089","0.7827204465866089","1.4854307174682617","1.4854307174682617","1.4854307174682617","0.8916447758674622","0.8916447758674622","0.8916447758674622"
"10679","0.7798019051551819","0.7798019051551819","0.7798019051551819","1.4807711839675903","1.4807711839675903","1.4807711839675903","1.2583353519439697","1.2583353519439697","1.2583353519439697"
"10709","0.7779464721679688","0.7779464721679688","0.7779464721679688","1.6235346794128418","1.6235346794128418","1.6235346794128418","1.0057884454727173","1.0057884454727173","1.0057884454727173"
"10739","0.7253865003585815","0.7253865003585815","0.7253865003585815","1.2133584022521973","1.2133584022521973","1.2133584022521973","0.7448355555534363","0.7448355555534363","0.7448355555534363"
"10769","0.9088998436927795","0.9088998436927795","0.9088998436927795","1.615022897720337","1.615022897720337","1.615022897720337","0.7728674411773682","0.7728674411773682","0.7728674411773682"
"10799","0.7718573808670044","0.7718573808670044","0.7718573808670044","1.1689881086349487","1.1689881086349487","1.1689881086349487","0.7040568590164185","0.7040568590164185","0.7040568590164185"
"10829","0.8615537285804749","0.8615537285804749","0.8615537285804749","1.3067666292190552","1.3067666292190552","1.3067666292190552","1.0051920413970947","1.0051920413970947","1.0051920413970947"
"10859","0.728200376033783","0.728200376033783","0.728200376033783","1.2869857549667358","1.2869857549667358","1.2869857549667358","0.8613312840461731","0.8613312840461731","0.8613312840461731"
"10889","0.7362248301506042","0.7362248301506042","0.7362248301506042","1.4465923309326172","1.4465923309326172","1.4465923309326172","0.8702150583267212","0.8702150583267212","0.8702150583267212"
"10919","0.7535236477851868","0.7535236477851868","0.7535236477851868","1.6068514585494995","1.6068514585494995","1.6068514585494995","0.8998838663101196","0.8998838663101196","0.8998838663101196"
"10949","0.7612146735191345","0.7612146735191345","0.7612146735191345","1.2533594369888306","1.2533594369888306","1.2533594369888306","0.9139134883880615","0.9139134883880615","0.9139134883880615"
"10979","0.8393219709396362","0.8393219709396362","0.8393219709396362","1.3682748079299927","1.3682748079299927","1.3682748079299927","0.7332524657249451","0.7332524657249451","0.7332524657249451"
"11009","0.7180918455123901","0.7180918455123901","0.7180918455123901","1.170405387878418","1.170405387878418","1.170405387878418","0.8272521495819092","0.8272521495819092","0.8272521495819092"
"11039","0.7253451347351074","0.7253451347351074","0.7253451347351074","1.1799342632293701","1.1799342632293701","1.1799342632293701","0.5609070658683777","0.5609070658683777","0.5609070658683777"
"11069","0.7038363218307495","0.7038363218307495","0.7038363218307495","1.2481133937835693","1.2481133937835693","1.2481133937835693","0.6166317462921143","0.6166317462921143","0.6166317462921143"
"11099","0.7950857281684875","0.7950857281684875","0.7950857281684875","1.164404273033142","1.164404273033142","1.164404273033142","0.7803862690925598","0.7803862690925598","0.7803862690925598"
"11129","0.8359463214874268","0.8359463214874268","0.8359463214874268","1.0672677755355835","1.0672677755355835","1.0672677755355835","0.5937122106552124","0.5937122106552124","0.5937122106552124"
"11159","0.7307928204536438","0.7307928204536438","0.7307928204536438","1.2051055431365967","1.2051055431365967","1.2051055431365967","0.7102367877960205","0.7102367877960205","0.7102367877960205"
"11189","0.8378410339355469","0.8378410339355469","0.8378410339355469","1.6554232835769653","1.6554232835769653","1.6554232835769653","1.2610677480697632","1.2610677480697632","1.2610677480697632"
"11219","0.8236852288246155","0.8236852288246155","0.8236852288246155","2.1462371349334717","2.1462371349334717","2.1462371349334717","0.7252499461174011","0.7252499461174011","0.7252499461174011"
"11249","0.7435646057128906","0.7435646057128906","0.7435646057128906","1.1841962337493896","1.1841962337493896","1.1841962337493896","0.8829585313796997","0.8829585313796997","0.8829585313796997"
"11279","0.7153547406196594","0.7153547406196594","0.7153547406196594","1.4078243970870972","1.4078243970870972","1.4078243970870972","0.9877431988716125","0.9877431988716125","0.9877431988716125"
"11309","0.7521613240242004","0.7521613240242004","0.7521613240242004","1.513893961906433","1.513893961906433","1.513893961906433","1.084729552268982","1.084729552268982","1.084729552268982"
"11339","0.798238217830658","0.798238217830658","0.798238217830658","1.3868776559829712","1.3868776559829712","1.3868776559829712","1.1302961111068726","1.1302961111068726","1.1302961111068726"
"11369","0.7753527164459229","0.7753527164459229","0.7753527164459229","1.1474568843841553","1.1474568843841553","1.1474568843841553","0.8444163203239441","0.8444163203239441","0.8444163203239441"
"11399","0.7064880728721619","0.7064880728721619","0.7064880728721619","1.084747552871704","1.084747552871704","1.084747552871704","0.7313348054885864","0.7313348054885864","0.7313348054885864"
"11429","0.7001667618751526","0.7001667618751526","0.7001667618751526","1.05807363986969","1.05807363986969","1.05807363986969","0.9615094661712646","0.9615094661712646","0.9615094661712646"
"11459","0.685481071472168","0.685481071472168","0.685481071472168","1.1238566637039185","1.1238566637039185","1.1238566637039185","0.6910076141357422","0.6910076141357422","0.6910076141357422"
"11489","0.7396729588508606","0.7396729588508606","0.7396729588508606","1.141965389251709","1.141965389251709","1.141965389251709","0.6556386947631836","0.6556386947631836","0.6556386947631836"
"11519","0.7391981482505798","0.7391981482505798","0.7391981482505798","1.3682793378829956","1.3682793378829956","1.3682793378829956","0.8651661276817322","0.8651661276817322","0.8651661276817322"
"11549","0.7818732857704163","0.7818732857704163","0.7818732857704163","1.5479257106781006","1.5479257106781006","1.5479257106781006","0.9309887290000916","0.9309887290000916","0.9309887290000916"
"11579","0.6538903713226318","0.6538903713226318","0.6538903713226318","1.1564456224441528","1.1564456224441528","1.1564456224441528","1.0153765678405762","1.0153765678405762","1.0153765678405762"
"11609","0.6685165166854858","0.6685165166854858","0.6685165166854858","1.314851999282837","1.314851999282837","1.314851999282837","1.4655166864395142","1.4655166864395142","1.4655166864395142"
"11639","0.7333422899246216","0.7333422899246216","0.7333422899246216","1.3984476327896118","1.3984476327896118","1.3984476327896118","0.9286489486694336","0.9286489486694336","0.9286489486694336"
"11669","0.7782295942306519","0.7782295942306519","0.7782295942306519","1.0906486511230469","1.0906486511230469","1.0906486511230469","0.6662417650222778","0.6662417650222778","0.6662417650222778"
"11699","0.7519344091415405","0.7519344091415405","0.7519344091415405","1.025034785270691","1.025034785270691","1.025034785270691","0.957017719745636","0.957017719745636","0.957017719745636"
"11729","0.7426262497901917","0.7426262497901917","0.7426262497901917","1.1313575506210327","1.1313575506210327","1.1313575506210327","0.7151070237159729","0.7151070237159729","0.7151070237159729"
"11759","0.7833169102668762","0.7833169102668762","0.7833169102668762","1.0199270248413086","1.0199270248413086","1.0199270248413086","0.9141805768013","0.9141805768013","0.9141805768013"
"11789","0.6885071992874146","0.6885071992874146","0.6885071992874146","1.1857280731201172","1.1857280731201172","1.1857280731201172","0.861293613910675","0.861293613910675","0.861293613910675"
"11819","0.7203165888786316","0.7203165888786316","0.7203165888786316","1.3575021028518677","1.3575021028518677","1.3575021028518677","0.9954856634140015","0.9954856634140015","0.9954856634140015"
"11849","0.7397595643997192","0.7397595643997192","0.7397595643997192","1.3771777153015137","1.3771777153015137","1.3771777153015137","0.6287663578987122","0.6287663578987122","0.6287663578987122"
"11879","0.72812420129776","0.72812420129776","0.72812420129776","1.523539423942566","1.523539423942566","1.523539423942566","0.7360274195671082","0.7360274195671082","0.7360274195671082"
"11909","0.7001482844352722","0.7001482844352722","0.7001482844352722","1.3737801313400269","1.3737801313400269","1.3737801313400269","0.928293764591217","0.928293764591217","0.928293764591217"
"11939","0.6531605124473572","0.6531605124473572","0.6531605124473572","1.2923024892807007","1.2923024892807007","1.2923024892807007","0.6917234063148499","0.6917234063148499","0.6917234063148499"
"11969","0.7455676198005676","0.7455676198005676","0.7455676198005676","1.2483209371566772","1.2483209371566772","1.2483209371566772","0.760138213634491","0.760138213634491","0.760138213634491"
"11999","0.6587720513343811","0.6587720513343811","0.6587720513343811","1.09856379032135","1.09856379032135","1.09856379032135","0.7994024753570557","0.7994024753570557","0.7994024753570557"
"12029","0.819282054901123","0.819282054901123","0.819282054901123","1.300459623336792","1.300459623336792","1.300459623336792","0.9306069016456604","0.9306069016456604","0.9306069016456604"
"12059","0.7146342396736145","0.7146342396736145","0.7146342396736145","1.207457184791565","1.207457184791565","1.207457184791565","0.7195097208023071","0.7195097208023071","0.7195097208023071"
"12089","0.7295621037483215","0.7295621037483215","0.7295621037483215","1.6449394226074219","1.6449394226074219","1.6449394226074219","0.7213584780693054","0.7213584780693054","0.7213584780693054"
"12119","6.198821067810059","6.198821067810059","6.198821067810059","10.09407901763916","10.09407901763916","10.09407901763916","5.1429290771484375","5.1429290771484375","5.1429290771484375"
"12149","0.7174135446548462","0.7174135446548462","0.7174135446548462","1.2360297441482544","1.2360297441482544","1.2360297441482544","0.7554455995559692","0.7554455995559692","0.7554455995559692"
"12179","0.7725487947463989","0.7725487947463989","0.7725487947463989","1.0510460138320923","1.0510460138320923","1.0510460138320923","0.4937693774700165","0.4937693774700165","0.4937693774700165"
"12209","0.6853600740432739","0.6853600740432739","0.6853600740432739","1.3100512027740479","1.3100512027740479","1.3100512027740479","0.5376265645027161","0.5376265645027161","0.5376265645027161"
"12239","0.6552864909172058","0.6552864909172058","0.6552864909172058","0.9991888999938965","0.9991888999938965","0.9991888999938965","0.7513843178749084","0.7513843178749084","0.7513843178749084"
"12269","0.7041882276535034","0.7041882276535034","0.7041882276535034","0.9787726998329163","0.9787726998329163","0.9787726998329163","0.8193109035491943","0.8193109035491943","0.8193109035491943"
"12299","0.7550139427185059","0.7550139427185059","0.7550139427185059","1.092003583908081","1.092003583908081","1.092003583908081","0.819191038608551","0.819191038608551","0.819191038608551"
"12329","0.7143307328224182","0.7143307328224182","0.7143307328224182","3.301384449005127","3.301384449005127","3.301384449005127","0.6925346255302429","0.6925346255302429","0.6925346255302429"
"12359","0.6864752769470215","0.6864752769470215","0.6864752769470215","1.1948448419570923","1.1948448419570923","1.1948448419570923","0.7863233685493469","0.7863233685493469","0.7863233685493469"
"12389","0.7000213265419006","0.7000213265419006","0.7000213265419006","1.3094298839569092","1.3094298839569092","1.3094298839569092","0.9326974749565125","0.9326974749565125","0.9326974749565125"
"12419","0.7509377002716064","0.7509377002716064","0.7509377002716064","1.0437849760055542","1.0437849760055542","1.0437849760055542","0.5052006244659424","0.5052006244659424","0.5052006244659424"
"12449","0.6522907018661499","0.6522907018661499","0.6522907018661499","1.1519440412521362","1.1519440412521362","1.1519440412521362","0.9891592264175415","0.9891592264175415","0.9891592264175415"
"12479","0.6834014654159546","0.6834014654159546","0.6834014654159546","1.2645522356033325","1.2645522356033325","1.2645522356033325","0.9549795389175415","0.9549795389175415","0.9549795389175415"
"12509","0.7234432101249695","0.7234432101249695","0.7234432101249695","0.9331292510032654","0.9331292510032654","0.9331292510032654","0.8503945469856262","0.8503945469856262","0.8503945469856262"
"12539","0.7023542523384094","0.7023542523384094","0.7023542523384094","1.0575392246246338","1.0575392246246338","1.0575392246246338","0.8194710612297058","0.8194710612297058","0.8194710612297058"
"12569","0.6172012090682983","0.6172012090682983","0.6172012090682983","1.4360504150390625","1.4360504150390625","1.4360504150390625","0.632545530796051","0.632545530796051","0.632545530796051"
"12599","0.6941502094268799","0.6941502094268799","0.6941502094268799","1.1754615306854248","1.1754615306854248","1.1754615306854248","0.8942635655403137","0.8942635655403137","0.8942635655403137"
"12629","0.6764825582504272","0.6764825582504272","0.6764825582504272","1.5960320234298706","1.5960320234298706","1.5960320234298706","0.6575138568878174","0.6575138568878174","0.6575138568878174"
"12659","0.648678719997406","0.648678719997406","0.648678719997406","1.0235316753387451","1.0235316753387451","1.0235316753387451","0.6753345131874084","0.6753345131874084","0.6753345131874084"
"12689","0.6625044345855713","0.6625044345855713","0.6625044345855713","1.2011443376541138","1.2011443376541138","1.2011443376541138","0.8885183334350586","0.8885183334350586","0.8885183334350586"
"12719","0.6181076169013977","0.6181076169013977","0.6181076169013977","0.950989842414856","0.950989842414856","0.950989842414856","0.5443644523620605","0.5443644523620605","0.5443644523620605"
"12749","0.7289968729019165","0.7289968729019165","0.7289968729019165","1.4463287591934204","1.4463287591934204","1.4463287591934204","0.5834926962852478","0.5834926962852478","0.5834926962852478"
"12779","0.643383264541626","0.643383264541626","0.643383264541626","1.1991050243377686","1.1991050243377686","1.1991050243377686","0.7968555092811584","0.7968555092811584","0.7968555092811584"
"12809","0.6884483695030212","0.6884483695030212","0.6884483695030212","1.916765570640564","1.916765570640564","1.916765570640564","0.9363493323326111","0.9363493323326111","0.9363493323326111"
"12839","0.6967422366142273","0.6967422366142273","0.6967422366142273","1.097886085510254","1.097886085510254","1.097886085510254","0.8465724587440491","0.8465724587440491","0.8465724587440491"
"12869","0.7615850567817688","0.7615850567817688","0.7615850567817688","1.5827089548110962","1.5827089548110962","1.5827089548110962","0.7953689694404602","0.7953689694404602","0.7953689694404602"
"12899","0.6149188876152039","0.6149188876152039","0.6149188876152039","1.1472783088684082","1.1472783088684082","1.1472783088684082","0.8598873019218445","0.8598873019218445","0.8598873019218445"
"12929","0.6768902540206909","0.6768902540206909","0.6768902540206909","1.0220812559127808","1.0220812559127808","1.0220812559127808","0.9193208813667297","0.9193208813667297","0.9193208813667297"
"12959","0.5799354314804077","0.5799354314804077","0.5799354314804077","4.54729700088501","4.54729700088501","4.54729700088501","0.7440280914306641","0.7440280914306641","0.7440280914306641"
"12989","0.7423065900802612","0.7423065900802612","0.7423065900802612","1.5637092590332031","1.5637092590332031","1.5637092590332031","0.7632831335067749","0.7632831335067749","0.7632831335067749"
"13019","0.6229806542396545","0.6229806542396545","0.6229806542396545","1.1371442079544067","1.1371442079544067","1.1371442079544067","0.6025782823562622","0.6025782823562622","0.6025782823562622"
"13049","0.816898763179779","0.816898763179779","0.816898763179779","1.2439099550247192","1.2439099550247192","1.2439099550247192","0.6453121900558472","0.6453121900558472","0.6453121900558472"
"13079","0.605693519115448","0.605693519115448","0.605693519115448","0.8859468698501587","0.8859468698501587","0.8859468698501587","0.5845777988433838","0.5845777988433838","0.5845777988433838"
"13109","0.7001656889915466","0.7001656889915466","0.7001656889915466","2.3763926029205322","2.3763926029205322","2.3763926029205322","0.686717689037323","0.686717689037323","0.686717689037323"
"13139","0.6192836761474609","0.6192836761474609","0.6192836761474609","1.0394891500473022","1.0394891500473022","1.0394891500473022","0.9641149044036865","0.9641149044036865","0.9641149044036865"
"13169","0.73255854845047","0.73255854845047","0.73255854845047","1.3227829933166504","1.3227829933166504","1.3227829933166504","0.7113078236579895","0.7113078236579895","0.7113078236579895"
"13199","0.647024929523468","0.647024929523468","0.647024929523468","1.433190941810608","1.433190941810608","1.433190941810608","0.5957756042480469","0.5957756042480469","0.5957756042480469"
"13229","0.6119964718818665","0.6119964718818665","0.6119964718818665","1.0634835958480835","1.0634835958480835","1.0634835958480835","0.7645776271820068","0.7645776271820068","0.7645776271820068"
"13259","0.5961207151412964","0.5961207151412964","0.5961207151412964","1.2570236921310425","1.2570236921310425","1.2570236921310425","0.7873119711875916","0.7873119711875916","0.7873119711875916"
"13289","0.6700152158737183","0.6700152158737183","0.6700152158737183","0.8972670435905457","0.8972670435905457","0.8972670435905457","0.6148319244384766","0.6148319244384766","0.6148319244384766"
"13319","0.6857461929321289","0.6857461929321289","0.6857461929321289","0.8707667589187622","0.8707667589187622","0.8707667589187622","0.644291877746582","0.644291877746582","0.644291877746582"
"13349","0.6097314357757568","0.6097314357757568","0.6097314357757568","1.4244104623794556","1.4244104623794556","1.4244104623794556","0.5790151357650757","0.5790151357650757","0.5790151357650757"
"13379","0.6082888841629028","0.6082888841629028","0.6082888841629028","1.071834683418274","1.071834683418274","1.071834683418274","0.7140472531318665","0.7140472531318665","0.7140472531318665"
"13409","0.6140583157539368","0.6140583157539368","0.6140583157539368","0.8677520751953125","0.8677520751953125","0.8677520751953125","0.7857357859611511","0.7857357859611511","0.7857357859611511"
"13439","0.6253246068954468","0.6253246068954468","0.6253246068954468","0.9816581606864929","0.9816581606864929","0.9816581606864929","0.4839102327823639","0.4839102327823639","0.4839102327823639"
"13469","0.6054576635360718","0.6054576635360718","0.6054576635360718","1.2359148263931274","1.2359148263931274","1.2359148263931274","1.0556670427322388","1.0556670427322388","1.0556670427322388"
"13499","0.8828254342079163","0.8828254342079163","0.8828254342079163","1.0731201171875","1.0731201171875","1.0731201171875","0.39544299244880676","0.39544299244880676","0.39544299244880676"
"13529","0.6169713735580444","0.6169713735580444","0.6169713735580444","0.9530634880065918","0.9530634880065918","0.9530634880065918","0.5235646963119507","0.5235646963119507","0.5235646963119507"
"13559","0.6442381739616394","0.6442381739616394","0.6442381739616394","1.0175342559814453","1.0175342559814453","1.0175342559814453","0.6181259155273438","0.6181259155273438","0.6181259155273438"
"13589","0.6261535286903381","0.6261535286903381","0.6261535286903381","1.076869010925293","1.076869010925293","1.076869010925293","0.5055335164070129","0.5055335164070129","0.5055335164070129"
"13619","0.6042536497116089","0.6042536497116089","0.6042536497116089","1.27384352684021","1.27384352684021","1.27384352684021","0.503127932548523","0.503127932548523","0.503127932548523"
"13649","0.7534033060073853","0.7534033060073853","0.7534033060073853","0.9193941950798035","0.9193941950798035","0.9193941950798035","0.426816463470459","0.426816463470459","0.426816463470459"
"13679","0.581247091293335","0.581247091293335","0.581247091293335","0.939012885093689","0.939012885093689","0.939012885093689","0.5293330550193787","0.5293330550193787","0.5293330550193787"
"13709","1.0457580089569092","1.0457580089569092","1.0457580089569092","1.0211677551269531","1.0211677551269531","1.0211677551269531","0.86524897813797","0.86524897813797","0.86524897813797"
"13739","0.5782868266105652","0.5782868266105652","0.5782868266105652","1.0448384284973145","1.0448384284973145","1.0448384284973145","0.4273945391178131","0.4273945391178131","0.4273945391178131"
"13769","0.7073672413825989","0.7073672413825989","0.7073672413825989","1.212935447692871","1.212935447692871","1.212935447692871","0.6750568747520447","0.6750568747520447","0.6750568747520447"
"13799","0.598917543888092","0.598917543888092","0.598917543888092","1.5926982164382935","1.5926982164382935","1.5926982164382935","0.5145420432090759","0.5145420432090759","0.5145420432090759"
"13829","0.6119588017463684","0.6119588017463684","0.6119588017463684","1.1938716173171997","1.1938716173171997","1.1938716173171997","0.6384099721908569","0.6384099721908569","0.6384099721908569"
"13859","0.5847597122192383","0.5847597122192383","0.5847597122192383","1.3875501155853271","1.3875501155853271","1.3875501155853271","0.4943060874938965","0.4943060874938965","0.4943060874938965"
"13889","0.6479707360267639","0.6479707360267639","0.6479707360267639","1.2940783500671387","1.2940783500671387","1.2940783500671387","0.5695837140083313","0.5695837140083313","0.5695837140083313"
"13919","0.6079550981521606","0.6079550981521606","0.6079550981521606","1.1733930110931396","1.1733930110931396","1.1733930110931396","0.6805611252784729","0.6805611252784729","0.6805611252784729"
"13949","0.6300604939460754","0.6300604939460754","0.6300604939460754","1.1428335905075073","1.1428335905075073","1.1428335905075073","0.7423492074012756","0.7423492074012756","0.7423492074012756"
"13979","0.620991051197052","0.620991051197052","0.620991051197052","0.9828132390975952","0.9828132390975952","0.9828132390975952","0.5832233428955078","0.5832233428955078","0.5832233428955078"
"14009","0.5804714560508728","0.5804714560508728","0.5804714560508728","0.947189450263977","0.947189450263977","0.947189450263977","0.5292843580245972","0.5292843580245972","0.5292843580245972"
"14039","0.6003026962280273","0.6003026962280273","0.6003026962280273","0.9383816123008728","0.9383816123008728","0.9383816123008728","0.6379846334457397","0.6379846334457397","0.6379846334457397"
"14069","0.5620957612991333","0.5620957612991333","0.5620957612991333","1.2144170999526978","1.2144170999526978","1.2144170999526978","0.7879362106323242","0.7879362106323242","0.7879362106323242"
"14099","0.6089256405830383","0.6089256405830383","0.6089256405830383","1.033278465270996","1.033278465270996","1.033278465270996","0.6186456680297852","0.6186456680297852","0.6186456680297852"
"14129","0.55012047290802","0.55012047290802","0.55012047290802","1.06881582736969","1.06881582736969","1.06881582736969","0.727056622505188","0.727056622505188","0.727056622505188"
"14159","0.6250008940696716","0.6250008940696716","0.6250008940696716","0.9251357913017273","0.9251357913017273","0.9251357913017273","0.6091442704200745","0.6091442704200745","0.6091442704200745"
"14189","0.5402184724807739","0.5402184724807739","0.5402184724807739","0.8523027896881104","0.8523027896881104","0.8523027896881104","0.39517202973365784","0.39517202973365784","0.39517202973365784"
"14219","0.6087390780448914","0.6087390780448914","0.6087390780448914","0.9192026853561401","0.9192026853561401","0.9192026853561401","0.7174322605133057","0.7174322605133057","0.7174322605133057"
"14249","0.6474128365516663","0.6474128365516663","0.6474128365516663","1.6574829816818237","1.6574829816818237","1.6574829816818237","0.6892735362052917","0.6892735362052917","0.6892735362052917"
"14279","0.5149363875389099","0.5149363875389099","0.5149363875389099","0.8774245381355286","0.8774245381355286","0.8774245381355286","0.3117244839668274","0.3117244839668274","0.3117244839668274"
"14309","0.5590803027153015","0.5590803027153015","0.5590803027153015","0.8489560484886169","0.8489560484886169","0.8489560484886169","0.8327196836471558","0.8327196836471558","0.8327196836471558"
"14339","0.5744464993476868","0.5744464993476868","0.5744464993476868","0.8428213596343994","0.8428213596343994","0.8428213596343994","0.512699544429779","0.512699544429779","0.512699544429779"
"14369","0.5162580609321594","0.5162580609321594","0.5162580609321594","0.9132740497589111","0.9132740497589111","0.9132740497589111","0.6309337019920349","0.6309337019920349","0.6309337019920349"
"14399","0.5589643120765686","0.5589643120765686","0.5589643120765686","0.9983761310577393","0.9983761310577393","0.9983761310577393","0.5292954444885254","0.5292954444885254","0.5292954444885254"
"14429","0.5449949502944946","0.5449949502944946","0.5449949502944946","0.9750993847846985","0.9750993847846985","0.9750993847846985","0.5143718123435974","0.5143718123435974","0.5143718123435974"
"14459","0.5570002794265747","0.5570002794265747","0.5570002794265747","0.9158394932746887","0.9158394932746887","0.9158394932746887","0.45203399658203125","0.45203399658203125","0.45203399658203125"
"14489","0.6004503965377808","0.6004503965377808","0.6004503965377808","0.9407071471214294","0.9407071471214294","0.9407071471214294","0.86552894115448","0.86552894115448","0.86552894115448"
"14519","0.6023732423782349","0.6023732423782349","0.6023732423782349","1.1375770568847656","1.1375770568847656","1.1375770568847656","0.7594297528266907","0.7594297528266907","0.7594297528266907"
"14549","0.608159065246582","0.608159065246582","0.608159065246582","0.9275379180908203","0.9275379180908203","0.9275379180908203","0.49942198395729065","0.49942198395729065","0.49942198395729065"
"14579","0.5986669063568115","0.5986669063568115","0.5986669063568115","0.8778446912765503","0.8778446912765503","0.8778446912765503","0.5934890508651733","0.5934890508651733","0.5934890508651733"
"14609","0.6201913952827454","0.6201913952827454","0.6201913952827454","0.9706756472587585","0.9706756472587585","0.9706756472587585","0.6160553693771362","0.6160553693771362","0.6160553693771362"
"14639","0.5457033514976501","0.5457033514976501","0.5457033514976501","0.9699183702468872","0.9699183702468872","0.9699183702468872","0.5103690028190613","0.5103690028190613","0.5103690028190613"
"14669","0.6149502396583557","0.6149502396583557","0.6149502396583557","1.1178065538406372","1.1178065538406372","1.1178065538406372","0.5270529985427856","0.5270529985427856","0.5270529985427856"
"14699","0.5278506875038147","0.5278506875038147","0.5278506875038147","0.9965633153915405","0.9965633153915405","0.9965633153915405","0.41991087794303894","0.41991087794303894","0.41991087794303894"
"14729","0.5361613631248474","0.5361613631248474","0.5361613631248474","0.836517333984375","0.836517333984375","0.836517333984375","0.48375287652015686","0.48375287652015686","0.48375287652015686"
"14759","0.665147066116333","0.665147066116333","0.665147066116333","1.0531266927719116","1.0531266927719116","1.0531266927719116","0.5145725011825562","0.5145725011825562","0.5145725011825562"
"14789","0.6298630237579346","0.6298630237579346","0.6298630237579346","1.4291094541549683","1.4291094541549683","1.4291094541549683","0.6852806210517883","0.6852806210517883","0.6852806210517883"
"14819","0.5859550833702087","0.5859550833702087","0.5859550833702087","0.882803201675415","0.882803201675415","0.882803201675415","0.6545487642288208","0.6545487642288208","0.6545487642288208"
"14849","0.4953533113002777","0.4953533113002777","0.4953533113002777","0.9108446836471558","0.9108446836471558","0.9108446836471558","0.39621779322624207","0.39621779322624207","0.39621779322624207"
"14879","0.6644347310066223","0.6644347310066223","0.6644347310066223","1.2697194814682007","1.2697194814682007","1.2697194814682007","0.7828391790390015","0.7828391790390015","0.7828391790390015"
"14909","0.5162139534950256","0.5162139534950256","0.5162139534950256","0.8663531541824341","0.8663531541824341","0.8663531541824341","0.5553183555603027","0.5553183555603027","0.5553183555603027"
"14939","0.5455709099769592","0.5455709099769592","0.5455709099769592","0.9161916971206665","0.9161916971206665","0.9161916971206665","0.7340843677520752","0.7340843677520752","0.7340843677520752"
"14969","0.5667228698730469","0.5667228698730469","0.5667228698730469","0.9526626467704773","0.9526626467704773","0.9526626467704773","0.5796313881874084","0.5796313881874084","0.5796313881874084"
"14999","0.553497314453125","0.553497314453125","0.553497314453125","0.7300952076911926","0.7300952076911926","0.7300952076911926","0.4349483251571655","0.4349483251571655","0.4349483251571655"
"15029","0.6068298816680908","0.6068298816680908","0.6068298816680908","1.4475921392440796","1.4475921392440796","1.4475921392440796","0.6671288013458252","0.6671288013458252","0.6671288013458252"
"15059","0.5587604641914368","0.5587604641914368","0.5587604641914368","1.0401667356491089","1.0401667356491089","1.0401667356491089","0.3946360647678375","0.3946360647678375","0.3946360647678375"
"15089","0.5247949957847595","0.5247949957847595","0.5247949957847595","0.9280714392662048","0.9280714392662048","0.9280714392662048","0.548244059085846","0.548244059085846","0.548244059085846"
"15119","0.6916674375534058","0.6916674375534058","0.6916674375534058","1.4189544916152954","1.4189544916152954","1.4189544916152954","0.581640899181366","0.581640899181366","0.581640899181366"
"15149","0.5144798755645752","0.5144798755645752","0.5144798755645752","0.8306664824485779","0.8306664824485779","0.8306664824485779","0.5255592465400696","0.5255592465400696","0.5255592465400696"
"15179","0.5234801173210144","0.5234801173210144","0.5234801173210144","0.8638004660606384","0.8638004660606384","0.8638004660606384","0.4454471468925476","0.4454471468925476","0.4454471468925476"
"15209","0.5560150742530823","0.5560150742530823","0.5560150742530823","0.9991164803504944","0.9991164803504944","0.9991164803504944","0.5180293321609497","0.5180293321609497","0.5180293321609497"
"15239","0.5497875809669495","0.5497875809669495","0.5497875809669495","1.1247081756591797","1.1247081756591797","1.1247081756591797","0.5034812092781067","0.5034812092781067","0.5034812092781067"
"15269","0.5925036668777466","0.5925036668777466","0.5925036668777466","1.024917483329773","1.024917483329773","1.024917483329773","0.7894259691238403","0.7894259691238403","0.7894259691238403"
"15299","0.515094518661499","0.515094518661499","0.515094518661499","1.0297114849090576","1.0297114849090576","1.0297114849090576","0.5646868348121643","0.5646868348121643","0.5646868348121643"
"15329","0.5998609662055969","0.5998609662055969","0.5998609662055969","1.3280258178710938","1.3280258178710938","1.3280258178710938","0.991320013999939","0.991320013999939","0.991320013999939"
"15359","0.5175057649612427","0.5175057649612427","0.5175057649612427","0.9198740720748901","0.9198740720748901","0.9198740720748901","0.5253718495368958","0.5253718495368958","0.5253718495368958"
"15389","0.5768468379974365","0.5768468379974365","0.5768468379974365","0.7960807085037231","0.7960807085037231","0.7960807085037231","0.4558337330818176","0.4558337330818176","0.4558337330818176"
"15419","0.5142857432365417","0.5142857432365417","0.5142857432365417","1.035451054573059","1.035451054573059","1.035451054573059","0.5577582716941833","0.5577582716941833","0.5577582716941833"
"15449","0.5914677977561951","0.5914677977561951","0.5914677977561951","1.1358306407928467","1.1358306407928467","1.1358306407928467","0.8463619947433472","0.8463619947433472","0.8463619947433472"
"15479","0.49819281697273254","0.49819281697273254","0.49819281697273254","0.8829108476638794","0.8829108476638794","0.8829108476638794","0.6076089143753052","0.6076089143753052","0.6076089143753052"
"15509","0.5413932800292969","0.5413932800292969","0.5413932800292969","0.8961043953895569","0.8961043953895569","0.8961043953895569","0.5765857696533203","0.5765857696533203","0.5765857696533203"
"15539","0.5048583745956421","0.5048583745956421","0.5048583745956421","1.4557031393051147","1.4557031393051147","1.4557031393051147","0.5154358744621277","0.5154358744621277","0.5154358744621277"
"15569","0.5435549020767212","0.5435549020767212","0.5435549020767212","0.9898600578308105","0.9898600578308105","0.9898600578308105","0.7936405539512634","0.7936405539512634","0.7936405539512634"
"15599","0.5446370840072632","0.5446370840072632","0.5446370840072632","1.2776557207107544","1.2776557207107544","1.2776557207107544","0.43680524826049805","0.43680524826049805","0.43680524826049805"
"15629","0.5626015067100525","0.5626015067100525","0.5626015067100525","0.9647346138954163","0.9647346138954163","0.9647346138954163","0.5025359988212585","0.5025359988212585","0.5025359988212585"
"15659","0.5336037278175354","0.5336037278175354","0.5336037278175354","0.7953791618347168","0.7953791618347168","0.7953791618347168","0.48046112060546875","0.48046112060546875","0.48046112060546875"
"15689","0.544776201248169","0.544776201248169","0.544776201248169","0.8073819279670715","0.8073819279670715","0.8073819279670715","0.7888876795768738","0.7888876795768738","0.7888876795768738"
"15719","0.5561583042144775","0.5561583042144775","0.5561583042144775","1.4458898305892944","1.4458898305892944","1.4458898305892944","0.9080075025558472","0.9080075025558472","0.9080075025558472"
"15749","0.5004658699035645","0.5004658699035645","0.5004658699035645","1.058424472808838","1.058424472808838","1.058424472808838","0.4877219796180725","0.4877219796180725","0.4877219796180725"
"15779","0.5133355259895325","0.5133355259895325","0.5133355259895325","0.8141880035400391","0.8141880035400391","0.8141880035400391","0.5625843405723572","0.5625843405723572","0.5625843405723572"
"15809","0.5346652865409851","0.5346652865409851","0.5346652865409851","1.2570102214813232","1.2570102214813232","1.2570102214813232","0.5441930890083313","0.5441930890083313","0.5441930890083313"
"15839","0.5178579688072205","0.5178579688072205","0.5178579688072205","0.8838107585906982","0.8838107585906982","0.8838107585906982","0.3873295485973358","0.3873295485973358","0.3873295485973358"
"15869","0.5553260445594788","0.5553260445594788","0.5553260445594788","0.9317384958267212","0.9317384958267212","0.9317384958267212","0.8044434189796448","0.8044434189796448","0.8044434189796448"
"15899","0.5881168246269226","0.5881168246269226","0.5881168246269226","0.8386862874031067","0.8386862874031067","0.8386862874031067","0.6132639646530151","0.6132639646530151","0.6132639646530151"
"15929","0.49558019638061523","0.49558019638061523","0.49558019638061523","0.9424164891242981","0.9424164891242981","0.9424164891242981","0.5070563554763794","0.5070563554763794","0.5070563554763794"
"15959","0.5506082773208618","0.5506082773208618","0.5506082773208618","0.8436594009399414","0.8436594009399414","0.8436594009399414","0.5154969692230225","0.5154969692230225","0.5154969692230225"
"15989","0.5810407400131226","0.5810407400131226","0.5810407400131226","0.8216215968132019","0.8216215968132019","0.8216215968132019","0.6531115770339966","0.6531115770339966","0.6531115770339966"
"16019","0.5037251114845276","0.5037251114845276","0.5037251114845276","0.8431806564331055","0.8431806564331055","0.8431806564331055","0.4493110477924347","0.4493110477924347","0.4493110477924347"
"16049","0.4913468062877655","0.4913468062877655","0.4913468062877655","0.8809704184532166","0.8809704184532166","0.8809704184532166","0.5544368624687195","0.5544368624687195","0.5544368624687195"
"16079","0.6081802248954773","0.6081802248954773","0.6081802248954773","1.077865719795227","1.077865719795227","1.077865719795227","0.5626847147941589","0.5626847147941589","0.5626847147941589"
"16109","0.5387726426124573","0.5387726426124573","0.5387726426124573","0.9270933270454407","0.9270933270454407","0.9270933270454407","0.5536535382270813","0.5536535382270813","0.5536535382270813"
"16139","0.4992166757583618","0.4992166757583618","0.4992166757583618","0.8537374138832092","0.8537374138832092","0.8537374138832092","0.4323914349079132","0.4323914349079132","0.4323914349079132"
"16169","0.473288893699646","0.473288893699646","0.473288893699646","0.9265150427818298","0.9265150427818298","0.9265150427818298","0.564383327960968","0.564383327960968","0.564383327960968"
"16199","0.5345854759216309","0.5345854759216309","0.5345854759216309","0.7957305908203125","0.7957305908203125","0.7957305908203125","0.5531386733055115","0.5531386733055115","0.5531386733055115"
"16229","0.5448890328407288","0.5448890328407288","0.5448890328407288","0.8961515426635742","0.8961515426635742","0.8961515426635742","0.5224369168281555","0.5224369168281555","0.5224369168281555"
"16259","0.45458921790122986","0.45458921790122986","0.45458921790122986","0.9425453543663025","0.9425453543663025","0.9425453543663025","0.6534656882286072","0.6534656882286072","0.6534656882286072"
"16289","0.4925258159637451","0.4925258159637451","0.4925258159637451","0.9243322610855103","0.9243322610855103","0.9243322610855103","0.5886815190315247","0.5886815190315247","0.5886815190315247"
"16319","0.5208265781402588","0.5208265781402588","0.5208265781402588","0.8337841629981995","0.8337841629981995","0.8337841629981995","0.4741854667663574","0.4741854667663574","0.4741854667663574"
"16349","0.535569429397583","0.535569429397583","0.535569429397583","0.9457575082778931","0.9457575082778931","0.9457575082778931","0.6342297196388245","0.6342297196388245","0.6342297196388245"
"16379","0.42514604330062866","0.42514604330062866","0.42514604330062866","0.8050497770309448","0.8050497770309448","0.8050497770309448","0.4967449903488159","0.4967449903488159","0.4967449903488159"
"16409","0.5635128021240234","0.5635128021240234","0.5635128021240234","0.7376810908317566","0.7376810908317566","0.7376810908317566","0.5669228434562683","0.5669228434562683","0.5669228434562683"
"16439","0.5407119393348694","0.5407119393348694","0.5407119393348694","0.7231394648551941","0.7231394648551941","0.7231394648551941","0.4239616394042969","0.4239616394042969","0.4239616394042969"
"16469","0.5276644229888916","0.5276644229888916","0.5276644229888916","0.7695962190628052","0.7695962190628052","0.7695962190628052","0.37132528424263","0.37132528424263","0.37132528424263"
"16499","0.5149677991867065","0.5149677991867065","0.5149677991867065","0.7824980020523071","0.7824980020523071","0.7824980020523071","0.5431939363479614","0.5431939363479614","0.5431939363479614"
"16529","0.5290471911430359","0.5290471911430359","0.5290471911430359","1.003562331199646","1.003562331199646","1.003562331199646","0.3995945155620575","0.3995945155620575","0.3995945155620575"
"16559","0.44965583086013794","0.44965583086013794","0.44965583086013794","0.8343570232391357","0.8343570232391357","0.8343570232391357","0.5816320776939392","0.5816320776939392","0.5816320776939392"
"16589","0.5134347081184387","0.5134347081184387","0.5134347081184387","0.6897590756416321","0.6897590756416321","0.6897590756416321","0.5118269920349121","0.5118269920349121","0.5118269920349121"
"16619","0.528621256351471","0.528621256351471","0.528621256351471","0.8295718431472778","0.8295718431472778","0.8295718431472778","0.3152705430984497","0.3152705430984497","0.3152705430984497"
"16649","0.5267536640167236","0.5267536640167236","0.5267536640167236","0.8321490287780762","0.8321490287780762","0.8321490287780762","0.6086740493774414","0.6086740493774414","0.6086740493774414"
"16679","0.5447253584861755","0.5447253584861755","0.5447253584861755","0.7920628786087036","0.7920628786087036","0.7920628786087036","0.8595268726348877","0.8595268726348877","0.8595268726348877"
"16709","0.5082786679267883","0.5082786679267883","0.5082786679267883","0.9178464412689209","0.9178464412689209","0.9178464412689209","0.4986079931259155","0.4986079931259155","0.4986079931259155"
"16739","0.5510581731796265","0.5510581731796265","0.5510581731796265","0.9366283416748047","0.9366283416748047","0.9366283416748047","0.37806758284568787","0.37806758284568787","0.37806758284568787"
"16769","0.46845075488090515","0.46845075488090515","0.46845075488090515","1.553191065788269","1.553191065788269","1.553191065788269","0.6318053007125854","0.6318053007125854","0.6318053007125854"
"16799","0.5168942809104919","0.5168942809104919","0.5168942809104919","1.7366139888763428","1.7366139888763428","1.7366139888763428","0.5127236247062683","0.5127236247062683","0.5127236247062683"
"16829","0.4740513563156128","0.4740513563156128","0.4740513563156128","1.0757333040237427","1.0757333040237427","1.0757333040237427","0.4706094563007355","0.4706094563007355","0.4706094563007355"
"16859","0.4902251362800598","0.4902251362800598","0.4902251362800598","0.9058337807655334","0.9058337807655334","0.9058337807655334","0.435220867395401","0.435220867395401","0.435220867395401"
"16889","0.5536547899246216","0.5536547899246216","0.5536547899246216","0.8929141759872437","0.8929141759872437","0.8929141759872437","0.5131221413612366","0.5131221413612366","0.5131221413612366"
"16919","0.4821082055568695","0.4821082055568695","0.4821082055568695","1.1951926946640015","1.1951926946640015","1.1951926946640015","0.7463069558143616","0.7463069558143616","0.7463069558143616"
"16949","0.5332867503166199","0.5332867503166199","0.5332867503166199","1.1529121398925781","1.1529121398925781","1.1529121398925781","0.5554420351982117","0.5554420351982117","0.5554420351982117"
"16979","0.5341519117355347","0.5341519117355347","0.5341519117355347","1.404626488685608","1.404626488685608","1.404626488685608","0.6843790411949158","0.6843790411949158","0.6843790411949158"
"17009","0.5007257461547852","0.5007257461547852","0.5007257461547852","0.6843345761299133","0.6843345761299133","0.6843345761299133","0.7017627358436584","0.7017627358436584","0.7017627358436584"
"17039","0.5151383280754089","0.5151383280754089","0.5151383280754089","1.467622995376587","1.467622995376587","1.467622995376587","0.5435372591018677","0.5435372591018677","0.5435372591018677"
"17069","0.4808657467365265","0.4808657467365265","0.4808657467365265","0.9850404262542725","0.9850404262542725","0.9850404262542725","0.44513922929763794","0.44513922929763794","0.44513922929763794"
"17099","0.5301058888435364","0.5301058888435364","0.5301058888435364","1.2039037942886353","1.2039037942886353","1.2039037942886353","0.41632652282714844","0.41632652282714844","0.41632652282714844"
"17129","0.47244662046432495","0.47244662046432495","0.47244662046432495","0.7002502083778381","0.7002502083778381","0.7002502083778381","0.3422410488128662","0.3422410488128662","0.3422410488128662"
"17159","0.45847633481025696","0.45847633481025696","0.45847633481025696","1.453729271888733","1.453729271888733","1.453729271888733","0.43491286039352417","0.43491286039352417","0.43491286039352417"
"17189","0.47070401906967163","0.47070401906967163","0.47070401906967163","1.1962424516677856","1.1962424516677856","1.1962424516677856","0.5947054624557495","0.5947054624557495","0.5947054624557495"
"17219","0.5261868238449097","0.5261868238449097","0.5261868238449097","1.273438811302185","1.273438811302185","1.273438811302185","0.4834044873714447","0.4834044873714447","0.4834044873714447"
"17249","0.44054126739501953","0.44054126739501953","0.44054126739501953","0.8968934416770935","0.8968934416770935","0.8968934416770935","0.35419729351997375","0.35419729351997375","0.35419729351997375"
"17279","0.5514608025550842","0.5514608025550842","0.5514608025550842","0.8772231936454773","0.8772231936454773","0.8772231936454773","0.5353271961212158","0.5353271961212158","0.5353271961212158"
"17309","0.4969541132450104","0.4969541132450104","0.4969541132450104","0.677905261516571","0.677905261516571","0.677905261516571","0.428597629070282","0.428597629070282","0.428597629070282"
"17339","0.4796648919582367","0.4796648919582367","0.4796648919582367","0.9313198924064636","0.9313198924064636","0.9313198924064636","0.40726202726364136","0.40726202726364136","0.40726202726364136"
"17369","0.5648388266563416","0.5648388266563416","0.5648388266563416","0.7671042680740356","0.7671042680740356","0.7671042680740356","0.5734708309173584","0.5734708309173584","0.5734708309173584"
"17399","0.48686614632606506","0.48686614632606506","0.48686614632606506","0.6485245227813721","0.6485245227813721","0.6485245227813721","0.39226508140563965","0.39226508140563965","0.39226508140563965"
"17429","0.4632013738155365","0.4632013738155365","0.4632013738155365","0.7879254221916199","0.7879254221916199","0.7879254221916199","0.6277774572372437","0.6277774572372437","0.6277774572372437"
"17459","0.5101470351219177","0.5101470351219177","0.5101470351219177","0.6404528021812439","0.6404528021812439","0.6404528021812439","0.4745907187461853","0.4745907187461853","0.4745907187461853"
"17489","0.49587535858154297","0.49587535858154297","0.49587535858154297","0.797584056854248","0.797584056854248","0.797584056854248","0.41749244928359985","0.41749244928359985","0.41749244928359985"
"17519","0.4627898037433624","0.4627898037433624","0.4627898037433624","0.7637327313423157","0.7637327313423157","0.7637327313423157","0.4577459692955017","0.4577459692955017","0.4577459692955017"
"17549","0.42085355520248413","0.42085355520248413","0.42085355520248413","0.6644854545593262","0.6644854545593262","0.6644854545593262","0.46939489245414734","0.46939489245414734","0.46939489245414734"
"17579","0.44396552443504333","0.44396552443504333","0.44396552443504333","1.0439225435256958","1.0439225435256958","1.0439225435256958","0.4640822410583496","0.4640822410583496","0.4640822410583496"
"17609","0.46523207426071167","0.46523207426071167","0.46523207426071167","1.0150971412658691","1.0150971412658691","1.0150971412658691","0.6002013087272644","0.6002013087272644","0.6002013087272644"
"17639","0.4513137638568878","0.4513137638568878","0.4513137638568878","0.8267574906349182","0.8267574906349182","0.8267574906349182","0.4407305121421814","0.4407305121421814","0.4407305121421814"
"17669","0.47348761558532715","0.47348761558532715","0.47348761558532715","0.857409656047821","0.857409656047821","0.857409656047821","0.7069144248962402","0.7069144248962402","0.7069144248962402"
"17699","0.45145606994628906","0.45145606994628906","0.45145606994628906","0.7352733612060547","0.7352733612060547","0.7352733612060547","0.3526705801486969","0.3526705801486969","0.3526705801486969"
"17729","0.46884608268737793","0.46884608268737793","0.46884608268737793","0.6143640875816345","0.6143640875816345","0.6143640875816345","0.42511817812919617","0.42511817812919617","0.42511817812919617"
"17759","0.44391217827796936","0.44391217827796936","0.44391217827796936","0.7208114266395569","0.7208114266395569","0.7208114266395569","0.4519656300544739","0.4519656300544739","0.4519656300544739"
"17789","0.46848446130752563","0.46848446130752563","0.46848446130752563","0.6656244397163391","0.6656244397163391","0.6656244397163391","0.5989619493484497","0.5989619493484497","0.5989619493484497"
"17819","0.46981894969940186","0.46981894969940186","0.46981894969940186","0.6297345757484436","0.6297345757484436","0.6297345757484436","0.35650259256362915","0.35650259256362915","0.35650259256362915"
"17849","0.4404628276824951","0.4404628276824951","0.4404628276824951","0.7308865189552307","0.7308865189552307","0.7308865189552307","0.36222654581069946","0.36222654581069946","0.36222654581069946"
"17879","0.46099653840065","0.46099653840065","0.46099653840065","0.6446759700775146","0.6446759700775146","0.6446759700775146","0.4816354215145111","0.4816354215145111","0.4816354215145111"
"17909","0.5178350806236267","0.5178350806236267","0.5178350806236267","0.8549754023551941","0.8549754023551941","0.8549754023551941","0.698024332523346","0.698024332523346","0.698024332523346"
"17939","0.447763592004776","0.447763592004776","0.447763592004776","0.7774507999420166","0.7774507999420166","0.7774507999420166","0.5435417890548706","0.5435417890548706","0.5435417890548706"
"17969","0.4654371440410614","0.4654371440410614","0.4654371440410614","1.1100785732269287","1.1100785732269287","1.1100785732269287","0.4840405285358429","0.4840405285358429","0.4840405285358429"
"17999","0.4806075990200043","0.4806075990200043","0.4806075990200043","0.9871352910995483","0.9871352910995483","0.9871352910995483","0.41724714636802673","0.41724714636802673","0.41724714636802673"
"18029","0.45017993450164795","0.45017993450164795","0.45017993450164795","1.0379754304885864","1.0379754304885864","1.0379754304885864","0.5350370407104492","0.5350370407104492","0.5350370407104492"
"18059","0.4738301634788513","0.4738301634788513","0.4738301634788513","0.7540398836135864","0.7540398836135864","0.7540398836135864","0.4382396936416626","0.4382396936416626","0.4382396936416626"
"18089","0.4445761442184448","0.4445761442184448","0.4445761442184448","0.8274590373039246","0.8274590373039246","0.8274590373039246","0.4199802577495575","0.4199802577495575","0.4199802577495575"
"18119","0.44321149587631226","0.44321149587631226","0.44321149587631226","0.6018250584602356","0.6018250584602356","0.6018250584602356","0.3733314573764801","0.3733314573764801","0.3733314573764801"
"18149","0.49792227149009705","0.49792227149009705","0.49792227149009705","0.7152470946311951","0.7152470946311951","0.7152470946311951","0.5731067061424255","0.5731067061424255","0.5731067061424255"
"18179","0.45747628808021545","0.45747628808021545","0.45747628808021545","2.2370595932006836","2.2370595932006836","2.2370595932006836","0.5611871480941772","0.5611871480941772","0.5611871480941772"
"18209","0.451058954000473","0.451058954000473","0.451058954000473","0.8473415970802307","0.8473415970802307","0.8473415970802307","0.5555773377418518","0.5555773377418518","0.5555773377418518"
"18239","0.40536558628082275","0.40536558628082275","0.40536558628082275","0.729674220085144","0.729674220085144","0.729674220085144","0.4256484806537628","0.4256484806537628","0.4256484806537628"
"18269","0.4524359703063965","0.4524359703063965","0.4524359703063965","0.7629623413085938","0.7629623413085938","0.7629623413085938","0.7244367003440857","0.7244367003440857","0.7244367003440857"
"18299","0.44487059116363525","0.44487059116363525","0.44487059116363525","0.8335590958595276","0.8335590958595276","0.8335590958595276","0.4665238857269287","0.4665238857269287","0.4665238857269287"
"18329","0.46228012442588806","0.46228012442588806","0.46228012442588806","1.0191267728805542","1.0191267728805542","1.0191267728805542","0.5614839196205139","0.5614839196205139","0.5614839196205139"
"18359","0.4519149661064148","0.4519149661064148","0.4519149661064148","0.9773465991020203","0.9773465991020203","0.9773465991020203","0.5410889983177185","0.5410889983177185","0.5410889983177185"
"18389","0.4630700647830963","0.4630700647830963","0.4630700647830963","0.9264816045761108","0.9264816045761108","0.9264816045761108","0.3676791191101074","0.3676791191101074","0.3676791191101074"
"18419","0.46182987093925476","0.46182987093925476","0.46182987093925476","0.6731330752372742","0.6731330752372742","0.6731330752372742","0.48699161410331726","0.48699161410331726","0.48699161410331726"
"18449","0.48276618123054504","0.48276618123054504","0.48276618123054504","0.7193549871444702","0.7193549871444702","0.7193549871444702","0.3797074854373932","0.3797074854373932","0.3797074854373932"
"18479","0.41359248757362366","0.41359248757362366","0.41359248757362366","0.9382970333099365","0.9382970333099365","0.9382970333099365","0.4934348165988922","0.4934348165988922","0.4934348165988922"
"18509","0.39478403329849243","0.39478403329849243","0.39478403329849243","1.0618107318878174","1.0618107318878174","1.0618107318878174","0.43457794189453125","0.43457794189453125","0.43457794189453125"
"18539","0.4612402319908142","0.4612402319908142","0.4612402319908142","0.629990816116333","0.629990816116333","0.629990816116333","0.6457085013389587","0.6457085013389587","0.6457085013389587"
"18569","0.4840533435344696","0.4840533435344696","0.4840533435344696","0.6970452666282654","0.6970452666282654","0.6970452666282654","0.6172319054603577","0.6172319054603577","0.6172319054603577"
"18599","0.388284832239151","0.388284832239151","0.388284832239151","0.7438299655914307","0.7438299655914307","0.7438299655914307","0.5334740281105042","0.5334740281105042","0.5334740281105042"
"18629","0.4258691370487213","0.4258691370487213","0.4258691370487213","0.7215542197227478","0.7215542197227478","0.7215542197227478","0.48425421118736267","0.48425421118736267","0.48425421118736267"
"18659","0.41815680265426636","0.41815680265426636","0.41815680265426636","0.7009437680244446","0.7009437680244446","0.7009437680244446","0.5871114134788513","0.5871114134788513","0.5871114134788513"
"18689","0.4383091628551483","0.4383091628551483","0.4383091628551483","0.813996434211731","0.813996434211731","0.813996434211731","0.3314085602760315","0.3314085602760315","0.3314085602760315"
"18719","0.4254666864871979","0.4254666864871979","0.4254666864871979","0.9001010656356812","0.9001010656356812","0.9001010656356812","0.4546816051006317","0.4546816051006317","0.4546816051006317"
"18749","0.4478089511394501","0.4478089511394501","0.4478089511394501","0.78721022605896","0.78721022605896","0.78721022605896","0.2560688555240631","0.2560688555240631","0.2560688555240631"
"18779","0.4599153697490692","0.4599153697490692","0.4599153697490692","1.0552197694778442","1.0552197694778442","1.0552197694778442","0.6715867519378662","0.6715867519378662","0.6715867519378662"
"18809","0.43306663632392883","0.43306663632392883","0.43306663632392883","0.7979147434234619","0.7979147434234619","0.7979147434234619","0.5642286539077759","0.5642286539077759","0.5642286539077759"
"18839","0.4354705810546875","0.4354705810546875","0.4354705810546875","1.0159072875976562","1.0159072875976562","1.0159072875976562","0.5152838826179504","0.5152838826179504","0.5152838826179504"
"18869","0.4265740215778351","0.4265740215778351","0.4265740215778351","0.7620058059692383","0.7620058059692383","0.7620058059692383","0.4921322762966156","0.4921322762966156","0.4921322762966156"
"18899","0.4752923846244812","0.4752923846244812","0.4752923846244812","0.8183673024177551","0.8183673024177551","0.8183673024177551","0.5841984152793884","0.5841984152793884","0.5841984152793884"
"18929","0.4859023988246918","0.4859023988246918","0.4859023988246918","0.8197517395019531","0.8197517395019531","0.8197517395019531","0.4452139437198639","0.4452139437198639","0.4452139437198639"
"18959","0.4543551504611969","0.4543551504611969","0.4543551504611969","0.9976146221160889","0.9976146221160889","0.9976146221160889","0.47162672877311707","0.47162672877311707","0.47162672877311707"
"18989","0.4251483380794525","0.4251483380794525","0.4251483380794525","0.7914595007896423","0.7914595007896423","0.7914595007896423","0.455596387386322","0.455596387386322","0.455596387386322"
"19019","0.4349253475666046","0.4349253475666046","0.4349253475666046","0.8235995769500732","0.8235995769500732","0.8235995769500732","0.3341074585914612","0.3341074585914612","0.3341074585914612"
"19049","0.3931775689125061","0.3931775689125061","0.3931775689125061","0.7164657711982727","0.7164657711982727","0.7164657711982727","0.4240258038043976","0.4240258038043976","0.4240258038043976"
"19079","0.46663108468055725","0.46663108468055725","0.46663108468055725","1.1249710321426392","1.1249710321426392","1.1249710321426392","0.4919753074645996","0.4919753074645996","0.4919753074645996"
"19109","0.41866278648376465","0.41866278648376465","0.41866278648376465","0.7948574423789978","0.7948574423789978","0.7948574423789978","0.6494747996330261","0.6494747996330261","0.6494747996330261"
"19139","0.40675094723701477","0.40675094723701477","0.40675094723701477","0.6795174479484558","0.6795174479484558","0.6795174479484558","0.45681068301200867","0.45681068301200867","0.45681068301200867"
"19169","0.4498659670352936","0.4498659670352936","0.4498659670352936","1.0556327104568481","1.0556327104568481","1.0556327104568481","0.41866254806518555","0.41866254806518555","0.41866254806518555"
"19199","0.48956388235092163","0.48956388235092163","0.48956388235092163","1.0414037704467773","1.0414037704467773","1.0414037704467773","0.4242230951786041","0.4242230951786041","0.4242230951786041"
"19229","0.40184229612350464","0.40184229612350464","0.40184229612350464","0.7892146110534668","0.7892146110534668","0.7892146110534668","0.47292467951774597","0.47292467951774597","0.47292467951774597"
"19259","0.40352189540863037","0.40352189540863037","0.40352189540863037","0.5907877087593079","0.5907877087593079","0.5907877087593079","0.29667431116104126","0.29667431116104126","0.29667431116104126"
"19289","0.40365463495254517","0.40365463495254517","0.40365463495254517","0.640053391456604","0.640053391456604","0.640053391456604","0.321008563041687","0.321008563041687","0.321008563041687"
"19319","0.4900389611721039","0.4900389611721039","0.4900389611721039","1.0441195964813232","1.0441195964813232","1.0441195964813232","0.5053616166114807","0.5053616166114807","0.5053616166114807"
"19349","0.4266677498817444","0.4266677498817444","0.4266677498817444","0.771604597568512","0.771604597568512","0.771604597568512","0.32924264669418335","0.32924264669418335","0.32924264669418335"
"19379","0.43737855553627014","0.43737855553627014","0.43737855553627014","0.6655415296554565","0.6655415296554565","0.6655415296554565","0.3639470636844635","0.3639470636844635","0.3639470636844635"
"19409","0.4162719249725342","0.4162719249725342","0.4162719249725342","1.212706446647644","1.212706446647644","1.212706446647644","0.4233541488647461","0.4233541488647461","0.4233541488647461"
"19439","0.42801088094711304","0.42801088094711304","0.42801088094711304","1.005751371383667","1.005751371383667","1.005751371383667","0.37862640619277954","0.37862640619277954","0.37862640619277954"
"19469","0.4161197543144226","0.4161197543144226","0.4161197543144226","0.7264242172241211","0.7264242172241211","0.7264242172241211","0.6008954644203186","0.6008954644203186","0.6008954644203186"
"19499","0.4574641287326813","0.4574641287326813","0.4574641287326813","0.7480289340019226","0.7480289340019226","0.7480289340019226","0.39209142327308655","0.39209142327308655","0.39209142327308655"
"19529","0.4192439317703247","0.4192439317703247","0.4192439317703247","1.2258861064910889","1.2258861064910889","1.2258861064910889","0.4690030515193939","0.4690030515193939","0.4690030515193939"
"19559","0.5594115853309631","0.5594115853309631","0.5594115853309631","0.7204816937446594","0.7204816937446594","0.7204816937446594","0.3628169298171997","0.3628169298171997","0.3628169298171997"
"19589","0.42633283138275146","0.42633283138275146","0.42633283138275146","0.8525620102882385","0.8525620102882385","0.8525620102882385","0.5084397196769714","0.5084397196769714","0.5084397196769714"
"19619","0.4224325716495514","0.4224325716495514","0.4224325716495514","1.038525104522705","1.038525104522705","1.038525104522705","0.3779396414756775","0.3779396414756775","0.3779396414756775"
"19649","0.4287834167480469","0.4287834167480469","0.4287834167480469","0.6972702145576477","0.6972702145576477","0.6972702145576477","0.5011335611343384","0.5011335611343384","0.5011335611343384"
"19679","0.45084306597709656","0.45084306597709656","0.45084306597709656","0.6965048909187317","0.6965048909187317","0.6965048909187317","0.6513271927833557","0.6513271927833557","0.6513271927833557"
"19709","0.4062114655971527","0.4062114655971527","0.4062114655971527","0.7645673751831055","0.7645673751831055","0.7645673751831055","0.48624083399772644","0.48624083399772644","0.48624083399772644"
"19739","0.3878916800022125","0.3878916800022125","0.3878916800022125","1.0261545181274414","1.0261545181274414","1.0261545181274414","0.32760196924209595","0.32760196924209595","0.32760196924209595"
"19769","0.41178786754608154","0.41178786754608154","0.41178786754608154","1.0541207790374756","1.0541207790374756","1.0541207790374756","0.2816741466522217","0.2816741466522217","0.2816741466522217"
"19799","0.41434741020202637","0.41434741020202637","0.41434741020202637","1.8668824434280396","1.8668824434280396","1.8668824434280396","0.3249278962612152","0.3249278962612152","0.3249278962612152"
"19829","0.4102035462856293","0.4102035462856293","0.4102035462856293","0.7555027008056641","0.7555027008056641","0.7555027008056641","0.5047051310539246","0.5047051310539246","0.5047051310539246"
"19859","0.44809067249298096","0.44809067249298096","0.44809067249298096","0.768164336681366","0.768164336681366","0.768164336681366","0.3270909786224365","0.3270909786224365","0.3270909786224365"
"19889","0.40076711773872375","0.40076711773872375","0.40076711773872375","0.7056556344032288","0.7056556344032288","0.7056556344032288","0.4546370506286621","0.4546370506286621","0.4546370506286621"
"19919","0.46258318424224854","0.46258318424224854","0.46258318424224854","0.7825532555580139","0.7825532555580139","0.7825532555580139","0.4833064079284668","0.4833064079284668","0.4833064079284668"
"19949","0.3775121569633484","0.3775121569633484","0.3775121569633484","0.8250710964202881","0.8250710964202881","0.8250710964202881","0.3604484498500824","0.3604484498500824","0.3604484498500824"
"19979","0.42174232006073","0.42174232006073","0.42174232006073","0.6415228843688965","0.6415228843688965","0.6415228843688965","0.5235120058059692","0.5235120058059692","0.5235120058059692"