"Step","layer_10_hook_mlp_out_gpt2_gated_fisher_true_project_TinyStories - losses/fisher_reg_term","layer_10_hook_mlp_out_gpt2_gated_fisher_true_project_TinyStories - losses/fisher_reg_term__MIN","layer_10_hook_mlp_out_gpt2_gated_fisher_true_project_TinyStories - losses/fisher_reg_term__MAX","layer_5_hook_mlp_out_gpt2_gated_fisher_true_project_TinyStories - losses/fisher_reg_term","layer_5_hook_mlp_out_gpt2_gated_fisher_true_project_TinyStories - losses/fisher_reg_term__MIN","layer_5_hook_mlp_out_gpt2_gated_fisher_true_project_TinyStories - losses/fisher_reg_term__MAX","layer_0_hook_mlp_out_gpt2_gated_fisher_true_project_TinyStories - losses/fisher_reg_term","layer_0_hook_mlp_out_gpt2_gated_fisher_true_project_TinyStories - losses/fisher_reg_term__MIN","layer_0_hook_mlp_out_gpt2_gated_fisher_true_project_TinyStories - losses/fisher_reg_term__MAX"
"29","11.050050735473633","11.050050735473633","11.050050735473633","3.314763069152832","3.314763069152832","3.314763069152832","3.580203056335449","3.580203056335449","3.580203056335449"
"59","15.277331352233887","15.277331352233887","15.277331352233887","3.432387113571167","3.432387113571167","3.432387113571167","3.929581880569458","3.929581880569458","3.929581880569458"
"89","15.533205032348633","15.533205032348633","15.533205032348633","3.668513298034668","3.668513298034668","3.668513298034668","3.9396252632141113","3.9396252632141113","3.9396252632141113"
"119","12.606554985046387","12.606554985046387","12.606554985046387","3.1130802631378174","3.1130802631378174","3.1130802631378174","3.9928691387176514","3.9928691387176514","3.9928691387176514"
"149","10.52016544342041","10.52016544342041","10.52016544342041","7.430286884307861","7.430286884307861","7.430286884307861","7.34071683883667","7.34071683883667","7.34071683883667"
"179","8.533596992492676","8.533596992492676","8.533596992492676","9.161665916442871","9.161665916442871","9.161665916442871","7.134108543395996","7.134108543395996","7.134108543395996"
"209","6.114969253540039","6.114969253540039","6.114969253540039","3.0336172580718994","3.0336172580718994","3.0336172580718994","3.489194869995117","3.489194869995117","3.489194869995117"
"239","6.192198276519775","6.192198276519775","6.192198276519775","3.1350064277648926","3.1350064277648926","3.1350064277648926","3.2509965896606445","3.2509965896606445","3.2509965896606445"
"269","5.435543060302734","5.435543060302734","5.435543060302734","2.93432354927063","2.93432354927063","2.93432354927063","3.622971773147583","3.622971773147583","3.622971773147583"
"299","5.123372554779053","5.123372554779053","5.123372554779053","2.889432907104492","2.889432907104492","2.889432907104492","3.3856303691864014","3.3856303691864014","3.3856303691864014"
"329","7.168976783752441","7.168976783752441","7.168976783752441","3.201357126235962","3.201357126235962","3.201357126235962","3.2596275806427","3.2596275806427","3.2596275806427"
"359","7.312326431274414","7.312326431274414","7.312326431274414","3.033051013946533","3.033051013946533","3.033051013946533","3.4250009059906006","3.4250009059906006","3.4250009059906006"
"389","5.527375221252441","5.527375221252441","5.527375221252441","3.316530704498291","3.316530704498291","3.316530704498291","3.4088408946990967","3.4088408946990967","3.4088408946990967"
"419","5.733885765075684","5.733885765075684","5.733885765075684","3.0298876762390137","3.0298876762390137","3.0298876762390137","3.1355080604553223","3.1355080604553223","3.1355080604553223"
"449","4.773609161376953","4.773609161376953","4.773609161376953","2.8139801025390625","2.8139801025390625","2.8139801025390625","3.110996961593628","3.110996961593628","3.110996961593628"
"479","4.938906192779541","4.938906192779541","4.938906192779541","2.7374298572540283","2.7374298572540283","2.7374298572540283","3.082188129425049","3.082188129425049","3.082188129425049"
"509","5.210577487945557","5.210577487945557","5.210577487945557","2.83174467086792","2.83174467086792","2.83174467086792","3.158270835876465","3.158270835876465","3.158270835876465"
"539","4.444719314575195","4.444719314575195","4.444719314575195","9.708267211914062","9.708267211914062","9.708267211914062","7.242065906524658","7.242065906524658","7.242065906524658"
"569","4.422329902648926","4.422329902648926","4.422329902648926","2.877089500427246","2.877089500427246","2.877089500427246","3.2475554943084717","3.2475554943084717","3.2475554943084717"
"599","4.856917381286621","4.856917381286621","4.856917381286621","2.7522010803222656","2.7522010803222656","2.7522010803222656","3.0306060314178467","3.0306060314178467","3.0306060314178467"
"629","4.804250240325928","4.804250240325928","4.804250240325928","2.4819905757904053","2.4819905757904053","2.4819905757904053","3.0356462001800537","3.0356462001800537","3.0356462001800537"
"659","4.884828567504883","4.884828567504883","4.884828567504883","2.638699531555176","2.638699531555176","2.638699531555176","2.989536762237549","2.989536762237549","2.989536762237549"
"689","5.114067077636719","5.114067077636719","5.114067077636719","5.386070251464844","5.386070251464844","5.386070251464844","6.329989433288574","6.329989433288574","6.329989433288574"
"719","4.489414691925049","4.489414691925049","4.489414691925049","2.5931921005249023","2.5931921005249023","2.5931921005249023","3.244929075241089","3.244929075241089","3.244929075241089"
"749","4.861895561218262","4.861895561218262","4.861895561218262","2.729339599609375","2.729339599609375","2.729339599609375","3.1149697303771973","3.1149697303771973","3.1149697303771973"
"779","4.435222625732422","4.435222625732422","4.435222625732422","2.5022311210632324","2.5022311210632324","2.5022311210632324","2.7946417331695557","2.7946417331695557","2.7946417331695557"
"809","4.193382263183594","4.193382263183594","4.193382263183594","4.767355442047119","4.767355442047119","4.767355442047119","6.272493839263916","6.272493839263916","6.272493839263916"
"839","4.451404094696045","4.451404094696045","4.451404094696045","2.464796304702759","2.464796304702759","2.464796304702759","2.745861768722534","2.745861768722534","2.745861768722534"
"869","4.338860034942627","4.338860034942627","4.338860034942627","4.599495887756348","4.599495887756348","4.599495887756348","5.703904151916504","5.703904151916504","5.703904151916504"
"899","3.8960702419281006","3.8960702419281006","3.8960702419281006","2.4379494190216064","2.4379494190216064","2.4379494190216064","3.128708839416504","3.128708839416504","3.128708839416504"
"929","4.202223300933838","4.202223300933838","4.202223300933838","2.283987045288086","2.283987045288086","2.283987045288086","2.936894178390503","2.936894178390503","2.936894178390503"
"959","3.9824321269989014","3.9824321269989014","3.9824321269989014","6.135402679443359","6.135402679443359","6.135402679443359","5.509634971618652","5.509634971618652","5.509634971618652"
"989","4.242776393890381","4.242776393890381","4.242776393890381","2.570249080657959","2.570249080657959","2.570249080657959","2.7569093704223633","2.7569093704223633","2.7569093704223633"
"1019","4.00296688079834","4.00296688079834","4.00296688079834","3.759432554244995","3.759432554244995","3.759432554244995","4.890801429748535","4.890801429748535","4.890801429748535"
"1049","4.351139545440674","4.351139545440674","4.351139545440674","2.4570729732513428","2.4570729732513428","2.4570729732513428","2.798492908477783","2.798492908477783","2.798492908477783"
"1079","4.335161209106445","4.335161209106445","4.335161209106445","2.172985076904297","2.172985076904297","2.172985076904297","2.692203998565674","2.692203998565674","2.692203998565674"
"1109","3.868978261947632","3.868978261947632","3.868978261947632","3.7169227600097656","3.7169227600097656","3.7169227600097656","4.8399834632873535","4.8399834632873535","4.8399834632873535"
"1139","4.54365348815918","4.54365348815918","4.54365348815918","2.612999200820923","2.612999200820923","2.612999200820923","3.051525831222534","3.051525831222534","3.051525831222534"
"1169","4.127741813659668","4.127741813659668","4.127741813659668","2.2101078033447266","2.2101078033447266","2.2101078033447266","2.860313653945923","2.860313653945923","2.860313653945923"
"1199","3.965336322784424","3.965336322784424","3.965336322784424","2.27040433883667","2.27040433883667","2.27040433883667","2.8615429401397705","2.8615429401397705","2.8615429401397705"
"1229","4.305537700653076","4.305537700653076","4.305537700653076","4.073020935058594","4.073020935058594","4.073020935058594","4.9222259521484375","4.9222259521484375","4.9222259521484375"
"1259","4.472829341888428","4.472829341888428","4.472829341888428","2.544189453125","2.544189453125","2.544189453125","3.029783248901367","3.029783248901367","3.029783248901367"
"1289","4.0193963050842285","4.0193963050842285","4.0193963050842285","2.22094988822937","2.22094988822937","2.22094988822937","2.8794567584991455","2.8794567584991455","2.8794567584991455"
"1319","4.151435375213623","4.151435375213623","4.151435375213623","3.9757931232452393","3.9757931232452393","3.9757931232452393","4.353897571563721","4.353897571563721","4.353897571563721"
"1349","3.8973028659820557","3.8973028659820557","3.8973028659820557","2.4943766593933105","2.4943766593933105","2.4943766593933105","2.767545700073242","2.767545700073242","2.767545700073242"
"1379","3.4762942790985107","3.4762942790985107","3.4762942790985107","2.2326748371124268","2.2326748371124268","2.2326748371124268","2.6295294761657715","2.6295294761657715","2.6295294761657715"
"1409","4.297483444213867","4.297483444213867","4.297483444213867","2.227088212966919","2.227088212966919","2.227088212966919","2.5487353801727295","2.5487353801727295","2.5487353801727295"
"1439","3.8822033405303955","3.8822033405303955","3.8822033405303955","2.387786388397217","2.387786388397217","2.387786388397217","2.9999072551727295","2.9999072551727295","2.9999072551727295"
"1469","3.947843551635742","3.947843551635742","3.947843551635742","2.3060948848724365","2.3060948848724365","2.3060948848724365","3.220949649810791","3.220949649810791","3.220949649810791"
"1499","4.109986305236816","4.109986305236816","4.109986305236816","2.3398823738098145","2.3398823738098145","2.3398823738098145","2.967879056930542","2.967879056930542","2.967879056930542"
"1529","3.584975004196167","3.584975004196167","3.584975004196167","2.28206205368042","2.28206205368042","2.28206205368042","2.9816765785217285","2.9816765785217285","2.9816765785217285"
"1559","3.975684642791748","3.975684642791748","3.975684642791748","2.1779086589813232","2.1779086589813232","2.1779086589813232","2.8034489154815674","2.8034489154815674","2.8034489154815674"
"1589","3.698122978210449","3.698122978210449","3.698122978210449","2.576150417327881","2.576150417327881","2.576150417327881","2.60911226272583","2.60911226272583","2.60911226272583"
"1619","3.5708978176116943","3.5708978176116943","3.5708978176116943","3.333589792251587","3.333589792251587","3.333589792251587","3.8449220657348633","3.8449220657348633","3.8449220657348633"
"1649","3.9030044078826904","3.9030044078826904","3.9030044078826904","3.4824109077453613","3.4824109077453613","3.4824109077453613","3.5396604537963867","3.5396604537963867","3.5396604537963867"
"1679","3.6134119033813477","3.6134119033813477","3.6134119033813477","2.33687162399292","2.33687162399292","2.33687162399292","2.98195219039917","2.98195219039917","2.98195219039917"
"1709","3.2300093173980713","3.2300093173980713","3.2300093173980713","2.161659002304077","2.161659002304077","2.161659002304077","2.689815044403076","2.689815044403076","2.689815044403076"
"1739","3.3957529067993164","3.3957529067993164","3.3957529067993164","2.2753124237060547","2.2753124237060547","2.2753124237060547","2.4255762100219727","2.4255762100219727","2.4255762100219727"
"1769","3.340543031692505","3.340543031692505","3.340543031692505","2.1049602031707764","2.1049602031707764","2.1049602031707764","2.7017810344696045","2.7017810344696045","2.7017810344696045"
"1799","3.574524402618408","3.574524402618408","3.574524402618408","2.3999133110046387","2.3999133110046387","2.3999133110046387","2.886815309524536","2.886815309524536","2.886815309524536"
"1829","3.259915351867676","3.259915351867676","3.259915351867676","2.2323832511901855","2.2323832511901855","2.2323832511901855","2.726942777633667","2.726942777633667","2.726942777633667"
"1859","3.7654011249542236","3.7654011249542236","3.7654011249542236","2.2435853481292725","2.2435853481292725","2.2435853481292725","2.94759464263916","2.94759464263916","2.94759464263916"
"1889","3.2294323444366455","3.2294323444366455","3.2294323444366455","2.620617389678955","2.620617389678955","2.620617389678955","2.9368648529052734","2.9368648529052734","2.9368648529052734"
"1919","3.415250062942505","3.415250062942505","3.415250062942505","2.935506820678711","2.935506820678711","2.935506820678711","2.9031102657318115","2.9031102657318115","2.9031102657318115"
"1949","3.7857024669647217","3.7857024669647217","3.7857024669647217","3.4686851501464844","3.4686851501464844","3.4686851501464844","2.3941242694854736","2.3941242694854736","2.3941242694854736"
"1979","3.674515962600708","3.674515962600708","3.674515962600708","2.298916816711426","2.298916816711426","2.298916816711426","2.6221537590026855","2.6221537590026855","2.6221537590026855"
"2009","3.083073854446411","3.083073854446411","3.083073854446411","2.2436251640319824","2.2436251640319824","2.2436251640319824","2.5487430095672607","2.5487430095672607","2.5487430095672607"
"2039","3.125483989715576","3.125483989715576","3.125483989715576","2.14784836769104","2.14784836769104","2.14784836769104","2.5300114154815674","2.5300114154815674","2.5300114154815674"
"2069","3.597182035446167","3.597182035446167","3.597182035446167","2.368191719055176","2.368191719055176","2.368191719055176","2.8865740299224854","2.8865740299224854","2.8865740299224854"
"2099","3.5643532276153564","3.5643532276153564","3.5643532276153564","2.2882189750671387","2.2882189750671387","2.2882189750671387","2.703716278076172","2.703716278076172","2.703716278076172"
"2129","3.2384190559387207","3.2384190559387207","3.2384190559387207","2.264845132827759","2.264845132827759","2.264845132827759","2.400362253189087","2.400362253189087","2.400362253189087"
"2159","2.896625280380249","2.896625280380249","2.896625280380249","2.1271541118621826","2.1271541118621826","2.1271541118621826","2.3018367290496826","2.3018367290496826","2.3018367290496826"
"2189","3.269493341445923","3.269493341445923","3.269493341445923","2.328319549560547","2.328319549560547","2.328319549560547","2.6433775424957275","2.6433775424957275","2.6433775424957275"
"2219","2.9905788898468018","2.9905788898468018","2.9905788898468018","2.333406686782837","2.333406686782837","2.333406686782837","2.3077898025512695","2.3077898025512695","2.3077898025512695"
"2249","3.0505545139312744","3.0505545139312744","3.0505545139312744","2.008038282394409","2.008038282394409","2.008038282394409","2.5464024543762207","2.5464024543762207","2.5464024543762207"
"2279","42.23147201538086","42.23147201538086","42.23147201538086","57.21685028076172","57.21685028076172","57.21685028076172","20.102235794067383","20.102235794067383","20.102235794067383"
"2309","2.8218095302581787","2.8218095302581787","2.8218095302581787","2.4823508262634277","2.4823508262634277","2.4823508262634277","2.3613760471343994","2.3613760471343994","2.3613760471343994"
"2339","2.7783656120300293","2.7783656120300293","2.7783656120300293","2.607602119445801","2.607602119445801","2.607602119445801","2.4842894077301025","2.4842894077301025","2.4842894077301025"
"2369","2.9028162956237793","2.9028162956237793","2.9028162956237793","2.7023539543151855","2.7023539543151855","2.7023539543151855","2.7376549243927","2.7376549243927","2.7376549243927"
"2399","2.9106273651123047","2.9106273651123047","2.9106273651123047","2.542116403579712","2.542116403579712","2.542116403579712","2.281473398208618","2.281473398208618","2.281473398208618"
"2429","2.9698991775512695","2.9698991775512695","2.9698991775512695","2.276397705078125","2.276397705078125","2.276397705078125","2.042295455932617","2.042295455932617","2.042295455932617"
"2459","3.1596264839172363","3.1596264839172363","3.1596264839172363","2.116323471069336","2.116323471069336","2.116323471069336","2.3210506439208984","2.3210506439208984","2.3210506439208984"
"2489","2.818812131881714","2.818812131881714","2.818812131881714","2.7760415077209473","2.7760415077209473","2.7760415077209473","2.437753915786743","2.437753915786743","2.437753915786743"
"2519","2.9912829399108887","2.9912829399108887","2.9912829399108887","2.295513868331909","2.295513868331909","2.295513868331909","2.0872576236724854","2.0872576236724854","2.0872576236724854"
"2549","3.174954414367676","3.174954414367676","3.174954414367676","2.288717031478882","2.288717031478882","2.288717031478882","2.221571922302246","2.221571922302246","2.221571922302246"
"2579","2.6994893550872803","2.6994893550872803","2.6994893550872803","2.4760217666625977","2.4760217666625977","2.4760217666625977","2.503492832183838","2.503492832183838","2.503492832183838"
"2609","3.204676389694214","3.204676389694214","3.204676389694214","2.2330331802368164","2.2330331802368164","2.2330331802368164","2.3517630100250244","2.3517630100250244","2.3517630100250244"
"2639","2.882033348083496","2.882033348083496","2.882033348083496","2.0241527557373047","2.0241527557373047","2.0241527557373047","2.2315380573272705","2.2315380573272705","2.2315380573272705"
"2669","2.590212345123291","2.590212345123291","2.590212345123291","2.2828612327575684","2.2828612327575684","2.2828612327575684","2.0568089485168457","2.0568089485168457","2.0568089485168457"
"2699","2.6035661697387695","2.6035661697387695","2.6035661697387695","2.3665823936462402","2.3665823936462402","2.3665823936462402","2.2152838706970215","2.2152838706970215","2.2152838706970215"
"2729","2.807133913040161","2.807133913040161","2.807133913040161","2.162137031555176","2.162137031555176","2.162137031555176","2.420520305633545","2.420520305633545","2.420520305633545"
"2759","2.462184190750122","2.462184190750122","2.462184190750122","2.423978328704834","2.423978328704834","2.423978328704834","2.1995370388031006","2.1995370388031006","2.1995370388031006"
"2789","2.721306324005127","2.721306324005127","2.721306324005127","2.1242382526397705","2.1242382526397705","2.1242382526397705","2.2633230686187744","2.2633230686187744","2.2633230686187744"
"2819","2.698848247528076","2.698848247528076","2.698848247528076","2.175022840499878","2.175022840499878","2.175022840499878","1.961727499961853","1.961727499961853","1.961727499961853"
"2849","2.9342784881591797","2.9342784881591797","2.9342784881591797","2.1747305393218994","2.1747305393218994","2.1747305393218994","2.237199306488037","2.237199306488037","2.237199306488037"
"2879","2.4572508335113525","2.4572508335113525","2.4572508335113525","2.2862799167633057","2.2862799167633057","2.2862799167633057","2.286963939666748","2.286963939666748","2.286963939666748"
"2909","2.6111702919006348","2.6111702919006348","2.6111702919006348","2.101841926574707","2.101841926574707","2.101841926574707","2.4510955810546875","2.4510955810546875","2.4510955810546875"
"2939","2.4837253093719482","2.4837253093719482","2.4837253093719482","2.1990303993225098","2.1990303993225098","2.1990303993225098","1.9769657850265503","1.9769657850265503","1.9769657850265503"
"2969","2.627305030822754","2.627305030822754","2.627305030822754","2.2877442836761475","2.2877442836761475","2.2877442836761475","2.047332763671875","2.047332763671875","2.047332763671875"
"2999","2.364478349685669","2.364478349685669","2.364478349685669","2.6272695064544678","2.6272695064544678","2.6272695064544678","1.7888686656951904","1.7888686656951904","1.7888686656951904"
"3029","2.2833921909332275","2.2833921909332275","2.2833921909332275","2.250946521759033","2.250946521759033","2.250946521759033","2.1075873374938965","2.1075873374938965","2.1075873374938965"
"3059","2.378145456314087","2.378145456314087","2.378145456314087","2.080641031265259","2.080641031265259","2.080641031265259","2.1914381980895996","2.1914381980895996","2.1914381980895996"
"3089","2.328160047531128","2.328160047531128","2.328160047531128","2.2774922847747803","2.2774922847747803","2.2774922847747803","2.5191638469696045","2.5191638469696045","2.5191638469696045"
"3119","2.2896177768707275","2.2896177768707275","2.2896177768707275","2.426163911819458","2.426163911819458","2.426163911819458","2.1201329231262207","2.1201329231262207","2.1201329231262207"
"3149","2.469937324523926","2.469937324523926","2.469937324523926","2.3301403522491455","2.3301403522491455","2.3301403522491455","1.9582167863845825","1.9582167863845825","1.9582167863845825"
"3179","2.3944127559661865","2.3944127559661865","2.3944127559661865","2.1979990005493164","2.1979990005493164","2.1979990005493164","1.9169689416885376","1.9169689416885376","1.9169689416885376"
"3209","2.4278366565704346","2.4278366565704346","2.4278366565704346","2.384857654571533","2.384857654571533","2.384857654571533","1.5248839855194092","1.5248839855194092","1.5248839855194092"
"3239","2.4036552906036377","2.4036552906036377","2.4036552906036377","2.085530996322632","2.085530996322632","2.085530996322632","1.8246644735336304","1.8246644735336304","1.8246644735336304"
"3269","2.266213893890381","2.266213893890381","2.266213893890381","2.002880573272705","2.002880573272705","2.002880573272705","1.8288614749908447","1.8288614749908447","1.8288614749908447"
"3299","2.55631685256958","2.55631685256958","2.55631685256958","2.1568987369537354","2.1568987369537354","2.1568987369537354","2.0560202598571777","2.0560202598571777","2.0560202598571777"
"3329","2.616276741027832","2.616276741027832","2.616276741027832","2.1987123489379883","2.1987123489379883","2.1987123489379883","1.8477615118026733","1.8477615118026733","1.8477615118026733"
"3359","2.27494740486145","2.27494740486145","2.27494740486145","1.9710633754730225","1.9710633754730225","1.9710633754730225","2.045982837677002","2.045982837677002","2.045982837677002"
"3389","2.2460274696350098","2.2460274696350098","2.2460274696350098","2.2183597087860107","2.2183597087860107","2.2183597087860107","1.6812529563903809","1.6812529563903809","1.6812529563903809"
"3419","2.166733980178833","2.166733980178833","2.166733980178833","2.0523922443389893","2.0523922443389893","2.0523922443389893","1.7412949800491333","1.7412949800491333","1.7412949800491333"
"3449","2.1502456665039062","2.1502456665039062","2.1502456665039062","2.006904363632202","2.006904363632202","2.006904363632202","1.8189010620117188","1.8189010620117188","1.8189010620117188"
"3479","2.0683772563934326","2.0683772563934326","2.0683772563934326","2.060086250305176","2.060086250305176","2.060086250305176","1.921478509902954","1.921478509902954","1.921478509902954"
"3509","2.4568400382995605","2.4568400382995605","2.4568400382995605","2.20782470703125","2.20782470703125","2.20782470703125","1.794273018836975","1.794273018836975","1.794273018836975"
"3539","2.341935873031616","2.341935873031616","2.341935873031616","2.211226463317871","2.211226463317871","2.211226463317871","1.796904444694519","1.796904444694519","1.796904444694519"
"3569","2.1319119930267334","2.1319119930267334","2.1319119930267334","2.306427001953125","2.306427001953125","2.306427001953125","1.6617971658706665","1.6617971658706665","1.6617971658706665"
"3599","2.114041805267334","2.114041805267334","2.114041805267334","1.9585787057876587","1.9585787057876587","1.9585787057876587","1.65864098072052","1.65864098072052","1.65864098072052"
"3629","2.1201846599578857","2.1201846599578857","2.1201846599578857","2.905642032623291","2.905642032623291","2.905642032623291","1.403829574584961","1.403829574584961","1.403829574584961"
"3659","2.019688367843628","2.019688367843628","2.019688367843628","2.5246589183807373","2.5246589183807373","2.5246589183807373","2.0454695224761963","2.0454695224761963","2.0454695224761963"
"3689","1.9846774339675903","1.9846774339675903","1.9846774339675903","2.229501962661743","2.229501962661743","2.229501962661743","1.6444674730300903","1.6444674730300903","1.6444674730300903"
"3719","2.1072773933410645","2.1072773933410645","2.1072773933410645","2.3983154296875","2.3983154296875","2.3983154296875","1.7904858589172363","1.7904858589172363","1.7904858589172363"
"3749","1.9812191724777222","1.9812191724777222","1.9812191724777222","2.3013007640838623","2.3013007640838623","2.3013007640838623","1.2771717309951782","1.2771717309951782","1.2771717309951782"
"3779","1.9311606884002686","1.9311606884002686","1.9311606884002686","2.1753106117248535","2.1753106117248535","2.1753106117248535","1.9203225374221802","1.9203225374221802","1.9203225374221802"
"3809","1.9922817945480347","1.9922817945480347","1.9922817945480347","2.0861008167266846","2.0861008167266846","2.0861008167266846","1.4581027030944824","1.4581027030944824","1.4581027030944824"
"3839","1.9955142736434937","1.9955142736434937","1.9955142736434937","2.3104100227355957","2.3104100227355957","2.3104100227355957","2.0739545822143555","2.0739545822143555","2.0739545822143555"
"3869","2.3910536766052246","2.3910536766052246","2.3910536766052246","2.6305007934570312","2.6305007934570312","2.6305007934570312","1.8600302934646606","1.8600302934646606","1.8600302934646606"
"3899","2.2249581813812256","2.2249581813812256","2.2249581813812256","2.617856502532959","2.617856502532959","2.617856502532959","1.7413166761398315","1.7413166761398315","1.7413166761398315"
"3929","2.0513031482696533","2.0513031482696533","2.0513031482696533","2.192211627960205","2.192211627960205","2.192211627960205","1.5200735330581665","1.5200735330581665","1.5200735330581665"
"3959","2.053370952606201","2.053370952606201","2.053370952606201","1.9192419052124023","1.9192419052124023","1.9192419052124023","1.4005260467529297","1.4005260467529297","1.4005260467529297"
"3989","2.401914596557617","2.401914596557617","2.401914596557617","2.1619865894317627","2.1619865894317627","2.1619865894317627","1.586418628692627","1.586418628692627","1.586418628692627"
"4019","2.068098306655884","2.068098306655884","2.068098306655884","2.3023784160614014","2.3023784160614014","2.3023784160614014","1.4686665534973145","1.4686665534973145","1.4686665534973145"
"4049","1.841475486755371","1.841475486755371","1.841475486755371","2.077254056930542","2.077254056930542","2.077254056930542","1.4574246406555176","1.4574246406555176","1.4574246406555176"
"4079","2.074542284011841","2.074542284011841","2.074542284011841","2.01249098777771","2.01249098777771","2.01249098777771","1.659842610359192","1.659842610359192","1.659842610359192"
"4109","2.00734543800354","2.00734543800354","2.00734543800354","2.138449192047119","2.138449192047119","2.138449192047119","1.9633235931396484","1.9633235931396484","1.9633235931396484"
"4139","1.9254008531570435","1.9254008531570435","1.9254008531570435","2.1832616329193115","2.1832616329193115","2.1832616329193115","1.3628153800964355","1.3628153800964355","1.3628153800964355"
"4169","1.8876779079437256","1.8876779079437256","1.8876779079437256","2.461552143096924","2.461552143096924","2.461552143096924","1.6325812339782715","1.6325812339782715","1.6325812339782715"
"4199","1.7098604440689087","1.7098604440689087","1.7098604440689087","2.143345355987549","2.143345355987549","2.143345355987549","1.5017215013504028","1.5017215013504028","1.5017215013504028"
"4229","1.914435863494873","1.914435863494873","1.914435863494873","2.029813766479492","2.029813766479492","2.029813766479492","1.3291430473327637","1.3291430473327637","1.3291430473327637"
"4259","1.7570037841796875","1.7570037841796875","1.7570037841796875","2.126255512237549","2.126255512237549","2.126255512237549","1.5993843078613281","1.5993843078613281","1.5993843078613281"
"4289","1.848368763923645","1.848368763923645","1.848368763923645","2.04902982711792","2.04902982711792","2.04902982711792","1.4202429056167603","1.4202429056167603","1.4202429056167603"
"4319","1.5888644456863403","1.5888644456863403","1.5888644456863403","2.0720455646514893","2.0720455646514893","2.0720455646514893","1.082085371017456","1.082085371017456","1.082085371017456"
"4349","1.6599968671798706","1.6599968671798706","1.6599968671798706","2.461141586303711","2.461141586303711","2.461141586303711","1.377100944519043","1.377100944519043","1.377100944519043"
"4379","1.764198899269104","1.764198899269104","1.764198899269104","2.4340240955352783","2.4340240955352783","2.4340240955352783","1.6198018789291382","1.6198018789291382","1.6198018789291382"
"4409","1.5987576246261597","1.5987576246261597","1.5987576246261597","2.1952097415924072","2.1952097415924072","2.1952097415924072","1.3907641172409058","1.3907641172409058","1.3907641172409058"
"4439","1.7335125207901","1.7335125207901","1.7335125207901","1.8794960975646973","1.8794960975646973","1.8794960975646973","1.5954583883285522","1.5954583883285522","1.5954583883285522"
"4469","1.611264944076538","1.611264944076538","1.611264944076538","1.942496657371521","1.942496657371521","1.942496657371521","1.5400875806808472","1.5400875806808472","1.5400875806808472"
"4499","1.6853512525558472","1.6853512525558472","1.6853512525558472","2.114614486694336","2.114614486694336","2.114614486694336","1.4677544832229614","1.4677544832229614","1.4677544832229614"
"4529","1.7614264488220215","1.7614264488220215","1.7614264488220215","2.0882906913757324","2.0882906913757324","2.0882906913757324","1.1230813264846802","1.1230813264846802","1.1230813264846802"
"4559","1.8019611835479736","1.8019611835479736","1.8019611835479736","1.9040151834487915","1.9040151834487915","1.9040151834487915","1.4734865427017212","1.4734865427017212","1.4734865427017212"
"4589","1.6330361366271973","1.6330361366271973","1.6330361366271973","1.923250675201416","1.923250675201416","1.923250675201416","1.0436594486236572","1.0436594486236572","1.0436594486236572"
"4619","1.5675348043441772","1.5675348043441772","1.5675348043441772","2.197906494140625","2.197906494140625","2.197906494140625","1.5609567165374756","1.5609567165374756","1.5609567165374756"
"4649","1.8596535921096802","1.8596535921096802","1.8596535921096802","2.2491347789764404","2.2491347789764404","2.2491347789764404","1.145074725151062","1.145074725151062","1.145074725151062"
"4679","1.6744270324707031","1.6744270324707031","1.6744270324707031","2.206880807876587","2.206880807876587","2.206880807876587","1.22684907913208","1.22684907913208","1.22684907913208"
"4709","1.6302428245544434","1.6302428245544434","1.6302428245544434","2.1706643104553223","2.1706643104553223","2.1706643104553223","1.505332112312317","1.505332112312317","1.505332112312317"
"4739","1.747789740562439","1.747789740562439","1.747789740562439","1.8072761297225952","1.8072761297225952","1.8072761297225952","1.543192982673645","1.543192982673645","1.543192982673645"
"4769","1.6161656379699707","1.6161656379699707","1.6161656379699707","2.1122920513153076","2.1122920513153076","2.1122920513153076","1.6081346273422241","1.6081346273422241","1.6081346273422241"
"4799","1.6273083686828613","1.6273083686828613","1.6273083686828613","1.8534899950027466","1.8534899950027466","1.8534899950027466","1.774462103843689","1.774462103843689","1.774462103843689"
"4829","1.7244971990585327","1.7244971990585327","1.7244971990585327","2.0901198387145996","2.0901198387145996","2.0901198387145996","1.2007369995117188","1.2007369995117188","1.2007369995117188"
"4859","1.7061768770217896","1.7061768770217896","1.7061768770217896","2.061640977859497","2.061640977859497","2.061640977859497","1.0903083086013794","1.0903083086013794","1.0903083086013794"
"4889","1.500276803970337","1.500276803970337","1.500276803970337","2.2118287086486816","2.2118287086486816","2.2118287086486816","1.0377802848815918","1.0377802848815918","1.0377802848815918"
"4919","1.545391321182251","1.545391321182251","1.545391321182251","2.208041191101074","2.208041191101074","2.208041191101074","1.5770385265350342","1.5770385265350342","1.5770385265350342"
"4949","1.3969112634658813","1.3969112634658813","1.3969112634658813","2.0193262100219727","2.0193262100219727","2.0193262100219727","1.457525610923767","1.457525610923767","1.457525610923767"
"4979","1.544977068901062","1.544977068901062","1.544977068901062","2.082474708557129","2.082474708557129","2.082474708557129","1.4424186944961548","1.4424186944961548","1.4424186944961548"
"5009","1.4496161937713623","1.4496161937713623","1.4496161937713623","1.8792688846588135","1.8792688846588135","1.8792688846588135","1.1618512868881226","1.1618512868881226","1.1618512868881226"
"5039","1.5866148471832275","1.5866148471832275","1.5866148471832275","1.984977126121521","1.984977126121521","1.984977126121521","0.9492376446723938","0.9492376446723938","0.9492376446723938"
"5069","1.4308438301086426","1.4308438301086426","1.4308438301086426","2.346447706222534","2.346447706222534","2.346447706222534","1.2709394693374634","1.2709394693374634","1.2709394693374634"
"5099","1.3218581676483154","1.3218581676483154","1.3218581676483154","1.7712292671203613","1.7712292671203613","1.7712292671203613","1.493205189704895","1.493205189704895","1.493205189704895"
"5129","1.4595504999160767","1.4595504999160767","1.4595504999160767","2.3381285667419434","2.3381285667419434","2.3381285667419434","1.1815730333328247","1.1815730333328247","1.1815730333328247"
"5159","1.3608253002166748","1.3608253002166748","1.3608253002166748","2.900456666946411","2.900456666946411","2.900456666946411","1.0489922761917114","1.0489922761917114","1.0489922761917114"
"5189","1.3456145524978638","1.3456145524978638","1.3456145524978638","2.3483636379241943","2.3483636379241943","2.3483636379241943","1.2082287073135376","1.2082287073135376","1.2082287073135376"
"5219","1.4985918998718262","1.4985918998718262","1.4985918998718262","2.177433490753174","2.177433490753174","2.177433490753174","1.0838022232055664","1.0838022232055664","1.0838022232055664"
"5249","1.3240982294082642","1.3240982294082642","1.3240982294082642","2.2774322032928467","2.2774322032928467","2.2774322032928467","1.8027197122573853","1.8027197122573853","1.8027197122573853"
"5279","1.3134886026382446","1.3134886026382446","1.3134886026382446","1.9703295230865479","1.9703295230865479","1.9703295230865479","1.4340627193450928","1.4340627193450928","1.4340627193450928"
"5309","1.3536425828933716","1.3536425828933716","1.3536425828933716","1.9989804029464722","1.9989804029464722","1.9989804029464722","1.0736004114151","1.0736004114151","1.0736004114151"
"5339","1.3474541902542114","1.3474541902542114","1.3474541902542114","2.031719207763672","2.031719207763672","2.031719207763672","1.273661494255066","1.273661494255066","1.273661494255066"
"5369","1.3220410346984863","1.3220410346984863","1.3220410346984863","2.181018829345703","2.181018829345703","2.181018829345703","1.2920695543289185","1.2920695543289185","1.2920695543289185"
"5399","1.448219895362854","1.448219895362854","1.448219895362854","2.3606364727020264","2.3606364727020264","2.3606364727020264","1.1166062355041504","1.1166062355041504","1.1166062355041504"
"5429","1.4166245460510254","1.4166245460510254","1.4166245460510254","2.129801034927368","2.129801034927368","2.129801034927368","1.1543636322021484","1.1543636322021484","1.1543636322021484"
"5459","1.2696622610092163","1.2696622610092163","1.2696622610092163","4.549729347229004","4.549729347229004","4.549729347229004","1.4545025825500488","1.4545025825500488","1.4545025825500488"
"5489","1.3470591306686401","1.3470591306686401","1.3470591306686401","2.4428887367248535","2.4428887367248535","2.4428887367248535","0.8486870527267456","0.8486870527267456","0.8486870527267456"
"5519","1.3885226249694824","1.3885226249694824","1.3885226249694824","2.9276530742645264","2.9276530742645264","2.9276530742645264","1.0668928623199463","1.0668928623199463","1.0668928623199463"
"5549","1.3099035024642944","1.3099035024642944","1.3099035024642944","2.3564844131469727","2.3564844131469727","2.3564844131469727","1.3369555473327637","1.3369555473327637","1.3369555473327637"
"5579","1.3628305196762085","1.3628305196762085","1.3628305196762085","2.020824432373047","2.020824432373047","2.020824432373047","0.7404064536094666","0.7404064536094666","0.7404064536094666"
"5609","1.2494032382965088","1.2494032382965088","1.2494032382965088","1.8931925296783447","1.8931925296783447","1.8931925296783447","1.1492499113082886","1.1492499113082886","1.1492499113082886"
"5639","1.1885408163070679","1.1885408163070679","1.1885408163070679","2.813328981399536","2.813328981399536","2.813328981399536","1.3332064151763916","1.3332064151763916","1.3332064151763916"
"5669","1.1901370286941528","1.1901370286941528","1.1901370286941528","1.722459077835083","1.722459077835083","1.722459077835083","1.1663810014724731","1.1663810014724731","1.1663810014724731"
"5699","1.4285459518432617","1.4285459518432617","1.4285459518432617","3.489896059036255","3.489896059036255","3.489896059036255","1.1325726509094238","1.1325726509094238","1.1325726509094238"
"5729","1.3157076835632324","1.3157076835632324","1.3157076835632324","1.9523998498916626","1.9523998498916626","1.9523998498916626","1.3662904500961304","1.3662904500961304","1.3662904500961304"
"5759","1.3098104000091553","1.3098104000091553","1.3098104000091553","1.977494478225708","1.977494478225708","1.977494478225708","1.353240966796875","1.353240966796875","1.353240966796875"
"5789","1.1555479764938354","1.1555479764938354","1.1555479764938354","2.2324461936950684","2.2324461936950684","2.2324461936950684","1.1298203468322754","1.1298203468322754","1.1298203468322754"
"5819","1.2233399152755737","1.2233399152755737","1.2233399152755737","2.2208783626556396","2.2208783626556396","2.2208783626556396","0.9518093466758728","0.9518093466758728","0.9518093466758728"
"5849","1.189758062362671","1.189758062362671","1.189758062362671","1.972491979598999","1.972491979598999","1.972491979598999","1.2172573804855347","1.2172573804855347","1.2172573804855347"
"5879","1.0980567932128906","1.0980567932128906","1.0980567932128906","2.0474092960357666","2.0474092960357666","2.0474092960357666","1.08897864818573","1.08897864818573","1.08897864818573"
"5909","1.1290453672409058","1.1290453672409058","1.1290453672409058","1.9581223726272583","1.9581223726272583","1.9581223726272583","0.8776148557662964","0.8776148557662964","0.8776148557662964"
"5939","1.4044936895370483","1.4044936895370483","1.4044936895370483","1.9360190629959106","1.9360190629959106","1.9360190629959106","1.2653157711029053","1.2653157711029053","1.2653157711029053"
"5969","1.3269473314285278","1.3269473314285278","1.3269473314285278","1.6390469074249268","1.6390469074249268","1.6390469074249268","1.116288185119629","1.116288185119629","1.116288185119629"
"5999","1.335732340812683","1.335732340812683","1.335732340812683","4.492018222808838","4.492018222808838","4.492018222808838","1.1096817255020142","1.1096817255020142","1.1096817255020142"
"6029","1.1778547763824463","1.1778547763824463","1.1778547763824463","1.9297527074813843","1.9297527074813843","1.9297527074813843","1.321460247039795","1.321460247039795","1.321460247039795"
"6059","1.3651663064956665","1.3651663064956665","1.3651663064956665","1.9585011005401611","1.9585011005401611","1.9585011005401611","0.9493931531906128","0.9493931531906128","0.9493931531906128"
"6089","1.1260672807693481","1.1260672807693481","1.1260672807693481","2.0193867683410645","2.0193867683410645","2.0193867683410645","0.9420031309127808","0.9420031309127808","0.9420031309127808"
"6119","1.165785789489746","1.165785789489746","1.165785789489746","1.64349365234375","1.64349365234375","1.64349365234375","0.8178741931915283","0.8178741931915283","0.8178741931915283"
"6149","1.0646783113479614","1.0646783113479614","1.0646783113479614","2.637718677520752","2.637718677520752","2.637718677520752","0.9651017785072327","0.9651017785072327","0.9651017785072327"
"6179","1.0842574834823608","1.0842574834823608","1.0842574834823608","1.741207242012024","1.741207242012024","1.741207242012024","0.694385826587677","0.694385826587677","0.694385826587677"
"6209","1.2338550090789795","1.2338550090789795","1.2338550090789795","2.378678321838379","2.378678321838379","2.378678321838379","0.933388888835907","0.933388888835907","0.933388888835907"
"6239","1.1541944742202759","1.1541944742202759","1.1541944742202759","2.0312564373016357","2.0312564373016357","2.0312564373016357","1.341249704360962","1.341249704360962","1.341249704360962"
"6269","1.1943589448928833","1.1943589448928833","1.1943589448928833","1.568591833114624","1.568591833114624","1.568591833114624","1.0850318670272827","1.0850318670272827","1.0850318670272827"
"6299","1.0754433870315552","1.0754433870315552","1.0754433870315552","2.151705265045166","2.151705265045166","2.151705265045166","1.7410351037979126","1.7410351037979126","1.7410351037979126"
"6329","1.293973684310913","1.293973684310913","1.293973684310913","1.977331519126892","1.977331519126892","1.977331519126892","1.0323810577392578","1.0323810577392578","1.0323810577392578"
"6359","1.1250132322311401","1.1250132322311401","1.1250132322311401","1.979818344116211","1.979818344116211","1.979818344116211","1.0978217124938965","1.0978217124938965","1.0978217124938965"
"6389","1.0976327657699585","1.0976327657699585","1.0976327657699585","1.660300374031067","1.660300374031067","1.660300374031067","1.1032910346984863","1.1032910346984863","1.1032910346984863"
"6419","1.0755072832107544","1.0755072832107544","1.0755072832107544","1.6267507076263428","1.6267507076263428","1.6267507076263428","1.127824068069458","1.127824068069458","1.127824068069458"
"6449","1.0615490674972534","1.0615490674972534","1.0615490674972534","1.5160903930664062","1.5160903930664062","1.5160903930664062","0.9145010113716125","0.9145010113716125","0.9145010113716125"
"6479","1.083660364151001","1.083660364151001","1.083660364151001","1.7319811582565308","1.7319811582565308","1.7319811582565308","1.2853949069976807","1.2853949069976807","1.2853949069976807"
"6509","1.1222789287567139","1.1222789287567139","1.1222789287567139","2.1432008743286133","2.1432008743286133","2.1432008743286133","1.0360044240951538","1.0360044240951538","1.0360044240951538"
"6539","1.054587960243225","1.054587960243225","1.054587960243225","2.4643490314483643","2.4643490314483643","2.4643490314483643","1.132226824760437","1.132226824760437","1.132226824760437"
"6569","1.1192517280578613","1.1192517280578613","1.1192517280578613","1.787384271621704","1.787384271621704","1.787384271621704","0.9648801684379578","0.9648801684379578","0.9648801684379578"
"6599","1.2459605932235718","1.2459605932235718","1.2459605932235718","2.2081358432769775","2.2081358432769775","2.2081358432769775","1.1602128744125366","1.1602128744125366","1.1602128744125366"
"6629","0.9614081978797913","0.9614081978797913","0.9614081978797913","1.985628604888916","1.985628604888916","1.985628604888916","1.2259324789047241","1.2259324789047241","1.2259324789047241"
"6659","1.0969637632369995","1.0969637632369995","1.0969637632369995","1.3980519771575928","1.3980519771575928","1.3980519771575928","0.8622713088989258","0.8622713088989258","0.8622713088989258"
"6689","1.2598750591278076","1.2598750591278076","1.2598750591278076","2.855870485305786","2.855870485305786","2.855870485305786","1.1207467317581177","1.1207467317581177","1.1207467317581177"
"6719","1.111533284187317","1.111533284187317","1.111533284187317","2.2693183422088623","2.2693183422088623","2.2693183422088623","0.5850552320480347","0.5850552320480347","0.5850552320480347"
"6749","1.2288330793380737","1.2288330793380737","1.2288330793380737","1.908270239830017","1.908270239830017","1.908270239830017","0.54456627368927","0.54456627368927","0.54456627368927"
"6779","1.0197055339813232","1.0197055339813232","1.0197055339813232","1.5600411891937256","1.5600411891937256","1.5600411891937256","0.7774509787559509","0.7774509787559509","0.7774509787559509"
"6809","1.040505051612854","1.040505051612854","1.040505051612854","2.029944658279419","2.029944658279419","2.029944658279419","0.6597051620483398","0.6597051620483398","0.6597051620483398"
"6839","1.0806843042373657","1.0806843042373657","1.0806843042373657","1.675489902496338","1.675489902496338","1.675489902496338","0.9680039882659912","0.9680039882659912","0.9680039882659912"
"6869","1.0011323690414429","1.0011323690414429","1.0011323690414429","1.903194546699524","1.903194546699524","1.903194546699524","0.6512913107872009","0.6512913107872009","0.6512913107872009"
"6899","0.9915447235107422","0.9915447235107422","0.9915447235107422","1.5434483289718628","1.5434483289718628","1.5434483289718628","1.1367170810699463","1.1367170810699463","1.1367170810699463"
"6929","1.0325226783752441","1.0325226783752441","1.0325226783752441","1.6596343517303467","1.6596343517303467","1.6596343517303467","0.8216338157653809","0.8216338157653809","0.8216338157653809"
"6959","0.9233969449996948","0.9233969449996948","0.9233969449996948","2.3404433727264404","2.3404433727264404","2.3404433727264404","1.1711983680725098","1.1711983680725098","1.1711983680725098"
"6989","1.1109389066696167","1.1109389066696167","1.1109389066696167","1.6015434265136719","1.6015434265136719","1.6015434265136719","0.8975754976272583","0.8975754976272583","0.8975754976272583"
"7019","1.0782827138900757","1.0782827138900757","1.0782827138900757","2.2010929584503174","2.2010929584503174","2.2010929584503174","1.1868616342544556","1.1868616342544556","1.1868616342544556"
"7049","0.8685306310653687","0.8685306310653687","0.8685306310653687","1.6109286546707153","1.6109286546707153","1.6109286546707153","0.8515753746032715","0.8515753746032715","0.8515753746032715"
"7079","1.0040667057037354","1.0040667057037354","1.0040667057037354","1.8197046518325806","1.8197046518325806","1.8197046518325806","1.0037612915039062","1.0037612915039062","1.0037612915039062"
"7109","0.8556300401687622","0.8556300401687622","0.8556300401687622","1.424992322921753","1.424992322921753","1.424992322921753","0.9005337357521057","0.9005337357521057","0.9005337357521057"
"7139","1.2907371520996094","1.2907371520996094","1.2907371520996094","1.6199164390563965","1.6199164390563965","1.6199164390563965","1.0945332050323486","1.0945332050323486","1.0945332050323486"
"7169","0.9139663577079773","0.9139663577079773","0.9139663577079773","2.9157464504241943","2.9157464504241943","2.9157464504241943","0.7439758777618408","0.7439758777618408","0.7439758777618408"
"7199","0.9726571440696716","0.9726571440696716","0.9726571440696716","1.7536765336990356","1.7536765336990356","1.7536765336990356","0.9789451360702515","0.9789451360702515","0.9789451360702515"
"7229","0.993428647518158","0.993428647518158","0.993428647518158","1.7065033912658691","1.7065033912658691","1.7065033912658691","0.6188979744911194","0.6188979744911194","0.6188979744911194"
"7259","0.9172922968864441","0.9172922968864441","0.9172922968864441","1.926906704902649","1.926906704902649","1.926906704902649","1.3060956001281738","1.3060956001281738","1.3060956001281738"
"7289","1.0923218727111816","1.0923218727111816","1.0923218727111816","1.452993631362915","1.452993631362915","1.452993631362915","0.8461378812789917","0.8461378812789917","0.8461378812789917"
"7319","1.0063226222991943","1.0063226222991943","1.0063226222991943","1.7959136962890625","1.7959136962890625","1.7959136962890625","0.8983339667320251","0.8983339667320251","0.8983339667320251"
"7349","0.8690167665481567","0.8690167665481567","0.8690167665481567","2.003054141998291","2.003054141998291","2.003054141998291","0.8723951578140259","0.8723951578140259","0.8723951578140259"
"7379","0.9162836074829102","0.9162836074829102","0.9162836074829102","1.6565372943878174","1.6565372943878174","1.6565372943878174","0.7087113857269287","0.7087113857269287","0.7087113857269287"
"7409","1.0943118333816528","1.0943118333816528","1.0943118333816528","1.698598861694336","1.698598861694336","1.698598861694336","1.1532446146011353","1.1532446146011353","1.1532446146011353"
"7439","0.9174361824989319","0.9174361824989319","0.9174361824989319","2.0852296352386475","2.0852296352386475","2.0852296352386475","1.0593351125717163","1.0593351125717163","1.0593351125717163"
"7469","1.0575048923492432","1.0575048923492432","1.0575048923492432","1.7501659393310547","1.7501659393310547","1.7501659393310547","1.093948245048523","1.093948245048523","1.093948245048523"
"7499","0.8252338767051697","0.8252338767051697","0.8252338767051697","1.675118327140808","1.675118327140808","1.675118327140808","0.8382021188735962","0.8382021188735962","0.8382021188735962"
"7529","0.8769747018814087","0.8769747018814087","0.8769747018814087","1.8930846452713013","1.8930846452713013","1.8930846452713013","1.0450741052627563","1.0450741052627563","1.0450741052627563"
"7559","0.8434318900108337","0.8434318900108337","0.8434318900108337","1.8329012393951416","1.8329012393951416","1.8329012393951416","0.9445363879203796","0.9445363879203796","0.9445363879203796"
"7589","0.8726493120193481","0.8726493120193481","0.8726493120193481","2.138261556625366","2.138261556625366","2.138261556625366","0.6113508343696594","0.6113508343696594","0.6113508343696594"
"7619","1.0203509330749512","1.0203509330749512","1.0203509330749512","1.8917250633239746","1.8917250633239746","1.8917250633239746","0.9233205914497375","0.9233205914497375","0.9233205914497375"
"7649","0.9318434596061707","0.9318434596061707","0.9318434596061707","1.741696834564209","1.741696834564209","1.741696834564209","1.0117939710617065","1.0117939710617065","1.0117939710617065"
"7679","0.8158663511276245","0.8158663511276245","0.8158663511276245","1.6690911054611206","1.6690911054611206","1.6690911054611206","0.6425616145133972","0.6425616145133972","0.6425616145133972"
"7709","0.8638736605644226","0.8638736605644226","0.8638736605644226","2.271838426589966","2.271838426589966","2.271838426589966","1.0574089288711548","1.0574089288711548","1.0574089288711548"
"7739","0.8857648968696594","0.8857648968696594","0.8857648968696594","1.9581108093261719","1.9581108093261719","1.9581108093261719","1.0330810546875","1.0330810546875","1.0330810546875"
"7769","0.8679050803184509","0.8679050803184509","0.8679050803184509","1.6213723421096802","1.6213723421096802","1.6213723421096802","0.8974920511245728","0.8974920511245728","0.8974920511245728"
"7799","0.8738268613815308","0.8738268613815308","0.8738268613815308","1.161126971244812","1.161126971244812","1.161126971244812","1.0309672355651855","1.0309672355651855","1.0309672355651855"
"7829","0.8277937769889832","0.8277937769889832","0.8277937769889832","1.468264102935791","1.468264102935791","1.468264102935791","0.691473662853241","0.691473662853241","0.691473662853241"
"7859","0.910648763179779","0.910648763179779","0.910648763179779","1.7572091817855835","1.7572091817855835","1.7572091817855835","0.8088558912277222","0.8088558912277222","0.8088558912277222"
"7889","0.7978928685188293","0.7978928685188293","0.7978928685188293","1.396972894668579","1.396972894668579","1.396972894668579","0.9787865877151489","0.9787865877151489","0.9787865877151489"
"7919","0.8538669943809509","0.8538669943809509","0.8538669943809509","1.373313546180725","1.373313546180725","1.373313546180725","0.873621940612793","0.873621940612793","0.873621940612793"
"7949","0.8336411714553833","0.8336411714553833","0.8336411714553833","1.6312007904052734","1.6312007904052734","1.6312007904052734","0.6920291185379028","0.6920291185379028","0.6920291185379028"
"7979","0.7759226560592651","0.7759226560592651","0.7759226560592651","1.4676744937896729","1.4676744937896729","1.4676744937896729","0.7797619700431824","0.7797619700431824","0.7797619700431824"
"8009","0.9749731421470642","0.9749731421470642","0.9749731421470642","1.7598376274108887","1.7598376274108887","1.7598376274108887","0.978423535823822","0.978423535823822","0.978423535823822"
"8039","0.9780846834182739","0.9780846834182739","0.9780846834182739","1.5399960279464722","1.5399960279464722","1.5399960279464722","1.0373191833496094","1.0373191833496094","1.0373191833496094"
"8069","0.8276001811027527","0.8276001811027527","0.8276001811027527","1.5010244846343994","1.5010244846343994","1.5010244846343994","1.230082631111145","1.230082631111145","1.230082631111145"
"8099","0.8180752396583557","0.8180752396583557","0.8180752396583557","1.4782265424728394","1.4782265424728394","1.4782265424728394","0.7462226152420044","0.7462226152420044","0.7462226152420044"
"8129","0.8382725119590759","0.8382725119590759","0.8382725119590759","1.5635141134262085","1.5635141134262085","1.5635141134262085","0.5350320339202881","0.5350320339202881","0.5350320339202881"
"8159","0.8913460969924927","0.8913460969924927","0.8913460969924927","2.9440319538116455","2.9440319538116455","2.9440319538116455","0.5471707582473755","0.5471707582473755","0.5471707582473755"
"8189","0.7431132197380066","0.7431132197380066","0.7431132197380066","1.4815621376037598","1.4815621376037598","1.4815621376037598","0.9478604197502136","0.9478604197502136","0.9478604197502136"
"8219","0.971563458442688","0.971563458442688","0.971563458442688","1.9547375440597534","1.9547375440597534","1.9547375440597534","0.899667501449585","0.899667501449585","0.899667501449585"
"8249","0.7855271697044373","0.7855271697044373","0.7855271697044373","1.8981889486312866","1.8981889486312866","1.8981889486312866","0.7327393889427185","0.7327393889427185","0.7327393889427185"
"8279","0.739278256893158","0.739278256893158","0.739278256893158","1.622398018836975","1.622398018836975","1.622398018836975","0.7724486589431763","0.7724486589431763","0.7724486589431763"
"8309","0.7805111408233643","0.7805111408233643","0.7805111408233643","1.72712242603302","1.72712242603302","1.72712242603302","0.6456731557846069","0.6456731557846069","0.6456731557846069"
"8339","0.7972039580345154","0.7972039580345154","0.7972039580345154","1.874186635017395","1.874186635017395","1.874186635017395","1.0388777256011963","1.0388777256011963","1.0388777256011963"
"8369","0.8406379222869873","0.8406379222869873","0.8406379222869873","1.601096749305725","1.601096749305725","1.601096749305725","1.0517463684082031","1.0517463684082031","1.0517463684082031"
"8399","0.7679444551467896","0.7679444551467896","0.7679444551467896","1.8051514625549316","1.8051514625549316","1.8051514625549316","1.1168056726455688","1.1168056726455688","1.1168056726455688"
"8429","0.8365481495857239","0.8365481495857239","0.8365481495857239","1.5324944257736206","1.5324944257736206","1.5324944257736206","0.6435225009918213","0.6435225009918213","0.6435225009918213"
"8459","0.7167476415634155","0.7167476415634155","0.7167476415634155","1.52967369556427","1.52967369556427","1.52967369556427","0.6666567325592041","0.6666567325592041","0.6666567325592041"
"8489","0.8180729746818542","0.8180729746818542","0.8180729746818542","1.4668679237365723","1.4668679237365723","1.4668679237365723","0.6304928660392761","0.6304928660392761","0.6304928660392761"
"8519","0.7734013199806213","0.7734013199806213","0.7734013199806213","1.4725191593170166","1.4725191593170166","1.4725191593170166","0.827756404876709","0.827756404876709","0.827756404876709"
"8549","0.7622604966163635","0.7622604966163635","0.7622604966163635","1.6240935325622559","1.6240935325622559","1.6240935325622559","0.6218987703323364","0.6218987703323364","0.6218987703323364"
"8579","0.8216356635093689","0.8216356635093689","0.8216356635093689","1.8329405784606934","1.8329405784606934","1.8329405784606934","1.0283712148666382","1.0283712148666382","1.0283712148666382"
"8609","0.7935078144073486","0.7935078144073486","0.7935078144073486","1.6720210313796997","1.6720210313796997","1.6720210313796997","0.8520985245704651","0.8520985245704651","0.8520985245704651"
"8639","0.7698982954025269","0.7698982954025269","0.7698982954025269","1.6240408420562744","1.6240408420562744","1.6240408420562744","0.51869797706604","0.51869797706604","0.51869797706604"
"8669","0.7606425881385803","0.7606425881385803","0.7606425881385803","1.4225256443023682","1.4225256443023682","1.4225256443023682","0.7225939631462097","0.7225939631462097","0.7225939631462097"
"8699","0.7805320024490356","0.7805320024490356","0.7805320024490356","1.5893867015838623","1.5893867015838623","1.5893867015838623","0.6673109531402588","0.6673109531402588","0.6673109531402588"
"8729","0.6755357384681702","0.6755357384681702","0.6755357384681702","1.591607689857483","1.591607689857483","1.591607689857483","0.7372623085975647","0.7372623085975647","0.7372623085975647"
"8759","0.8696202039718628","0.8696202039718628","0.8696202039718628","1.893216848373413","1.893216848373413","1.893216848373413","1.2667385339736938","1.2667385339736938","1.2667385339736938"
"8789","0.8109080195426941","0.8109080195426941","0.8109080195426941","1.7658361196517944","1.7658361196517944","1.7658361196517944","0.7683994174003601","0.7683994174003601","0.7683994174003601"
"8819","0.7398352026939392","0.7398352026939392","0.7398352026939392","2.4152681827545166","2.4152681827545166","2.4152681827545166","0.4801847040653229","0.4801847040653229","0.4801847040653229"
"8849","0.7971809506416321","0.7971809506416321","0.7971809506416321","1.6170461177825928","1.6170461177825928","1.6170461177825928","0.6056870818138123","0.6056870818138123","0.6056870818138123"
"8879","0.7063531279563904","0.7063531279563904","0.7063531279563904","1.4499588012695312","1.4499588012695312","1.4499588012695312","0.8098301291465759","0.8098301291465759","0.8098301291465759"
"8909","0.7844456434249878","0.7844456434249878","0.7844456434249878","1.5502941608428955","1.5502941608428955","1.5502941608428955","0.7041621804237366","0.7041621804237366","0.7041621804237366"
"8939","0.8285488486289978","0.8285488486289978","0.8285488486289978","1.4533096551895142","1.4533096551895142","1.4533096551895142","0.8619697093963623","0.8619697093963623","0.8619697093963623"
"8969","0.7068549394607544","0.7068549394607544","0.7068549394607544","1.2315033674240112","1.2315033674240112","1.2315033674240112","0.9000968933105469","0.9000968933105469","0.9000968933105469"
"8999","0.6820963621139526","0.6820963621139526","0.6820963621139526","1.3418896198272705","1.3418896198272705","1.3418896198272705","0.8276252746582031","0.8276252746582031","0.8276252746582031"
"9029","0.7194703221321106","0.7194703221321106","0.7194703221321106","1.436708927154541","1.436708927154541","1.436708927154541","0.6178156733512878","0.6178156733512878","0.6178156733512878"
"9059","0.7773060202598572","0.7773060202598572","0.7773060202598572","1.3781399726867676","1.3781399726867676","1.3781399726867676","1.0994833707809448","1.0994833707809448","1.0994833707809448"
"9089","0.7511686682701111","0.7511686682701111","0.7511686682701111","2.460503578186035","2.460503578186035","2.460503578186035","0.7095681428909302","0.7095681428909302","0.7095681428909302"
"9119","0.7029018998146057","0.7029018998146057","0.7029018998146057","1.5984874963760376","1.5984874963760376","1.5984874963760376","1.1748263835906982","1.1748263835906982","1.1748263835906982"
"9149","0.6749903559684753","0.6749903559684753","0.6749903559684753","1.9112862348556519","1.9112862348556519","1.9112862348556519","0.5984901785850525","0.5984901785850525","0.5984901785850525"
"9179","0.7580860257148743","0.7580860257148743","0.7580860257148743","1.3196477890014648","1.3196477890014648","1.3196477890014648","0.6701359152793884","0.6701359152793884","0.6701359152793884"
"9209","0.7837764024734497","0.7837764024734497","0.7837764024734497","1.7614638805389404","1.7614638805389404","1.7614638805389404","0.5950457453727722","0.5950457453727722","0.5950457453727722"
"9239","0.7054031491279602","0.7054031491279602","0.7054031491279602","2.4017720222473145","2.4017720222473145","2.4017720222473145","0.5361822247505188","0.5361822247505188","0.5361822247505188"
"9269","0.7488596439361572","0.7488596439361572","0.7488596439361572","1.6676479578018188","1.6676479578018188","1.6676479578018188","0.6854652762413025","0.6854652762413025","0.6854652762413025"
"9299","0.6987345814704895","0.6987345814704895","0.6987345814704895","1.4604389667510986","1.4604389667510986","1.4604389667510986","0.793244481086731","0.793244481086731","0.793244481086731"
"9329","0.6494231820106506","0.6494231820106506","0.6494231820106506","1.8544678688049316","1.8544678688049316","1.8544678688049316","0.9126326441764832","0.9126326441764832","0.9126326441764832"
"9359","0.7302746176719666","0.7302746176719666","0.7302746176719666","1.6026891469955444","1.6026891469955444","1.6026891469955444","0.7075639367103577","0.7075639367103577","0.7075639367103577"
"9389","0.6780322790145874","0.6780322790145874","0.6780322790145874","1.438836693763733","1.438836693763733","1.438836693763733","0.7602009177207947","0.7602009177207947","0.7602009177207947"
"9419","0.6372951865196228","0.6372951865196228","0.6372951865196228","1.4115678071975708","1.4115678071975708","1.4115678071975708","0.7024368047714233","0.7024368047714233","0.7024368047714233"
"9449","0.7696211338043213","0.7696211338043213","0.7696211338043213","1.7912734746932983","1.7912734746932983","1.7912734746932983","0.768006443977356","0.768006443977356","0.768006443977356"
"9479","0.7289259433746338","0.7289259433746338","0.7289259433746338","1.8347105979919434","1.8347105979919434","1.8347105979919434","0.5759485363960266","0.5759485363960266","0.5759485363960266"
"9509","0.6977419853210449","0.6977419853210449","0.6977419853210449","1.5247865915298462","1.5247865915298462","1.5247865915298462","1.0087718963623047","1.0087718963623047","1.0087718963623047"
"9539","0.6493927836418152","0.6493927836418152","0.6493927836418152","1.1203054189682007","1.1203054189682007","1.1203054189682007","0.7624291777610779","0.7624291777610779","0.7624291777610779"
"9569","0.6882586479187012","0.6882586479187012","0.6882586479187012","1.2842451333999634","1.2842451333999634","1.2842451333999634","1.0076732635498047","1.0076732635498047","1.0076732635498047"
"9599","0.6412054300308228","0.6412054300308228","0.6412054300308228","1.7360836267471313","1.7360836267471313","1.7360836267471313","0.5987851619720459","0.5987851619720459","0.5987851619720459"
"9629","0.6291875243186951","0.6291875243186951","0.6291875243186951","1.3862524032592773","1.3862524032592773","1.3862524032592773","0.681950032711029","0.681950032711029","0.681950032711029"
"9659","0.644436776638031","0.644436776638031","0.644436776638031","1.26453697681427","1.26453697681427","1.26453697681427","0.6411986351013184","0.6411986351013184","0.6411986351013184"
"9689","1.241199254989624","1.241199254989624","1.241199254989624","1.7901276350021362","1.7901276350021362","1.7901276350021362","1.3454216718673706","1.3454216718673706","1.3454216718673706"
"9719","0.6860507726669312","0.6860507726669312","0.6860507726669312","1.5842480659484863","1.5842480659484863","1.5842480659484863","0.4978656768798828","0.4978656768798828","0.4978656768798828"
"9749","0.6369300484657288","0.6369300484657288","0.6369300484657288","1.500943899154663","1.500943899154663","1.500943899154663","0.5557818412780762","0.5557818412780762","0.5557818412780762"
"9779","0.6515914797782898","0.6515914797782898","0.6515914797782898","1.5362260341644287","1.5362260341644287","1.5362260341644287","0.5846603512763977","0.5846603512763977","0.5846603512763977"
"9809","0.6492646932601929","0.6492646932601929","0.6492646932601929","1.4569509029388428","1.4569509029388428","1.4569509029388428","0.6529264450073242","0.6529264450073242","0.6529264450073242"
"9839","0.5676268935203552","0.5676268935203552","0.5676268935203552","1.433811902999878","1.433811902999878","1.433811902999878","0.6608866453170776","0.6608866453170776","0.6608866453170776"
"9869","0.6072658896446228","0.6072658896446228","0.6072658896446228","1.6959224939346313","1.6959224939346313","1.6959224939346313","0.8999871611595154","0.8999871611595154","0.8999871611595154"
"9899","0.7420803904533386","0.7420803904533386","0.7420803904533386","1.2085109949111938","1.2085109949111938","1.2085109949111938","0.6657711863517761","0.6657711863517761","0.6657711863517761"
"9929","0.8322694301605225","0.8322694301605225","0.8322694301605225","1.5274707078933716","1.5274707078933716","1.5274707078933716","0.7180407643318176","0.7180407643318176","0.7180407643318176"
"9959","0.6508561372756958","0.6508561372756958","0.6508561372756958","1.2194966077804565","1.2194966077804565","1.2194966077804565","0.9034666419029236","0.9034666419029236","0.9034666419029236"
"9989","0.6995994448661804","0.6995994448661804","0.6995994448661804","1.8788046836853027","1.8788046836853027","1.8788046836853027","0.748814046382904","0.748814046382904","0.748814046382904"
"10019","0.6033709645271301","0.6033709645271301","0.6033709645271301","1.2344553470611572","1.2344553470611572","1.2344553470611572","0.6928886771202087","0.6928886771202087","0.6928886771202087"
"10049","0.6264144778251648","0.6264144778251648","0.6264144778251648","1.3965017795562744","1.3965017795562744","1.3965017795562744","0.602546215057373","0.602546215057373","0.602546215057373"
"10079","0.6353402733802795","0.6353402733802795","0.6353402733802795","1.2149088382720947","1.2149088382720947","1.2149088382720947","0.501566469669342","0.501566469669342","0.501566469669342"
"10109","0.6334288120269775","0.6334288120269775","0.6334288120269775","1.3319649696350098","1.3319649696350098","1.3319649696350098","0.6677238941192627","0.6677238941192627","0.6677238941192627"
"10139","0.5955969095230103","0.5955969095230103","0.5955969095230103","1.3064342737197876","1.3064342737197876","1.3064342737197876","0.6867960691452026","0.6867960691452026","0.6867960691452026"
"10169","0.6434759497642517","0.6434759497642517","0.6434759497642517","1.629089593887329","1.629089593887329","1.629089593887329","0.5270177125930786","0.5270177125930786","0.5270177125930786"
"10199","0.6843125820159912","0.6843125820159912","0.6843125820159912","1.5649470090866089","1.5649470090866089","1.5649470090866089","0.6675968766212463","0.6675968766212463","0.6675968766212463"
"10229","0.6160889267921448","0.6160889267921448","0.6160889267921448","1.2631645202636719","1.2631645202636719","1.2631645202636719","0.6190708875656128","0.6190708875656128","0.6190708875656128"
"10259","0.6465590000152588","0.6465590000152588","0.6465590000152588","2.132894515991211","2.132894515991211","2.132894515991211","0.5432151556015015","0.5432151556015015","0.5432151556015015"
"10289","0.58793044090271","0.58793044090271","0.58793044090271","1.6215667724609375","1.6215667724609375","1.6215667724609375","0.6111239194869995","0.6111239194869995","0.6111239194869995"
"10319","0.6165286898612976","0.6165286898612976","0.6165286898612976","1.8566656112670898","1.8566656112670898","1.8566656112670898","0.6989376544952393","0.6989376544952393","0.6989376544952393"
"10349","0.6705951690673828","0.6705951690673828","0.6705951690673828","1.5789508819580078","1.5789508819580078","1.5789508819580078","0.6003221273422241","0.6003221273422241","0.6003221273422241"
"10379","0.6150581240653992","0.6150581240653992","0.6150581240653992","1.31382155418396","1.31382155418396","1.31382155418396","0.5166212320327759","0.5166212320327759","0.5166212320327759"
"10409","0.6750341653823853","0.6750341653823853","0.6750341653823853","1.8423981666564941","1.8423981666564941","1.8423981666564941","0.5998071432113647","0.5998071432113647","0.5998071432113647"
"10439","0.5867497324943542","0.5867497324943542","0.5867497324943542","1.2344129085540771","1.2344129085540771","1.2344129085540771","0.657619297504425","0.657619297504425","0.657619297504425"
"10469","0.5292308926582336","0.5292308926582336","0.5292308926582336","1.238869071006775","1.238869071006775","1.238869071006775","0.7204063534736633","0.7204063534736633","0.7204063534736633"
"10499","0.6065820455551147","0.6065820455551147","0.6065820455551147","1.0464719533920288","1.0464719533920288","1.0464719533920288","0.49201536178588867","0.49201536178588867","0.49201536178588867"
"10529","0.8101657032966614","0.8101657032966614","0.8101657032966614","1.1057493686676025","1.1057493686676025","1.1057493686676025","0.6859703660011292","0.6859703660011292","0.6859703660011292"
"10559","0.5396886467933655","0.5396886467933655","0.5396886467933655","1.323970913887024","1.323970913887024","1.323970913887024","0.6713142395019531","0.6713142395019531","0.6713142395019531"
"10589","0.6133737564086914","0.6133737564086914","0.6133737564086914","1.7557082176208496","1.7557082176208496","1.7557082176208496","0.5606047511100769","0.5606047511100769","0.5606047511100769"
"10619","0.5883051753044128","0.5883051753044128","0.5883051753044128","1.1962066888809204","1.1962066888809204","1.1962066888809204","0.4721493422985077","0.4721493422985077","0.4721493422985077"
"10649","0.5280067324638367","0.5280067324638367","0.5280067324638367","0.960629940032959","0.960629940032959","0.960629940032959","0.6024847030639648","0.6024847030639648","0.6024847030639648"
"10679","0.640035092830658","0.640035092830658","0.640035092830658","1.225240707397461","1.225240707397461","1.225240707397461","0.5940043926239014","0.5940043926239014","0.5940043926239014"
"10709","0.5885520577430725","0.5885520577430725","0.5885520577430725","1.082368016242981","1.082368016242981","1.082368016242981","0.5522666573524475","0.5522666573524475","0.5522666573524475"
"10739","0.5833430290222168","0.5833430290222168","0.5833430290222168","1.42135488986969","1.42135488986969","1.42135488986969","0.4252794682979584","0.4252794682979584","0.4252794682979584"
"10769","0.6460037231445312","0.6460037231445312","0.6460037231445312","1.1637650728225708","1.1637650728225708","1.1637650728225708","0.6465890407562256","0.6465890407562256","0.6465890407562256"
"10799","0.607820987701416","0.607820987701416","0.607820987701416","1.3652911186218262","1.3652911186218262","1.3652911186218262","0.6245836615562439","0.6245836615562439","0.6245836615562439"
"10829","0.5476932525634766","0.5476932525634766","0.5476932525634766","1.3513157367706299","1.3513157367706299","1.3513157367706299","0.7589619755744934","0.7589619755744934","0.7589619755744934"
"10859","0.5616875290870667","0.5616875290870667","0.5616875290870667","1.771897554397583","1.771897554397583","1.771897554397583","0.4307875633239746","0.4307875633239746","0.4307875633239746"
"10889","0.5331401228904724","0.5331401228904724","0.5331401228904724","1.346663236618042","1.346663236618042","1.346663236618042","0.6637870669364929","0.6637870669364929","0.6637870669364929"
"10919","0.5974919199943542","0.5974919199943542","0.5974919199943542","1.482259750366211","1.482259750366211","1.482259750366211","0.6505467295646667","0.6505467295646667","0.6505467295646667"
"10949","0.6421114802360535","0.6421114802360535","0.6421114802360535","2.037726640701294","2.037726640701294","2.037726640701294","0.49474531412124634","0.49474531412124634","0.49474531412124634"
"10979","0.6533671617507935","0.6533671617507935","0.6533671617507935","1.1004422903060913","1.1004422903060913","1.1004422903060913","0.5036144256591797","0.5036144256591797","0.5036144256591797"
"11009","0.5721506476402283","0.5721506476402283","0.5721506476402283","1.9287660121917725","1.9287660121917725","1.9287660121917725","1.1194597482681274","1.1194597482681274","1.1194597482681274"
"11039","0.65468430519104","0.65468430519104","0.65468430519104","1.138794183731079","1.138794183731079","1.138794183731079","0.5698809027671814","0.5698809027671814","0.5698809027671814"
"11069","0.6694322228431702","0.6694322228431702","0.6694322228431702","2.31337833404541","2.31337833404541","2.31337833404541","0.7379554510116577","0.7379554510116577","0.7379554510116577"
"11099","0.5290108919143677","0.5290108919143677","0.5290108919143677","1.0614068508148193","1.0614068508148193","1.0614068508148193","0.44832754135131836","0.44832754135131836","0.44832754135131836"
"11129","0.7266810536384583","0.7266810536384583","0.7266810536384583","1.0165743827819824","1.0165743827819824","1.0165743827819824","0.6301708221435547","0.6301708221435547","0.6301708221435547"
"11159","0.5924298763275146","0.5924298763275146","0.5924298763275146","1.5688692331314087","1.5688692331314087","1.5688692331314087","0.5474709272384644","0.5474709272384644","0.5474709272384644"
"11189","0.6762641072273254","0.6762641072273254","0.6762641072273254","1.1160238981246948","1.1160238981246948","1.1160238981246948","0.7276272177696228","0.7276272177696228","0.7276272177696228"
"11219","0.6128401756286621","0.6128401756286621","0.6128401756286621","1.567627191543579","1.567627191543579","1.567627191543579","0.403165340423584","0.403165340423584","0.403165340423584"
"11249","0.5776061415672302","0.5776061415672302","0.5776061415672302","1.0917315483093262","1.0917315483093262","1.0917315483093262","0.4452279210090637","0.4452279210090637","0.4452279210090637"
"11279","0.5636679530143738","0.5636679530143738","0.5636679530143738","1.081014633178711","1.081014633178711","1.081014633178711","0.47328880429267883","0.47328880429267883","0.47328880429267883"
"11309","0.5183765888214111","0.5183765888214111","0.5183765888214111","1.662671446800232","1.662671446800232","1.662671446800232","0.5816248059272766","0.5816248059272766","0.5816248059272766"
"11339","0.5404590368270874","0.5404590368270874","0.5404590368270874","1.2399358749389648","1.2399358749389648","1.2399358749389648","0.5194554924964905","0.5194554924964905","0.5194554924964905"
"11369","0.563557505607605","0.563557505607605","0.563557505607605","2.137089252471924","2.137089252471924","2.137089252471924","0.59116530418396","0.59116530418396","0.59116530418396"
"11399","0.5787734985351562","0.5787734985351562","0.5787734985351562","1.147203803062439","1.147203803062439","1.147203803062439","0.545950710773468","0.545950710773468","0.545950710773468"
"11429","0.5976690649986267","0.5976690649986267","0.5976690649986267","1.1640278100967407","1.1640278100967407","1.1640278100967407","0.6715654730796814","0.6715654730796814","0.6715654730796814"
"11459","0.5923759341239929","0.5923759341239929","0.5923759341239929","1.2356396913528442","1.2356396913528442","1.2356396913528442","0.4905243515968323","0.4905243515968323","0.4905243515968323"
"11489","0.5640968084335327","0.5640968084335327","0.5640968084335327","1.2567753791809082","1.2567753791809082","1.2567753791809082","0.9833897352218628","0.9833897352218628","0.9833897352218628"
"11519","0.567947268486023","0.567947268486023","0.567947268486023","1.4004855155944824","1.4004855155944824","1.4004855155944824","0.5008284449577332","0.5008284449577332","0.5008284449577332"
"11549","0.6380875110626221","0.6380875110626221","0.6380875110626221","1.8283685445785522","1.8283685445785522","1.8283685445785522","0.5046895742416382","0.5046895742416382","0.5046895742416382"
"11579","0.6059574484825134","0.6059574484825134","0.6059574484825134","1.173047423362732","1.173047423362732","1.173047423362732","0.5046266317367554","0.5046266317367554","0.5046266317367554"
"11609","0.5870745182037354","0.5870745182037354","0.5870745182037354","1.0796047449111938","1.0796047449111938","1.0796047449111938","0.33737415075302124","0.33737415075302124","0.33737415075302124"
"11639","0.547800600528717","0.547800600528717","0.547800600528717","1.7861608266830444","1.7861608266830444","1.7861608266830444","0.49548324942588806","0.49548324942588806","0.49548324942588806"
"11669","0.5541178584098816","0.5541178584098816","0.5541178584098816","1.1472491025924683","1.1472491025924683","1.1472491025924683","0.6295771598815918","0.6295771598815918","0.6295771598815918"
"11699","0.575552225112915","0.575552225112915","0.575552225112915","1.507252812385559","1.507252812385559","1.507252812385559","0.6544190645217896","0.6544190645217896","0.6544190645217896"
"11729","0.5382258892059326","0.5382258892059326","0.5382258892059326","1.2992101907730103","1.2992101907730103","1.2992101907730103","0.4434864819049835","0.4434864819049835","0.4434864819049835"
"11759","0.5433660745620728","0.5433660745620728","0.5433660745620728","1.000164270401001","1.000164270401001","1.000164270401001","0.7555906772613525","0.7555906772613525","0.7555906772613525"
"11789","0.49417632818222046","0.49417632818222046","0.49417632818222046","1.1389025449752808","1.1389025449752808","1.1389025449752808","0.5328037738800049","0.5328037738800049","0.5328037738800049"
"11819","0.5627293586730957","0.5627293586730957","0.5627293586730957","0.9828495383262634","0.9828495383262634","0.9828495383262634","0.44438818097114563","0.44438818097114563","0.44438818097114563"
"11849","0.5459283590316772","0.5459283590316772","0.5459283590316772","1.3493502140045166","1.3493502140045166","1.3493502140045166","0.5646155476570129","0.5646155476570129","0.5646155476570129"
"11879","0.5586603283882141","0.5586603283882141","0.5586603283882141","1.3713232278823853","1.3713232278823853","1.3713232278823853","0.44352057576179504","0.44352057576179504","0.44352057576179504"
"11909","0.5523408651351929","0.5523408651351929","0.5523408651351929","0.937516987323761","0.937516987323761","0.937516987323761","0.8253874182701111","0.8253874182701111","0.8253874182701111"
"11939","0.5241379737854004","0.5241379737854004","0.5241379737854004","1.4352632761001587","1.4352632761001587","1.4352632761001587","0.41489049792289734","0.41489049792289734","0.41489049792289734"
"11969","0.4854649007320404","0.4854649007320404","0.4854649007320404","0.9733527898788452","0.9733527898788452","0.9733527898788452","0.470205157995224","0.470205157995224","0.470205157995224"
"11999","0.57993483543396","0.57993483543396","0.57993483543396","1.2708015441894531","1.2708015441894531","1.2708015441894531","0.5590093731880188","0.5590093731880188","0.5590093731880188"
"12029","0.4766257703304291","0.4766257703304291","0.4766257703304291","1.0911753177642822","1.0911753177642822","1.0911753177642822","0.4273315966129303","0.4273315966129303","0.4273315966129303"
"12059","0.528911828994751","0.528911828994751","0.528911828994751","1.080893874168396","1.080893874168396","1.080893874168396","0.42892974615097046","0.42892974615097046","0.42892974615097046"
"12089","0.5301950573921204","0.5301950573921204","0.5301950573921204","1.0121852159500122","1.0121852159500122","1.0121852159500122","0.527454137802124","0.527454137802124","0.527454137802124"
"12119","4.309814453125","4.309814453125","4.309814453125","9.063709259033203","9.063709259033203","9.063709259033203","4.235776901245117","4.235776901245117","4.235776901245117"
"12149","0.5350527167320251","0.5350527167320251","0.5350527167320251","1.0638182163238525","1.0638182163238525","1.0638182163238525","0.61919766664505","0.61919766664505","0.61919766664505"
"12179","0.5369877219200134","0.5369877219200134","0.5369877219200134","1.381447434425354","1.381447434425354","1.381447434425354","0.4639344811439514","0.4639344811439514","0.4639344811439514"
"12209","0.465798556804657","0.465798556804657","0.465798556804657","0.9107410907745361","0.9107410907745361","0.9107410907745361","0.6740627288818359","0.6740627288818359","0.6740627288818359"
"12239","0.49189069867134094","0.49189069867134094","0.49189069867134094","0.9150927662849426","0.9150927662849426","0.9150927662849426","0.5290823578834534","0.5290823578834534","0.5290823578834534"
"12269","0.5624107122421265","0.5624107122421265","0.5624107122421265","1.3258302211761475","1.3258302211761475","1.3258302211761475","0.5651130080223083","0.5651130080223083","0.5651130080223083"
"12299","0.5131334066390991","0.5131334066390991","0.5131334066390991","1.2850817441940308","1.2850817441940308","1.2850817441940308","0.48889651894569397","0.48889651894569397","0.48889651894569397"
"12329","0.5332924127578735","0.5332924127578735","0.5332924127578735","1.012479543685913","1.012479543685913","1.012479543685913","0.3399450480937958","0.3399450480937958","0.3399450480937958"
"12359","0.5106387734413147","0.5106387734413147","0.5106387734413147","1.4496192932128906","1.4496192932128906","1.4496192932128906","0.4137326776981354","0.4137326776981354","0.4137326776981354"
"12389","0.5276849865913391","0.5276849865913391","0.5276849865913391","1.0597337484359741","1.0597337484359741","1.0597337484359741","0.4426802694797516","0.4426802694797516","0.4426802694797516"
"12419","0.5315044522285461","0.5315044522285461","0.5315044522285461","1.335854411125183","1.335854411125183","1.335854411125183","0.4399143159389496","0.4399143159389496","0.4399143159389496"
"12449","0.46659573912620544","0.46659573912620544","0.46659573912620544","1.0092566013336182","1.0092566013336182","1.0092566013336182","0.44710487127304077","0.44710487127304077","0.44710487127304077"
"12479","0.5489687323570251","0.5489687323570251","0.5489687323570251","1.13980233669281","1.13980233669281","1.13980233669281","0.6013416647911072","0.6013416647911072","0.6013416647911072"
"12509","0.4764009416103363","0.4764009416103363","0.4764009416103363","0.943602442741394","0.943602442741394","0.943602442741394","0.5348285436630249","0.5348285436630249","0.5348285436630249"
"12539","0.46977323293685913","0.46977323293685913","0.46977323293685913","1.084855556488037","1.084855556488037","1.084855556488037","0.37903907895088196","0.37903907895088196","0.37903907895088196"
"12569","0.4784986674785614","0.4784986674785614","0.4784986674785614","1.0220277309417725","1.0220277309417725","1.0220277309417725","0.5433045625686646","0.5433045625686646","0.5433045625686646"
"12599","0.5646440982818604","0.5646440982818604","0.5646440982818604","1.0006672143936157","1.0006672143936157","1.0006672143936157","0.6408005952835083","0.6408005952835083","0.6408005952835083"
"12629","0.4919343888759613","0.4919343888759613","0.4919343888759613","1.2276870012283325","1.2276870012283325","1.2276870012283325","0.5183053612709045","0.5183053612709045","0.5183053612709045"
"12659","0.5186908841133118","0.5186908841133118","0.5186908841133118","1.0360687971115112","1.0360687971115112","1.0360687971115112","0.5937495827674866","0.5937495827674866","0.5937495827674866"
"12689","0.5298618078231812","0.5298618078231812","0.5298618078231812","0.9937273859977722","0.9937273859977722","0.9937273859977722","0.803276777267456","0.803276777267456","0.803276777267456"
"12719","0.47685545682907104","0.47685545682907104","0.47685545682907104","0.981989324092865","0.981989324092865","0.981989324092865","0.8079923987388611","0.8079923987388611","0.8079923987388611"
"12749","0.49607935547828674","0.49607935547828674","0.49607935547828674","1.1857112646102905","1.1857112646102905","1.1857112646102905","0.5546690821647644","0.5546690821647644","0.5546690821647644"
"12779","0.5188108682632446","0.5188108682632446","0.5188108682632446","0.9247326254844666","0.9247326254844666","0.9247326254844666","0.3011503517627716","0.3011503517627716","0.3011503517627716"
"12809","0.4938005805015564","0.4938005805015564","0.4938005805015564","0.8595643639564514","0.8595643639564514","0.8595643639564514","0.5027812719345093","0.5027812719345093","0.5027812719345093"
"12839","0.5947667360305786","0.5947667360305786","0.5947667360305786","1.2702540159225464","1.2702540159225464","1.2702540159225464","0.6642531156539917","0.6642531156539917","0.6642531156539917"
"12869","0.47661352157592773","0.47661352157592773","0.47661352157592773","1.490129828453064","1.490129828453064","1.490129828453064","0.5994375348091125","0.5994375348091125","0.5994375348091125"
"12899","0.5185714364051819","0.5185714364051819","0.5185714364051819","1.3357670307159424","1.3357670307159424","1.3357670307159424","0.5725572109222412","0.5725572109222412","0.5725572109222412"
"12929","0.5702120065689087","0.5702120065689087","0.5702120065689087","1.5582467317581177","1.5582467317581177","1.5582467317581177","0.553712010383606","0.553712010383606","0.553712010383606"
"12959","0.44471585750579834","0.44471585750579834","0.44471585750579834","1.2026400566101074","1.2026400566101074","1.2026400566101074","0.48809918761253357","0.48809918761253357","0.48809918761253357"
"12989","0.5477394461631775","0.5477394461631775","0.5477394461631775","0.8807212114334106","0.8807212114334106","0.8807212114334106","0.6367645263671875","0.6367645263671875","0.6367645263671875"
"13019","0.49247339367866516","0.49247339367866516","0.49247339367866516","1.1666637659072876","1.1666637659072876","1.1666637659072876","0.43986281752586365","0.43986281752586365","0.43986281752586365"
"13049","0.509548008441925","0.509548008441925","0.509548008441925","1.763214111328125","1.763214111328125","1.763214111328125","0.44570890069007874","0.44570890069007874","0.44570890069007874"
"13079","0.4637908935546875","0.4637908935546875","0.4637908935546875","0.8710975646972656","0.8710975646972656","0.8710975646972656","0.4050539433956146","0.4050539433956146","0.4050539433956146"
"13109","0.4754540026187897","0.4754540026187897","0.4754540026187897","1.317099928855896","1.317099928855896","1.317099928855896","0.4308070242404938","0.4308070242404938","0.4308070242404938"
"13139","0.48683616518974304","0.48683616518974304","0.48683616518974304","1.3652886152267456","1.3652886152267456","1.3652886152267456","0.5977961421012878","0.5977961421012878","0.5977961421012878"
"13169","0.4590426981449127","0.4590426981449127","0.4590426981449127","1.0359188318252563","1.0359188318252563","1.0359188318252563","0.39038631319999695","0.39038631319999695","0.39038631319999695"
"13199","0.4893580377101898","0.4893580377101898","0.4893580377101898","1.1833699941635132","1.1833699941635132","1.1833699941635132","0.5222707986831665","0.5222707986831665","0.5222707986831665"
"13229","0.5309376120567322","0.5309376120567322","0.5309376120567322","0.8984056711196899","0.8984056711196899","0.8984056711196899","0.3111541271209717","0.3111541271209717","0.3111541271209717"
"13259","0.4892928898334503","0.4892928898334503","0.4892928898334503","1.2196859121322632","1.2196859121322632","1.2196859121322632","0.5261072516441345","0.5261072516441345","0.5261072516441345"
"13289","0.4950904846191406","0.4950904846191406","0.4950904846191406","1.3866589069366455","1.3866589069366455","1.3866589069366455","0.3469974100589752","0.3469974100589752","0.3469974100589752"
"13319","0.5251376032829285","0.5251376032829285","0.5251376032829285","1.1625312566757202","1.1625312566757202","1.1625312566757202","0.4757736027240753","0.4757736027240753","0.4757736027240753"
"13349","0.4965047836303711","0.4965047836303711","0.4965047836303711","1.3367973566055298","1.3367973566055298","1.3367973566055298","0.3328288197517395","0.3328288197517395","0.3328288197517395"
"13379","0.4951450228691101","0.4951450228691101","0.4951450228691101","1.4650139808654785","1.4650139808654785","1.4650139808654785","0.3489047884941101","0.3489047884941101","0.3489047884941101"
"13409","0.5002792477607727","0.5002792477607727","0.5002792477607727","1.3089909553527832","1.3089909553527832","1.3089909553527832","0.2347743809223175","0.2347743809223175","0.2347743809223175"
"13439","0.4333353340625763","0.4333353340625763","0.4333353340625763","1.0434142351150513","1.0434142351150513","1.0434142351150513","0.6553091406822205","0.6553091406822205","0.6553091406822205"
"13469","0.44636571407318115","0.44636571407318115","0.44636571407318115","1.0299651622772217","1.0299651622772217","1.0299651622772217","0.48394331336021423","0.48394331336021423","0.48394331336021423"
"13499","0.528221070766449","0.528221070766449","0.528221070766449","1.2855303287506104","1.2855303287506104","1.2855303287506104","0.7725231647491455","0.7725231647491455","0.7725231647491455"
"13529","0.5086605548858643","0.5086605548858643","0.5086605548858643","0.9874954223632812","0.9874954223632812","0.9874954223632812","0.441476434469223","0.441476434469223","0.441476434469223"
"13559","0.545843243598938","0.545843243598938","0.545843243598938","0.8857218623161316","0.8857218623161316","0.8857218623161316","0.4029938280582428","0.4029938280582428","0.4029938280582428"
"13589","0.47191721200942993","0.47191721200942993","0.47191721200942993","0.7614436149597168","0.7614436149597168","0.7614436149597168","0.39881980419158936","0.39881980419158936","0.39881980419158936"
"13619","0.4419129192829132","0.4419129192829132","0.4419129192829132","1.3808541297912598","1.3808541297912598","1.3808541297912598","0.39861002564430237","0.39861002564430237","0.39861002564430237"
"13649","0.467960000038147","0.467960000038147","0.467960000038147","0.9334919452667236","0.9334919452667236","0.9334919452667236","0.30600497126579285","0.30600497126579285","0.30600497126579285"
"13679","0.4379886984825134","0.4379886984825134","0.4379886984825134","1.277404546737671","1.277404546737671","1.277404546737671","0.3959328830242157","0.3959328830242157","0.3959328830242157"
"13709","0.4725956916809082","0.4725956916809082","0.4725956916809082","0.8381893634796143","0.8381893634796143","0.8381893634796143","0.506410539150238","0.506410539150238","0.506410539150238"
"13739","0.5131490230560303","0.5131490230560303","0.5131490230560303","1.3361965417861938","1.3361965417861938","1.3361965417861938","0.5505431890487671","0.5505431890487671","0.5505431890487671"
"13769","0.5292244553565979","0.5292244553565979","0.5292244553565979","1.1290770769119263","1.1290770769119263","1.1290770769119263","0.5902378559112549","0.5902378559112549","0.5902378559112549"
"13799","0.4521258473396301","0.4521258473396301","0.4521258473396301","1.2137622833251953","1.2137622833251953","1.2137622833251953","0.4075612425804138","0.4075612425804138","0.4075612425804138"
"13829","0.539623498916626","0.539623498916626","0.539623498916626","1.4350827932357788","1.4350827932357788","1.4350827932357788","0.5473365783691406","0.5473365783691406","0.5473365783691406"
"13859","0.47328639030456543","0.47328639030456543","0.47328639030456543","1.229164958000183","1.229164958000183","1.229164958000183","0.4394789934158325","0.4394789934158325","0.4394789934158325"
"13889","0.5063283443450928","0.5063283443450928","0.5063283443450928","1.156327486038208","1.156327486038208","1.156327486038208","0.3837816119194031","0.3837816119194031","0.3837816119194031"
"13919","0.43998751044273376","0.43998751044273376","0.43998751044273376","1.0711710453033447","1.0711710453033447","1.0711710453033447","0.3032302260398865","0.3032302260398865","0.3032302260398865"
"13949","0.4144555628299713","0.4144555628299713","0.4144555628299713","0.926193356513977","0.926193356513977","0.926193356513977","0.31032153964042664","0.31032153964042664","0.31032153964042664"
"13979","0.4948490560054779","0.4948490560054779","0.4948490560054779","0.9027134776115417","0.9027134776115417","0.9027134776115417","0.29991230368614197","0.29991230368614197","0.29991230368614197"
"14009","0.428939551115036","0.428939551115036","0.428939551115036","3.4825215339660645","3.4825215339660645","3.4825215339660645","0.4313165247440338","0.4313165247440338","0.4313165247440338"
"14039","0.5710784196853638","0.5710784196853638","0.5710784196853638","1.8459703922271729","1.8459703922271729","1.8459703922271729","0.3757811188697815","0.3757811188697815","0.3757811188697815"
"14069","0.4604240655899048","0.4604240655899048","0.4604240655899048","0.9241459965705872","0.9241459965705872","0.9241459965705872","0.44376593828201294","0.44376593828201294","0.44376593828201294"
"14099","0.4921168386936188","0.4921168386936188","0.4921168386936188","0.7775923013687134","0.7775923013687134","0.7775923013687134","0.4310537576675415","0.4310537576675415","0.4310537576675415"
"14129","0.47345420718193054","0.47345420718193054","0.47345420718193054","0.9805222153663635","0.9805222153663635","0.9805222153663635","0.48483091592788696","0.48483091592788696","0.48483091592788696"
"14159","0.44001075625419617","0.44001075625419617","0.44001075625419617","1.135606050491333","1.135606050491333","1.135606050491333","0.4203757345676422","0.4203757345676422","0.4203757345676422"
"14189","0.47144708037376404","0.47144708037376404","0.47144708037376404","2.3775410652160645","2.3775410652160645","2.3775410652160645","0.4604569971561432","0.4604569971561432","0.4604569971561432"
"14219","0.45431727170944214","0.45431727170944214","0.45431727170944214","1.7545444965362549","1.7545444965362549","1.7545444965362549","0.4159611463546753","0.4159611463546753","0.4159611463546753"
"14249","0.4711526334285736","0.4711526334285736","0.4711526334285736","0.8523277044296265","0.8523277044296265","0.8523277044296265","0.47748130559921265","0.47748130559921265","0.47748130559921265"
"14279","0.4182519316673279","0.4182519316673279","0.4182519316673279","1.0276683568954468","1.0276683568954468","1.0276683568954468","0.44923606514930725","0.44923606514930725","0.44923606514930725"
"14309","0.42541617155075073","0.42541617155075073","0.42541617155075073","0.9960589408874512","0.9960589408874512","0.9960589408874512","0.2734088897705078","0.2734088897705078","0.2734088897705078"
"14339","0.4444599747657776","0.4444599747657776","0.4444599747657776","1.1649025678634644","1.1649025678634644","1.1649025678634644","0.3757762908935547","0.3757762908935547","0.3757762908935547"
"14369","0.45999664068222046","0.45999664068222046","0.45999664068222046","0.7335314750671387","0.7335314750671387","0.7335314750671387","0.24995724856853485","0.24995724856853485","0.24995724856853485"
"14399","0.47632139921188354","0.47632139921188354","0.47632139921188354","0.8227104544639587","0.8227104544639587","0.8227104544639587","0.39942917227745056","0.39942917227745056","0.39942917227745056"
"14429","0.45902013778686523","0.45902013778686523","0.45902013778686523","0.7814540863037109","0.7814540863037109","0.7814540863037109","0.41160163283348083","0.41160163283348083","0.41160163283348083"
"14459","0.5188373327255249","0.5188373327255249","0.5188373327255249","1.2582719326019287","1.2582719326019287","1.2582719326019287","0.29123303294181824","0.29123303294181824","0.29123303294181824"
"14489","0.47677209973335266","0.47677209973335266","0.47677209973335266","0.9446030855178833","0.9446030855178833","0.9446030855178833","0.29281264543533325","0.29281264543533325","0.29281264543533325"
"14519","0.42568695545196533","0.42568695545196533","0.42568695545196533","1.5912429094314575","1.5912429094314575","1.5912429094314575","0.2751491963863373","0.2751491963863373","0.2751491963863373"
"14549","0.4400324523448944","0.4400324523448944","0.4400324523448944","1.2213717699050903","1.2213717699050903","1.2213717699050903","0.3453722298145294","0.3453722298145294","0.3453722298145294"
"14579","0.44235941767692566","0.44235941767692566","0.44235941767692566","1.031245470046997","1.031245470046997","1.031245470046997","0.46776464581489563","0.46776464581489563","0.46776464581489563"
"14609","0.43536049127578735","0.43536049127578735","0.43536049127578735","0.8965675234794617","0.8965675234794617","0.8965675234794617","0.35285723209381104","0.35285723209381104","0.35285723209381104"
"14639","0.42136138677597046","0.42136138677597046","0.42136138677597046","1.1779781579971313","1.1779781579971313","1.1779781579971313","0.34702444076538086","0.34702444076538086","0.34702444076538086"
"14669","0.417095810174942","0.417095810174942","0.417095810174942","0.8561286926269531","0.8561286926269531","0.8561286926269531","0.4231511354446411","0.4231511354446411","0.4231511354446411"
"14699","0.464816689491272","0.464816689491272","0.464816689491272","1.00248384475708","1.00248384475708","1.00248384475708","0.3839561641216278","0.3839561641216278","0.3839561641216278"
"14729","0.415485143661499","0.415485143661499","0.415485143661499","0.723773181438446","0.723773181438446","0.723773181438446","0.5185031294822693","0.5185031294822693","0.5185031294822693"
"14759","0.40688958764076233","0.40688958764076233","0.40688958764076233","0.5530708432197571","0.5530708432197571","0.5530708432197571","0.3528671860694885","0.3528671860694885","0.3528671860694885"
"14789","0.5430527925491333","0.5430527925491333","0.5430527925491333","2.3651199340820312","2.3651199340820312","2.3651199340820312","0.46803316473960876","0.46803316473960876","0.46803316473960876"
"14819","0.4603945016860962","0.4603945016860962","0.4603945016860962","1.147527813911438","1.147527813911438","1.147527813911438","0.46426132321357727","0.46426132321357727","0.46426132321357727"
"14849","0.44148942828178406","0.44148942828178406","0.44148942828178406","1.281965970993042","1.281965970993042","1.281965970993042","0.3196333348751068","0.3196333348751068","0.3196333348751068"
"14879","0.4080655574798584","0.4080655574798584","0.4080655574798584","1.039122223854065","1.039122223854065","1.039122223854065","0.5478149652481079","0.5478149652481079","0.5478149652481079"
"14909","0.4391971528530121","0.4391971528530121","0.4391971528530121","0.6619221568107605","0.6619221568107605","0.6619221568107605","0.5414069890975952","0.5414069890975952","0.5414069890975952"
"14939","0.40575993061065674","0.40575993061065674","0.40575993061065674","0.8279228210449219","0.8279228210449219","0.8279228210449219","0.3180388808250427","0.3180388808250427","0.3180388808250427"
"14969","0.43623656034469604","0.43623656034469604","0.43623656034469604","1.0285488367080688","1.0285488367080688","1.0285488367080688","0.3908259868621826","0.3908259868621826","0.3908259868621826"
"14999","0.4718436300754547","0.4718436300754547","0.4718436300754547","1.0648503303527832","1.0648503303527832","1.0648503303527832","0.37349966168403625","0.37349966168403625","0.37349966168403625"
"15029","0.46269407868385315","0.46269407868385315","0.46269407868385315","1.1950230598449707","1.1950230598449707","1.1950230598449707","0.7190684080123901","0.7190684080123901","0.7190684080123901"
"15059","0.4386802911758423","0.4386802911758423","0.4386802911758423","0.8531360626220703","0.8531360626220703","0.8531360626220703","0.4277136027812958","0.4277136027812958","0.4277136027812958"
"15089","0.42142975330352783","0.42142975330352783","0.42142975330352783","0.8979130387306213","0.8979130387306213","0.8979130387306213","0.49835988879203796","0.49835988879203796","0.49835988879203796"
"15119","0.41481244564056396","0.41481244564056396","0.41481244564056396","0.803374707698822","0.803374707698822","0.803374707698822","0.36323997378349304","0.36323997378349304","0.36323997378349304"
"15149","0.45566239953041077","0.45566239953041077","0.45566239953041077","0.9051641821861267","0.9051641821861267","0.9051641821861267","0.32894325256347656","0.32894325256347656","0.32894325256347656"
"15179","0.3861415684223175","0.3861415684223175","0.3861415684223175","0.7315808534622192","0.7315808534622192","0.7315808534622192","0.28483328223228455","0.28483328223228455","0.28483328223228455"
"15209","0.37251272797584534","0.37251272797584534","0.37251272797584534","0.7449592351913452","0.7449592351913452","0.7449592351913452","0.31487837433815","0.31487837433815","0.31487837433815"
"15239","0.40713876485824585","0.40713876485824585","0.40713876485824585","1.298699975013733","1.298699975013733","1.298699975013733","0.34080642461776733","0.34080642461776733","0.34080642461776733"
"15269","0.41194280982017517","0.41194280982017517","0.41194280982017517","0.8630167245864868","0.8630167245864868","0.8630167245864868","0.3201224207878113","0.3201224207878113","0.3201224207878113"
"15299","0.41660189628601074","0.41660189628601074","0.41660189628601074","0.8879081606864929","0.8879081606864929","0.8879081606864929","0.292784184217453","0.292784184217453","0.292784184217453"
"15329","0.3957544267177582","0.3957544267177582","0.3957544267177582","0.872755765914917","0.872755765914917","0.872755765914917","0.3278965651988983","0.3278965651988983","0.3278965651988983"
"15359","0.41823676228523254","0.41823676228523254","0.41823676228523254","1.1944500207901","1.1944500207901","1.1944500207901","0.3396684229373932","0.3396684229373932","0.3396684229373932"
"15389","0.4083894193172455","0.4083894193172455","0.4083894193172455","0.7061015367507935","0.7061015367507935","0.7061015367507935","0.30317094922065735","0.30317094922065735","0.30317094922065735"
"15419","0.4284798204898834","0.4284798204898834","0.4284798204898834","1.0976120233535767","1.0976120233535767","1.0976120233535767","0.4285888671875","0.4285888671875","0.4285888671875"
"15449","0.3811397850513458","0.3811397850513458","0.3811397850513458","1.0469584465026855","1.0469584465026855","1.0469584465026855","0.45144712924957275","0.45144712924957275","0.45144712924957275"
"15479","0.41502052545547485","0.41502052545547485","0.41502052545547485","0.7136119604110718","0.7136119604110718","0.7136119604110718","0.5450596213340759","0.5450596213340759","0.5450596213340759"
"15509","0.39119085669517517","0.39119085669517517","0.39119085669517517","0.9467272758483887","0.9467272758483887","0.9467272758483887","0.4196039140224457","0.4196039140224457","0.4196039140224457"
"15539","0.4225502610206604","0.4225502610206604","0.4225502610206604","0.9519932866096497","0.9519932866096497","0.9519932866096497","0.3493051826953888","0.3493051826953888","0.3493051826953888"
"15569","0.4281170666217804","0.4281170666217804","0.4281170666217804","1.1217937469482422","1.1217937469482422","1.1217937469482422","0.38116851449012756","0.38116851449012756","0.38116851449012756"
"15599","0.424347460269928","0.424347460269928","0.424347460269928","0.8688880205154419","0.8688880205154419","0.8688880205154419","0.2797546684741974","0.2797546684741974","0.2797546684741974"
"15629","0.4165485203266144","0.4165485203266144","0.4165485203266144","0.7348856925964355","0.7348856925964355","0.7348856925964355","0.46516263484954834","0.46516263484954834","0.46516263484954834"
"15659","0.39295434951782227","0.39295434951782227","0.39295434951782227","0.8442825078964233","0.8442825078964233","0.8442825078964233","0.5441107749938965","0.5441107749938965","0.5441107749938965"
"15689","0.4968741536140442","0.4968741536140442","0.4968741536140442","0.9630348086357117","0.9630348086357117","0.9630348086357117","0.2586471438407898","0.2586471438407898","0.2586471438407898"
"15719","0.4029504358768463","0.4029504358768463","0.4029504358768463","0.8828814625740051","0.8828814625740051","0.8828814625740051","0.2514943778514862","0.2514943778514862","0.2514943778514862"
"15749","0.4259908199310303","0.4259908199310303","0.4259908199310303","0.8687322735786438","0.8687322735786438","0.8687322735786438","0.3809411823749542","0.3809411823749542","0.3809411823749542"
"15779","0.370382696390152","0.370382696390152","0.370382696390152","0.8986462354660034","0.8986462354660034","0.8986462354660034","0.5203526020050049","0.5203526020050049","0.5203526020050049"
"15809","0.4064868688583374","0.4064868688583374","0.4064868688583374","1.0695030689239502","1.0695030689239502","1.0695030689239502","0.6678059101104736","0.6678059101104736","0.6678059101104736"
"15839","0.41589316725730896","0.41589316725730896","0.41589316725730896","1.6235384941101074","1.6235384941101074","1.6235384941101074","0.24482734501361847","0.24482734501361847","0.24482734501361847"
"15869","0.4593093693256378","0.4593093693256378","0.4593093693256378","1.401921033859253","1.401921033859253","1.401921033859253","0.5050312876701355","0.5050312876701355","0.5050312876701355"
"15899","0.3892471194267273","0.3892471194267273","0.3892471194267273","0.7447547912597656","0.7447547912597656","0.7447547912597656","0.35557761788368225","0.35557761788368225","0.35557761788368225"
"15929","0.4112817645072937","0.4112817645072937","0.4112817645072937","0.9916355609893799","0.9916355609893799","0.9916355609893799","0.3774309754371643","0.3774309754371643","0.3774309754371643"
"15959","0.426630437374115","0.426630437374115","0.426630437374115","0.9490602016448975","0.9490602016448975","0.9490602016448975","0.2647760808467865","0.2647760808467865","0.2647760808467865"
"15989","0.4853579103946686","0.4853579103946686","0.4853579103946686","2.595986843109131","2.595986843109131","2.595986843109131","0.36204829812049866","0.36204829812049866","0.36204829812049866"
"16019","0.3971738815307617","0.3971738815307617","0.3971738815307617","0.9704107642173767","0.9704107642173767","0.9704107642173767","0.3732142448425293","0.3732142448425293","0.3732142448425293"
"16049","0.372589111328125","0.372589111328125","0.372589111328125","0.7146013975143433","0.7146013975143433","0.7146013975143433","0.3038044273853302","0.3038044273853302","0.3038044273853302"
"16079","0.42287206649780273","0.42287206649780273","0.42287206649780273","1.4060219526290894","1.4060219526290894","1.4060219526290894","3.38352370262146","3.38352370262146","3.38352370262146"
"16109","0.39790716767311096","0.39790716767311096","0.39790716767311096","0.852035403251648","0.852035403251648","0.852035403251648","0.43727201223373413","0.43727201223373413","0.43727201223373413"
"16139","0.39658087491989136","0.39658087491989136","0.39658087491989136","0.7092810869216919","0.7092810869216919","0.7092810869216919","0.3401123881340027","0.3401123881340027","0.3401123881340027"
"16169","0.3828611671924591","0.3828611671924591","0.3828611671924591","0.6430945992469788","0.6430945992469788","0.6430945992469788","0.2641421854496002","0.2641421854496002","0.2641421854496002"
"16199","0.3706832528114319","0.3706832528114319","0.3706832528114319","1.0024994611740112","1.0024994611740112","1.0024994611740112","0.4253281354904175","0.4253281354904175","0.4253281354904175"
"16229","0.37319186329841614","0.37319186329841614","0.37319186329841614","0.6866903305053711","0.6866903305053711","0.6866903305053711","0.4041137993335724","0.4041137993335724","0.4041137993335724"
"16259","0.37341925501823425","0.37341925501823425","0.37341925501823425","1.2399253845214844","1.2399253845214844","1.2399253845214844","0.46378231048583984","0.46378231048583984","0.46378231048583984"
"16289","0.36917197704315186","0.36917197704315186","0.36917197704315186","0.6839439272880554","0.6839439272880554","0.6839439272880554","0.3912363350391388","0.3912363350391388","0.3912363350391388"
"16319","0.35828107595443726","0.35828107595443726","0.35828107595443726","1.1677379608154297","1.1677379608154297","1.1677379608154297","0.4186927080154419","0.4186927080154419","0.4186927080154419"
"16349","0.3986486792564392","0.3986486792564392","0.3986486792564392","0.7448549270629883","0.7448549270629883","0.7448549270629883","0.4968748986721039","0.4968748986721039","0.4968748986721039"
"16379","0.3693765103816986","0.3693765103816986","0.3693765103816986","0.761933445930481","0.761933445930481","0.761933445930481","0.4102800786495209","0.4102800786495209","0.4102800786495209"
"16409","0.4155636429786682","0.4155636429786682","0.4155636429786682","0.9337818622589111","0.9337818622589111","0.9337818622589111","0.5596519708633423","0.5596519708633423","0.5596519708633423"
"16439","0.3558103144168854","0.3558103144168854","0.3558103144168854","1.2584307193756104","1.2584307193756104","1.2584307193756104","0.36295196413993835","0.36295196413993835","0.36295196413993835"
"16469","0.37472692131996155","0.37472692131996155","0.37472692131996155","2.1191341876983643","2.1191341876983643","2.1191341876983643","0.36912745237350464","0.36912745237350464","0.36912745237350464"
"16499","0.40913861989974976","0.40913861989974976","0.40913861989974976","0.9518755674362183","0.9518755674362183","0.9518755674362183","0.6403719782829285","0.6403719782829285","0.6403719782829285"
"16529","0.3903670012950897","0.3903670012950897","0.3903670012950897","0.5788654685020447","0.5788654685020447","0.5788654685020447","0.4044448733329773","0.4044448733329773","0.4044448733329773"
"16559","0.41927817463874817","0.41927817463874817","0.41927817463874817","0.8771834373474121","0.8771834373474121","0.8771834373474121","0.2879675328731537","0.2879675328731537","0.2879675328731537"
"16589","0.3814641535282135","0.3814641535282135","0.3814641535282135","0.8112417459487915","0.8112417459487915","0.8112417459487915","0.287969708442688","0.287969708442688","0.287969708442688"
"16619","0.42498186230659485","0.42498186230659485","0.42498186230659485","0.9594831466674805","0.9594831466674805","0.9594831466674805","0.4318247139453888","0.4318247139453888","0.4318247139453888"
"16649","0.380235880613327","0.380235880613327","0.380235880613327","0.6470927000045776","0.6470927000045776","0.6470927000045776","0.34907859563827515","0.34907859563827515","0.34907859563827515"
"16679","0.41370460391044617","0.41370460391044617","0.41370460391044617","0.6916600465774536","0.6916600465774536","0.6916600465774536","0.3685218095779419","0.3685218095779419","0.3685218095779419"
"16709","0.3601020276546478","0.3601020276546478","0.3601020276546478","0.6978888511657715","0.6978888511657715","0.6978888511657715","0.3676278293132782","0.3676278293132782","0.3676278293132782"
"16739","0.3387008309364319","0.3387008309364319","0.3387008309364319","0.9807021021842957","0.9807021021842957","0.9807021021842957","0.25638508796691895","0.25638508796691895","0.25638508796691895"
"16769","0.4108215272426605","0.4108215272426605","0.4108215272426605","0.6416564583778381","0.6416564583778381","0.6416564583778381","0.2642013132572174","0.2642013132572174","0.2642013132572174"
"16799","0.37998878955841064","0.37998878955841064","0.37998878955841064","1.3379747867584229","1.3379747867584229","1.3379747867584229","0.2933853566646576","0.2933853566646576","0.2933853566646576"
"16829","0.37010177969932556","0.37010177969932556","0.37010177969932556","0.7464175224304199","0.7464175224304199","0.7464175224304199","0.2678013741970062","0.2678013741970062","0.2678013741970062"
"16859","0.3745459020137787","0.3745459020137787","0.3745459020137787","1.5139480829238892","1.5139480829238892","1.5139480829238892","0.2737220227718353","0.2737220227718353","0.2737220227718353"
"16889","0.365451842546463","0.365451842546463","0.365451842546463","1.1912022829055786","1.1912022829055786","1.1912022829055786","0.4179737865924835","0.4179737865924835","0.4179737865924835"
"16919","0.3664485812187195","0.3664485812187195","0.3664485812187195","1.506097674369812","1.506097674369812","1.506097674369812","0.4630747437477112","0.4630747437477112","0.4630747437477112"
"16949","0.40305235981941223","0.40305235981941223","0.40305235981941223","1.1149909496307373","1.1149909496307373","1.1149909496307373","0.27879106998443604","0.27879106998443604","0.27879106998443604"
"16979","0.3980722725391388","0.3980722725391388","0.3980722725391388","0.6478961706161499","0.6478961706161499","0.6478961706161499","0.4002103805541992","0.4002103805541992","0.4002103805541992"
"17009","0.4086073935031891","0.4086073935031891","0.4086073935031891","0.8069393634796143","0.8069393634796143","0.8069393634796143","0.412645548582077","0.412645548582077","0.412645548582077"
"17039","0.3743430972099304","0.3743430972099304","0.3743430972099304","0.5752019882202148","0.5752019882202148","0.5752019882202148","0.3868979215621948","0.3868979215621948","0.3868979215621948"
"17069","0.3461100459098816","0.3461100459098816","0.3461100459098816","0.9386630654335022","0.9386630654335022","0.9386630654335022","0.24303211271762848","0.24303211271762848","0.24303211271762848"
"17099","0.3580085337162018","0.3580085337162018","0.3580085337162018","0.6160934567451477","0.6160934567451477","0.6160934567451477","0.3324108123779297","0.3324108123779297","0.3324108123779297"
"17129","0.35142767429351807","0.35142767429351807","0.35142767429351807","0.6842068433761597","0.6842068433761597","0.6842068433761597","0.20689211785793304","0.20689211785793304","0.20689211785793304"
"17159","0.37164178490638733","0.37164178490638733","0.37164178490638733","0.9013793468475342","0.9013793468475342","0.9013793468475342","0.22508059442043304","0.22508059442043304","0.22508059442043304"
"17189","0.3563506305217743","0.3563506305217743","0.3563506305217743","0.6468666195869446","0.6468666195869446","0.6468666195869446","0.45269110798835754","0.45269110798835754","0.45269110798835754"
"17219","0.33164069056510925","0.33164069056510925","0.33164069056510925","0.9709153771400452","0.9709153771400452","0.9709153771400452","0.4938841164112091","0.4938841164112091","0.4938841164112091"
"17249","0.36315304040908813","0.36315304040908813","0.36315304040908813","0.6019011735916138","0.6019011735916138","0.6019011735916138","0.3157273232936859","0.3157273232936859","0.3157273232936859"
"17279","0.35741525888442993","0.35741525888442993","0.35741525888442993","0.8997855186462402","0.8997855186462402","0.8997855186462402","0.3252547085285187","0.3252547085285187","0.3252547085285187"
"17309","0.3513680100440979","0.3513680100440979","0.3513680100440979","0.8618143796920776","0.8618143796920776","0.8618143796920776","0.31070077419281006","0.31070077419281006","0.31070077419281006"
"17339","0.3704818785190582","0.3704818785190582","0.3704818785190582","1.1703859567642212","1.1703859567642212","1.1703859567642212","0.33845940232276917","0.33845940232276917","0.33845940232276917"
"17369","0.3648204803466797","0.3648204803466797","0.3648204803466797","0.7268339395523071","0.7268339395523071","0.7268339395523071","0.24772517383098602","0.24772517383098602","0.24772517383098602"
"17399","0.3485935628414154","0.3485935628414154","0.3485935628414154","0.9228545427322388","0.9228545427322388","0.9228545427322388","0.27698278427124023","0.27698278427124023","0.27698278427124023"
"17429","0.3695724904537201","0.3695724904537201","0.3695724904537201","1.2856333255767822","1.2856333255767822","1.2856333255767822","0.2515196204185486","0.2515196204185486","0.2515196204185486"
"17459","0.34965652227401733","0.34965652227401733","0.34965652227401733","0.7076160311698914","0.7076160311698914","0.7076160311698914","0.35342878103256226","0.35342878103256226","0.35342878103256226"
"17489","0.3651699125766754","0.3651699125766754","0.3651699125766754","2.6270229816436768","2.6270229816436768","2.6270229816436768","0.41470134258270264","0.41470134258270264","0.41470134258270264"
"17519","0.3538394868373871","0.3538394868373871","0.3538394868373871","0.65323406457901","0.65323406457901","0.65323406457901","0.24306005239486694","0.24306005239486694","0.24306005239486694"
"17549","0.3621225655078888","0.3621225655078888","0.3621225655078888","0.7596326470375061","0.7596326470375061","0.7596326470375061","0.32403364777565","0.32403364777565","0.32403364777565"
"17579","0.3527408838272095","0.3527408838272095","0.3527408838272095","0.6013675332069397","0.6013675332069397","0.6013675332069397","0.37205198407173157","0.37205198407173157","0.37205198407173157"
"17609","0.37802353501319885","0.37802353501319885","0.37802353501319885","1.4619075059890747","1.4619075059890747","1.4619075059890747","0.3183096945285797","0.3183096945285797","0.3183096945285797"
"17639","0.3686996400356293","0.3686996400356293","0.3686996400356293","0.840728759765625","0.840728759765625","0.840728759765625","0.273908406496048","0.273908406496048","0.273908406496048"
"17669","0.3516579270362854","0.3516579270362854","0.3516579270362854","0.6456751227378845","0.6456751227378845","0.6456751227378845","0.25337788462638855","0.25337788462638855","0.25337788462638855"
"17699","0.3735934793949127","0.3735934793949127","0.3735934793949127","0.890174388885498","0.890174388885498","0.890174388885498","0.3125893473625183","0.3125893473625183","0.3125893473625183"
"17729","0.36359304189682007","0.36359304189682007","0.36359304189682007","0.6512483358383179","0.6512483358383179","0.6512483358383179","0.25492000579833984","0.25492000579833984","0.25492000579833984"
"17759","0.3776664137840271","0.3776664137840271","0.3776664137840271","0.9715149998664856","0.9715149998664856","0.9715149998664856","0.4676058888435364","0.4676058888435364","0.4676058888435364"
"17789","0.3869086503982544","0.3869086503982544","0.3869086503982544","0.622648298740387","0.622648298740387","0.622648298740387","0.30824118852615356","0.30824118852615356","0.30824118852615356"
"17819","0.3487357199192047","0.3487357199192047","0.3487357199192047","0.6332777142524719","0.6332777142524719","0.6332777142524719","0.2991783022880554","0.2991783022880554","0.2991783022880554"
"17849","0.3529837727546692","0.3529837727546692","0.3529837727546692","1.0686966180801392","1.0686966180801392","1.0686966180801392","0.24462802708148956","0.24462802708148956","0.24462802708148956"
"17879","0.3489309251308441","0.3489309251308441","0.3489309251308441","0.7040523290634155","0.7040523290634155","0.7040523290634155","0.3371792435646057","0.3371792435646057","0.3371792435646057"
"17909","0.3576003909111023","0.3576003909111023","0.3576003909111023","0.8607676029205322","0.8607676029205322","0.8607676029205322","0.4640911817550659","0.4640911817550659","0.4640911817550659"
"17939","0.3516908288002014","0.3516908288002014","0.3516908288002014","0.6023386120796204","0.6023386120796204","0.6023386120796204","0.33891212940216064","0.33891212940216064","0.33891212940216064"
"17969","0.3569379448890686","0.3569379448890686","0.3569379448890686","0.6934499740600586","0.6934499740600586","0.6934499740600586","0.2801937460899353","0.2801937460899353","0.2801937460899353"
"17999","0.33901259303092957","0.33901259303092957","0.33901259303092957","0.7174713015556335","0.7174713015556335","0.7174713015556335","0.3381154537200928","0.3381154537200928","0.3381154537200928"
"18029","0.36267247796058655","0.36267247796058655","0.36267247796058655","0.6549073457717896","0.6549073457717896","0.6549073457717896","0.451684832572937","0.451684832572937","0.451684832572937"
"18059","0.5136634111404419","0.5136634111404419","0.5136634111404419","1.5076757669448853","1.5076757669448853","1.5076757669448853","0.25368186831474304","0.25368186831474304","0.25368186831474304"
"18089","0.3537672460079193","0.3537672460079193","0.3537672460079193","0.7190452218055725","0.7190452218055725","0.7190452218055725","0.3394680619239807","0.3394680619239807","0.3394680619239807"
"18119","0.326596736907959","0.326596736907959","0.326596736907959","0.7198753356933594","0.7198753356933594","0.7198753356933594","0.29269304871559143","0.29269304871559143","0.29269304871559143"
"18149","0.34001120924949646","0.34001120924949646","0.34001120924949646","0.8123485445976257","0.8123485445976257","0.8123485445976257","0.462435245513916","0.462435245513916","0.462435245513916"
"18179","0.37156614661216736","0.37156614661216736","0.37156614661216736","0.9931041598320007","0.9931041598320007","0.9931041598320007","0.40040069818496704","0.40040069818496704","0.40040069818496704"
"18209","0.34410911798477173","0.34410911798477173","0.34410911798477173","0.865257978439331","0.865257978439331","0.865257978439331","0.28284773230552673","0.28284773230552673","0.28284773230552673"
"18239","0.3753890097141266","0.3753890097141266","0.3753890097141266","0.9035546779632568","0.9035546779632568","0.9035546779632568","0.2060864418745041","0.2060864418745041","0.2060864418745041"
"18269","0.3875707983970642","0.3875707983970642","0.3875707983970642","0.6947166323661804","0.6947166323661804","0.6947166323661804","0.2343059480190277","0.2343059480190277","0.2343059480190277"
"18299","0.35801756381988525","0.35801756381988525","0.35801756381988525","0.6451492309570312","0.6451492309570312","0.6451492309570312","0.3237406015396118","0.3237406015396118","0.3237406015396118"
"18329","0.35850775241851807","0.35850775241851807","0.35850775241851807","0.7865989804267883","0.7865989804267883","0.7865989804267883","0.31352514028549194","0.31352514028549194","0.31352514028549194"
"18359","0.4262058138847351","0.4262058138847351","0.4262058138847351","0.8820962905883789","0.8820962905883789","0.8820962905883789","0.3198419213294983","0.3198419213294983","0.3198419213294983"
"18389","0.3264174461364746","0.3264174461364746","0.3264174461364746","0.5297459959983826","0.5297459959983826","0.5297459959983826","0.2172880917787552","0.2172880917787552","0.2172880917787552"
"18419","0.32828351855278015","0.32828351855278015","0.32828351855278015","1.28057062625885","1.28057062625885","1.28057062625885","0.3103906214237213","0.3103906214237213","0.3103906214237213"
"18449","0.3483463525772095","0.3483463525772095","0.3483463525772095","0.9784385561943054","0.9784385561943054","0.9784385561943054","0.3346203565597534","0.3346203565597534","0.3346203565597534"
"18479","0.33219772577285767","0.33219772577285767","0.33219772577285767","0.7789666652679443","0.7789666652679443","0.7789666652679443","0.2813017964363098","0.2813017964363098","0.2813017964363098"
"18509","0.31409016251564026","0.31409016251564026","0.31409016251564026","0.6108828783035278","0.6108828783035278","0.6108828783035278","0.3232453167438507","0.3232453167438507","0.3232453167438507"
"18539","0.2940393090248108","0.2940393090248108","0.2940393090248108","1.9537190198898315","1.9537190198898315","1.9537190198898315","0.25220078229904175","0.25220078229904175","0.25220078229904175"
"18569","0.32895469665527344","0.32895469665527344","0.32895469665527344","0.6869989037513733","0.6869989037513733","0.6869989037513733","0.21772071719169617","0.21772071719169617","0.21772071719169617"
"18599","0.347411185503006","0.347411185503006","0.347411185503006","0.7008727788925171","0.7008727788925171","0.7008727788925171","0.2992730140686035","0.2992730140686035","0.2992730140686035"
"18629","0.300761878490448","0.300761878490448","0.300761878490448","0.773797869682312","0.773797869682312","0.773797869682312","0.3703908920288086","0.3703908920288086","0.3703908920288086"
"18659","0.3497154414653778","0.3497154414653778","0.3497154414653778","0.6967815160751343","0.6967815160751343","0.6967815160751343","0.40591585636138916","0.40591585636138916","0.40591585636138916"
"18689","0.3270510733127594","0.3270510733127594","0.3270510733127594","0.6021307110786438","0.6021307110786438","0.6021307110786438","0.23588714003562927","0.23588714003562927","0.23588714003562927"
"18719","0.34113460779190063","0.34113460779190063","0.34113460779190063","0.5297990441322327","0.5297990441322327","0.5297990441322327","0.2854554355144501","0.2854554355144501","0.2854554355144501"
"18749","0.3247825503349304","0.3247825503349304","0.3247825503349304","0.7529624700546265","0.7529624700546265","0.7529624700546265","0.27308616042137146","0.27308616042137146","0.27308616042137146"
"18779","0.3495957851409912","0.3495957851409912","0.3495957851409912","0.8432944416999817","0.8432944416999817","0.8432944416999817","0.3321426212787628","0.3321426212787628","0.3321426212787628"
"18809","0.3456561863422394","0.3456561863422394","0.3456561863422394","1.2737336158752441","1.2737336158752441","1.2737336158752441","0.3590959906578064","0.3590959906578064","0.3590959906578064"
"18839","0.31922462582588196","0.31922462582588196","0.31922462582588196","1.018823266029358","1.018823266029358","1.018823266029358","0.28498977422714233","0.28498977422714233","0.28498977422714233"
"18869","0.30499088764190674","0.30499088764190674","0.30499088764190674","0.5245380997657776","0.5245380997657776","0.5245380997657776","0.2830793261528015","0.2830793261528015","0.2830793261528015"
"18899","0.31859561800956726","0.31859561800956726","0.31859561800956726","0.6710349917411804","0.6710349917411804","0.6710349917411804","0.25762665271759033","0.25762665271759033","0.25762665271759033"
"18929","0.338160902261734","0.338160902261734","0.338160902261734","0.8339169025421143","0.8339169025421143","0.8339169025421143","0.33100277185440063","0.33100277185440063","0.33100277185440063"
"18959","0.32308459281921387","0.32308459281921387","0.32308459281921387","0.601237416267395","0.601237416267395","0.601237416267395","0.23135799169540405","0.23135799169540405","0.23135799169540405"
"18989","0.35864874720573425","0.35864874720573425","0.35864874720573425","0.711769700050354","0.711769700050354","0.711769700050354","0.25137561559677124","0.25137561559677124","0.25137561559677124"
"19019","0.36101967096328735","0.36101967096328735","0.36101967096328735","0.7188891172409058","0.7188891172409058","0.7188891172409058","0.2601705491542816","0.2601705491542816","0.2601705491542816"
"19049","0.32898634672164917","0.32898634672164917","0.32898634672164917","1.2117995023727417","1.2117995023727417","1.2117995023727417","0.2591315805912018","0.2591315805912018","0.2591315805912018"
"19079","0.36217963695526123","0.36217963695526123","0.36217963695526123","0.9568998217582703","0.9568998217582703","0.9568998217582703","0.3198262155056","0.3198262155056","0.3198262155056"
"19109","0.3388673961162567","0.3388673961162567","0.3388673961162567","0.5698931813240051","0.5698931813240051","0.5698931813240051","0.46968165040016174","0.46968165040016174","0.46968165040016174"
"19139","0.39580535888671875","0.39580535888671875","0.39580535888671875","0.6211265921592712","0.6211265921592712","0.6211265921592712","0.245299831032753","0.245299831032753","0.245299831032753"
"19169","0.3404242992401123","0.3404242992401123","0.3404242992401123","0.7049216032028198","0.7049216032028198","0.7049216032028198","0.2350149303674698","0.2350149303674698","0.2350149303674698"
"19199","0.324598491191864","0.324598491191864","0.324598491191864","0.6656007170677185","0.6656007170677185","0.6656007170677185","0.45472922921180725","0.45472922921180725","0.45472922921180725"
"19229","0.2927047610282898","0.2927047610282898","0.2927047610282898","0.6242565512657166","0.6242565512657166","0.6242565512657166","0.2206193506717682","0.2206193506717682","0.2206193506717682"
"19259","0.3097217381000519","0.3097217381000519","0.3097217381000519","0.8068104386329651","0.8068104386329651","0.8068104386329651","0.26604515314102173","0.26604515314102173","0.26604515314102173"
"19289","0.31362229585647583","0.31362229585647583","0.31362229585647583","0.672848105430603","0.672848105430603","0.672848105430603","0.24838611483573914","0.24838611483573914","0.24838611483573914"
"19319","0.3256881535053253","0.3256881535053253","0.3256881535053253","0.8856103420257568","0.8856103420257568","0.8856103420257568","0.33660849928855896","0.33660849928855896","0.33660849928855896"
"19349","0.3471880257129669","0.3471880257129669","0.3471880257129669","0.6887946724891663","0.6887946724891663","0.6887946724891663","0.3541472554206848","0.3541472554206848","0.3541472554206848"
"19379","0.3152587115764618","0.3152587115764618","0.3152587115764618","0.6691818237304688","0.6691818237304688","0.6691818237304688","0.2008306235074997","0.2008306235074997","0.2008306235074997"
"19409","0.35084548592567444","0.35084548592567444","0.35084548592567444","0.8163285851478577","0.8163285851478577","0.8163285851478577","0.2663087546825409","0.2663087546825409","0.2663087546825409"
"19439","0.30887168645858765","0.30887168645858765","0.30887168645858765","0.6415280103683472","0.6415280103683472","0.6415280103683472","0.2635348439216614","0.2635348439216614","0.2635348439216614"
"19469","0.3940223753452301","0.3940223753452301","0.3940223753452301","1.2746429443359375","1.2746429443359375","1.2746429443359375","0.44030410051345825","0.44030410051345825","0.44030410051345825"
"19499","0.29654303193092346","0.29654303193092346","0.29654303193092346","0.5194911956787109","0.5194911956787109","0.5194911956787109","0.2998371124267578","0.2998371124267578","0.2998371124267578"
"19529","0.3315250277519226","0.3315250277519226","0.3315250277519226","0.9527719020843506","0.9527719020843506","0.9527719020843506","0.2892351448535919","0.2892351448535919","0.2892351448535919"
"19559","0.2998347282409668","0.2998347282409668","0.2998347282409668","0.5177901983261108","0.5177901983261108","0.5177901983261108","0.26987579464912415","0.26987579464912415","0.26987579464912415"
"19589","0.3025820553302765","0.3025820553302765","0.3025820553302765","0.6230605244636536","0.6230605244636536","0.6230605244636536","0.2517707347869873","0.2517707347869873","0.2517707347869873"
"19619","0.3233589828014374","0.3233589828014374","0.3233589828014374","0.8042497038841248","0.8042497038841248","0.8042497038841248","0.30243295431137085","0.30243295431137085","0.30243295431137085"
"19649","0.3581647276878357","0.3581647276878357","0.3581647276878357","0.5558712482452393","0.5558712482452393","0.5558712482452393","0.22354191541671753","0.22354191541671753","0.22354191541671753"
"19679","0.3003500998020172","0.3003500998020172","0.3003500998020172","0.6696926951408386","0.6696926951408386","0.6696926951408386","0.21698962152004242","0.21698962152004242","0.21698962152004242"
"19709","0.3188493549823761","0.3188493549823761","0.3188493549823761","0.8333803415298462","0.8333803415298462","0.8333803415298462","0.31148675084114075","0.31148675084114075","0.31148675084114075"
"19739","0.32676681876182556","0.32676681876182556","0.32676681876182556","1.1641901731491089","1.1641901731491089","1.1641901731491089","0.21595297753810883","0.21595297753810883","0.21595297753810883"
"19769","0.3316304683685303","0.3316304683685303","0.3316304683685303","0.49670013785362244","0.49670013785362244","0.49670013785362244","0.3040620982646942","0.3040620982646942","0.3040620982646942"
"19799","0.33094874024391174","0.33094874024391174","0.33094874024391174","0.5476689338684082","0.5476689338684082","0.5476689338684082","0.22458437085151672","0.22458437085151672","0.22458437085151672"
"19829","0.31129658222198486","0.31129658222198486","0.31129658222198486","1.2551792860031128","1.2551792860031128","1.2551792860031128","0.3791341185569763","0.3791341185569763","0.3791341185569763"
"19859","0.31641119718551636","0.31641119718551636","0.31641119718551636","0.747312605381012","0.747312605381012","0.747312605381012","0.1964927315711975","0.1964927315711975","0.1964927315711975"
"19889","0.2935947775840759","0.2935947775840759","0.2935947775840759","0.5281823873519897","0.5281823873519897","0.5281823873519897","0.25571590662002563","0.25571590662002563","0.25571590662002563"
"19919","0.3263448178768158","0.3263448178768158","0.3263448178768158","0.7800421714782715","0.7800421714782715","0.7800421714782715","0.37695547938346863","0.37695547938346863","0.37695547938346863"
"19949","0.3621600270271301","0.3621600270271301","0.3621600270271301","0.846686065196991","0.846686065196991","0.846686065196991","0.21293582022190094","0.21293582022190094","0.21293582022190094"
"19979","0.3212355077266693","0.3212355077266693","0.3212355077266693","1.0123568773269653","1.0123568773269653","1.0123568773269653","0.23680783808231354","0.23680783808231354","0.23680783808231354"