"Step","layer_10_hook_mlp_out_gpt2_gated_fisher_true_project_Devign - losses/fisher_reg_term","layer_10_hook_mlp_out_gpt2_gated_fisher_true_project_Devign - losses/fisher_reg_term__MIN","layer_10_hook_mlp_out_gpt2_gated_fisher_true_project_Devign - losses/fisher_reg_term__MAX","layer_5_hook_mlp_out_gpt2_gated_fisher_true_project_Devign - losses/fisher_reg_term","layer_5_hook_mlp_out_gpt2_gated_fisher_true_project_Devign - losses/fisher_reg_term__MIN","layer_5_hook_mlp_out_gpt2_gated_fisher_true_project_Devign - losses/fisher_reg_term__MAX","layer_0_hook_mlp_out_gpt2_gated_fisher_true_project_Devign - losses/fisher_reg_term","layer_0_hook_mlp_out_gpt2_gated_fisher_true_project_Devign - losses/fisher_reg_term__MIN","layer_0_hook_mlp_out_gpt2_gated_fisher_true_project_Devign - losses/fisher_reg_term__MAX"
"29","31.306406021118164","31.306406021118164","31.306406021118164","5.894997596740723","5.894997596740723","5.894997596740723","8.217331886291504","8.217331886291504","8.217331886291504"
"59","24.27280044555664","24.27280044555664","24.27280044555664","5.369840145111084","5.369840145111084","5.369840145111084","8.556644439697266","8.556644439697266","8.556644439697266"
"89","17.46808433532715","17.46808433532715","17.46808433532715","4.539831638336182","4.539831638336182","4.539831638336182","6.7140092849731445","6.7140092849731445","6.7140092849731445"
"119","12.610772132873535","12.610772132873535","12.610772132873535","3.9244704246520996","3.9244704246520996","3.9244704246520996","5.1147871017456055","5.1147871017456055","5.1147871017456055"
"149","10.567212104797363","10.567212104797363","10.567212104797363","7.221938133239746","7.221938133239746","7.221938133239746","11.345507621765137","11.345507621765137","11.345507621765137"
"179","9.574748039245605","9.574748039245605","9.574748039245605","7.353762149810791","7.353762149810791","7.353762149810791","10.969022750854492","10.969022750854492","10.969022750854492"
"209","7.899307727813721","7.899307727813721","7.899307727813721","4.043024063110352","4.043024063110352","4.043024063110352","4.918307781219482","4.918307781219482","4.918307781219482"
"239","7.0313239097595215","7.0313239097595215","7.0313239097595215","3.5595617294311523","3.5595617294311523","3.5595617294311523","4.787324905395508","4.787324905395508","4.787324905395508"
"269","6.793591022491455","6.793591022491455","6.793591022491455","3.4399611949920654","3.4399611949920654","3.4399611949920654","4.416469573974609","4.416469573974609","4.416469573974609"
"299","5.579971790313721","5.579971790313721","5.579971790313721","3.5112054347991943","3.5112054347991943","3.5112054347991943","3.772988796234131","3.772988796234131","3.772988796234131"
"329","7.290643692016602","7.290643692016602","7.290643692016602","3.386580228805542","3.386580228805542","3.386580228805542","3.75390887260437","3.75390887260437","3.75390887260437"
"359","6.365581512451172","6.365581512451172","6.365581512451172","3.46506667137146","3.46506667137146","3.46506667137146","4.418540000915527","4.418540000915527","4.418540000915527"
"389","6.2424235343933105","6.2424235343933105","6.2424235343933105","3.5358190536499023","3.5358190536499023","3.5358190536499023","4.122674465179443","4.122674465179443","4.122674465179443"
"419","6.121374607086182","6.121374607086182","6.121374607086182","3.2556755542755127","3.2556755542755127","3.2556755542755127","3.778599739074707","3.778599739074707","3.778599739074707"
"449","5.75120735168457","5.75120735168457","5.75120735168457","3.3337743282318115","3.3337743282318115","3.3337743282318115","4.244736194610596","4.244736194610596","4.244736194610596"
"479","6.637789249420166","6.637789249420166","6.637789249420166","3.1310362815856934","3.1310362815856934","3.1310362815856934","3.5557682514190674","3.5557682514190674","3.5557682514190674"
"509","6.627561569213867","6.627561569213867","6.627561569213867","3.666882038116455","3.666882038116455","3.666882038116455","4.622100353240967","4.622100353240967","4.622100353240967"
"539","5.539934158325195","5.539934158325195","5.539934158325195","9.676480293273926","9.676480293273926","9.676480293273926","8.055864334106445","8.055864334106445","8.055864334106445"
"569","5.689494609832764","5.689494609832764","5.689494609832764","3.0301311016082764","3.0301311016082764","3.0301311016082764","3.842163562774658","3.842163562774658","3.842163562774658"
"599","5.363724708557129","5.363724708557129","5.363724708557129","3.124011278152466","3.124011278152466","3.124011278152466","3.8190395832061768","3.8190395832061768","3.8190395832061768"
"629","4.994251728057861","4.994251728057861","4.994251728057861","2.773409366607666","2.773409366607666","2.773409366607666","3.7412257194519043","3.7412257194519043","3.7412257194519043"
"659","5.346019268035889","5.346019268035889","5.346019268035889","3.1437816619873047","3.1437816619873047","3.1437816619873047","3.538735866546631","3.538735866546631","3.538735866546631"
"689","4.891220569610596","4.891220569610596","4.891220569610596","6.139649391174316","6.139649391174316","6.139649391174316","6.413971900939941","6.413971900939941","6.413971900939941"
"719","5.1233415603637695","5.1233415603637695","5.1233415603637695","2.9888885021209717","2.9888885021209717","2.9888885021209717","3.906442403793335","3.906442403793335","3.906442403793335"
"749","4.907336235046387","4.907336235046387","4.907336235046387","3.074246406555176","3.074246406555176","3.074246406555176","3.646409511566162","3.646409511566162","3.646409511566162"
"779","5.151808738708496","5.151808738708496","5.151808738708496","2.6968443393707275","2.6968443393707275","2.6968443393707275","3.2574756145477295","3.2574756145477295","3.2574756145477295"
"809","4.9784393310546875","4.9784393310546875","4.9784393310546875","5.853786945343018","5.853786945343018","5.853786945343018","5.709969520568848","5.709969520568848","5.709969520568848"
"839","4.92291259765625","4.92291259765625","4.92291259765625","2.811234951019287","2.811234951019287","2.811234951019287","3.7026689052581787","3.7026689052581787","3.7026689052581787"
"869","4.550262451171875","4.550262451171875","4.550262451171875","5.935744285583496","5.935744285583496","5.935744285583496","5.306929588317871","5.306929588317871","5.306929588317871"
"899","5.01135778427124","5.01135778427124","5.01135778427124","2.9391698837280273","2.9391698837280273","2.9391698837280273","3.4940481185913086","3.4940481185913086","3.4940481185913086"
"929","4.82139253616333","4.82139253616333","4.82139253616333","2.629887104034424","2.629887104034424","2.629887104034424","3.3490779399871826","3.3490779399871826","3.3490779399871826"
"959","4.960219860076904","4.960219860076904","4.960219860076904","6.262883186340332","6.262883186340332","6.262883186340332","4.671902179718018","4.671902179718018","4.671902179718018"
"989","4.8494133949279785","4.8494133949279785","4.8494133949279785","2.9209749698638916","2.9209749698638916","2.9209749698638916","3.7360098361968994","3.7360098361968994","3.7360098361968994"
"1019","5.223001480102539","5.223001480102539","5.223001480102539","5.204450607299805","5.204450607299805","5.204450607299805","5.0573225021362305","5.0573225021362305","5.0573225021362305"
"1049","4.7201385498046875","4.7201385498046875","4.7201385498046875","2.689939498901367","2.689939498901367","2.689939498901367","3.461608409881592","3.461608409881592","3.461608409881592"
"1079","4.784858703613281","4.784858703613281","4.784858703613281","2.793935775756836","2.793935775756836","2.793935775756836","3.479299783706665","3.479299783706665","3.479299783706665"
"1109","5.0314741134643555","5.0314741134643555","5.0314741134643555","4.566930294036865","4.566930294036865","4.566930294036865","4.324878692626953","4.324878692626953","4.324878692626953"
"1139","5.124346733093262","5.124346733093262","5.124346733093262","2.911198139190674","2.911198139190674","2.911198139190674","3.5155956745147705","3.5155956745147705","3.5155956745147705"
"1169","4.3906569480896","4.3906569480896","4.3906569480896","2.7036516666412354","2.7036516666412354","2.7036516666412354","3.299154043197632","3.299154043197632","3.299154043197632"
"1199","4.522255897521973","4.522255897521973","4.522255897521973","2.636929988861084","2.636929988861084","2.636929988861084","3.230452299118042","3.230452299118042","3.230452299118042"
"1229","5.052189826965332","5.052189826965332","5.052189826965332","4.825668811798096","4.825668811798096","4.825668811798096","3.8369462490081787","3.8369462490081787","3.8369462490081787"
"1259","4.822587013244629","4.822587013244629","4.822587013244629","2.9252586364746094","2.9252586364746094","2.9252586364746094","3.3645787239074707","3.3645787239074707","3.3645787239074707"
"1289","4.333423137664795","4.333423137664795","4.333423137664795","2.523496150970459","2.523496150970459","2.523496150970459","3.055363655090332","3.055363655090332","3.055363655090332"
"1319","4.483137607574463","4.483137607574463","4.483137607574463","4.519520282745361","4.519520282745361","4.519520282745361","3.4117918014526367","3.4117918014526367","3.4117918014526367"
"1349","4.566725254058838","4.566725254058838","4.566725254058838","2.576713800430298","2.576713800430298","2.576713800430298","3.563135862350464","3.563135862350464","3.563135862350464"
"1379","4.956118106842041","4.956118106842041","4.956118106842041","3.1450953483581543","3.1450953483581543","3.1450953483581543","3.034754514694214","3.034754514694214","3.034754514694214"
"1409","4.366466045379639","4.366466045379639","4.366466045379639","2.534510374069214","2.534510374069214","2.534510374069214","2.976207733154297","2.976207733154297","2.976207733154297"
"1439","4.074029922485352","4.074029922485352","4.074029922485352","2.6764464378356934","2.6764464378356934","2.6764464378356934","3.4730420112609863","3.4730420112609863","3.4730420112609863"
"1469","4.5379109382629395","4.5379109382629395","4.5379109382629395","2.6099603176116943","2.6099603176116943","2.6099603176116943","3.439936399459839","3.439936399459839","3.439936399459839"
"1499","4.030630588531494","4.030630588531494","4.030630588531494","2.3580076694488525","2.3580076694488525","2.3580076694488525","3.0038540363311768","3.0038540363311768","3.0038540363311768"
"1529","4.000838756561279","4.000838756561279","4.000838756561279","2.52584171295166","2.52584171295166","2.52584171295166","3.066859722137451","3.066859722137451","3.066859722137451"
"1559","3.9492766857147217","3.9492766857147217","3.9492766857147217","2.3355088233947754","2.3355088233947754","2.3355088233947754","2.860316038131714","2.860316038131714","2.860316038131714"
"1589","4.090828895568848","4.090828895568848","4.090828895568848","2.4146761894226074","2.4146761894226074","2.4146761894226074","2.7816340923309326","2.7816340923309326","2.7816340923309326"
"1619","3.8092575073242188","3.8092575073242188","3.8092575073242188","3.6812968254089355","3.6812968254089355","3.6812968254089355","3.2542812824249268","3.2542812824249268","3.2542812824249268"
"1649","4.244768142700195","4.244768142700195","4.244768142700195","3.5008962154388428","3.5008962154388428","3.5008962154388428","3.577077865600586","3.577077865600586","3.577077865600586"
"1679","3.9837536811828613","3.9837536811828613","3.9837536811828613","2.5485568046569824","2.5485568046569824","2.5485568046569824","3.1441361904144287","3.1441361904144287","3.1441361904144287"
"1709","4.1571173667907715","4.1571173667907715","4.1571173667907715","2.5223305225372314","2.5223305225372314","2.5223305225372314","2.6723344326019287","2.6723344326019287","2.6723344326019287"
"1739","4.019229412078857","4.019229412078857","4.019229412078857","2.3724210262298584","2.3724210262298584","2.3724210262298584","2.5974502563476562","2.5974502563476562","2.5974502563476562"
"1769","3.763741970062256","3.763741970062256","3.763741970062256","2.484668254852295","2.484668254852295","2.484668254852295","2.799851894378662","2.799851894378662","2.799851894378662"
"1799","3.882725715637207","3.882725715637207","3.882725715637207","2.4468507766723633","2.4468507766723633","2.4468507766723633","2.602041482925415","2.602041482925415","2.602041482925415"
"1829","3.8952250480651855","3.8952250480651855","3.8952250480651855","2.681638240814209","2.681638240814209","2.681638240814209","2.792889356613159","2.792889356613159","2.792889356613159"
"1859","3.7520971298217773","3.7520971298217773","3.7520971298217773","2.723375082015991","2.723375082015991","2.723375082015991","3.015989303588867","3.015989303588867","3.015989303588867"
"1889","4.361537456512451","4.361537456512451","4.361537456512451","2.6593103408813477","2.6593103408813477","2.6593103408813477","3.2393858432769775","3.2393858432769775","3.2393858432769775"
"1919","4.229691982269287","4.229691982269287","4.229691982269287","3.4098708629608154","3.4098708629608154","3.4098708629608154","3.2560582160949707","3.2560582160949707","3.2560582160949707"
"1949","3.5580313205718994","3.5580313205718994","3.5580313205718994","2.6674129962921143","2.6674129962921143","2.6674129962921143","3.034560441970825","3.034560441970825","3.034560441970825"
"1979","3.8800618648529053","3.8800618648529053","3.8800618648529053","2.3285772800445557","2.3285772800445557","2.3285772800445557","2.5554277896881104","2.5554277896881104","2.5554277896881104"
"2009","3.3800065517425537","3.3800065517425537","3.3800065517425537","2.3917460441589355","2.3917460441589355","2.3917460441589355","2.6689019203186035","2.6689019203186035","2.6689019203186035"
"2039","3.4050099849700928","3.4050099849700928","3.4050099849700928","2.6542418003082275","2.6542418003082275","2.6542418003082275","2.5904173851013184","2.5904173851013184","2.5904173851013184"
"2069","3.6684792041778564","3.6684792041778564","3.6684792041778564","2.5894522666931152","2.5894522666931152","2.5894522666931152","3.018742561340332","3.018742561340332","3.018742561340332"
"2099","4.031773090362549","4.031773090362549","4.031773090362549","2.4299986362457275","2.4299986362457275","2.4299986362457275","2.9832165241241455","2.9832165241241455","2.9832165241241455"
"2129","3.6861894130706787","3.6861894130706787","3.6861894130706787","2.1947994232177734","2.1947994232177734","2.1947994232177734","3.0135583877563477","3.0135583877563477","3.0135583877563477"
"2159","3.4672646522521973","3.4672646522521973","3.4672646522521973","2.2883381843566895","2.2883381843566895","2.2883381843566895","2.713019371032715","2.713019371032715","2.713019371032715"
"2189","3.4432942867279053","3.4432942867279053","3.4432942867279053","2.1799352169036865","2.1799352169036865","2.1799352169036865","2.16011905670166","2.16011905670166","2.16011905670166"
"2219","3.350555658340454","3.350555658340454","3.350555658340454","2.430537462234497","2.430537462234497","2.430537462234497","2.3833982944488525","2.3833982944488525","2.3833982944488525"
"2249","3.402458429336548","3.402458429336548","3.402458429336548","2.212247610092163","2.212247610092163","2.212247610092163","2.6897757053375244","2.6897757053375244","2.6897757053375244"
"2279","36.424190521240234","36.424190521240234","36.424190521240234","24.7027530670166","24.7027530670166","24.7027530670166","25.10000228881836","25.10000228881836","25.10000228881836"
"2309","3.3005595207214355","3.3005595207214355","3.3005595207214355","2.875732660293579","2.875732660293579","2.875732660293579","2.7305216789245605","2.7305216789245605","2.7305216789245605"
"2339","3.262661933898926","3.262661933898926","3.262661933898926","2.697160482406616","2.697160482406616","2.697160482406616","3.073281764984131","3.073281764984131","3.073281764984131"
"2369","3.117326498031616","3.117326498031616","3.117326498031616","2.6740245819091797","2.6740245819091797","2.6740245819091797","2.824498176574707","2.824498176574707","2.824498176574707"
"2399","3.7287492752075195","3.7287492752075195","3.7287492752075195","2.483332395553589","2.483332395553589","2.483332395553589","2.703071117401123","2.703071117401123","2.703071117401123"
"2429","2.9508793354034424","2.9508793354034424","2.9508793354034424","2.040543556213379","2.040543556213379","2.040543556213379","2.498079538345337","2.498079538345337","2.498079538345337"
"2459","3.07388973236084","3.07388973236084","3.07388973236084","2.2778923511505127","2.2778923511505127","2.2778923511505127","2.1364245414733887","2.1364245414733887","2.1364245414733887"
"2489","3.644763708114624","3.644763708114624","3.644763708114624","2.3311281204223633","2.3311281204223633","2.3311281204223633","2.719407796859741","2.719407796859741","2.719407796859741"
"2519","3.4271535873413086","3.4271535873413086","3.4271535873413086","2.5165703296661377","2.5165703296661377","2.5165703296661377","2.4225785732269287","2.4225785732269287","2.4225785732269287"
"2549","3.327645778656006","3.327645778656006","3.327645778656006","2.539020299911499","2.539020299911499","2.539020299911499","1.9666192531585693","1.9666192531585693","1.9666192531585693"
"2579","2.9303948879241943","2.9303948879241943","2.9303948879241943","2.2937166690826416","2.2937166690826416","2.2937166690826416","3.038231372833252","3.038231372833252","3.038231372833252"
"2609","3.129348039627075","3.129348039627075","3.129348039627075","2.559575319290161","2.559575319290161","2.559575319290161","2.3098621368408203","2.3098621368408203","2.3098621368408203"
"2639","2.9910247325897217","2.9910247325897217","2.9910247325897217","2.1559348106384277","2.1559348106384277","2.1559348106384277","2.429149627685547","2.429149627685547","2.429149627685547"
"2669","2.889275550842285","2.889275550842285","2.889275550842285","2.2492332458496094","2.2492332458496094","2.2492332458496094","2.392432451248169","2.392432451248169","2.392432451248169"
"2699","3.6414268016815186","3.6414268016815186","3.6414268016815186","2.778110980987549","2.778110980987549","2.778110980987549","2.2340633869171143","2.2340633869171143","2.2340633869171143"
"2729","3.534313201904297","3.534313201904297","3.534313201904297","2.2483022212982178","2.2483022212982178","2.2483022212982178","2.2269105911254883","2.2269105911254883","2.2269105911254883"
"2759","2.923906087875366","2.923906087875366","2.923906087875366","2.4210588932037354","2.4210588932037354","2.4210588932037354","2.4061808586120605","2.4061808586120605","2.4061808586120605"
"2789","3.397411346435547","3.397411346435547","3.397411346435547","2.220329761505127","2.220329761505127","2.220329761505127","2.750964879989624","2.750964879989624","2.750964879989624"
"2819","3.036574125289917","3.036574125289917","3.036574125289917","2.1644177436828613","2.1644177436828613","2.1644177436828613","2.0089194774627686","2.0089194774627686","2.0089194774627686"
"2849","2.9844791889190674","2.9844791889190674","2.9844791889190674","2.117135524749756","2.117135524749756","2.117135524749756","1.8788782358169556","1.8788782358169556","1.8788782358169556"
"2879","2.784956693649292","2.784956693649292","2.784956693649292","2.0706257820129395","2.0706257820129395","2.0706257820129395","2.040719747543335","2.040719747543335","2.040719747543335"
"2909","2.768751859664917","2.768751859664917","2.768751859664917","2.0785248279571533","2.0785248279571533","2.0785248279571533","2.364655017852783","2.364655017852783","2.364655017852783"
"2939","2.8094139099121094","2.8094139099121094","2.8094139099121094","2.2950665950775146","2.2950665950775146","2.2950665950775146","1.9383128881454468","1.9383128881454468","1.9383128881454468"
"2969","2.542501449584961","2.542501449584961","2.542501449584961","2.2503623962402344","2.2503623962402344","2.2503623962402344","2.589895486831665","2.589895486831665","2.589895486831665"
"2999","2.6843326091766357","2.6843326091766357","2.6843326091766357","2.4415087699890137","2.4415087699890137","2.4415087699890137","2.0746495723724365","2.0746495723724365","2.0746495723724365"
"3029","2.7177116870880127","2.7177116870880127","2.7177116870880127","2.2298901081085205","2.2298901081085205","2.2298901081085205","2.354931354522705","2.354931354522705","2.354931354522705"
"3059","2.777780294418335","2.777780294418335","2.777780294418335","2.0701944828033447","2.0701944828033447","2.0701944828033447","2.2019379138946533","2.2019379138946533","2.2019379138946533"
"3089","2.6234819889068604","2.6234819889068604","2.6234819889068604","1.8976457118988037","1.8976457118988037","1.8976457118988037","1.888429880142212","1.888429880142212","1.888429880142212"
"3119","2.579533576965332","2.579533576965332","2.579533576965332","2.121396064758301","2.121396064758301","2.121396064758301","2.453878164291382","2.453878164291382","2.453878164291382"
"3149","2.4943840503692627","2.4943840503692627","2.4943840503692627","2.136871814727783","2.136871814727783","2.136871814727783","1.932045817375183","1.932045817375183","1.932045817375183"
"3179","2.535953998565674","2.535953998565674","2.535953998565674","2.0649495124816895","2.0649495124816895","2.0649495124816895","2.2484912872314453","2.2484912872314453","2.2484912872314453"
"3209","2.8379693031311035","2.8379693031311035","2.8379693031311035","2.558314800262451","2.558314800262451","2.558314800262451","1.7991596460342407","1.7991596460342407","1.7991596460342407"
"3239","2.3909173011779785","2.3909173011779785","2.3909173011779785","1.9537584781646729","1.9537584781646729","1.9537584781646729","1.7886873483657837","1.7886873483657837","1.7886873483657837"
"3269","2.492053747177124","2.492053747177124","2.492053747177124","2.2594990730285645","2.2594990730285645","2.2594990730285645","2.4902091026306152","2.4902091026306152","2.4902091026306152"
"3299","2.650193929672241","2.650193929672241","2.650193929672241","2.3486156463623047","2.3486156463623047","2.3486156463623047","2.03505277633667","2.03505277633667","2.03505277633667"
"3329","2.5067834854125977","2.5067834854125977","2.5067834854125977","1.941158413887024","1.941158413887024","1.941158413887024","1.781779408454895","1.781779408454895","1.781779408454895"
"3359","2.3796727657318115","2.3796727657318115","2.3796727657318115","2.0556609630584717","2.0556609630584717","2.0556609630584717","2.0927133560180664","2.0927133560180664","2.0927133560180664"
"3389","2.4093029499053955","2.4093029499053955","2.4093029499053955","1.996307611465454","1.996307611465454","1.996307611465454","2.1679861545562744","2.1679861545562744","2.1679861545562744"
"3419","2.200939178466797","2.200939178466797","2.200939178466797","1.7916268110275269","1.7916268110275269","1.7916268110275269","2.000558376312256","2.000558376312256","2.000558376312256"
"3449","2.509312629699707","2.509312629699707","2.509312629699707","2.012618064880371","2.012618064880371","2.012618064880371","1.7488889694213867","1.7488889694213867","1.7488889694213867"
"3479","2.340855121612549","2.340855121612549","2.340855121612549","2.492645502090454","2.492645502090454","2.492645502090454","1.4254482984542847","1.4254482984542847","1.4254482984542847"
"3509","2.4717369079589844","2.4717369079589844","2.4717369079589844","1.9734563827514648","1.9734563827514648","1.9734563827514648","2.6060309410095215","2.6060309410095215","2.6060309410095215"
"3539","2.7779815196990967","2.7779815196990967","2.7779815196990967","1.8897314071655273","1.8897314071655273","1.8897314071655273","2.2205421924591064","2.2205421924591064","2.2205421924591064"
"3569","2.3489410877227783","2.3489410877227783","2.3489410877227783","2.485455274581909","2.485455274581909","2.485455274581909","2.0352530479431152","2.0352530479431152","2.0352530479431152"
"3599","2.353809118270874","2.353809118270874","2.353809118270874","2.191584348678589","2.191584348678589","2.191584348678589","1.8640176057815552","1.8640176057815552","1.8640176057815552"
"3629","2.4608066082000732","2.4608066082000732","2.4608066082000732","1.8121743202209473","1.8121743202209473","1.8121743202209473","2.1271169185638428","2.1271169185638428","2.1271169185638428"
"3659","2.438994884490967","2.438994884490967","2.438994884490967","2.3270766735076904","2.3270766735076904","2.3270766735076904","1.999739170074463","1.999739170074463","1.999739170074463"
"3689","2.3271474838256836","2.3271474838256836","2.3271474838256836","1.8778365850448608","1.8778365850448608","1.8778365850448608","1.8089196681976318","1.8089196681976318","1.8089196681976318"
"3719","2.049311399459839","2.049311399459839","2.049311399459839","2.2342946529388428","2.2342946529388428","2.2342946529388428","1.6524484157562256","1.6524484157562256","1.6524484157562256"
"3749","2.003624200820923","2.003624200820923","2.003624200820923","2.1683108806610107","2.1683108806610107","2.1683108806610107","1.533358097076416","1.533358097076416","1.533358097076416"
"3779","2.221207618713379","2.221207618713379","2.221207618713379","2.1771955490112305","2.1771955490112305","2.1771955490112305","1.3038601875305176","1.3038601875305176","1.3038601875305176"
"3809","2.4250216484069824","2.4250216484069824","2.4250216484069824","1.8488284349441528","1.8488284349441528","1.8488284349441528","1.1282697916030884","1.1282697916030884","1.1282697916030884"
"3839","2.2155709266662598","2.2155709266662598","2.2155709266662598","1.974427580833435","1.974427580833435","1.974427580833435","1.3809607028961182","1.3809607028961182","1.3809607028961182"
"3869","2.498009443283081","2.498009443283081","2.498009443283081","2.154364824295044","2.154364824295044","2.154364824295044","1.9362597465515137","1.9362597465515137","1.9362597465515137"
"3899","2.3360674381256104","2.3360674381256104","2.3360674381256104","1.800376534461975","1.800376534461975","1.800376534461975","1.7421640157699585","1.7421640157699585","1.7421640157699585"
"3929","2.022488594055176","2.022488594055176","2.022488594055176","2.143683433532715","2.143683433532715","2.143683433532715","1.5244172811508179","1.5244172811508179","1.5244172811508179"
"3959","1.9053808450698853","1.9053808450698853","1.9053808450698853","2.130674123764038","2.130674123764038","2.130674123764038","2.009822130203247","2.009822130203247","2.009822130203247"
"3989","1.9897555112838745","1.9897555112838745","1.9897555112838745","1.874800682067871","1.874800682067871","1.874800682067871","1.6421531438827515","1.6421531438827515","1.6421531438827515"
"4019","1.951245665550232","1.951245665550232","1.951245665550232","1.9007129669189453","1.9007129669189453","1.9007129669189453","1.7866510152816772","1.7866510152816772","1.7866510152816772"
"4049","2.097106456756592","2.097106456756592","2.097106456756592","1.9670922756195068","1.9670922756195068","1.9670922756195068","1.479373574256897","1.479373574256897","1.479373574256897"
"4079","1.8975046873092651","1.8975046873092651","1.8975046873092651","1.8923754692077637","1.8923754692077637","1.8923754692077637","1.463516354560852","1.463516354560852","1.463516354560852"
"4109","2.1098575592041016","2.1098575592041016","2.1098575592041016","2.7829933166503906","2.7829933166503906","2.7829933166503906","1.7010694742202759","1.7010694742202759","1.7010694742202759"
"4139","1.8906768560409546","1.8906768560409546","1.8906768560409546","2.135432004928589","2.135432004928589","2.135432004928589","1.2492918968200684","1.2492918968200684","1.2492918968200684"
"4169","2.17503023147583","2.17503023147583","2.17503023147583","2.3155698776245117","2.3155698776245117","2.3155698776245117","1.8775815963745117","1.8775815963745117","1.8775815963745117"
"4199","1.7649710178375244","1.7649710178375244","1.7649710178375244","1.7416317462921143","1.7416317462921143","1.7416317462921143","1.4262577295303345","1.4262577295303345","1.4262577295303345"
"4229","2.199796199798584","2.199796199798584","2.199796199798584","2.0504825115203857","2.0504825115203857","2.0504825115203857","1.6627453565597534","1.6627453565597534","1.6627453565597534"
"4259","1.978495478630066","1.978495478630066","1.978495478630066","1.819156289100647","1.819156289100647","1.819156289100647","1.4864039421081543","1.4864039421081543","1.4864039421081543"
"4289","1.8360862731933594","1.8360862731933594","1.8360862731933594","1.769206166267395","1.769206166267395","1.769206166267395","1.2595791816711426","1.2595791816711426","1.2595791816711426"
"4319","1.7830333709716797","1.7830333709716797","1.7830333709716797","1.974442958831787","1.974442958831787","1.974442958831787","0.9729253649711609","0.9729253649711609","0.9729253649711609"
"4349","1.8256603479385376","1.8256603479385376","1.8256603479385376","1.7446792125701904","1.7446792125701904","1.7446792125701904","1.0720100402832031","1.0720100402832031","1.0720100402832031"
"4379","1.7510719299316406","1.7510719299316406","1.7510719299316406","1.7019375562667847","1.7019375562667847","1.7019375562667847","1.8476684093475342","1.8476684093475342","1.8476684093475342"
"4409","1.5725988149642944","1.5725988149642944","1.5725988149642944","1.6924059391021729","1.6924059391021729","1.6924059391021729","1.364473581314087","1.364473581314087","1.364473581314087"
"4439","1.883241891860962","1.883241891860962","1.883241891860962","2.0316648483276367","2.0316648483276367","2.0316648483276367","2.3814520835876465","2.3814520835876465","2.3814520835876465"
"4469","1.869348406791687","1.869348406791687","1.869348406791687","1.7947275638580322","1.7947275638580322","1.7947275638580322","1.3433473110198975","1.3433473110198975","1.3433473110198975"
"4499","1.8280372619628906","1.8280372619628906","1.8280372619628906","2.277674436569214","2.277674436569214","2.277674436569214","1.6923198699951172","1.6923198699951172","1.6923198699951172"
"4529","1.8151583671569824","1.8151583671569824","1.8151583671569824","1.8904244899749756","1.8904244899749756","1.8904244899749756","1.906984806060791","1.906984806060791","1.906984806060791"
"4559","1.7784761190414429","1.7784761190414429","1.7784761190414429","1.7089382410049438","1.7089382410049438","1.7089382410049438","1.4908705949783325","1.4908705949783325","1.4908705949783325"
"4589","1.8129348754882812","1.8129348754882812","1.8129348754882812","2.3579845428466797","2.3579845428466797","2.3579845428466797","1.68550705909729","1.68550705909729","1.68550705909729"
"4619","1.8207950592041016","1.8207950592041016","1.8207950592041016","1.7044671773910522","1.7044671773910522","1.7044671773910522","1.0793647766113281","1.0793647766113281","1.0793647766113281"
"4649","1.7636868953704834","1.7636868953704834","1.7636868953704834","1.739960789680481","1.739960789680481","1.739960789680481","1.5108699798583984","1.5108699798583984","1.5108699798583984"
"4679","1.7520983219146729","1.7520983219146729","1.7520983219146729","1.8431181907653809","1.8431181907653809","1.8431181907653809","1.766858458518982","1.766858458518982","1.766858458518982"
"4709","1.9248238801956177","1.9248238801956177","1.9248238801956177","2.5037477016448975","2.5037477016448975","2.5037477016448975","1.6760213375091553","1.6760213375091553","1.6760213375091553"
"4739","1.8710134029388428","1.8710134029388428","1.8710134029388428","1.8244081735610962","1.8244081735610962","1.8244081735610962","1.4519143104553223","1.4519143104553223","1.4519143104553223"
"4769","1.8018261194229126","1.8018261194229126","1.8018261194229126","1.985018014907837","1.985018014907837","1.985018014907837","1.6512702703475952","1.6512702703475952","1.6512702703475952"
"4799","1.8195350170135498","1.8195350170135498","1.8195350170135498","2.5731475353240967","2.5731475353240967","2.5731475353240967","1.497040033340454","1.497040033340454","1.497040033340454"
"4829","1.6163924932479858","1.6163924932479858","1.6163924932479858","1.733877420425415","1.733877420425415","1.733877420425415","1.532194972038269","1.532194972038269","1.532194972038269"
"4859","1.660999059677124","1.660999059677124","1.660999059677124","1.5475122928619385","1.5475122928619385","1.5475122928619385","1.0642883777618408","1.0642883777618408","1.0642883777618408"
"4889","1.6647998094558716","1.6647998094558716","1.6647998094558716","1.796244502067566","1.796244502067566","1.796244502067566","1.8019607067108154","1.8019607067108154","1.8019607067108154"
"4919","1.6942124366760254","1.6942124366760254","1.6942124366760254","2.1736090183258057","2.1736090183258057","2.1736090183258057","1.5040661096572876","1.5040661096572876","1.5040661096572876"
"4949","1.6067774295806885","1.6067774295806885","1.6067774295806885","1.5080162286758423","1.5080162286758423","1.5080162286758423","1.3763766288757324","1.3763766288757324","1.3763766288757324"
"4979","1.6023495197296143","1.6023495197296143","1.6023495197296143","1.7847820520401","1.7847820520401","1.7847820520401","1.6885186433792114","1.6885186433792114","1.6885186433792114"
"5009","1.6250673532485962","1.6250673532485962","1.6250673532485962","1.7984155416488647","1.7984155416488647","1.7984155416488647","1.518072485923767","1.518072485923767","1.518072485923767"
"5039","1.5492022037506104","1.5492022037506104","1.5492022037506104","1.9937145709991455","1.9937145709991455","1.9937145709991455","1.3844796419143677","1.3844796419143677","1.3844796419143677"
"5069","1.5794988870620728","1.5794988870620728","1.5794988870620728","1.5834298133850098","1.5834298133850098","1.5834298133850098","1.6140038967132568","1.6140038967132568","1.6140038967132568"
"5099","1.5076738595962524","1.5076738595962524","1.5076738595962524","1.8191823959350586","1.8191823959350586","1.8191823959350586","1.277626872062683","1.277626872062683","1.277626872062683"
"5129","1.6957998275756836","1.6957998275756836","1.6957998275756836","1.7605122327804565","1.7605122327804565","1.7605122327804565","1.4658513069152832","1.4658513069152832","1.4658513069152832"
"5159","1.4504473209381104","1.4504473209381104","1.4504473209381104","1.5718297958374023","1.5718297958374023","1.5718297958374023","1.0111699104309082","1.0111699104309082","1.0111699104309082"
"5189","1.540947675704956","1.540947675704956","1.540947675704956","2.444028615951538","2.444028615951538","2.444028615951538","1.3172683715820312","1.3172683715820312","1.3172683715820312"
"5219","1.6566659212112427","1.6566659212112427","1.6566659212112427","4.476512432098389","4.476512432098389","4.476512432098389","1.2938696146011353","1.2938696146011353","1.2938696146011353"
"5249","1.6039516925811768","1.6039516925811768","1.6039516925811768","2.923377275466919","2.923377275466919","2.923377275466919","1.5465203523635864","1.5465203523635864","1.5465203523635864"
"5279","1.5696779489517212","1.5696779489517212","1.5696779489517212","2.1638009548187256","2.1638009548187256","2.1638009548187256","1.5846878290176392","1.5846878290176392","1.5846878290176392"
"5309","1.531456708908081","1.531456708908081","1.531456708908081","1.846665859222412","1.846665859222412","1.846665859222412","1.765075445175171","1.765075445175171","1.765075445175171"
"5339","1.4796606302261353","1.4796606302261353","1.4796606302261353","1.704262375831604","1.704262375831604","1.704262375831604","1.2606837749481201","1.2606837749481201","1.2606837749481201"
"5369","1.4878063201904297","1.4878063201904297","1.4878063201904297","2.7635154724121094","2.7635154724121094","2.7635154724121094","1.4844608306884766","1.4844608306884766","1.4844608306884766"
"5399","1.6897515058517456","1.6897515058517456","1.6897515058517456","2.0561065673828125","2.0561065673828125","2.0561065673828125","1.4624148607254028","1.4624148607254028","1.4624148607254028"
"5429","1.590647578239441","1.590647578239441","1.590647578239441","1.5405523777008057","1.5405523777008057","1.5405523777008057","1.6737046241760254","1.6737046241760254","1.6737046241760254"
"5459","1.5666645765304565","1.5666645765304565","1.5666645765304565","1.5388805866241455","1.5388805866241455","1.5388805866241455","1.491520643234253","1.491520643234253","1.491520643234253"
"5489","1.5474209785461426","1.5474209785461426","1.5474209785461426","1.730157732963562","1.730157732963562","1.730157732963562","1.5343786478042603","1.5343786478042603","1.5343786478042603"
"5519","1.3862097263336182","1.3862097263336182","1.3862097263336182","1.7549041509628296","1.7549041509628296","1.7549041509628296","1.1807538270950317","1.1807538270950317","1.1807538270950317"
"5549","1.58198082447052","1.58198082447052","1.58198082447052","1.7568299770355225","1.7568299770355225","1.7568299770355225","1.0004870891571045","1.0004870891571045","1.0004870891571045"
"5579","1.4603238105773926","1.4603238105773926","1.4603238105773926","1.7422884702682495","1.7422884702682495","1.7422884702682495","1.629616618156433","1.629616618156433","1.629616618156433"
"5609","1.4130648374557495","1.4130648374557495","1.4130648374557495","1.658816933631897","1.658816933631897","1.658816933631897","1.5950616598129272","1.5950616598129272","1.5950616598129272"
"5639","1.3998039960861206","1.3998039960861206","1.3998039960861206","1.9221699237823486","1.9221699237823486","1.9221699237823486","1.140967845916748","1.140967845916748","1.140967845916748"
"5669","1.3731735944747925","1.3731735944747925","1.3731735944747925","1.4682337045669556","1.4682337045669556","1.4682337045669556","1.2754110097885132","1.2754110097885132","1.2754110097885132"
"5699","1.4476343393325806","1.4476343393325806","1.4476343393325806","1.6971447467803955","1.6971447467803955","1.6971447467803955","1.0602176189422607","1.0602176189422607","1.0602176189422607"
"5729","1.4113078117370605","1.4113078117370605","1.4113078117370605","1.6485381126403809","1.6485381126403809","1.6485381126403809","1.1790724992752075","1.1790724992752075","1.1790724992752075"
"5759","1.3540831804275513","1.3540831804275513","1.3540831804275513","1.591099500656128","1.591099500656128","1.591099500656128","1.2833406925201416","1.2833406925201416","1.2833406925201416"
"5789","1.3949706554412842","1.3949706554412842","1.3949706554412842","1.7376329898834229","1.7376329898834229","1.7376329898834229","1.2622908353805542","1.2622908353805542","1.2622908353805542"
"5819","1.2797797918319702","1.2797797918319702","1.2797797918319702","1.6271816492080688","1.6271816492080688","1.6271816492080688","1.0431946516036987","1.0431946516036987","1.0431946516036987"
"5849","1.3881819248199463","1.3881819248199463","1.3881819248199463","2.033353090286255","2.033353090286255","2.033353090286255","1.4241327047348022","1.4241327047348022","1.4241327047348022"
"5879","1.2797406911849976","1.2797406911849976","1.2797406911849976","1.7408461570739746","1.7408461570739746","1.7408461570739746","0.9847276210784912","0.9847276210784912","0.9847276210784912"
"5909","1.3669430017471313","1.3669430017471313","1.3669430017471313","1.675840139389038","1.675840139389038","1.675840139389038","1.0879377126693726","1.0879377126693726","1.0879377126693726"
"5939","1.4281790256500244","1.4281790256500244","1.4281790256500244","1.7027251720428467","1.7027251720428467","1.7027251720428467","1.0608596801757812","1.0608596801757812","1.0608596801757812"
"5969","1.4452035427093506","1.4452035427093506","1.4452035427093506","1.5256786346435547","1.5256786346435547","1.5256786346435547","1.1918190717697144","1.1918190717697144","1.1918190717697144"
"5999","1.3050076961517334","1.3050076961517334","1.3050076961517334","1.824926733970642","1.824926733970642","1.824926733970642","1.0305407047271729","1.0305407047271729","1.0305407047271729"
"6029","1.3670196533203125","1.3670196533203125","1.3670196533203125","1.6456729173660278","1.6456729173660278","1.6456729173660278","1.1935362815856934","1.1935362815856934","1.1935362815856934"
"6059","1.3136162757873535","1.3136162757873535","1.3136162757873535","1.459288239479065","1.459288239479065","1.459288239479065","1.293526530265808","1.293526530265808","1.293526530265808"
"6089","1.2364213466644287","1.2364213466644287","1.2364213466644287","1.6831464767456055","1.6831464767456055","1.6831464767456055","1.2898547649383545","1.2898547649383545","1.2898547649383545"
"6119","1.337669014930725","1.337669014930725","1.337669014930725","1.8121886253356934","1.8121886253356934","1.8121886253356934","1.3019005060195923","1.3019005060195923","1.3019005060195923"
"6149","1.3415790796279907","1.3415790796279907","1.3415790796279907","1.4903745651245117","1.4903745651245117","1.4903745651245117","0.9362211227416992","0.9362211227416992","0.9362211227416992"
"6179","1.301206350326538","1.301206350326538","1.301206350326538","1.3599580526351929","1.3599580526351929","1.3599580526351929","1.01352858543396","1.01352858543396","1.01352858543396"
"6209","1.3141415119171143","1.3141415119171143","1.3141415119171143","1.9428354501724243","1.9428354501724243","1.9428354501724243","1.3640214204788208","1.3640214204788208","1.3640214204788208"
"6239","1.2424381971359253","1.2424381971359253","1.2424381971359253","1.6988897323608398","1.6988897323608398","1.6988897323608398","0.9953172206878662","0.9953172206878662","0.9953172206878662"
"6269","1.2981171607971191","1.2981171607971191","1.2981171607971191","1.6556423902511597","1.6556423902511597","1.6556423902511597","0.6703709959983826","0.6703709959983826","0.6703709959983826"
"6299","1.2470718622207642","1.2470718622207642","1.2470718622207642","1.3555233478546143","1.3555233478546143","1.3555233478546143","1.2691704034805298","1.2691704034805298","1.2691704034805298"
"6329","1.3733831644058228","1.3733831644058228","1.3733831644058228","1.5858737230300903","1.5858737230300903","1.5858737230300903","1.1332043409347534","1.1332043409347534","1.1332043409347534"
"6359","1.244673728942871","1.244673728942871","1.244673728942871","1.4592220783233643","1.4592220783233643","1.4592220783233643","1.3267772197723389","1.3267772197723389","1.3267772197723389"
"6389","1.184051752090454","1.184051752090454","1.184051752090454","1.697477102279663","1.697477102279663","1.697477102279663","1.383104681968689","1.383104681968689","1.383104681968689"
"6419","1.2902833223342896","1.2902833223342896","1.2902833223342896","1.9360932111740112","1.9360932111740112","1.9360932111740112","1.2730761766433716","1.2730761766433716","1.2730761766433716"
"6449","1.2381134033203125","1.2381134033203125","1.2381134033203125","1.6451374292373657","1.6451374292373657","1.6451374292373657","1.1759048700332642","1.1759048700332642","1.1759048700332642"
"6479","1.2119486331939697","1.2119486331939697","1.2119486331939697","1.702853798866272","1.702853798866272","1.702853798866272","0.8462480902671814","0.8462480902671814","0.8462480902671814"
"6509","1.1486403942108154","1.1486403942108154","1.1486403942108154","1.8557567596435547","1.8557567596435547","1.8557567596435547","1.199547290802002","1.199547290802002","1.199547290802002"
"6539","1.2282310724258423","1.2282310724258423","1.2282310724258423","1.6058387756347656","1.6058387756347656","1.6058387756347656","0.9427325129508972","0.9427325129508972","0.9427325129508972"
"6569","1.2964931726455688","1.2964931726455688","1.2964931726455688","1.6848642826080322","1.6848642826080322","1.6848642826080322","0.8616971969604492","0.8616971969604492","0.8616971969604492"
"6599","1.2841153144836426","1.2841153144836426","1.2841153144836426","1.3807299137115479","1.3807299137115479","1.3807299137115479","0.987741231918335","0.987741231918335","0.987741231918335"
"6629","1.2041023969650269","1.2041023969650269","1.2041023969650269","1.5758647918701172","1.5758647918701172","1.5758647918701172","1.1267850399017334","1.1267850399017334","1.1267850399017334"
"6659","1.1960363388061523","1.1960363388061523","1.1960363388061523","2.0205588340759277","2.0205588340759277","2.0205588340759277","1.0343687534332275","1.0343687534332275","1.0343687534332275"
"6689","1.0913008451461792","1.0913008451461792","1.0913008451461792","1.2262837886810303","1.2262837886810303","1.2262837886810303","0.8688403367996216","0.8688403367996216","0.8688403367996216"
"6719","1.145847201347351","1.145847201347351","1.145847201347351","1.3874138593673706","1.3874138593673706","1.3874138593673706","1.256614327430725","1.256614327430725","1.256614327430725"
"6749","1.1540226936340332","1.1540226936340332","1.1540226936340332","1.6295031309127808","1.6295031309127808","1.6295031309127808","1.1593891382217407","1.1593891382217407","1.1593891382217407"
"6779","1.2380356788635254","1.2380356788635254","1.2380356788635254","1.5129985809326172","1.5129985809326172","1.5129985809326172","0.7944031953811646","0.7944031953811646","0.7944031953811646"
"6809","1.099153995513916","1.099153995513916","1.099153995513916","1.504641056060791","1.504641056060791","1.504641056060791","0.9335089921951294","0.9335089921951294","0.9335089921951294"
"6839","1.2092739343643188","1.2092739343643188","1.2092739343643188","1.4712731838226318","1.4712731838226318","1.4712731838226318","0.6674802303314209","0.6674802303314209","0.6674802303314209"
"6869","1.1073702573776245","1.1073702573776245","1.1073702573776245","1.3459689617156982","1.3459689617156982","1.3459689617156982","1.105026125907898","1.105026125907898","1.105026125907898"
"6899","1.2040541172027588","1.2040541172027588","1.2040541172027588","1.4608815908432007","1.4608815908432007","1.4608815908432007","1.4463088512420654","1.4463088512420654","1.4463088512420654"
"6929","1.1289770603179932","1.1289770603179932","1.1289770603179932","1.8321813344955444","1.8321813344955444","1.8321813344955444","1.384165644645691","1.384165644645691","1.384165644645691"
"6959","1.091576337814331","1.091576337814331","1.091576337814331","1.3305327892303467","1.3305327892303467","1.3305327892303467","0.7733511328697205","0.7733511328697205","0.7733511328697205"
"6989","1.1180938482284546","1.1180938482284546","1.1180938482284546","1.2782845497131348","1.2782845497131348","1.2782845497131348","0.865057647228241","0.865057647228241","0.865057647228241"
"7019","1.1713464260101318","1.1713464260101318","1.1713464260101318","1.696916103363037","1.696916103363037","1.696916103363037","0.7549406290054321","0.7549406290054321","0.7549406290054321"
"7049","1.1585667133331299","1.1585667133331299","1.1585667133331299","1.9705816507339478","1.9705816507339478","1.9705816507339478","1.4592564105987549","1.4592564105987549","1.4592564105987549"
"7079","1.2705086469650269","1.2705086469650269","1.2705086469650269","2.060074806213379","2.060074806213379","2.060074806213379","1.0071117877960205","1.0071117877960205","1.0071117877960205"
"7109","1.1136490106582642","1.1136490106582642","1.1136490106582642","1.347741723060608","1.347741723060608","1.347741723060608","1.2294034957885742","1.2294034957885742","1.2294034957885742"
"7139","1.0862025022506714","1.0862025022506714","1.0862025022506714","1.4382553100585938","1.4382553100585938","1.4382553100585938","1.0131200551986694","1.0131200551986694","1.0131200551986694"
"7169","1.0704206228256226","1.0704206228256226","1.0704206228256226","1.5670136213302612","1.5670136213302612","1.5670136213302612","1.3449342250823975","1.3449342250823975","1.3449342250823975"
"7199","1.042553424835205","1.042553424835205","1.042553424835205","1.4560450315475464","1.4560450315475464","1.4560450315475464","0.9937942028045654","0.9937942028045654","0.9937942028045654"
"7229","1.1313384771347046","1.1313384771347046","1.1313384771347046","1.3077492713928223","1.3077492713928223","1.3077492713928223","0.7822423577308655","0.7822423577308655","0.7822423577308655"
"7259","1.1584254503250122","1.1584254503250122","1.1584254503250122","1.5236464738845825","1.5236464738845825","1.5236464738845825","1.7546182870864868","1.7546182870864868","1.7546182870864868"
"7289","1.1288741827011108","1.1288741827011108","1.1288741827011108","1.127282977104187","1.127282977104187","1.127282977104187","1.0687514543533325","1.0687514543533325","1.0687514543533325"
"7319","1.2004729509353638","1.2004729509353638","1.2004729509353638","2.793937921524048","2.793937921524048","2.793937921524048","0.8358515501022339","0.8358515501022339","0.8358515501022339"
"7349","1.0878379344940186","1.0878379344940186","1.0878379344940186","1.6312317848205566","1.6312317848205566","1.6312317848205566","1.3940011262893677","1.3940011262893677","1.3940011262893677"
"7379","1.1345893144607544","1.1345893144607544","1.1345893144607544","1.3226659297943115","1.3226659297943115","1.3226659297943115","0.9015721082687378","0.9015721082687378","0.9015721082687378"
"7409","0.9379633069038391","0.9379633069038391","0.9379633069038391","1.4096887111663818","1.4096887111663818","1.4096887111663818","0.7927569150924683","0.7927569150924683","0.7927569150924683"
"7439","1.0561785697937012","1.0561785697937012","1.0561785697937012","1.3898147344589233","1.3898147344589233","1.3898147344589233","0.8881880640983582","0.8881880640983582","0.8881880640983582"
"7469","1.1260223388671875","1.1260223388671875","1.1260223388671875","1.5996907949447632","1.5996907949447632","1.5996907949447632","0.9542990922927856","0.9542990922927856","0.9542990922927856"
"7499","1.0459966659545898","1.0459966659545898","1.0459966659545898","1.2039086818695068","1.2039086818695068","1.2039086818695068","1.004684329032898","1.004684329032898","1.004684329032898"
"7529","1.021710753440857","1.021710753440857","1.021710753440857","1.2275769710540771","1.2275769710540771","1.2275769710540771","0.9509076476097107","0.9509076476097107","0.9509076476097107"
"7559","1.078007459640503","1.078007459640503","1.078007459640503","1.2193976640701294","1.2193976640701294","1.2193976640701294","0.8515203595161438","0.8515203595161438","0.8515203595161438"
"7589","1.1979974508285522","1.1979974508285522","1.1979974508285522","2.936169385910034","2.936169385910034","2.936169385910034","0.5889962911605835","0.5889962911605835","0.5889962911605835"
"7619","1.0517654418945312","1.0517654418945312","1.0517654418945312","1.8937945365905762","1.8937945365905762","1.8937945365905762","0.9052181839942932","0.9052181839942932","0.9052181839942932"
"7649","0.9769226908683777","0.9769226908683777","0.9769226908683777","1.1455998420715332","1.1455998420715332","1.1455998420715332","0.552814781665802","0.552814781665802","0.552814781665802"
"7679","1.1655806303024292","1.1655806303024292","1.1655806303024292","1.9612945318222046","1.9612945318222046","1.9612945318222046","0.902931809425354","0.902931809425354","0.902931809425354"
"7709","1.2389496564865112","1.2389496564865112","1.2389496564865112","1.2407859563827515","1.2407859563827515","1.2407859563827515","0.5350212454795837","0.5350212454795837","0.5350212454795837"
"7739","1.2602111101150513","1.2602111101150513","1.2602111101150513","1.3677334785461426","1.3677334785461426","1.3677334785461426","0.982185959815979","0.982185959815979","0.982185959815979"
"7769","1.0960687398910522","1.0960687398910522","1.0960687398910522","1.333117961883545","1.333117961883545","1.333117961883545","0.6561782956123352","0.6561782956123352","0.6561782956123352"
"7799","1.0951396226882935","1.0951396226882935","1.0951396226882935","1.4711931943893433","1.4711931943893433","1.4711931943893433","0.8803806900978088","0.8803806900978088","0.8803806900978088"
"7829","1.0612465143203735","1.0612465143203735","1.0612465143203735","1.4617071151733398","1.4617071151733398","1.4617071151733398","0.9553501605987549","0.9553501605987549","0.9553501605987549"
"7859","1.0274559259414673","1.0274559259414673","1.0274559259414673","1.2224740982055664","1.2224740982055664","1.2224740982055664","0.9133782982826233","0.9133782982826233","0.9133782982826233"
"7889","1.0289267301559448","1.0289267301559448","1.0289267301559448","1.6823935508728027","1.6823935508728027","1.6823935508728027","1.3195313215255737","1.3195313215255737","1.3195313215255737"
"7919","1.233976125717163","1.233976125717163","1.233976125717163","1.5849086046218872","1.5849086046218872","1.5849086046218872","0.9583483934402466","0.9583483934402466","0.9583483934402466"
"7949","1.1629574298858643","1.1629574298858643","1.1629574298858643","1.4048577547073364","1.4048577547073364","1.4048577547073364","1.235356092453003","1.235356092453003","1.235356092453003"
"7979","1.167716383934021","1.167716383934021","1.167716383934021","2.2548959255218506","2.2548959255218506","2.2548959255218506","0.7865598797798157","0.7865598797798157","0.7865598797798157"
"8009","0.9842210412025452","0.9842210412025452","0.9842210412025452","1.2209457159042358","1.2209457159042358","1.2209457159042358","0.9438404440879822","0.9438404440879822","0.9438404440879822"
"8039","1.094484806060791","1.094484806060791","1.094484806060791","1.388602614402771","1.388602614402771","1.388602614402771","0.9236960411071777","0.9236960411071777","0.9236960411071777"
"8069","0.9310681223869324","0.9310681223869324","0.9310681223869324","1.375892162322998","1.375892162322998","1.375892162322998","0.7607468962669373","0.7607468962669373","0.7607468962669373"
"8099","0.9858317375183105","0.9858317375183105","0.9858317375183105","1.2733465433120728","1.2733465433120728","1.2733465433120728","0.9939080476760864","0.9939080476760864","0.9939080476760864"
"8129","1.0119978189468384","1.0119978189468384","1.0119978189468384","1.5367436408996582","1.5367436408996582","1.5367436408996582","0.9936202764511108","0.9936202764511108","0.9936202764511108"
"8159","0.9493206739425659","0.9493206739425659","0.9493206739425659","1.233213186264038","1.233213186264038","1.233213186264038","0.7361728549003601","0.7361728549003601","0.7361728549003601"
"8189","1.0165313482284546","1.0165313482284546","1.0165313482284546","1.1272823810577393","1.1272823810577393","1.1272823810577393","1.1006224155426025","1.1006224155426025","1.1006224155426025"
"8219","1.0387476682662964","1.0387476682662964","1.0387476682662964","1.0734925270080566","1.0734925270080566","1.0734925270080566","0.8458535075187683","0.8458535075187683","0.8458535075187683"
"8249","0.9790483117103577","0.9790483117103577","0.9790483117103577","1.6357991695404053","1.6357991695404053","1.6357991695404053","0.7172622680664062","0.7172622680664062","0.7172622680664062"
"8279","1.1459470987319946","1.1459470987319946","1.1459470987319946","1.4444613456726074","1.4444613456726074","1.4444613456726074","1.0985437631607056","1.0985437631607056","1.0985437631607056"
"8309","1.0281437635421753","1.0281437635421753","1.0281437635421753","1.5691077709197998","1.5691077709197998","1.5691077709197998","0.811318039894104","0.811318039894104","0.811318039894104"
"8339","1.011925458908081","1.011925458908081","1.011925458908081","1.2355438470840454","1.2355438470840454","1.2355438470840454","0.8378498554229736","0.8378498554229736","0.8378498554229736"
"8369","1.0004100799560547","1.0004100799560547","1.0004100799560547","1.1449874639511108","1.1449874639511108","1.1449874639511108","0.7635183334350586","0.7635183334350586","0.7635183334350586"
"8399","1.5327287912368774","1.5327287912368774","1.5327287912368774","1.884539246559143","1.884539246559143","1.884539246559143","0.7022120356559753","0.7022120356559753","0.7022120356559753"
"8429","1.0013357400894165","1.0013357400894165","1.0013357400894165","1.2161502838134766","1.2161502838134766","1.2161502838134766","0.8791061043739319","0.8791061043739319","0.8791061043739319"
"8459","1.0330742597579956","1.0330742597579956","1.0330742597579956","1.7413796186447144","1.7413796186447144","1.7413796186447144","0.9036393761634827","0.9036393761634827","0.9036393761634827"
"8489","1.122877836227417","1.122877836227417","1.122877836227417","1.1689350605010986","1.1689350605010986","1.1689350605010986","0.969672679901123","0.969672679901123","0.969672679901123"
"8519","1.0460759401321411","1.0460759401321411","1.0460759401321411","1.4335503578186035","1.4335503578186035","1.4335503578186035","0.9870864748954773","0.9870864748954773","0.9870864748954773"
"8549","0.8915877938270569","0.8915877938270569","0.8915877938270569","1.248271107673645","1.248271107673645","1.248271107673645","0.7242497205734253","0.7242497205734253","0.7242497205734253"
"8579","0.9304728507995605","0.9304728507995605","0.9304728507995605","1.3838977813720703","1.3838977813720703","1.3838977813720703","0.9723941087722778","0.9723941087722778","0.9723941087722778"
"8609","0.8763698935508728","0.8763698935508728","0.8763698935508728","1.187878131866455","1.187878131866455","1.187878131866455","0.6901785731315613","0.6901785731315613","0.6901785731315613"
"8639","1.0078632831573486","1.0078632831573486","1.0078632831573486","1.5169024467468262","1.5169024467468262","1.5169024467468262","0.6429873704910278","0.6429873704910278","0.6429873704910278"
"8669","0.953599750995636","0.953599750995636","0.953599750995636","1.2477446794509888","1.2477446794509888","1.2477446794509888","0.9323874711990356","0.9323874711990356","0.9323874711990356"
"8699","0.9899351000785828","0.9899351000785828","0.9899351000785828","1.2280333042144775","1.2280333042144775","1.2280333042144775","0.7540004849433899","0.7540004849433899","0.7540004849433899"
"8729","1.1059937477111816","1.1059937477111816","1.1059937477111816","1.256321907043457","1.256321907043457","1.256321907043457","0.7088127732276917","0.7088127732276917","0.7088127732276917"
"8759","1.0321229696273804","1.0321229696273804","1.0321229696273804","1.4060577154159546","1.4060577154159546","1.4060577154159546","0.7090184092521667","0.7090184092521667","0.7090184092521667"
"8789","0.890649139881134","0.890649139881134","0.890649139881134","1.251222848892212","1.251222848892212","1.251222848892212","0.8503973484039307","0.8503973484039307","0.8503973484039307"
"8819","0.9708781242370605","0.9708781242370605","0.9708781242370605","1.3126519918441772","1.3126519918441772","1.3126519918441772","0.7176765203475952","0.7176765203475952","0.7176765203475952"
"8849","0.8548559546470642","0.8548559546470642","0.8548559546470642","1.4810806512832642","1.4810806512832642","1.4810806512832642","0.8778000473976135","0.8778000473976135","0.8778000473976135"
"8879","0.9624862670898438","0.9624862670898438","0.9624862670898438","1.1927001476287842","1.1927001476287842","1.1927001476287842","0.6181572079658508","0.6181572079658508","0.6181572079658508"
"8909","0.9251548647880554","0.9251548647880554","0.9251548647880554","1.5429668426513672","1.5429668426513672","1.5429668426513672","0.7157890796661377","0.7157890796661377","0.7157890796661377"
"8939","0.8793166875839233","0.8793166875839233","0.8793166875839233","1.1040828227996826","1.1040828227996826","1.1040828227996826","1.0831129550933838","1.0831129550933838","1.0831129550933838"
"8969","0.9362136721611023","0.9362136721611023","0.9362136721611023","1.162459135055542","1.162459135055542","1.162459135055542","0.6455962061882019","0.6455962061882019","0.6455962061882019"
"8999","0.9395953416824341","0.9395953416824341","0.9395953416824341","1.5455209016799927","1.5455209016799927","1.5455209016799927","0.8609663248062134","0.8609663248062134","0.8609663248062134"
"9029","0.8592219352722168","0.8592219352722168","0.8592219352722168","1.1520596742630005","1.1520596742630005","1.1520596742630005","0.6589099168777466","0.6589099168777466","0.6589099168777466"
"9059","0.9458246231079102","0.9458246231079102","0.9458246231079102","1.4507594108581543","1.4507594108581543","1.4507594108581543","0.86332768201828","0.86332768201828","0.86332768201828"
"9089","0.9353467226028442","0.9353467226028442","0.9353467226028442","1.294047236442566","1.294047236442566","1.294047236442566","0.7476924061775208","0.7476924061775208","0.7476924061775208"
"9119","0.9130936861038208","0.9130936861038208","0.9130936861038208","1.4327727556228638","1.4327727556228638","1.4327727556228638","0.7441262602806091","0.7441262602806091","0.7441262602806091"
"9149","0.9762736558914185","0.9762736558914185","0.9762736558914185","2.0719354152679443","2.0719354152679443","2.0719354152679443","1.0695091485977173","1.0695091485977173","1.0695091485977173"
"9179","0.9140841364860535","0.9140841364860535","0.9140841364860535","1.0613640546798706","1.0613640546798706","1.0613640546798706","0.5724560618400574","0.5724560618400574","0.5724560618400574"
"9209","0.8991247415542603","0.8991247415542603","0.8991247415542603","1.4831271171569824","1.4831271171569824","1.4831271171569824","1.086476445198059","1.086476445198059","1.086476445198059"
"9239","0.9183769226074219","0.9183769226074219","0.9183769226074219","1.2408809661865234","1.2408809661865234","1.2408809661865234","0.7454593777656555","0.7454593777656555","0.7454593777656555"
"9269","0.8871417045593262","0.8871417045593262","0.8871417045593262","1.3001819849014282","1.3001819849014282","1.3001819849014282","0.5559076070785522","0.5559076070785522","0.5559076070785522"
"9299","0.8903507590293884","0.8903507590293884","0.8903507590293884","0.9885649681091309","0.9885649681091309","0.9885649681091309","0.952305257320404","0.952305257320404","0.952305257320404"
"9329","0.9069430232048035","0.9069430232048035","0.9069430232048035","1.3097546100616455","1.3097546100616455","1.3097546100616455","1.2536795139312744","1.2536795139312744","1.2536795139312744"
"9359","0.8427347540855408","0.8427347540855408","0.8427347540855408","1.205801010131836","1.205801010131836","1.205801010131836","0.67731773853302","0.67731773853302","0.67731773853302"
"9389","0.8730970621109009","0.8730970621109009","0.8730970621109009","1.049899935722351","1.049899935722351","1.049899935722351","0.5261850357055664","0.5261850357055664","0.5261850357055664"
"9419","0.8569889664649963","0.8569889664649963","0.8569889664649963","1.0373889207839966","1.0373889207839966","1.0373889207839966","0.7467750906944275","0.7467750906944275","0.7467750906944275"
"9449","0.8991138935089111","0.8991138935089111","0.8991138935089111","1.2769094705581665","1.2769094705581665","1.2769094705581665","0.8106833696365356","0.8106833696365356","0.8106833696365356"
"9479","0.8074459433555603","0.8074459433555603","0.8074459433555603","1.2898820638656616","1.2898820638656616","1.2898820638656616","0.5931362509727478","0.5931362509727478","0.5931362509727478"
"9509","0.9065966606140137","0.9065966606140137","0.9065966606140137","1.0362099409103394","1.0362099409103394","1.0362099409103394","0.5412667393684387","0.5412667393684387","0.5412667393684387"
"9539","0.9279006719589233","0.9279006719589233","0.9279006719589233","1.6630840301513672","1.6630840301513672","1.6630840301513672","0.688839852809906","0.688839852809906","0.688839852809906"
"9569","0.841210126876831","0.841210126876831","0.841210126876831","1.3040286302566528","1.3040286302566528","1.3040286302566528","0.5905619263648987","0.5905619263648987","0.5905619263648987"
"9599","0.8862336277961731","0.8862336277961731","0.8862336277961731","1.253936767578125","1.253936767578125","1.253936767578125","0.8296868801116943","0.8296868801116943","0.8296868801116943"
"9629","0.8996200561523438","0.8996200561523438","0.8996200561523438","1.2823588848114014","1.2823588848114014","1.2823588848114014","0.958687424659729","0.958687424659729","0.958687424659729"
"9659","0.9050730466842651","0.9050730466842651","0.9050730466842651","1.4022772312164307","1.4022772312164307","1.4022772312164307","0.9662931561470032","0.9662931561470032","0.9662931561470032"
"9689","0.8898786902427673","0.8898786902427673","0.8898786902427673","1.0067358016967773","1.0067358016967773","1.0067358016967773","0.4865094721317291","0.4865094721317291","0.4865094721317291"
"9719","0.7986407279968262","0.7986407279968262","0.7986407279968262","1.0039851665496826","1.0039851665496826","1.0039851665496826","0.5470852255821228","0.5470852255821228","0.5470852255821228"
"9749","0.8282504081726074","0.8282504081726074","0.8282504081726074","1.0005595684051514","1.0005595684051514","1.0005595684051514","0.6795953512191772","0.6795953512191772","0.6795953512191772"
"9779","0.8166683912277222","0.8166683912277222","0.8166683912277222","1.4711261987686157","1.4711261987686157","1.4711261987686157","0.6068790555000305","0.6068790555000305","0.6068790555000305"
"9809","0.8139126300811768","0.8139126300811768","0.8139126300811768","0.9696587920188904","0.9696587920188904","0.9696587920188904","0.5104103088378906","0.5104103088378906","0.5104103088378906"
"9839","0.830596923828125","0.830596923828125","0.830596923828125","1.4682034254074097","1.4682034254074097","1.4682034254074097","0.6789354085922241","0.6789354085922241","0.6789354085922241"
"9869","0.8421836495399475","0.8421836495399475","0.8421836495399475","1.0789297819137573","1.0789297819137573","1.0789297819137573","0.8606142997741699","0.8606142997741699","0.8606142997741699"
"9899","0.8970248103141785","0.8970248103141785","0.8970248103141785","1.1547352075576782","1.1547352075576782","1.1547352075576782","0.4360961318016052","0.4360961318016052","0.4360961318016052"
"9929","0.8167562484741211","0.8167562484741211","0.8167562484741211","1.1453919410705566","1.1453919410705566","1.1453919410705566","0.8772416710853577","0.8772416710853577","0.8772416710853577"
"9959","0.8847529888153076","0.8847529888153076","0.8847529888153076","1.1566495895385742","1.1566495895385742","1.1566495895385742","0.9476786851882935","0.9476786851882935","0.9476786851882935"
"9989","0.8065008521080017","0.8065008521080017","0.8065008521080017","1.1154814958572388","1.1154814958572388","1.1154814958572388","0.7575074434280396","0.7575074434280396","0.7575074434280396"
"10019","0.8678796291351318","0.8678796291351318","0.8678796291351318","1.3305164575576782","1.3305164575576782","1.3305164575576782","0.7415997385978699","0.7415997385978699","0.7415997385978699"
"10049","0.812494158744812","0.812494158744812","0.812494158744812","0.9383888840675354","0.9383888840675354","0.9383888840675354","0.66025710105896","0.66025710105896","0.66025710105896"
"10079","0.8173624277114868","0.8173624277114868","0.8173624277114868","1.0782514810562134","1.0782514810562134","1.0782514810562134","0.8792283535003662","0.8792283535003662","0.8792283535003662"
"10109","0.8682613372802734","0.8682613372802734","0.8682613372802734","1.6032439470291138","1.6032439470291138","1.6032439470291138","0.8904613852500916","0.8904613852500916","0.8904613852500916"
"10139","0.8426960706710815","0.8426960706710815","0.8426960706710815","1.3431310653686523","1.3431310653686523","1.3431310653686523","0.46329110860824585","0.46329110860824585","0.46329110860824585"
"10169","0.7933069467544556","0.7933069467544556","0.7933069467544556","1.015446424484253","1.015446424484253","1.015446424484253","0.7262930274009705","0.7262930274009705","0.7262930274009705"
"10199","0.9479801654815674","0.9479801654815674","0.9479801654815674","1.2622078657150269","1.2622078657150269","1.2622078657150269","0.6040710806846619","0.6040710806846619","0.6040710806846619"
"10229","0.8458720445632935","0.8458720445632935","0.8458720445632935","0.9500321745872498","0.9500321745872498","0.9500321745872498","0.6115545630455017","0.6115545630455017","0.6115545630455017"
"10259","0.7788780331611633","0.7788780331611633","0.7788780331611633","1.3236480951309204","1.3236480951309204","1.3236480951309204","0.45625850558280945","0.45625850558280945","0.45625850558280945"
"10289","0.7473686933517456","0.7473686933517456","0.7473686933517456","1.1271694898605347","1.1271694898605347","1.1271694898605347","0.7003172039985657","0.7003172039985657","0.7003172039985657"
"10319","0.8197389245033264","0.8197389245033264","0.8197389245033264","0.8734861016273499","0.8734861016273499","0.8734861016273499","0.5435625314712524","0.5435625314712524","0.5435625314712524"
"10349","0.8833169341087341","0.8833169341087341","0.8833169341087341","1.2730793952941895","1.2730793952941895","1.2730793952941895","0.8765749931335449","0.8765749931335449","0.8765749931335449"
"10379","0.8402181267738342","0.8402181267738342","0.8402181267738342","1.107476830482483","1.107476830482483","1.107476830482483","0.8109003901481628","0.8109003901481628","0.8109003901481628"
"10409","0.7714669704437256","0.7714669704437256","0.7714669704437256","0.811767041683197","0.811767041683197","0.811767041683197","0.6642606854438782","0.6642606854438782","0.6642606854438782"
"10439","0.8522904515266418","0.8522904515266418","0.8522904515266418","1.1703343391418457","1.1703343391418457","1.1703343391418457","0.46660593152046204","0.46660593152046204","0.46660593152046204"
"10469","0.7276375889778137","0.7276375889778137","0.7276375889778137","0.9254623055458069","0.9254623055458069","0.9254623055458069","0.9539898633956909","0.9539898633956909","0.9539898633956909"
"10499","0.7873488664627075","0.7873488664627075","0.7873488664627075","0.9440513253211975","0.9440513253211975","0.9440513253211975","0.5459520220756531","0.5459520220756531","0.5459520220756531"
"10529","0.8658243417739868","0.8658243417739868","0.8658243417739868","1.119350552558899","1.119350552558899","1.119350552558899","0.7356995940208435","0.7356995940208435","0.7356995940208435"
"10559","0.9805447459220886","0.9805447459220886","0.9805447459220886","1.1398341655731201","1.1398341655731201","1.1398341655731201","0.8487827181816101","0.8487827181816101","0.8487827181816101"
"10589","0.7857713103294373","0.7857713103294373","0.7857713103294373","1.0404919385910034","1.0404919385910034","1.0404919385910034","0.569907009601593","0.569907009601593","0.569907009601593"
"10619","0.7820217609405518","0.7820217609405518","0.7820217609405518","1.0364469289779663","1.0364469289779663","1.0364469289779663","0.7749927639961243","0.7749927639961243","0.7749927639961243"
"10649","0.9231835603713989","0.9231835603713989","0.9231835603713989","1.1910841464996338","1.1910841464996338","1.1910841464996338","0.7962608337402344","0.7962608337402344","0.7962608337402344"
"10679","0.8226004838943481","0.8226004838943481","0.8226004838943481","1.3070874214172363","1.3070874214172363","1.3070874214172363","0.9112147092819214","0.9112147092819214","0.9112147092819214"
"10709","0.8124535083770752","0.8124535083770752","0.8124535083770752","0.9058374762535095","0.9058374762535095","0.9058374762535095","0.9897481799125671","0.9897481799125671","0.9897481799125671"
"10739","0.819526731967926","0.819526731967926","0.819526731967926","0.9456592202186584","0.9456592202186584","0.9456592202186584","0.5585834383964539","0.5585834383964539","0.5585834383964539"
"10769","0.825430154800415","0.825430154800415","0.825430154800415","1.2306326627731323","1.2306326627731323","1.2306326627731323","0.7149717807769775","0.7149717807769775","0.7149717807769775"
"10799","0.8417220115661621","0.8417220115661621","0.8417220115661621","0.9742304086685181","0.9742304086685181","0.9742304086685181","0.5048536658287048","0.5048536658287048","0.5048536658287048"
"10829","0.7877246141433716","0.7877246141433716","0.7877246141433716","0.9277465343475342","0.9277465343475342","0.9277465343475342","0.6091433167457581","0.6091433167457581","0.6091433167457581"
"10859","0.7803678512573242","0.7803678512573242","0.7803678512573242","1.2074044942855835","1.2074044942855835","1.2074044942855835","0.6828414797782898","0.6828414797782898","0.6828414797782898"
"10889","0.8304485082626343","0.8304485082626343","0.8304485082626343","1.1269874572753906","1.1269874572753906","1.1269874572753906","0.6621243357658386","0.6621243357658386","0.6621243357658386"
"10919","0.8067450523376465","0.8067450523376465","0.8067450523376465","0.9271066188812256","0.9271066188812256","0.9271066188812256","0.8964391946792603","0.8964391946792603","0.8964391946792603"
"10949","0.8339789509773254","0.8339789509773254","0.8339789509773254","0.9395812153816223","0.9395812153816223","0.9395812153816223","0.5211703181266785","0.5211703181266785","0.5211703181266785"
"10979","0.8854510188102722","0.8854510188102722","0.8854510188102722","0.980622410774231","0.980622410774231","0.980622410774231","0.7509416937828064","0.7509416937828064","0.7509416937828064"
"11009","0.7453699111938477","0.7453699111938477","0.7453699111938477","1.2251635789871216","1.2251635789871216","1.2251635789871216","0.503184974193573","0.503184974193573","0.503184974193573"
"11039","0.7782899141311646","0.7782899141311646","0.7782899141311646","0.9405676126480103","0.9405676126480103","0.9405676126480103","0.3684992790222168","0.3684992790222168","0.3684992790222168"
"11069","0.7926660776138306","0.7926660776138306","0.7926660776138306","0.8029420375823975","0.8029420375823975","0.8029420375823975","0.7276415228843689","0.7276415228843689","0.7276415228843689"
"11099","0.841805636882782","0.841805636882782","0.841805636882782","0.8758038282394409","0.8758038282394409","0.8758038282394409","0.8788009285926819","0.8788009285926819","0.8788009285926819"
"11129","0.784764289855957","0.784764289855957","0.784764289855957","0.9131909608840942","0.9131909608840942","0.9131909608840942","0.4136200547218323","0.4136200547218323","0.4136200547218323"
"11159","0.774553656578064","0.774553656578064","0.774553656578064","0.9415880441665649","0.9415880441665649","0.9415880441665649","0.4347952604293823","0.4347952604293823","0.4347952604293823"
"11189","0.7965797185897827","0.7965797185897827","0.7965797185897827","0.8963081240653992","0.8963081240653992","0.8963081240653992","0.8090730309486389","0.8090730309486389","0.8090730309486389"
"11219","0.7545700073242188","0.7545700073242188","0.7545700073242188","0.9897894263267517","0.9897894263267517","0.9897894263267517","0.5766207575798035","0.5766207575798035","0.5766207575798035"
"11249","0.698198676109314","0.698198676109314","0.698198676109314","0.867682933807373","0.867682933807373","0.867682933807373","0.34890204668045044","0.34890204668045044","0.34890204668045044"
"11279","0.7484532594680786","0.7484532594680786","0.7484532594680786","1.2455713748931885","1.2455713748931885","1.2455713748931885","0.7772343158721924","0.7772343158721924","0.7772343158721924"
"11309","0.7763312458992004","0.7763312458992004","0.7763312458992004","1.399226188659668","1.399226188659668","1.399226188659668","0.6623355150222778","0.6623355150222778","0.6623355150222778"
"11339","0.7511566281318665","0.7511566281318665","0.7511566281318665","1.6574180126190186","1.6574180126190186","1.6574180126190186","0.7357040047645569","0.7357040047645569","0.7357040047645569"
"11369","0.7162776589393616","0.7162776589393616","0.7162776589393616","1.088130235671997","1.088130235671997","1.088130235671997","0.9567451477050781","0.9567451477050781","0.9567451477050781"
"11399","0.759506106376648","0.759506106376648","0.759506106376648","0.9126214385032654","0.9126214385032654","0.9126214385032654","0.4950633943080902","0.4950633943080902","0.4950633943080902"
"11429","0.7647672891616821","0.7647672891616821","0.7647672891616821","1.221836805343628","1.221836805343628","1.221836805343628","0.5119232535362244","0.5119232535362244","0.5119232535362244"
"11459","0.7577245235443115","0.7577245235443115","0.7577245235443115","1.0975091457366943","1.0975091457366943","1.0975091457366943","0.7796342372894287","0.7796342372894287","0.7796342372894287"
"11489","0.7428464293479919","0.7428464293479919","0.7428464293479919","0.8851776719093323","0.8851776719093323","0.8851776719093323","0.5082217454910278","0.5082217454910278","0.5082217454910278"
"11519","0.7769255042076111","0.7769255042076111","0.7769255042076111","0.9325137138366699","0.9325137138366699","0.9325137138366699","0.7707650065422058","0.7707650065422058","0.7707650065422058"
"11549","0.7938197255134583","0.7938197255134583","0.7938197255134583","1.0609503984451294","1.0609503984451294","1.0609503984451294","0.5566738247871399","0.5566738247871399","0.5566738247871399"
"11579","0.6909611225128174","0.6909611225128174","0.6909611225128174","0.958658754825592","0.958658754825592","0.958658754825592","0.8886662125587463","0.8886662125587463","0.8886662125587463"
"11609","0.7110500931739807","0.7110500931739807","0.7110500931739807","1.1050984859466553","1.1050984859466553","1.1050984859466553","0.5070335865020752","0.5070335865020752","0.5070335865020752"
"11639","0.7559853792190552","0.7559853792190552","0.7559853792190552","0.9789133071899414","0.9789133071899414","0.9789133071899414","0.7435788512229919","0.7435788512229919","0.7435788512229919"
"11669","0.71614009141922","0.71614009141922","0.71614009141922","1.0946060419082642","1.0946060419082642","1.0946060419082642","0.46870824694633484","0.46870824694633484","0.46870824694633484"
"11699","0.9401534199714661","0.9401534199714661","0.9401534199714661","1.5427697896957397","1.5427697896957397","1.5427697896957397","0.5467163920402527","0.5467163920402527","0.5467163920402527"
"11729","0.981201171875","0.981201171875","0.981201171875","1.1369102001190186","1.1369102001190186","1.1369102001190186","0.6249843239784241","0.6249843239784241","0.6249843239784241"
"11759","0.6700049638748169","0.6700049638748169","0.6700049638748169","0.8884977698326111","0.8884977698326111","0.8884977698326111","0.6268749237060547","0.6268749237060547","0.6268749237060547"
"11789","0.7252952456474304","0.7252952456474304","0.7252952456474304","1.279662847518921","1.279662847518921","1.279662847518921","0.38689762353897095","0.38689762353897095","0.38689762353897095"
"11819","0.6832472085952759","0.6832472085952759","0.6832472085952759","1.247192144393921","1.247192144393921","1.247192144393921","0.39005422592163086","0.39005422592163086","0.39005422592163086"
"11849","0.7202063798904419","0.7202063798904419","0.7202063798904419","0.8193453550338745","0.8193453550338745","0.8193453550338745","0.41712287068367004","0.41712287068367004","0.41712287068367004"
"11879","0.7354571223258972","0.7354571223258972","0.7354571223258972","0.7886903285980225","0.7886903285980225","0.7886903285980225","0.7424379587173462","0.7424379587173462","0.7424379587173462"
"11909","0.7367537617683411","0.7367537617683411","0.7367537617683411","1.1592144966125488","1.1592144966125488","1.1592144966125488","0.6571933031082153","0.6571933031082153","0.6571933031082153"
"11939","0.7105305194854736","0.7105305194854736","0.7105305194854736","1.3766354322433472","1.3766354322433472","1.3766354322433472","0.5182524919509888","0.5182524919509888","0.5182524919509888"
"11969","0.70809406042099","0.70809406042099","0.70809406042099","1.40565025806427","1.40565025806427","1.40565025806427","0.49392589926719666","0.49392589926719666","0.49392589926719666"
"11999","0.7253126502037048","0.7253126502037048","0.7253126502037048","0.8917234539985657","0.8917234539985657","0.8917234539985657","0.6779869198799133","0.6779869198799133","0.6779869198799133"
"12029","0.6971940398216248","0.6971940398216248","0.6971940398216248","0.8358141779899597","0.8358141779899597","0.8358141779899597","0.612800121307373","0.612800121307373","0.612800121307373"
"12059","0.731643557548523","0.731643557548523","0.731643557548523","0.8284875154495239","0.8284875154495239","0.8284875154495239","0.58442223072052","0.58442223072052","0.58442223072052"
"12089","0.6846577525138855","0.6846577525138855","0.6846577525138855","0.9657325744628906","0.9657325744628906","0.9657325744628906","0.6234724521636963","0.6234724521636963","0.6234724521636963"
"12119","5.825022220611572","5.825022220611572","5.825022220611572","7.250616073608398","7.250616073608398","7.250616073608398","3.5919761657714844","3.5919761657714844","3.5919761657714844"
"12149","0.6771688461303711","0.6771688461303711","0.6771688461303711","0.9649611711502075","0.9649611711502075","0.9649611711502075","0.3780832886695862","0.3780832886695862","0.3780832886695862"
"12179","0.7502812147140503","0.7502812147140503","0.7502812147140503","1.0984355211257935","1.0984355211257935","1.0984355211257935","0.5378453135490417","0.5378453135490417","0.5378453135490417"
"12209","0.6835426092147827","0.6835426092147827","0.6835426092147827","0.7659250497817993","0.7659250497817993","0.7659250497817993","0.5629387497901917","0.5629387497901917","0.5629387497901917"
"12239","0.69295334815979","0.69295334815979","0.69295334815979","0.8067017793655396","0.8067017793655396","0.8067017793655396","0.3892063796520233","0.3892063796520233","0.3892063796520233"
"12269","0.6300811767578125","0.6300811767578125","0.6300811767578125","0.9959713816642761","0.9959713816642761","0.9959713816642761","0.42929893732070923","0.42929893732070923","0.42929893732070923"
"12299","0.6997408270835876","0.6997408270835876","0.6997408270835876","0.9528477787971497","0.9528477787971497","0.9528477787971497","0.57916259765625","0.57916259765625","0.57916259765625"
"12329","0.6419443488121033","0.6419443488121033","0.6419443488121033","0.8694013953208923","0.8694013953208923","0.8694013953208923","0.5946370363235474","0.5946370363235474","0.5946370363235474"
"12359","0.7015525102615356","0.7015525102615356","0.7015525102615356","1.0757976770401","1.0757976770401","1.0757976770401","0.531279444694519","0.531279444694519","0.531279444694519"
"12389","0.6807663440704346","0.6807663440704346","0.6807663440704346","0.911280632019043","0.911280632019043","0.911280632019043","0.9162559509277344","0.9162559509277344","0.9162559509277344"
"12419","0.6900305151939392","0.6900305151939392","0.6900305151939392","0.8461050987243652","0.8461050987243652","0.8461050987243652","0.7431936264038086","0.7431936264038086","0.7431936264038086"
"12449","0.6899242997169495","0.6899242997169495","0.6899242997169495","1.0999808311462402","1.0999808311462402","1.0999808311462402","0.6236854791641235","0.6236854791641235","0.6236854791641235"
"12479","0.7662762403488159","0.7662762403488159","0.7662762403488159","1.185874104499817","1.185874104499817","1.185874104499817","0.4732516407966614","0.4732516407966614","0.4732516407966614"
"12509","0.7362598776817322","0.7362598776817322","0.7362598776817322","0.8580358028411865","0.8580358028411865","0.8580358028411865","0.623126208782196","0.623126208782196","0.623126208782196"
"12539","0.8219747543334961","0.8219747543334961","0.8219747543334961","1.2659014463424683","1.2659014463424683","1.2659014463424683","0.3151416778564453","0.3151416778564453","0.3151416778564453"
"12569","0.7727072238922119","0.7727072238922119","0.7727072238922119","0.6619556546211243","0.6619556546211243","0.6619556546211243","0.5630362033843994","0.5630362033843994","0.5630362033843994"
"12599","0.6955792307853699","0.6955792307853699","0.6955792307853699","0.8605625033378601","0.8605625033378601","0.8605625033378601","0.5367751717567444","0.5367751717567444","0.5367751717567444"
"12629","0.6390367150306702","0.6390367150306702","0.6390367150306702","1.1954680681228638","1.1954680681228638","1.1954680681228638","0.4629438817501068","0.4629438817501068","0.4629438817501068"
"12659","0.7019718885421753","0.7019718885421753","0.7019718885421753","0.994089663028717","0.994089663028717","0.994089663028717","0.49728456139564514","0.49728456139564514","0.49728456139564514"
"12689","0.694584310054779","0.694584310054779","0.694584310054779","0.9105819463729858","0.9105819463729858","0.9105819463729858","0.47362685203552246","0.47362685203552246","0.47362685203552246"
"12719","0.7103684544563293","0.7103684544563293","0.7103684544563293","1.2047704458236694","1.2047704458236694","1.2047704458236694","0.398009717464447","0.398009717464447","0.398009717464447"
"12749","0.6694245934486389","0.6694245934486389","0.6694245934486389","0.9227699041366577","0.9227699041366577","0.9227699041366577","0.7445581555366516","0.7445581555366516","0.7445581555366516"
"12779","0.6815317273139954","0.6815317273139954","0.6815317273139954","0.8188923597335815","0.8188923597335815","0.8188923597335815","0.4318169355392456","0.4318169355392456","0.4318169355392456"
"12809","0.6422675251960754","0.6422675251960754","0.6422675251960754","0.9863627552986145","0.9863627552986145","0.9863627552986145","0.5579045414924622","0.5579045414924622","0.5579045414924622"
"12839","0.7369425892829895","0.7369425892829895","0.7369425892829895","1.163120150566101","1.163120150566101","1.163120150566101","0.5752370357513428","0.5752370357513428","0.5752370357513428"
"12869","0.8125219345092773","0.8125219345092773","0.8125219345092773","1.4169458150863647","1.4169458150863647","1.4169458150863647","0.7765012979507446","0.7765012979507446","0.7765012979507446"
"12899","0.661394476890564","0.661394476890564","0.661394476890564","0.964156985282898","0.964156985282898","0.964156985282898","0.4723416864871979","0.4723416864871979","0.4723416864871979"
"12929","0.7022019624710083","0.7022019624710083","0.7022019624710083","0.8612425327301025","0.8612425327301025","0.8612425327301025","0.44681304693222046","0.44681304693222046","0.44681304693222046"
"12959","0.6754156947135925","0.6754156947135925","0.6754156947135925","0.836586594581604","0.836586594581604","0.836586594581604","0.5673663020133972","0.5673663020133972","0.5673663020133972"
"12989","0.6318092942237854","0.6318092942237854","0.6318092942237854","0.9441084265708923","0.9441084265708923","0.9441084265708923","0.5015780329704285","0.5015780329704285","0.5015780329704285"
"13019","0.6323674917221069","0.6323674917221069","0.6323674917221069","0.7078669667243958","0.7078669667243958","0.7078669667243958","0.44734740257263184","0.44734740257263184","0.44734740257263184"
"13049","0.7144190669059753","0.7144190669059753","0.7144190669059753","1.200331211090088","1.200331211090088","1.200331211090088","0.7875803709030151","0.7875803709030151","0.7875803709030151"
"13079","0.6224833130836487","0.6224833130836487","0.6224833130836487","0.7647683024406433","0.7647683024406433","0.7647683024406433","0.3528261184692383","0.3528261184692383","0.3528261184692383"
"13109","0.7173207402229309","0.7173207402229309","0.7173207402229309","0.831720769405365","0.831720769405365","0.831720769405365","0.4467812180519104","0.4467812180519104","0.4467812180519104"
"13139","0.6831719875335693","0.6831719875335693","0.6831719875335693","1.0325653553009033","1.0325653553009033","1.0325653553009033","0.8278196454048157","0.8278196454048157","0.8278196454048157"
"13169","0.6058101654052734","0.6058101654052734","0.6058101654052734","0.8249477744102478","0.8249477744102478","0.8249477744102478","0.4706244468688965","0.4706244468688965","0.4706244468688965"
"13199","0.713683009147644","0.713683009147644","0.713683009147644","1.9298244714736938","1.9298244714736938","1.9298244714736938","0.4981788396835327","0.4981788396835327","0.4981788396835327"
"13229","0.6497177481651306","0.6497177481651306","0.6497177481651306","0.7473285794258118","0.7473285794258118","0.7473285794258118","0.35628169775009155","0.35628169775009155","0.35628169775009155"
"13259","0.6993622183799744","0.6993622183799744","0.6993622183799744","0.7235881090164185","0.7235881090164185","0.7235881090164185","0.418416827917099","0.418416827917099","0.418416827917099"
"13289","0.6473215818405151","0.6473215818405151","0.6473215818405151","0.7585991024971008","0.7585991024971008","0.7585991024971008","0.4164176881313324","0.4164176881313324","0.4164176881313324"
"13319","0.678710401058197","0.678710401058197","0.678710401058197","1.1130908727645874","1.1130908727645874","1.1130908727645874","0.3349934220314026","0.3349934220314026","0.3349934220314026"
"13349","0.7099898457527161","0.7099898457527161","0.7099898457527161","0.777127206325531","0.777127206325531","0.777127206325531","0.511845052242279","0.511845052242279","0.511845052242279"
"13379","0.647304356098175","0.647304356098175","0.647304356098175","0.9062286019325256","0.9062286019325256","0.9062286019325256","0.5718233585357666","0.5718233585357666","0.5718233585357666"
"13409","0.648283064365387","0.648283064365387","0.648283064365387","0.7105477452278137","0.7105477452278137","0.7105477452278137","0.4549698531627655","0.4549698531627655","0.4549698531627655"
"13439","0.7028536200523376","0.7028536200523376","0.7028536200523376","0.9064004421234131","0.9064004421234131","0.9064004421234131","0.5670161843299866","0.5670161843299866","0.5670161843299866"
"13469","0.6461610794067383","0.6461610794067383","0.6461610794067383","0.9648367166519165","0.9648367166519165","0.9648367166519165","0.4543592631816864","0.4543592631816864","0.4543592631816864"
"13499","0.6777998208999634","0.6777998208999634","0.6777998208999634","0.7529944181442261","0.7529944181442261","0.7529944181442261","0.5724114179611206","0.5724114179611206","0.5724114179611206"
"13529","0.6085320711135864","0.6085320711135864","0.6085320711135864","1.103115200996399","1.103115200996399","1.103115200996399","0.43810102343559265","0.43810102343559265","0.43810102343559265"
"13559","0.6496588587760925","0.6496588587760925","0.6496588587760925","0.7904589176177979","0.7904589176177979","0.7904589176177979","0.42202478647232056","0.42202478647232056","0.42202478647232056"
"13589","0.6612339615821838","0.6612339615821838","0.6612339615821838","0.7266445755958557","0.7266445755958557","0.7266445755958557","0.5740402340888977","0.5740402340888977","0.5740402340888977"
"13619","1.2584792375564575","1.2584792375564575","1.2584792375564575","0.8377149701118469","0.8377149701118469","0.8377149701118469","0.5550419688224792","0.5550419688224792","0.5550419688224792"
"13649","0.6567513942718506","0.6567513942718506","0.6567513942718506","0.8556650876998901","0.8556650876998901","0.8556650876998901","0.6080837249755859","0.6080837249755859","0.6080837249755859"
"13679","0.6567385792732239","0.6567385792732239","0.6567385792732239","0.7807822823524475","0.7807822823524475","0.7807822823524475","0.35099220275878906","0.35099220275878906","0.35099220275878906"
"13709","0.6599524617195129","0.6599524617195129","0.6599524617195129","0.9042520523071289","0.9042520523071289","0.9042520523071289","0.6534794569015503","0.6534794569015503","0.6534794569015503"
"13739","0.6140979528427124","0.6140979528427124","0.6140979528427124","0.947529673576355","0.947529673576355","0.947529673576355","0.5392778515815735","0.5392778515815735","0.5392778515815735"
"13769","0.6401487588882446","0.6401487588882446","0.6401487588882446","0.9503263831138611","0.9503263831138611","0.9503263831138611","0.5631718039512634","0.5631718039512634","0.5631718039512634"
"13799","0.6871417164802551","0.6871417164802551","0.6871417164802551","0.710242748260498","0.710242748260498","0.710242748260498","0.4153951406478882","0.4153951406478882","0.4153951406478882"
"13829","0.6449009776115417","0.6449009776115417","0.6449009776115417","0.6731941103935242","0.6731941103935242","0.6731941103935242","0.972237229347229","0.972237229347229","0.972237229347229"
"13859","0.6846336126327515","0.6846336126327515","0.6846336126327515","0.9477989077568054","0.9477989077568054","0.9477989077568054","0.4478522539138794","0.4478522539138794","0.4478522539138794"
"13889","0.644443929195404","0.644443929195404","0.644443929195404","0.869537889957428","0.869537889957428","0.869537889957428","0.41157183051109314","0.41157183051109314","0.41157183051109314"
"13919","0.6156911253929138","0.6156911253929138","0.6156911253929138","0.7175898551940918","0.7175898551940918","0.7175898551940918","0.35354915261268616","0.35354915261268616","0.35354915261268616"
"13949","0.6437670588493347","0.6437670588493347","0.6437670588493347","0.8421565294265747","0.8421565294265747","0.8421565294265747","0.33590540289878845","0.33590540289878845","0.33590540289878845"
"13979","0.6275701522827148","0.6275701522827148","0.6275701522827148","0.8622859120368958","0.8622859120368958","0.8622859120368958","0.4948475658893585","0.4948475658893585","0.4948475658893585"
"14009","0.5854523181915283","0.5854523181915283","0.5854523181915283","0.6937687397003174","0.6937687397003174","0.6937687397003174","0.2958728075027466","0.2958728075027466","0.2958728075027466"
"14039","0.6171237230300903","0.6171237230300903","0.6171237230300903","0.6916796565055847","0.6916796565055847","0.6916796565055847","0.3884231448173523","0.3884231448173523","0.3884231448173523"
"14069","0.6023913025856018","0.6023913025856018","0.6023913025856018","0.8013654351234436","0.8013654351234436","0.8013654351234436","0.5260438323020935","0.5260438323020935","0.5260438323020935"
"14099","0.6023117303848267","0.6023117303848267","0.6023117303848267","0.8215457201004028","0.8215457201004028","0.8215457201004028","0.44685089588165283","0.44685089588165283","0.44685089588165283"
"14129","0.7882081270217896","0.7882081270217896","0.7882081270217896","1.030967354774475","1.030967354774475","1.030967354774475","0.36331167817115784","0.36331167817115784","0.36331167817115784"
"14159","0.6397144198417664","0.6397144198417664","0.6397144198417664","0.9433242678642273","0.9433242678642273","0.9433242678642273","0.598059892654419","0.598059892654419","0.598059892654419"
"14189","0.6575214266777039","0.6575214266777039","0.6575214266777039","0.735145628452301","0.735145628452301","0.735145628452301","0.5264080762863159","0.5264080762863159","0.5264080762863159"
"14219","0.6075724363327026","0.6075724363327026","0.6075724363327026","0.7454986572265625","0.7454986572265625","0.7454986572265625","0.5028364658355713","0.5028364658355713","0.5028364658355713"
"14249","0.6216367483139038","0.6216367483139038","0.6216367483139038","0.9137280583381653","0.9137280583381653","0.9137280583381653","0.4368131458759308","0.4368131458759308","0.4368131458759308"
"14279","0.6264660358428955","0.6264660358428955","0.6264660358428955","0.8809948563575745","0.8809948563575745","0.8809948563575745","0.48935988545417786","0.48935988545417786","0.48935988545417786"
"14309","0.611710786819458","0.611710786819458","0.611710786819458","1.8945506811141968","1.8945506811141968","1.8945506811141968","0.6332409977912903","0.6332409977912903","0.6332409977912903"
"14339","0.5759000778198242","0.5759000778198242","0.5759000778198242","0.9636572003364563","0.9636572003364563","0.9636572003364563","0.38607096672058105","0.38607096672058105","0.38607096672058105"
"14369","0.6138418912887573","0.6138418912887573","0.6138418912887573","1.8755004405975342","1.8755004405975342","1.8755004405975342","0.7302090525627136","0.7302090525627136","0.7302090525627136"
"14399","0.6118093729019165","0.6118093729019165","0.6118093729019165","0.739784836769104","0.739784836769104","0.739784836769104","0.4058719575405121","0.4058719575405121","0.4058719575405121"
"14429","0.5846725106239319","0.5846725106239319","0.5846725106239319","0.7766042351722717","0.7766042351722717","0.7766042351722717","0.4596550762653351","0.4596550762653351","0.4596550762653351"
"14459","0.62614905834198","0.62614905834198","0.62614905834198","0.7013026475906372","0.7013026475906372","0.7013026475906372","0.336049348115921","0.336049348115921","0.336049348115921"
"14489","0.6059701442718506","0.6059701442718506","0.6059701442718506","0.6676892638206482","0.6676892638206482","0.6676892638206482","0.3345048725605011","0.3345048725605011","0.3345048725605011"
"14519","0.6982339024543762","0.6982339024543762","0.6982339024543762","1.233666181564331","1.233666181564331","1.233666181564331","0.34476348757743835","0.34476348757743835","0.34476348757743835"
"14549","0.6117704510688782","0.6117704510688782","0.6117704510688782","1.4464887380599976","1.4464887380599976","1.4464887380599976","0.4167494773864746","0.4167494773864746","0.4167494773864746"
"14579","0.5918228030204773","0.5918228030204773","0.5918228030204773","0.7675980925559998","0.7675980925559998","0.7675980925559998","0.23575660586357117","0.23575660586357117","0.23575660586357117"
"14609","0.6343236565589905","0.6343236565589905","0.6343236565589905","0.7117599248886108","0.7117599248886108","0.7117599248886108","0.3316650688648224","0.3316650688648224","0.3316650688648224"
"14639","0.6917672753334045","0.6917672753334045","0.6917672753334045","1.012096881866455","1.012096881866455","1.012096881866455","0.3400094509124756","0.3400094509124756","0.3400094509124756"
"14669","0.6003695726394653","0.6003695726394653","0.6003695726394653","0.7334848046302795","0.7334848046302795","0.7334848046302795","0.3097241520881653","0.3097241520881653","0.3097241520881653"
"14699","0.556221604347229","0.556221604347229","0.556221604347229","1.3120530843734741","1.3120530843734741","1.3120530843734741","0.3624107241630554","0.3624107241630554","0.3624107241630554"
"14729","0.6690341234207153","0.6690341234207153","0.6690341234207153","0.6757539510726929","0.6757539510726929","0.6757539510726929","0.30977383255958557","0.30977383255958557","0.30977383255958557"
"14759","0.5929177403450012","0.5929177403450012","0.5929177403450012","0.6620786786079407","0.6620786786079407","0.6620786786079407","0.3775789439678192","0.3775789439678192","0.3775789439678192"
"14789","0.6011053323745728","0.6011053323745728","0.6011053323745728","0.7174769639968872","0.7174769639968872","0.7174769639968872","0.425665020942688","0.425665020942688","0.425665020942688"
"14819","0.5457479953765869","0.5457479953765869","0.5457479953765869","0.7080768942832947","0.7080768942832947","0.7080768942832947","0.34719520807266235","0.34719520807266235","0.34719520807266235"
"14849","0.5700592398643494","0.5700592398643494","0.5700592398643494","0.7775611877441406","0.7775611877441406","0.7775611877441406","0.3521735370159149","0.3521735370159149","0.3521735370159149"
"14879","0.7987995147705078","0.7987995147705078","0.7987995147705078","1.3568189144134521","1.3568189144134521","1.3568189144134521","0.48447680473327637","0.48447680473327637","0.48447680473327637"
"14909","0.6175409555435181","0.6175409555435181","0.6175409555435181","0.9253275990486145","0.9253275990486145","0.9253275990486145","0.4290374517440796","0.4290374517440796","0.4290374517440796"
"14939","0.5895750522613525","0.5895750522613525","0.5895750522613525","0.7136133909225464","0.7136133909225464","0.7136133909225464","0.6255265474319458","0.6255265474319458","0.6255265474319458"
"14969","0.6261835098266602","0.6261835098266602","0.6261835098266602","1.5146363973617554","1.5146363973617554","1.5146363973617554","0.35138505697250366","0.35138505697250366","0.35138505697250366"
"14999","0.5882689356803894","0.5882689356803894","0.5882689356803894","0.7746189832687378","0.7746189832687378","0.7746189832687378","0.7121096849441528","0.7121096849441528","0.7121096849441528"
"15029","0.5431826710700989","0.5431826710700989","0.5431826710700989","0.6692031621932983","0.6692031621932983","0.6692031621932983","0.37697702646255493","0.37697702646255493","0.37697702646255493"
"15059","0.5513134002685547","0.5513134002685547","0.5513134002685547","1.0154260396957397","1.0154260396957397","1.0154260396957397","0.36668941378593445","0.36668941378593445","0.36668941378593445"
"15089","0.5840739011764526","0.5840739011764526","0.5840739011764526","0.7859792709350586","0.7859792709350586","0.7859792709350586","0.2530011832714081","0.2530011832714081","0.2530011832714081"
"15119","0.5584957599639893","0.5584957599639893","0.5584957599639893","0.690904974937439","0.690904974937439","0.690904974937439","0.41319915652275085","0.41319915652275085","0.41319915652275085"
"15149","0.5661601424217224","0.5661601424217224","0.5661601424217224","0.7367805242538452","0.7367805242538452","0.7367805242538452","0.5162875056266785","0.5162875056266785","0.5162875056266785"
"15179","0.5868075489997864","0.5868075489997864","0.5868075489997864","0.8736555576324463","0.8736555576324463","0.8736555576324463","0.43866148591041565","0.43866148591041565","0.43866148591041565"
"15209","0.5743408799171448","0.5743408799171448","0.5743408799171448","0.8169741630554199","0.8169741630554199","0.8169741630554199","0.3203766644001007","0.3203766644001007","0.3203766644001007"
"15239","0.5619911551475525","0.5619911551475525","0.5619911551475525","0.8670531511306763","0.8670531511306763","0.8670531511306763","0.39241135120391846","0.39241135120391846","0.39241135120391846"
"15269","0.5944148302078247","0.5944148302078247","0.5944148302078247","1.152740716934204","1.152740716934204","1.152740716934204","0.45660528540611267","0.45660528540611267","0.45660528540611267"
"15299","0.5857390761375427","0.5857390761375427","0.5857390761375427","0.8265135884284973","0.8265135884284973","0.8265135884284973","0.39341816306114197","0.39341816306114197","0.39341816306114197"
"15329","0.5514673590660095","0.5514673590660095","0.5514673590660095","0.7524177432060242","0.7524177432060242","0.7524177432060242","0.4083506166934967","0.4083506166934967","0.4083506166934967"
"15359","0.6139165163040161","0.6139165163040161","0.6139165163040161","0.8746705651283264","0.8746705651283264","0.8746705651283264","0.43983736634254456","0.43983736634254456","0.43983736634254456"
"15389","0.5441187024116516","0.5441187024116516","0.5441187024116516","1.2223446369171143","1.2223446369171143","1.2223446369171143","0.3072487711906433","0.3072487711906433","0.3072487711906433"
"15419","0.570499837398529","0.570499837398529","0.570499837398529","0.8678436279296875","0.8678436279296875","0.8678436279296875","0.3387569487094879","0.3387569487094879","0.3387569487094879"
"15449","0.5660839080810547","0.5660839080810547","0.5660839080810547","0.6873480081558228","0.6873480081558228","0.6873480081558228","0.41826164722442627","0.41826164722442627","0.41826164722442627"
"15479","0.562038242816925","0.562038242816925","0.562038242816925","0.6560819149017334","0.6560819149017334","0.6560819149017334","0.5476909279823303","0.5476909279823303","0.5476909279823303"
"15509","0.5743991136550903","0.5743991136550903","0.5743991136550903","0.7658054828643799","0.7658054828643799","0.7658054828643799","0.38802316784858704","0.38802316784858704","0.38802316784858704"
"15539","0.5661736130714417","0.5661736130714417","0.5661736130714417","0.7806170582771301","0.7806170582771301","0.7806170582771301","0.3404812514781952","0.3404812514781952","0.3404812514781952"
"15569","0.5532731413841248","0.5532731413841248","0.5532731413841248","0.7272814512252808","0.7272814512252808","0.7272814512252808","0.43542784452438354","0.43542784452438354","0.43542784452438354"
"15599","0.5418543815612793","0.5418543815612793","0.5418543815612793","0.7121680974960327","0.7121680974960327","0.7121680974960327","0.3881154954433441","0.3881154954433441","0.3881154954433441"
"15629","0.5452741980552673","0.5452741980552673","0.5452741980552673","1.6906403303146362","1.6906403303146362","1.6906403303146362","0.403681218624115","0.403681218624115","0.403681218624115"
"15659","0.5401690006256104","0.5401690006256104","0.5401690006256104","2.4625439643859863","2.4625439643859863","2.4625439643859863","0.31590139865875244","0.31590139865875244","0.31590139865875244"
"15689","0.5482208728790283","0.5482208728790283","0.5482208728790283","1.1337170600891113","1.1337170600891113","1.1337170600891113","0.6396416425704956","0.6396416425704956","0.6396416425704956"
"15719","0.5854973196983337","0.5854973196983337","0.5854973196983337","0.652767539024353","0.652767539024353","0.652767539024353","0.33348169922828674","0.33348169922828674","0.33348169922828674"
"15749","0.622847855091095","0.622847855091095","0.622847855091095","1.0561223030090332","1.0561223030090332","1.0561223030090332","0.45787572860717773","0.45787572860717773","0.45787572860717773"
"15779","0.5793599486351013","0.5793599486351013","0.5793599486351013","0.7773523330688477","0.7773523330688477","0.7773523330688477","0.37223678827285767","0.37223678827285767","0.37223678827285767"
"15809","0.49959975481033325","0.49959975481033325","0.49959975481033325","0.7257975339889526","0.7257975339889526","0.7257975339889526","0.45494502782821655","0.45494502782821655","0.45494502782821655"
"15839","0.5612639784812927","0.5612639784812927","0.5612639784812927","0.7445717453956604","0.7445717453956604","0.7445717453956604","0.2706014811992645","0.2706014811992645","0.2706014811992645"
"15869","0.5286160707473755","0.5286160707473755","0.5286160707473755","0.6600208282470703","0.6600208282470703","0.6600208282470703","0.4817228317260742","0.4817228317260742","0.4817228317260742"
"15899","0.5778008103370667","0.5778008103370667","0.5778008103370667","0.7270470857620239","0.7270470857620239","0.7270470857620239","0.4340788424015045","0.4340788424015045","0.4340788424015045"
"15929","0.5763819217681885","0.5763819217681885","0.5763819217681885","0.8626706004142761","0.8626706004142761","0.8626706004142761","0.5934898853302002","0.5934898853302002","0.5934898853302002"
"15959","0.5527194738388062","0.5527194738388062","0.5527194738388062","0.6887127757072449","0.6887127757072449","0.6887127757072449","0.5112082958221436","0.5112082958221436","0.5112082958221436"
"15989","0.5331621170043945","0.5331621170043945","0.5331621170043945","0.6634740233421326","0.6634740233421326","0.6634740233421326","0.26186418533325195","0.26186418533325195","0.26186418533325195"
"16019","0.5982698798179626","0.5982698798179626","0.5982698798179626","0.9254516363143921","0.9254516363143921","0.9254516363143921","0.40731281042099","0.40731281042099","0.40731281042099"
"16049","0.5476762056350708","0.5476762056350708","0.5476762056350708","0.9373606443405151","0.9373606443405151","0.9373606443405151","0.3295229971408844","0.3295229971408844","0.3295229971408844"
"16079","0.5236482620239258","0.5236482620239258","0.5236482620239258","0.556499183177948","0.556499183177948","0.556499183177948","0.4740658402442932","0.4740658402442932","0.4740658402442932"
"16109","0.5799198746681213","0.5799198746681213","0.5799198746681213","0.7672389149665833","0.7672389149665833","0.7672389149665833","0.6004701852798462","0.6004701852798462","0.6004701852798462"
"16139","0.5329728722572327","0.5329728722572327","0.5329728722572327","0.6623145937919617","0.6623145937919617","0.6623145937919617","0.3195243775844574","0.3195243775844574","0.3195243775844574"
"16169","0.5509821176528931","0.5509821176528931","0.5509821176528931","1.000298023223877","1.000298023223877","1.000298023223877","0.26885607838630676","0.26885607838630676","0.26885607838630676"
"16199","0.5028085708618164","0.5028085708618164","0.5028085708618164","0.8150545954704285","0.8150545954704285","0.8150545954704285","0.22262495756149292","0.22262495756149292","0.22262495756149292"
"16229","0.5461885929107666","0.5461885929107666","0.5461885929107666","0.6109715700149536","0.6109715700149536","0.6109715700149536","0.21335867047309875","0.21335867047309875","0.21335867047309875"
"16259","0.5410637259483337","0.5410637259483337","0.5410637259483337","0.7317329049110413","0.7317329049110413","0.7317329049110413","0.6151601076126099","0.6151601076126099","0.6151601076126099"
"16289","0.5459671020507812","0.5459671020507812","0.5459671020507812","1.091274380683899","1.091274380683899","1.091274380683899","0.2749587595462799","0.2749587595462799","0.2749587595462799"
"16319","0.5620905160903931","0.5620905160903931","0.5620905160903931","0.6442272663116455","0.6442272663116455","0.6442272663116455","0.4629504978656769","0.4629504978656769","0.4629504978656769"
"16349","0.5732033252716064","0.5732033252716064","0.5732033252716064","0.616765558719635","0.616765558719635","0.616765558719635","0.5242711305618286","0.5242711305618286","0.5242711305618286"
"16379","0.587783932685852","0.587783932685852","0.587783932685852","0.6326757073402405","0.6326757073402405","0.6326757073402405","0.3849587142467499","0.3849587142467499","0.3849587142467499"
"16409","0.5523973107337952","0.5523973107337952","0.5523973107337952","0.6605486869812012","0.6605486869812012","0.6605486869812012","0.4593276083469391","0.4593276083469391","0.4593276083469391"
"16439","0.7082435488700867","0.7082435488700867","0.7082435488700867","0.7629830837249756","0.7629830837249756","0.7629830837249756","0.3783739507198334","0.3783739507198334","0.3783739507198334"
"16469","0.5131499171257019","0.5131499171257019","0.5131499171257019","1.0284748077392578","1.0284748077392578","1.0284748077392578","0.22148223221302032","0.22148223221302032","0.22148223221302032"
"16499","0.5300791263580322","0.5300791263580322","0.5300791263580322","0.8126657605171204","0.8126657605171204","0.8126657605171204","0.3248589336872101","0.3248589336872101","0.3248589336872101"
"16529","0.550544023513794","0.550544023513794","0.550544023513794","0.7141571640968323","0.7141571640968323","0.7141571640968323","0.4012346863746643","0.4012346863746643","0.4012346863746643"
"16559","0.548055112361908","0.548055112361908","0.548055112361908","0.7064457535743713","0.7064457535743713","0.7064457535743713","0.3264722228050232","0.3264722228050232","0.3264722228050232"
"16589","0.5190516710281372","0.5190516710281372","0.5190516710281372","0.6327860355377197","0.6327860355377197","0.6327860355377197","0.39706650376319885","0.39706650376319885","0.39706650376319885"
"16619","0.5655517578125","0.5655517578125","0.5655517578125","1.5195482969284058","1.5195482969284058","1.5195482969284058","0.3277928829193115","0.3277928829193115","0.3277928829193115"
"16649","0.5639819502830505","0.5639819502830505","0.5639819502830505","0.5246241688728333","0.5246241688728333","0.5246241688728333","0.3804352581501007","0.3804352581501007","0.3804352581501007"
"16679","0.5316451787948608","0.5316451787948608","0.5316451787948608","0.702803909778595","0.702803909778595","0.702803909778595","0.4902626574039459","0.4902626574039459","0.4902626574039459"
"16709","0.5113440155982971","0.5113440155982971","0.5113440155982971","0.8221747875213623","0.8221747875213623","0.8221747875213623","0.2847873866558075","0.2847873866558075","0.2847873866558075"
"16739","0.5558316111564636","0.5558316111564636","0.5558316111564636","0.6489331126213074","0.6489331126213074","0.6489331126213074","0.5317920446395874","0.5317920446395874","0.5317920446395874"
"16769","0.5417399406433105","0.5417399406433105","0.5417399406433105","0.6599235534667969","0.6599235534667969","0.6599235534667969","0.44260215759277344","0.44260215759277344","0.44260215759277344"
"16799","0.5600638389587402","0.5600638389587402","0.5600638389587402","0.7277108430862427","0.7277108430862427","0.7277108430862427","0.3299200236797333","0.3299200236797333","0.3299200236797333"
"16829","0.5101979374885559","0.5101979374885559","0.5101979374885559","0.6050848960876465","0.6050848960876465","0.6050848960876465","0.42300182580947876","0.42300182580947876","0.42300182580947876"
"16859","0.509824275970459","0.509824275970459","0.509824275970459","0.6938877105712891","0.6938877105712891","0.6938877105712891","0.5263904333114624","0.5263904333114624","0.5263904333114624"
"16889","0.612113893032074","0.612113893032074","0.612113893032074","0.6900327205657959","0.6900327205657959","0.6900327205657959","0.5442275404930115","0.5442275404930115","0.5442275404930115"
"16919","0.5055391788482666","0.5055391788482666","0.5055391788482666","0.647621750831604","0.647621750831604","0.647621750831604","0.4402529001235962","0.4402529001235962","0.4402529001235962"
"16949","0.5258063077926636","0.5258063077926636","0.5258063077926636","0.8534079790115356","0.8534079790115356","0.8534079790115356","0.42050111293792725","0.42050111293792725","0.42050111293792725"
"16979","0.48243772983551025","0.48243772983551025","0.48243772983551025","0.6194668412208557","0.6194668412208557","0.6194668412208557","0.3287482261657715","0.3287482261657715","0.3287482261657715"
"17009","0.6210559606552124","0.6210559606552124","0.6210559606552124","1.0172945261001587","1.0172945261001587","1.0172945261001587","0.2888600528240204","0.2888600528240204","0.2888600528240204"
"17039","0.49891775846481323","0.49891775846481323","0.49891775846481323","1.3134738206863403","1.3134738206863403","1.3134738206863403","0.26589855551719666","0.26589855551719666","0.26589855551719666"
"17069","0.5246699452400208","0.5246699452400208","0.5246699452400208","0.6496076583862305","0.6496076583862305","0.6496076583862305","0.3501967489719391","0.3501967489719391","0.3501967489719391"
"17099","0.5076379776000977","0.5076379776000977","0.5076379776000977","0.7705576419830322","0.7705576419830322","0.7705576419830322","0.2909761369228363","0.2909761369228363","0.2909761369228363"
"17129","0.48440879583358765","0.48440879583358765","0.48440879583358765","0.8249853849411011","0.8249853849411011","0.8249853849411011","0.3271535336971283","0.3271535336971283","0.3271535336971283"
"17159","0.5137561559677124","0.5137561559677124","0.5137561559677124","0.8393016457557678","0.8393016457557678","0.8393016457557678","0.5850779414176941","0.5850779414176941","0.5850779414176941"
"17189","0.5166781544685364","0.5166781544685364","0.5166781544685364","0.6693527102470398","0.6693527102470398","0.6693527102470398","0.45679453015327454","0.45679453015327454","0.45679453015327454"
"17219","0.5308739542961121","0.5308739542961121","0.5308739542961121","0.5633302330970764","0.5633302330970764","0.5633302330970764","0.3211532235145569","0.3211532235145569","0.3211532235145569"
"17249","0.5360680818557739","0.5360680818557739","0.5360680818557739","0.7200637459754944","0.7200637459754944","0.7200637459754944","0.288218230009079","0.288218230009079","0.288218230009079"
"17279","0.49750328063964844","0.49750328063964844","0.49750328063964844","0.6773194670677185","0.6773194670677185","0.6773194670677185","0.4283229410648346","0.4283229410648346","0.4283229410648346"
"17309","0.5498791933059692","0.5498791933059692","0.5498791933059692","0.5923624038696289","0.5923624038696289","0.5923624038696289","0.35809341073036194","0.35809341073036194","0.35809341073036194"
"17339","0.4777580499649048","0.4777580499649048","0.4777580499649048","0.9596636891365051","0.9596636891365051","0.9596636891365051","0.26407045125961304","0.26407045125961304","0.26407045125961304"
"17369","0.5026417970657349","0.5026417970657349","0.5026417970657349","0.7659005522727966","0.7659005522727966","0.7659005522727966","0.4223322868347168","0.4223322868347168","0.4223322868347168"
"17399","0.5428130030632019","0.5428130030632019","0.5428130030632019","0.6895459890365601","0.6895459890365601","0.6895459890365601","0.21017032861709595","0.21017032861709595","0.21017032861709595"
"17429","0.5590236783027649","0.5590236783027649","0.5590236783027649","0.7116391658782959","0.7116391658782959","0.7116391658782959","0.643250048160553","0.643250048160553","0.643250048160553"
"17459","0.4937523603439331","0.4937523603439331","0.4937523603439331","0.6092260479927063","0.6092260479927063","0.6092260479927063","0.2591199576854706","0.2591199576854706","0.2591199576854706"
"17489","0.4753498435020447","0.4753498435020447","0.4753498435020447","1.0835617780685425","1.0835617780685425","1.0835617780685425","0.399533748626709","0.399533748626709","0.399533748626709"
"17519","0.5520765781402588","0.5520765781402588","0.5520765781402588","0.6600724458694458","0.6600724458694458","0.6600724458694458","0.2777947783470154","0.2777947783470154","0.2777947783470154"
"17549","0.6027830243110657","0.6027830243110657","0.6027830243110657","1.5170687437057495","1.5170687437057495","1.5170687437057495","0.6139867901802063","0.6139867901802063","0.6139867901802063"
"17579","0.4563947319984436","0.4563947319984436","0.4563947319984436","1.0442322492599487","1.0442322492599487","1.0442322492599487","0.22369365394115448","0.22369365394115448","0.22369365394115448"
"17609","0.5207703113555908","0.5207703113555908","0.5207703113555908","0.7642810940742493","0.7642810940742493","0.7642810940742493","0.37512078881263733","0.37512078881263733","0.37512078881263733"
"17639","0.5597588419914246","0.5597588419914246","0.5597588419914246","0.641356885433197","0.641356885433197","0.641356885433197","0.411781907081604","0.411781907081604","0.411781907081604"
"17669","0.5510491728782654","0.5510491728782654","0.5510491728782654","0.7032277584075928","0.7032277584075928","0.7032277584075928","0.4072696566581726","0.4072696566581726","0.4072696566581726"
"17699","0.5496422052383423","0.5496422052383423","0.5496422052383423","2.252227544784546","2.252227544784546","2.252227544784546","0.4140758514404297","0.4140758514404297","0.4140758514404297"
"17729","0.5054044127464294","0.5054044127464294","0.5054044127464294","0.6291860342025757","0.6291860342025757","0.6291860342025757","0.47276771068573","0.47276771068573","0.47276771068573"
"17759","0.5082897543907166","0.5082897543907166","0.5082897543907166","0.802790105342865","0.802790105342865","0.802790105342865","0.33058005571365356","0.33058005571365356","0.33058005571365356"
"17789","0.5350388288497925","0.5350388288497925","0.5350388288497925","1.225245475769043","1.225245475769043","1.225245475769043","0.25256961584091187","0.25256961584091187","0.25256961584091187"
"17819","0.5316788554191589","0.5316788554191589","0.5316788554191589","0.6160062551498413","0.6160062551498413","0.6160062551498413","0.26636478304862976","0.26636478304862976","0.26636478304862976"
"17849","0.4926659166812897","0.4926659166812897","0.4926659166812897","0.5558659434318542","0.5558659434318542","0.5558659434318542","0.29408252239227295","0.29408252239227295","0.29408252239227295"
"17879","0.5204042196273804","0.5204042196273804","0.5204042196273804","0.6965771317481995","0.6965771317481995","0.6965771317481995","0.42873674631118774","0.42873674631118774","0.42873674631118774"
"17909","0.5109298229217529","0.5109298229217529","0.5109298229217529","0.5953108072280884","0.5953108072280884","0.5953108072280884","0.4757096767425537","0.4757096767425537","0.4757096767425537"
"17939","0.49604108929634094","0.49604108929634094","0.49604108929634094","0.72649747133255","0.72649747133255","0.72649747133255","0.6931626796722412","0.6931626796722412","0.6931626796722412"
"17969","0.5739555954933167","0.5739555954933167","0.5739555954933167","0.6149629950523376","0.6149629950523376","0.6149629950523376","0.3892585039138794","0.3892585039138794","0.3892585039138794"
"17999","0.5502634644508362","0.5502634644508362","0.5502634644508362","0.7228726148605347","0.7228726148605347","0.7228726148605347","0.4596852660179138","0.4596852660179138","0.4596852660179138"
"18029","0.5018499493598938","0.5018499493598938","0.5018499493598938","0.7555477023124695","0.7555477023124695","0.7555477023124695","0.4983782172203064","0.4983782172203064","0.4983782172203064"
"18059","0.5020281672477722","0.5020281672477722","0.5020281672477722","0.5800506472587585","0.5800506472587585","0.5800506472587585","0.26918745040893555","0.26918745040893555","0.26918745040893555"
"18089","0.4964136779308319","0.4964136779308319","0.4964136779308319","0.6699014902114868","0.6699014902114868","0.6699014902114868","0.2890635132789612","0.2890635132789612","0.2890635132789612"
"18119","0.4892663359642029","0.4892663359642029","0.4892663359642029","0.7308918833732605","0.7308918833732605","0.7308918833732605","0.570859432220459","0.570859432220459","0.570859432220459"
"18149","0.43145620822906494","0.43145620822906494","0.43145620822906494","0.5528623461723328","0.5528623461723328","0.5528623461723328","0.4160798490047455","0.4160798490047455","0.4160798490047455"
"18179","0.48616576194763184","0.48616576194763184","0.48616576194763184","0.7993341088294983","0.7993341088294983","0.7993341088294983","0.34168902039527893","0.34168902039527893","0.34168902039527893"
"18209","0.5159659385681152","0.5159659385681152","0.5159659385681152","0.6490169167518616","0.6490169167518616","0.6490169167518616","0.4431266784667969","0.4431266784667969","0.4431266784667969"
"18239","0.49139395356178284","0.49139395356178284","0.49139395356178284","0.5784452557563782","0.5784452557563782","0.5784452557563782","0.2083529382944107","0.2083529382944107","0.2083529382944107"
"18269","0.6255260109901428","0.6255260109901428","0.6255260109901428","1.4018486738204956","1.4018486738204956","1.4018486738204956","0.43914854526519775","0.43914854526519775","0.43914854526519775"
"18299","0.5231630206108093","0.5231630206108093","0.5231630206108093","0.998175859451294","0.998175859451294","0.998175859451294","0.40461403131484985","0.40461403131484985","0.40461403131484985"
"18329","0.45244359970092773","0.45244359970092773","0.45244359970092773","0.5866511464118958","0.5866511464118958","0.5866511464118958","0.2912519574165344","0.2912519574165344","0.2912519574165344"
"18359","0.4617243707180023","0.4617243707180023","0.4617243707180023","0.652392566204071","0.652392566204071","0.652392566204071","0.5335140228271484","0.5335140228271484","0.5335140228271484"
"18389","0.4807284474372864","0.4807284474372864","0.4807284474372864","0.6307223439216614","0.6307223439216614","0.6307223439216614","0.2958393096923828","0.2958393096923828","0.2958393096923828"
"18419","0.516287088394165","0.516287088394165","0.516287088394165","0.6540096998214722","0.6540096998214722","0.6540096998214722","0.2778399884700775","0.2778399884700775","0.2778399884700775"
"18449","0.6051532626152039","0.6051532626152039","0.6051532626152039","0.9196344017982483","0.9196344017982483","0.9196344017982483","0.21512721478939056","0.21512721478939056","0.21512721478939056"
"18479","0.5132669806480408","0.5132669806480408","0.5132669806480408","0.5436109900474548","0.5436109900474548","0.5436109900474548","0.26693612337112427","0.26693612337112427","0.26693612337112427"
"18509","0.48602500557899475","0.48602500557899475","0.48602500557899475","0.5732999444007874","0.5732999444007874","0.5732999444007874","0.18851573765277863","0.18851573765277863","0.18851573765277863"
"18539","0.48384422063827515","0.48384422063827515","0.48384422063827515","0.5323665738105774","0.5323665738105774","0.5323665738105774","0.20364992320537567","0.20364992320537567","0.20364992320537567"
"18569","0.4902910888195038","0.4902910888195038","0.4902910888195038","0.759204626083374","0.759204626083374","0.759204626083374","0.41956907510757446","0.41956907510757446","0.41956907510757446"
"18599","0.4488324522972107","0.4488324522972107","0.4488324522972107","0.45612895488739014","0.45612895488739014","0.45612895488739014","0.2565249800682068","0.2565249800682068","0.2565249800682068"
"18629","0.5146981477737427","0.5146981477737427","0.5146981477737427","0.7104512453079224","0.7104512453079224","0.7104512453079224","0.2148742824792862","0.2148742824792862","0.2148742824792862"
"18659","0.46404024958610535","0.46404024958610535","0.46404024958610535","0.6144372224807739","0.6144372224807739","0.6144372224807739","0.4001370668411255","0.4001370668411255","0.4001370668411255"
"18689","0.4670644998550415","0.4670644998550415","0.4670644998550415","0.7811868786811829","0.7811868786811829","0.7811868786811829","0.2430020123720169","0.2430020123720169","0.2430020123720169"
"18719","0.5771368145942688","0.5771368145942688","0.5771368145942688","0.5245078206062317","0.5245078206062317","0.5245078206062317","0.24928995966911316","0.24928995966911316","0.24928995966911316"
"18749","0.47316136956214905","0.47316136956214905","0.47316136956214905","0.6015163660049438","0.6015163660049438","0.6015163660049438","0.2900647819042206","0.2900647819042206","0.2900647819042206"
"18779","0.4855273365974426","0.4855273365974426","0.4855273365974426","0.6308850049972534","0.6308850049972534","0.6308850049972534","0.44581952691078186","0.44581952691078186","0.44581952691078186"
"18809","0.4396291971206665","0.4396291971206665","0.4396291971206665","0.4907858669757843","0.4907858669757843","0.4907858669757843","0.21158067882061005","0.21158067882061005","0.21158067882061005"
"18839","0.46588829159736633","0.46588829159736633","0.46588829159736633","0.5592523813247681","0.5592523813247681","0.5592523813247681","0.38998931646347046","0.38998931646347046","0.38998931646347046"
"18869","0.47643911838531494","0.47643911838531494","0.47643911838531494","0.6126518845558167","0.6126518845558167","0.6126518845558167","0.34701743721961975","0.34701743721961975","0.34701743721961975"
"18899","0.4691421389579773","0.4691421389579773","0.4691421389579773","0.5512970089912415","0.5512970089912415","0.5512970089912415","0.2651940584182739","0.2651940584182739","0.2651940584182739"
"18929","0.4967850148677826","0.4967850148677826","0.4967850148677826","0.6272315979003906","0.6272315979003906","0.6272315979003906","0.41900527477264404","0.41900527477264404","0.41900527477264404"
"18959","0.4779626429080963","0.4779626429080963","0.4779626429080963","0.8267027735710144","0.8267027735710144","0.8267027735710144","0.39056655764579773","0.39056655764579773","0.39056655764579773"
"18989","0.4660254418849945","0.4660254418849945","0.4660254418849945","0.7464665174484253","0.7464665174484253","0.7464665174484253","0.22001628577709198","0.22001628577709198","0.22001628577709198"
"19019","0.5012651085853577","0.5012651085853577","0.5012651085853577","0.6154481172561646","0.6154481172561646","0.6154481172561646","0.25893571972846985","0.25893571972846985","0.25893571972846985"
"19049","0.5037742853164673","0.5037742853164673","0.5037742853164673","0.6119962334632874","0.6119962334632874","0.6119962334632874","0.3249949514865875","0.3249949514865875","0.3249949514865875"
"19079","0.46582427620887756","0.46582427620887756","0.46582427620887756","0.6275858283042908","0.6275858283042908","0.6275858283042908","0.3422500789165497","0.3422500789165497","0.3422500789165497"
"19109","0.43971332907676697","0.43971332907676697","0.43971332907676697","0.7868732810020447","0.7868732810020447","0.7868732810020447","0.43975183367729187","0.43975183367729187","0.43975183367729187"
"19139","0.44933807849884033","0.44933807849884033","0.44933807849884033","0.8554606437683105","0.8554606437683105","0.8554606437683105","0.2655012011528015","0.2655012011528015","0.2655012011528015"
"19169","0.43681642413139343","0.43681642413139343","0.43681642413139343","0.5165369510650635","0.5165369510650635","0.5165369510650635","0.3739384710788727","0.3739384710788727","0.3739384710788727"
"19199","0.4629996418952942","0.4629996418952942","0.4629996418952942","0.6418463587760925","0.6418463587760925","0.6418463587760925","0.40329086780548096","0.40329086780548096","0.40329086780548096"
"19229","0.47365602850914","0.47365602850914","0.47365602850914","0.7158211469650269","0.7158211469650269","0.7158211469650269","0.35835668444633484","0.35835668444633484","0.35835668444633484"
"19259","0.5375856757164001","0.5375856757164001","0.5375856757164001","0.5638114809989929","0.5638114809989929","0.5638114809989929","0.23743367195129395","0.23743367195129395","0.23743367195129395"
"19289","0.4833449423313141","0.4833449423313141","0.4833449423313141","0.5524486899375916","0.5524486899375916","0.5524486899375916","0.27563413977622986","0.27563413977622986","0.27563413977622986"
"19319","0.4985184669494629","0.4985184669494629","0.4985184669494629","0.7851410508155823","0.7851410508155823","0.7851410508155823","0.1945965588092804","0.1945965588092804","0.1945965588092804"
"19349","0.6214450597763062","0.6214450597763062","0.6214450597763062","0.8349963426589966","0.8349963426589966","0.8349963426589966","0.29909199476242065","0.29909199476242065","0.29909199476242065"
"19379","0.43083107471466064","0.43083107471466064","0.43083107471466064","0.501147985458374","0.501147985458374","0.501147985458374","0.26218584179878235","0.26218584179878235","0.26218584179878235"
"19409","0.4341212809085846","0.4341212809085846","0.4341212809085846","0.7185200452804565","0.7185200452804565","0.7185200452804565","0.26743173599243164","0.26743173599243164","0.26743173599243164"
"19439","0.4542776048183441","0.4542776048183441","0.4542776048183441","0.4432636797428131","0.4432636797428131","0.4432636797428131","0.1990961730480194","0.1990961730480194","0.1990961730480194"
"19469","0.4890810251235962","0.4890810251235962","0.4890810251235962","0.4714030623435974","0.4714030623435974","0.4714030623435974","0.2176276594400406","0.2176276594400406","0.2176276594400406"
"19499","0.5459035634994507","0.5459035634994507","0.5459035634994507","0.6493507027626038","0.6493507027626038","0.6493507027626038","0.4907824695110321","0.4907824695110321","0.4907824695110321"
"19529","0.5117782354354858","0.5117782354354858","0.5117782354354858","0.699470043182373","0.699470043182373","0.699470043182373","0.20071803033351898","0.20071803033351898","0.20071803033351898"
"19559","0.4645100235939026","0.4645100235939026","0.4645100235939026","0.4859287142753601","0.4859287142753601","0.4859287142753601","0.4165380001068115","0.4165380001068115","0.4165380001068115"
"19589","0.4463652968406677","0.4463652968406677","0.4463652968406677","0.49701613187789917","0.49701613187789917","0.49701613187789917","0.250031441450119","0.250031441450119","0.250031441450119"
"19619","0.4322044551372528","0.4322044551372528","0.4322044551372528","0.6630202531814575","0.6630202531814575","0.6630202531814575","0.23735372722148895","0.23735372722148895","0.23735372722148895"
"19649","0.43150413036346436","0.43150413036346436","0.43150413036346436","0.45474082231521606","0.45474082231521606","0.45474082231521606","0.28414037823677063","0.28414037823677063","0.28414037823677063"
"19679","0.4677332937717438","0.4677332937717438","0.4677332937717438","0.6444709897041321","0.6444709897041321","0.6444709897041321","0.28894683718681335","0.28894683718681335","0.28894683718681335"
"19709","0.4667782485485077","0.4667782485485077","0.4667782485485077","0.5145053863525391","0.5145053863525391","0.5145053863525391","0.443541020154953","0.443541020154953","0.443541020154953"
"19739","0.4461286962032318","0.4461286962032318","0.4461286962032318","0.49014022946357727","0.49014022946357727","0.49014022946357727","0.332834929227829","0.332834929227829","0.332834929227829"
"19769","0.47806406021118164","0.47806406021118164","0.47806406021118164","0.8407387137413025","0.8407387137413025","0.8407387137413025","0.3655492961406708","0.3655492961406708","0.3655492961406708"
"19799","0.4484604597091675","0.4484604597091675","0.4484604597091675","0.5628915429115295","0.5628915429115295","0.5628915429115295","0.2307545393705368","0.2307545393705368","0.2307545393705368"
"19829","0.4326099157333374","0.4326099157333374","0.4326099157333374","0.7747225761413574","0.7747225761413574","0.7747225761413574","0.4210091233253479","0.4210091233253479","0.4210091233253479"
"19859","0.6161418557167053","0.6161418557167053","0.6161418557167053","1.1898123025894165","1.1898123025894165","1.1898123025894165","0.26782381534576416","0.26782381534576416","0.26782381534576416"
"19889","0.4517494738101959","0.4517494738101959","0.4517494738101959","0.651576817035675","0.651576817035675","0.651576817035675","0.26371780037879944","0.26371780037879944","0.26371780037879944"
"19919","0.4489102065563202","0.4489102065563202","0.4489102065563202","0.5936985015869141","0.5936985015869141","0.5936985015869141","0.4269818365573883","0.4269818365573883","0.4269818365573883"
"19949","0.44674745202064514","0.44674745202064514","0.44674745202064514","0.5395401120185852","0.5395401120185852","0.5395401120185852","0.3342936635017395","0.3342936635017395","0.3342936635017395"
"19979","0.4674944579601288","0.4674944579601288","0.4674944579601288","0.6180779337882996","0.6180779337882996","0.6180779337882996","0.32318297028541565","0.32318297028541565","0.32318297028541565"