"Step","layer_0_hook_resid_mid_gpt2_standard_fisher_false_project_Devign - losses/mse_loss","layer_0_hook_resid_mid_gpt2_standard_fisher_false_project_Devign - losses/mse_loss__MIN","layer_0_hook_resid_mid_gpt2_standard_fisher_false_project_Devign - losses/mse_loss__MAX","layer_0_hook_resid_mid_gpt2_topk_fisher_false_project_Devign - losses/mse_loss","layer_0_hook_resid_mid_gpt2_topk_fisher_false_project_Devign - losses/mse_loss__MIN","layer_0_hook_resid_mid_gpt2_topk_fisher_false_project_Devign - losses/mse_loss__MAX","layer_0_hook_resid_mid_gpt2_jumprelu_fisher_false_project_Devign - losses/mse_loss","layer_0_hook_resid_mid_gpt2_jumprelu_fisher_false_project_Devign - losses/mse_loss__MIN","layer_0_hook_resid_mid_gpt2_jumprelu_fisher_false_project_Devign - losses/mse_loss__MAX","layer_0_hook_resid_mid_gpt2_gated_fisher_false_project_Devign - losses/mse_loss","layer_0_hook_resid_mid_gpt2_gated_fisher_false_project_Devign - losses/mse_loss__MIN","layer_0_hook_resid_mid_gpt2_gated_fisher_false_project_Devign - losses/mse_loss__MAX","layer_0_hook_resid_mid_gpt2_standard_fisher_true_project_Devign - losses/mse_loss","layer_0_hook_resid_mid_gpt2_standard_fisher_true_project_Devign - losses/mse_loss__MIN","layer_0_hook_resid_mid_gpt2_standard_fisher_true_project_Devign - losses/mse_loss__MAX","layer_0_hook_resid_mid_gpt2_topk_fisher_true_project_Devign - losses/mse_loss","layer_0_hook_resid_mid_gpt2_topk_fisher_true_project_Devign - losses/mse_loss__MIN","layer_0_hook_resid_mid_gpt2_topk_fisher_true_project_Devign - losses/mse_loss__MAX","layer_0_hook_resid_mid_gpt2_jumprelu_fisher_true_project_Devign - losses/mse_loss","layer_0_hook_resid_mid_gpt2_jumprelu_fisher_true_project_Devign - losses/mse_loss__MIN","layer_0_hook_resid_mid_gpt2_jumprelu_fisher_true_project_Devign - losses/mse_loss__MAX","layer_0_hook_resid_mid_gpt2_gated_fisher_true_project_Devign - losses/mse_loss","layer_0_hook_resid_mid_gpt2_gated_fisher_true_project_Devign - losses/mse_loss__MIN","layer_0_hook_resid_mid_gpt2_gated_fisher_true_project_Devign - losses/mse_loss__MAX"
"29","282.3670349121094","282.3670349121094","282.3670349121094","1139.443359375","1139.443359375","1139.443359375","282.3398132324219","282.3398132324219","282.3398132324219","534.6331787109375","534.6331787109375","534.6331787109375","306.0349426269531","306.0349426269531","306.0349426269531","1139.445556640625","1139.445556640625","1139.445556640625","304.67779541015625","304.67779541015625","304.67779541015625","548.4331665039062","548.4331665039062","548.4331665039062"
"59","74.5096435546875","74.5096435546875","74.5096435546875","1031.025634765625","1031.025634765625","1031.025634765625","74.52375793457031","74.52375793457031","74.52375793457031","185.54229736328125","185.54229736328125","185.54229736328125","78.50868225097656","78.50868225097656","78.50868225097656","1031.0479736328125","1031.0479736328125","1031.0479736328125","77.34041595458984","77.34041595458984","77.34041595458984","197.23739624023438","197.23739624023438","197.23739624023438"
"89","52.127201080322266","52.127201080322266","52.127201080322266","874.2352294921875","874.2352294921875","874.2352294921875","52.13551712036133","52.13551712036133","52.13551712036133","102.12478637695312","102.12478637695312","102.12478637695312","51.412811279296875","51.412811279296875","51.412811279296875","874.1893310546875","874.1893310546875","874.1893310546875","50.89445114135742","50.89445114135742","50.89445114135742","107.55113220214844","107.55113220214844","107.55113220214844"
"119","50.81180953979492","50.81180953979492","50.81180953979492","773.8742065429688","773.8742065429688","773.8742065429688","50.82086944580078","50.82086944580078","50.82086944580078","93.4739990234375","93.4739990234375","93.4739990234375","49.9593505859375","49.9593505859375","49.9593505859375","773.7434692382812","773.7434692382812","773.7434692382812","49.12665939331055","49.12665939331055","49.12665939331055","96.0155029296875","96.0155029296875","96.0155029296875"
"149","45.639949798583984","45.639949798583984","45.639949798583984","628.6123657226562","628.6123657226562","628.6123657226562","45.649227142333984","45.649227142333984","45.649227142333984","82.35262298583984","82.35262298583984","82.35262298583984","43.90505599975586","43.90505599975586","43.90505599975586","628.5050048828125","628.5050048828125","628.5050048828125","43.24885559082031","43.24885559082031","43.24885559082031","84.50364685058594","84.50364685058594","84.50364685058594"
"179","34.2379150390625","34.2379150390625","34.2379150390625","495.7284240722656","495.7284240722656","495.7284240722656","34.24493408203125","34.24493408203125","34.24493408203125","66.70923614501953","66.70923614501953","66.70923614501953","32.288719177246094","32.288719177246094","32.288719177246094","495.70513916015625","495.70513916015625","495.70513916015625","31.899755477905273","31.899755477905273","31.899755477905273","67.97040557861328","67.97040557861328","67.97040557861328"
"209","27.728506088256836","27.728506088256836","27.728506088256836","368.14208984375","368.14208984375","368.14208984375","27.74341583251953","27.74341583251953","27.74341583251953","60.25728988647461","60.25728988647461","60.25728988647461","26.293275833129883","26.293275833129883","26.293275833129883","368.0752258300781","368.0752258300781","368.0752258300781","25.98326873779297","25.98326873779297","25.98326873779297","60.616268157958984","60.616268157958984","60.616268157958984"
"239","24.95699691772461","24.95699691772461","24.95699691772461","298.3911437988281","298.3911437988281","298.3911437988281","24.972946166992188","24.972946166992188","24.972946166992188","56.95347595214844","56.95347595214844","56.95347595214844","23.487756729125977","23.487756729125977","23.487756729125977","298.57196044921875","298.57196044921875","298.57196044921875","23.28218650817871","23.28218650817871","23.28218650817871","57.07124328613281","57.07124328613281","57.07124328613281"
"269","18.674354553222656","18.674354553222656","18.674354553222656","218.29119873046875","218.29119873046875","218.29119873046875","18.68829345703125","18.68829345703125","18.68829345703125","46.59235382080078","46.59235382080078","46.59235382080078","17.48465919494629","17.48465919494629","17.48465919494629","218.59140014648438","218.59140014648438","218.59140014648438","17.363500595092773","17.363500595092773","17.363500595092773","46.29339599609375","46.29339599609375","46.29339599609375"
"299","26.454647064208984","26.454647064208984","26.454647064208984","228.98779296875","228.98779296875","228.98779296875","26.473087310791016","26.473087310791016","26.473087310791016","65.2841567993164","65.2841567993164","65.2841567993164","24.664020538330078","24.664020538330078","24.664020538330078","229.30050659179688","229.30050659179688","229.30050659179688","24.53854751586914","24.53854751586914","24.53854751586914","65.09819030761719","65.09819030761719","65.09819030761719"
"329","18.48322296142578","18.48322296142578","18.48322296142578","163.16197204589844","163.16197204589844","163.16197204589844","18.500038146972656","18.500038146972656","18.500038146972656","49.42856216430664","49.42856216430664","49.42856216430664","17.250761032104492","17.250761032104492","17.250761032104492","163.22349548339844","163.22349548339844","163.22349548339844","17.174015045166016","17.174015045166016","17.174015045166016","49.1658821105957","49.1658821105957","49.1658821105957"
"359","13.650548934936523","13.650548934936523","13.650548934936523","130.3218536376953","130.3218536376953","130.3218536376953","13.663846969604492","13.663846969604492","13.663846969604492","39.35566329956055","39.35566329956055","39.35566329956055","12.734367370605469","12.734367370605469","12.734367370605469","130.4139404296875","130.4139404296875","130.4139404296875","12.6798677444458","12.6798677444458","12.6798677444458","38.75453567504883","38.75453567504883","38.75453567504883"
"389","13.054203987121582","13.054203987121582","13.054203987121582","120.63115692138672","120.63115692138672","120.63115692138672","13.067519187927246","13.067519187927246","13.067519187927246","40.79196548461914","40.79196548461914","40.79196548461914","12.193280220031738","12.193280220031738","12.193280220031738","120.66476440429688","120.66476440429688","120.66476440429688","12.165031433105469","12.165031433105469","12.165031433105469","39.949424743652344","39.949424743652344","39.949424743652344"
"419","12.307438850402832","12.307438850402832","12.307438850402832","109.95445251464844","109.95445251464844","109.95445251464844","12.32071304321289","12.32071304321289","12.32071304321289","41.09246826171875","41.09246826171875","41.09246826171875","11.427346229553223","11.427346229553223","11.427346229553223","110.38399505615234","110.38399505615234","110.38399505615234","11.405253410339355","11.405253410339355","11.405253410339355","40.252197265625","40.252197265625","40.252197265625"
"449","9.882378578186035","9.882378578186035","9.882378578186035","91.279296875","91.279296875","91.279296875","9.893821716308594","9.893821716308594","9.893821716308594","35.17378234863281","35.17378234863281","35.17378234863281","9.151710510253906","9.151710510253906","9.151710510253906","91.36050415039062","91.36050415039062","91.36050415039062","9.135404586791992","9.135404586791992","9.135404586791992","34.32510757446289","34.32510757446289","34.32510757446289"
"479","11.660173416137695","11.660173416137695","11.660173416137695","112.68843841552734","112.68843841552734","112.68843841552734","11.673737525939941","11.673737525939941","11.673737525939941","42.42768478393555","42.42768478393555","42.42768478393555","10.799599647521973","10.799599647521973","10.799599647521973","113.06707000732422","113.06707000732422","113.06707000732422","10.799970626831055","10.799970626831055","10.799970626831055","41.49429702758789","41.49429702758789","41.49429702758789"
"509","7.947002410888672","7.947002410888672","7.947002410888672","84.4365234375","84.4365234375","84.4365234375","7.958486080169678","7.958486080169678","7.958486080169678","30.112186431884766","30.112186431884766","30.112186431884766","7.265396595001221","7.265396595001221","7.265396595001221","84.41871643066406","84.41871643066406","84.41871643066406","7.275837421417236","7.275837421417236","7.275837421417236","29.364036560058594","29.364036560058594","29.364036560058594"
"539","8.91777515411377","8.91777515411377","8.91777515411377","91.63798522949219","91.63798522949219","91.63798522949219","8.929484367370605","8.929484367370605","8.929484367370605","36.96448516845703","36.96448516845703","36.96448516845703","8.218006134033203","8.218006134033203","8.218006134033203","91.51763153076172","91.51763153076172","91.51763153076172","8.226746559143066","8.226746559143066","8.226746559143066","35.96748733520508","35.96748733520508","35.96748733520508"
"569","7.237452030181885","7.237452030181885","7.237452030181885","81.34732055664062","81.34732055664062","81.34732055664062","7.246282577514648","7.246282577514648","7.246282577514648","32.5191535949707","32.5191535949707","32.5191535949707","6.621048450469971","6.621048450469971","6.621048450469971","81.31649017333984","81.31649017333984","81.31649017333984","6.633968353271484","6.633968353271484","6.633968353271484","31.562875747680664","31.562875747680664","31.562875747680664"
"599","7.895773887634277","7.895773887634277","7.895773887634277","85.18827056884766","85.18827056884766","85.18827056884766","7.906076908111572","7.906076908111572","7.906076908111572","35.9268798828125","35.9268798828125","35.9268798828125","7.227205753326416","7.227205753326416","7.227205753326416","85.1266098022461","85.1266098022461","85.1266098022461","7.240719318389893","7.240719318389893","7.240719318389893","35.194297790527344","35.194297790527344","35.194297790527344"
"629","6.782893657684326","6.782893657684326","6.782893657684326","81.73664093017578","81.73664093017578","81.73664093017578","6.792630672454834","6.792630672454834","6.792630672454834","34.12953186035156","34.12953186035156","34.12953186035156","6.135769367218018","6.135769367218018","6.135769367218018","81.87657928466797","81.87657928466797","81.87657928466797","6.144057273864746","6.144057273864746","6.144057273864746","33.043766021728516","33.043766021728516","33.043766021728516"
"659","5.595158100128174","5.595158100128174","5.595158100128174","73.4545669555664","73.4545669555664","73.4545669555664","5.60367488861084","5.60367488861084","5.60367488861084","28.29203224182129","28.29203224182129","28.29203224182129","5.071928024291992","5.071928024291992","5.071928024291992","73.40779113769531","73.40779113769531","73.40779113769531","5.082600116729736","5.082600116729736","5.082600116729736","27.04608917236328","27.04608917236328","27.04608917236328"
"689","5.937554836273193","5.937554836273193","5.937554836273193","74.53215789794922","74.53215789794922","74.53215789794922","5.945930004119873","5.945930004119873","5.945930004119873","30.986339569091797","30.986339569091797","30.986339569091797","5.411283493041992","5.411283493041992","5.411283493041992","74.5352783203125","74.5352783203125","74.5352783203125","5.421473503112793","5.421473503112793","5.421473503112793","29.68901824951172","29.68901824951172","29.68901824951172"
"719","4.8261518478393555","4.8261518478393555","4.8261518478393555","61.31059265136719","61.31059265136719","61.31059265136719","4.832371234893799","4.832371234893799","4.832371234893799","26.930150985717773","26.930150985717773","26.930150985717773","4.428472995758057","4.428472995758057","4.428472995758057","61.301727294921875","61.301727294921875","61.301727294921875","4.436798572540283","4.436798572540283","4.436798572540283","26.15288543701172","26.15288543701172","26.15288543701172"
"749","5.292382717132568","5.292382717132568","5.292382717132568","74.73202514648438","74.73202514648438","74.73202514648438","5.299274921417236","5.299274921417236","5.299274921417236","31.777591705322266","31.777591705322266","31.777591705322266","4.864567756652832","4.864567756652832","4.864567756652832","74.97196960449219","74.97196960449219","74.97196960449219","4.871095657348633","4.871095657348633","4.871095657348633","30.719038009643555","30.719038009643555","30.719038009643555"
"779","5.65625","5.65625","5.65625","75.97329711914062","75.97329711914062","75.97329711914062","5.663516521453857","5.663516521453857","5.663516521453857","34.261600494384766","34.261600494384766","34.261600494384766","5.177921772003174","5.177921772003174","5.177921772003174","76.02495574951172","76.02495574951172","76.02495574951172","5.195937156677246","5.195937156677246","5.195937156677246","32.851898193359375","32.851898193359375","32.851898193359375"
"809","5.242759704589844","5.242759704589844","5.242759704589844","75.39958190917969","75.39958190917969","75.39958190917969","5.250510215759277","5.250510215759277","5.250510215759277","32.36293029785156","32.36293029785156","32.36293029785156","4.787868976593018","4.787868976593018","4.787868976593018","75.39009094238281","75.39009094238281","75.39009094238281","4.803166389465332","4.803166389465332","4.803166389465332","31.022621154785156","31.022621154785156","31.022621154785156"
"839","4.384101867675781","4.384101867675781","4.384101867675781","69.92243957519531","69.92243957519531","69.92243957519531","4.3896284103393555","4.3896284103393555","4.3896284103393555","29.608877182006836","29.608877182006836","29.608877182006836","4.048042297363281","4.048042297363281","4.048042297363281","69.9869384765625","69.9869384765625","69.9869384765625","4.065943717956543","4.065943717956543","4.065943717956543","28.608510971069336","28.608510971069336","28.608510971069336"
"869","4.3596110343933105","4.3596110343933105","4.3596110343933105","66.9198226928711","66.9198226928711","66.9198226928711","4.364863395690918","4.364863395690918","4.364863395690918","29.10687255859375","29.10687255859375","29.10687255859375","4.000349521636963","4.000349521636963","4.000349521636963","66.9410400390625","66.9410400390625","66.9410400390625","4.013162136077881","4.013162136077881","4.013162136077881","28.034931182861328","28.034931182861328","28.034931182861328"
"899","4.395156383514404","4.395156383514404","4.395156383514404","68.95237731933594","68.95237731933594","68.95237731933594","4.400411128997803","4.400411128997803","4.400411128997803","29.884042739868164","29.884042739868164","29.884042739868164","4.047309398651123","4.047309398651123","4.047309398651123","69.01347351074219","69.01347351074219","69.01347351074219","4.05192756652832","4.05192756652832","4.05192756652832","28.941913604736328","28.941913604736328","28.941913604736328"
"929","4.191302299499512","4.191302299499512","4.191302299499512","68.58370208740234","68.58370208740234","68.58370208740234","4.196656227111816","4.196656227111816","4.196656227111816","30.202594757080078","30.202594757080078","30.202594757080078","3.8013863563537598","3.8013863563537598","3.8013863563537598","68.63726043701172","68.63726043701172","68.63726043701172","3.817725658416748","3.817725658416748","3.817725658416748","29.03731346130371","29.03731346130371","29.03731346130371"
"959","3.762799024581909","3.762799024581909","3.762799024581909","71.48883819580078","71.48883819580078","71.48883819580078","3.7674365043640137","3.7674365043640137","3.7674365043640137","28.382221221923828","28.382221221923828","28.382221221923828","3.4117848873138428","3.4117848873138428","3.4117848873138428","71.42839813232422","71.42839813232422","71.42839813232422","3.429558753967285","3.429558753967285","3.429558753967285","27.144866943359375","27.144866943359375","27.144866943359375"
"989","3.133347511291504","3.133347511291504","3.133347511291504","57.14247131347656","57.14247131347656","57.14247131347656","3.137610912322998","3.137610912322998","3.137610912322998","25.07181167602539","25.07181167602539","25.07181167602539","2.82443904876709","2.82443904876709","2.82443904876709","57.01988983154297","57.01988983154297","57.01988983154297","2.8391735553741455","2.8391735553741455","2.8391735553741455","24.047998428344727","24.047998428344727","24.047998428344727"
"1019","2.693469762802124","2.693469762802124","2.693469762802124","48.94594955444336","48.94594955444336","48.94594955444336","2.6968376636505127","2.6968376636505127","2.6968376636505127","22.36676788330078","22.36676788330078","22.36676788330078","2.501809597015381","2.501809597015381","2.501809597015381","49.03780746459961","49.03780746459961","49.03780746459961","2.502969980239868","2.502969980239868","2.502969980239868","21.861894607543945","21.861894607543945","21.861894607543945"
"1049","2.5902953147888184","2.5902953147888184","2.5902953147888184","57.13872528076172","57.13872528076172","57.13872528076172","2.5937044620513916","2.5937044620513916","2.5937044620513916","23.14737319946289","23.14737319946289","23.14737319946289","2.392695903778076","2.392695903778076","2.392695903778076","57.30585861206055","57.30585861206055","57.30585861206055","2.3971481323242188","2.3971481323242188","2.3971481323242188","22.243242263793945","22.243242263793945","22.243242263793945"
"1079","2.656702756881714","2.656702756881714","2.656702756881714","52.51332092285156","52.51332092285156","52.51332092285156","2.6599550247192383","2.6599550247192383","2.6599550247192383","22.57406234741211","22.57406234741211","22.57406234741211","2.437523365020752","2.437523365020752","2.437523365020752","52.45511245727539","52.45511245727539","52.45511245727539","2.4490339756011963","2.4490339756011963","2.4490339756011963","21.7052001953125","21.7052001953125","21.7052001953125"
"1109","2.5165364742279053","2.5165364742279053","2.5165364742279053","51.882080078125","51.882080078125","51.882080078125","2.520028591156006","2.520028591156006","2.520028591156006","22.267831802368164","22.267831802368164","22.267831802368164","2.3052375316619873","2.3052375316619873","2.3052375316619873","51.91115951538086","51.91115951538086","51.91115951538086","2.3144619464874268","2.3144619464874268","2.3144619464874268","21.58812141418457","21.58812141418457","21.58812141418457"
"1139","2.6184792518615723","2.6184792518615723","2.6184792518615723","51.84318542480469","51.84318542480469","51.84318542480469","2.6215853691101074","2.6215853691101074","2.6215853691101074","23.929948806762695","23.929948806762695","23.929948806762695","2.4576759338378906","2.4576759338378906","2.4576759338378906","51.89252853393555","51.89252853393555","51.89252853393555","2.468352794647217","2.468352794647217","2.468352794647217","22.958251953125","22.958251953125","22.958251953125"
"1169","2.721047878265381","2.721047878265381","2.721047878265381","60.17618179321289","60.17618179321289","60.17618179321289","2.725189447402954","2.725189447402954","2.725189447402954","26.62954330444336","26.62954330444336","26.62954330444336","2.5395898818969727","2.5395898818969727","2.5395898818969727","60.24287796020508","60.24287796020508","60.24287796020508","2.545034408569336","2.545034408569336","2.545034408569336","25.77267074584961","25.77267074584961","25.77267074584961"
"1199","2.3092727661132812","2.3092727661132812","2.3092727661132812","56.97309494018555","56.97309494018555","56.97309494018555","2.3123342990875244","2.3123342990875244","2.3123342990875244","23.728532791137695","23.728532791137695","23.728532791137695","2.115447759628296","2.115447759628296","2.115447759628296","56.84466552734375","56.84466552734375","56.84466552734375","2.116227388381958","2.116227388381958","2.116227388381958","22.582651138305664","22.582651138305664","22.582651138305664"
"1229","1.5011483430862427","1.5011483430862427","1.5011483430862427","38.40668487548828","38.40668487548828","38.40668487548828","1.5031969547271729","1.5031969547271729","1.5031969547271729","16.265766143798828","16.265766143798828","16.265766143798828","1.352384328842163","1.352384328842163","1.352384328842163","38.6378059387207","38.6378059387207","38.6378059387207","1.363000512123108","1.363000512123108","1.363000512123108","15.577672958374023","15.577672958374023","15.577672958374023"
"1259","2.293107509613037","2.293107509613037","2.293107509613037","52.92219543457031","52.92219543457031","52.92219543457031","2.2964956760406494","2.2964956760406494","2.2964956760406494","24.63639259338379","24.63639259338379","24.63639259338379","2.1461806297302246","2.1461806297302246","2.1461806297302246","53.27832794189453","53.27832794189453","53.27832794189453","2.1572580337524414","2.1572580337524414","2.1572580337524414","23.90279769897461","23.90279769897461","23.90279769897461"
"1289","1.92046058177948","1.92046058177948","1.92046058177948","51.25986099243164","51.25986099243164","51.25986099243164","1.9235525131225586","1.9235525131225586","1.9235525131225586","21.69685935974121","21.69685935974121","21.69685935974121","1.7387043237686157","1.7387043237686157","1.7387043237686157","51.0657844543457","51.0657844543457","51.0657844543457","1.7437987327575684","1.7437987327575684","1.7437987327575684","20.896156311035156","20.896156311035156","20.896156311035156"
"1319","2.042501211166382","2.042501211166382","2.042501211166382","51.36499786376953","51.36499786376953","51.36499786376953","2.0463006496429443","2.0463006496429443","2.0463006496429443","22.42300796508789","22.42300796508789","22.42300796508789","1.916890263557434","1.916890263557434","1.916890263557434","51.739158630371094","51.739158630371094","51.739158630371094","1.9214657545089722","1.9214657545089722","1.9214657545089722","21.284282684326172","21.284282684326172","21.284282684326172"
"1349","1.7726147174835205","1.7726147174835205","1.7726147174835205","53.84774398803711","53.84774398803711","53.84774398803711","1.7752832174301147","1.7752832174301147","1.7752832174301147","19.792556762695312","19.792556762695312","19.792556762695312","1.665304183959961","1.665304183959961","1.665304183959961","53.71638488769531","53.71638488769531","53.71638488769531","1.673452377319336","1.673452377319336","1.673452377319336","19.111797332763672","19.111797332763672","19.111797332763672"
"1379","1.8219212293624878","1.8219212293624878","1.8219212293624878","50.501380920410156","50.501380920410156","50.501380920410156","1.8255681991577148","1.8255681991577148","1.8255681991577148","22.431665420532227","22.431665420532227","22.431665420532227","1.7289434671401978","1.7289434671401978","1.7289434671401978","50.46394348144531","50.46394348144531","50.46394348144531","1.7372922897338867","1.7372922897338867","1.7372922897338867","21.610736846923828","21.610736846923828","21.610736846923828"
"1409","1.7086037397384644","1.7086037397384644","1.7086037397384644","53.839149475097656","53.839149475097656","53.839149475097656","1.7117213010787964","1.7117213010787964","1.7117213010787964","21.417705535888672","21.417705535888672","21.417705535888672","1.5752798318862915","1.5752798318862915","1.5752798318862915","53.87284851074219","53.87284851074219","53.87284851074219","1.5947884321212769","1.5947884321212769","1.5947884321212769","20.57616424560547","20.57616424560547","20.57616424560547"
"1439","1.5981183052062988","1.5981183052062988","1.5981183052062988","45.329246520996094","45.329246520996094","45.329246520996094","1.6007150411605835","1.6007150411605835","1.6007150411605835","20.09811782836914","20.09811782836914","20.09811782836914","1.5077993869781494","1.5077993869781494","1.5077993869781494","45.23542022705078","45.23542022705078","45.23542022705078","1.5216583013534546","1.5216583013534546","1.5216583013534546","19.579729080200195","19.579729080200195","19.579729080200195"
"1469","1.3452218770980835","1.3452218770980835","1.3452218770980835","38.42566680908203","38.42566680908203","38.42566680908203","1.347827434539795","1.347827434539795","1.347827434539795","16.796144485473633","16.796144485473633","16.796144485473633","1.265439748764038","1.265439748764038","1.265439748764038","38.84820556640625","38.84820556640625","38.84820556640625","1.2681952714920044","1.2681952714920044","1.2681952714920044","16.16307258605957","16.16307258605957","16.16307258605957"
"1499","1.7235082387924194","1.7235082387924194","1.7235082387924194","49.59510803222656","49.59510803222656","49.59510803222656","1.7271308898925781","1.7271308898925781","1.7271308898925781","23.791263580322266","23.791263580322266","23.791263580322266","1.6253806352615356","1.6253806352615356","1.6253806352615356","50.3797607421875","50.3797607421875","50.3797607421875","1.6300612688064575","1.6300612688064575","1.6300612688064575","22.94266128540039","22.94266128540039","22.94266128540039"
"1529","1.3437615633010864","1.3437615633010864","1.3437615633010864","39.72386169433594","39.72386169433594","39.72386169433594","1.346809983253479","1.346809983253479","1.346809983253479","17.762590408325195","17.762590408325195","17.762590408325195","1.2475051879882812","1.2475051879882812","1.2475051879882812","40.02764129638672","40.02764129638672","40.02764129638672","1.2547663450241089","1.2547663450241089","1.2547663450241089","17.040090560913086","17.040090560913086","17.040090560913086"
"1559","1.5960187911987305","1.5960187911987305","1.5960187911987305","48.35160446166992","48.35160446166992","48.35160446166992","1.599077820777893","1.599077820777893","1.599077820777893","22.71367073059082","22.71367073059082","22.71367073059082","1.5388646125793457","1.5388646125793457","1.5388646125793457","48.69878005981445","48.69878005981445","48.69878005981445","1.5411502122879028","1.5411502122879028","1.5411502122879028","22.0306396484375","22.0306396484375","22.0306396484375"
"1589","1.3780553340911865","1.3780553340911865","1.3780553340911865","44.27036666870117","44.27036666870117","44.27036666870117","1.3805078268051147","1.3805078268051147","1.3805078268051147","18.541339874267578","18.541339874267578","18.541339874267578","1.303973913192749","1.303973913192749","1.303973913192749","44.99846649169922","44.99846649169922","44.99846649169922","1.3015727996826172","1.3015727996826172","1.3015727996826172","17.82485580444336","17.82485580444336","17.82485580444336"
"1619","1.2158281803131104","1.2158281803131104","1.2158281803131104","40.17355728149414","40.17355728149414","40.17355728149414","1.21922767162323","1.21922767162323","1.21922767162323","17.85158348083496","17.85158348083496","17.85158348083496","1.156182050704956","1.156182050704956","1.156182050704956","40.37005615234375","40.37005615234375","40.37005615234375","1.1623649597167969","1.1623649597167969","1.1623649597167969","17.18023109436035","17.18023109436035","17.18023109436035"
"1649","1.2027435302734375","1.2027435302734375","1.2027435302734375","37.690673828125","37.690673828125","37.690673828125","1.205011248588562","1.205011248588562","1.205011248588562","18.350868225097656","18.350868225097656","18.350868225097656","1.1590057611465454","1.1590057611465454","1.1590057611465454","37.93618392944336","37.93618392944336","37.93618392944336","1.1631717681884766","1.1631717681884766","1.1631717681884766","17.66338539123535","17.66338539123535","17.66338539123535"
"1679","1.2012743949890137","1.2012743949890137","1.2012743949890137","39.259376525878906","39.259376525878906","39.259376525878906","1.2038676738739014","1.2038676738739014","1.2038676738739014","18.79836654663086","18.79836654663086","18.79836654663086","1.1923890113830566","1.1923890113830566","1.1923890113830566","40.104949951171875","40.104949951171875","40.104949951171875","1.1976966857910156","1.1976966857910156","1.1976966857910156","18.030818939208984","18.030818939208984","18.030818939208984"
"1709","1.1563055515289307","1.1563055515289307","1.1563055515289307","41.08216094970703","41.08216094970703","41.08216094970703","1.1587153673171997","1.1587153673171997","1.1587153673171997","18.093217849731445","18.093217849731445","18.093217849731445","1.0947829484939575","1.0947829484939575","1.0947829484939575","41.449989318847656","41.449989318847656","41.449989318847656","1.1014373302459717","1.1014373302459717","1.1014373302459717","17.53551483154297","17.53551483154297","17.53551483154297"
"1739","0.9605550169944763","0.9605550169944763","0.9605550169944763","33.72748565673828","33.72748565673828","33.72748565673828","0.9629907011985779","0.9629907011985779","0.9629907011985779","16.28792953491211","16.28792953491211","16.28792953491211","0.9109720587730408","0.9109720587730408","0.9109720587730408","34.24403762817383","34.24403762817383","34.24403762817383","0.9132110476493835","0.9132110476493835","0.9132110476493835","15.469144821166992","15.469144821166992","15.469144821166992"
"1769","1.069266438484192","1.069266438484192","1.069266438484192","33.9869384765625","33.9869384765625","33.9869384765625","1.0718250274658203","1.0718250274658203","1.0718250274658203","17.037960052490234","17.037960052490234","17.037960052490234","1.0026054382324219","1.0026054382324219","1.0026054382324219","33.89321517944336","33.89321517944336","33.89321517944336","1.00288987159729","1.00288987159729","1.00288987159729","16.523822784423828","16.523822784423828","16.523822784423828"
"1799","1.2911995649337769","1.2911995649337769","1.2911995649337769","43.52655029296875","43.52655029296875","43.52655029296875","1.2938402891159058","1.2938402891159058","1.2938402891159058","22.15852928161621","22.15852928161621","22.15852928161621","1.2530430555343628","1.2530430555343628","1.2530430555343628","43.34461975097656","43.34461975097656","43.34461975097656","1.2641323804855347","1.2641323804855347","1.2641323804855347","21.2631778717041","21.2631778717041","21.2631778717041"
"1829","1.4769036769866943","1.4769036769866943","1.4769036769866943","51.61204147338867","51.61204147338867","51.61204147338867","1.4800405502319336","1.4800405502319336","1.4800405502319336","25.430362701416016","25.430362701416016","25.430362701416016","1.5023113489151","1.5023113489151","1.5023113489151","51.88966751098633","51.88966751098633","51.88966751098633","1.5066055059432983","1.5066055059432983","1.5066055059432983","24.64993667602539","24.64993667602539","24.64993667602539"
"1859","1.1235703229904175","1.1235703229904175","1.1235703229904175","39.54417037963867","39.54417037963867","39.54417037963867","1.1263233423233032","1.1263233423233032","1.1263233423233032","18.831594467163086","18.831594467163086","18.831594467163086","1.0814400911331177","1.0814400911331177","1.0814400911331177","39.53753662109375","39.53753662109375","39.53753662109375","1.081627368927002","1.081627368927002","1.081627368927002","18.02094841003418","18.02094841003418","18.02094841003418"
"1889","0.9344128370285034","0.9344128370285034","0.9344128370285034","31.18979263305664","31.18979263305664","31.18979263305664","0.936677098274231","0.936677098274231","0.936677098274231","16.539127349853516","16.539127349853516","16.539127349853516","0.9185975193977356","0.9185975193977356","0.9185975193977356","31.05674934387207","31.05674934387207","31.05674934387207","0.8920019268989563","0.8920019268989563","0.8920019268989563","15.732550621032715","15.732550621032715","15.732550621032715"
"1919","0.8281388878822327","0.8281388878822327","0.8281388878822327","28.200956344604492","28.200956344604492","28.200956344604492","0.8295225501060486","0.8295225501060486","0.8295225501060486","15.48182487487793","15.48182487487793","15.48182487487793","0.7773143649101257","0.7773143649101257","0.7773143649101257","28.075828552246094","28.075828552246094","28.075828552246094","0.7809878587722778","0.7809878587722778","0.7809878587722778","14.9707612991333","14.9707612991333","14.9707612991333"
"1949","0.9859908223152161","0.9859908223152161","0.9859908223152161","35.34442138671875","35.34442138671875","35.34442138671875","0.9881042242050171","0.9881042242050171","0.9881042242050171","18.705490112304688","18.705490112304688","18.705490112304688","0.9375142455101013","0.9375142455101013","0.9375142455101013","35.07316970825195","35.07316970825195","35.07316970825195","0.9368507862091064","0.9368507862091064","0.9368507862091064","17.833539962768555","17.833539962768555","17.833539962768555"
"1979","1.0513767004013062","1.0513767004013062","1.0513767004013062","40.19322967529297","40.19322967529297","40.19322967529297","1.0531787872314453","1.0531787872314453","1.0531787872314453","19.993703842163086","19.993703842163086","19.993703842163086","1.0429972410202026","1.0429972410202026","1.0429972410202026","40.20796203613281","40.20796203613281","40.20796203613281","1.0421338081359863","1.0421338081359863","1.0421338081359863","19.30101203918457","19.30101203918457","19.30101203918457"
"2009","1.0473939180374146","1.0473939180374146","1.0473939180374146","37.26280212402344","37.26280212402344","37.26280212402344","1.0499329566955566","1.0499329566955566","1.0499329566955566","19.589582443237305","19.589582443237305","19.589582443237305","1.0450880527496338","1.0450880527496338","1.0450880527496338","37.476837158203125","37.476837158203125","37.476837158203125","1.0470160245895386","1.0470160245895386","1.0470160245895386","19.015642166137695","19.015642166137695","19.015642166137695"
"2039","1.0291709899902344","1.0291709899902344","1.0291709899902344","36.44770050048828","36.44770050048828","36.44770050048828","1.0317537784576416","1.0317537784576416","1.0317537784576416","21.138174057006836","21.138174057006836","21.138174057006836","1.0613335371017456","1.0613335371017456","1.0613335371017456","36.20244598388672","36.20244598388672","36.20244598388672","1.0607539415359497","1.0607539415359497","1.0607539415359497","20.543025970458984","20.543025970458984","20.543025970458984"
"2069","0.8580017685890198","0.8580017685890198","0.8580017685890198","30.5405216217041","30.5405216217041","30.5405216217041","0.8595322370529175","0.8595322370529175","0.8595322370529175","17.33431625366211","17.33431625366211","17.33431625366211","0.8297927379608154","0.8297927379608154","0.8297927379608154","30.110158920288086","30.110158920288086","30.110158920288086","0.8285014033317566","0.8285014033317566","0.8285014033317566","16.935041427612305","16.935041427612305","16.935041427612305"
"2099","0.9373785257339478","0.9373785257339478","0.9373785257339478","35.59231948852539","35.59231948852539","35.59231948852539","0.9393771290779114","0.9393771290779114","0.9393771290779114","20.487760543823242","20.487760543823242","20.487760543823242","0.9866730570793152","0.9866730570793152","0.9866730570793152","35.289302825927734","35.289302825927734","35.289302825927734","0.9864305853843689","0.9864305853843689","0.9864305853843689","19.87466812133789","19.87466812133789","19.87466812133789"
"2129","0.7204757332801819","0.7204757332801819","0.7204757332801819","27.823333740234375","27.823333740234375","27.823333740234375","0.7220908999443054","0.7220908999443054","0.7220908999443054","15.403168678283691","15.403168678283691","15.403168678283691","0.7099857926368713","0.7099857926368713","0.7099857926368713","27.39449119567871","27.39449119567871","27.39449119567871","0.711159348487854","0.711159348487854","0.711159348487854","15.16222858428955","15.16222858428955","15.16222858428955"
"2159","0.9157444834709167","0.9157444834709167","0.9157444834709167","35.51864242553711","35.51864242553711","35.51864242553711","0.917405903339386","0.917405903339386","0.917405903339386","19.2083740234375","19.2083740234375","19.2083740234375","0.9557330012321472","0.9557330012321472","0.9557330012321472","35.23883819580078","35.23883819580078","35.23883819580078","0.9557064771652222","0.9557064771652222","0.9557064771652222","18.70651626586914","18.70651626586914","18.70651626586914"
"2189","0.8618295192718506","0.8618295192718506","0.8618295192718506","34.26627731323242","34.26627731323242","34.26627731323242","0.8636023998260498","0.8636023998260498","0.8636023998260498","19.203004837036133","19.203004837036133","19.203004837036133","0.8602564930915833","0.8602564930915833","0.8602564930915833","34.484317779541016","34.484317779541016","34.484317779541016","0.8624871373176575","0.8624871373176575","0.8624871373176575","18.506437301635742","18.506437301635742","18.506437301635742"
"2219","0.6419044137001038","0.6419044137001038","0.6419044137001038","26.959598541259766","26.959598541259766","26.959598541259766","0.6437680125236511","0.6437680125236511","0.6437680125236511","14.675402641296387","14.675402641296387","14.675402641296387","0.6540567874908447","0.6540567874908447","0.6540567874908447","26.486112594604492","26.486112594604492","26.486112594604492","0.6597362160682678","0.6597362160682678","0.6597362160682678","14.152873992919922","14.152873992919922","14.152873992919922"
"2249","0.9626078605651855","0.9626078605651855","0.9626078605651855","38.89316177368164","38.89316177368164","38.89316177368164","0.9644353985786438","0.9644353985786438","0.9644353985786438","21.74480628967285","21.74480628967285","21.74480628967285","1.029025912284851","1.029025912284851","1.029025912284851","38.182899475097656","38.182899475097656","38.182899475097656","1.0338155031204224","1.0338155031204224","1.0338155031204224","21.175731658935547","21.175731658935547","21.175731658935547"
"2279","0.9035835266113281","0.9035835266113281","0.9035835266113281","37.012752532958984","37.012752532958984","37.012752532958984","0.9054232835769653","0.9054232835769653","0.9054232835769653","22.534202575683594","22.534202575683594","22.534202575683594","1.010791540145874","1.010791540145874","1.010791540145874","37.17421340942383","37.17421340942383","37.17421340942383","1.0131362676620483","1.0131362676620483","1.0131362676620483","21.509891510009766","21.509891510009766","21.509891510009766"
"2309","0.7515591979026794","0.7515591979026794","0.7515591979026794","30.978599548339844","30.978599548339844","30.978599548339844","0.7528730630874634","0.7528730630874634","0.7528730630874634","17.437707901000977","17.437707901000977","17.437707901000977","0.7924914956092834","0.7924914956092834","0.7924914956092834","30.55417823791504","30.55417823791504","30.55417823791504","0.7930707931518555","0.7930707931518555","0.7930707931518555","17.009017944335938","17.009017944335938","17.009017944335938"
"2339","0.8610767722129822","0.8610767722129822","0.8610767722129822","29.8707218170166","29.8707218170166","29.8707218170166","0.8629822134971619","0.8629822134971619","0.8629822134971619","18.371280670166016","18.371280670166016","18.371280670166016","0.9226055145263672","0.9226055145263672","0.9226055145263672","29.56804084777832","29.56804084777832","29.56804084777832","0.9271331429481506","0.9271331429481506","0.9271331429481506","17.82485008239746","17.82485008239746","17.82485008239746"
"2369","0.6605291366577148","0.6605291366577148","0.6605291366577148","27.372480392456055","27.372480392456055","27.372480392456055","0.6622884273529053","0.6622884273529053","0.6622884273529053","15.859772682189941","15.859772682189941","15.859772682189941","0.7126930952072144","0.7126930952072144","0.7126930952072144","27.177553176879883","27.177553176879883","27.177553176879883","0.7176042199134827","0.7176042199134827","0.7176042199134827","15.329839706420898","15.329839706420898","15.329839706420898"
"2399","0.65117347240448","0.65117347240448","0.65117347240448","26.7850284576416","26.7850284576416","26.7850284576416","0.6524124145507812","0.6524124145507812","0.6524124145507812","15.898815155029297","15.898815155029297","15.898815155029297","0.6997074484825134","0.6997074484825134","0.6997074484825134","26.4504337310791","26.4504337310791","26.4504337310791","0.697681725025177","0.697681725025177","0.697681725025177","15.639328002929688","15.639328002929688","15.639328002929688"
"2429","0.7601586580276489","0.7601586580276489","0.7601586580276489","33.89667510986328","33.89667510986328","33.89667510986328","0.7618656754493713","0.7618656754493713","0.7618656754493713","19.538328170776367","19.538328170776367","19.538328170776367","0.8293740749359131","0.8293740749359131","0.8293740749359131","32.86770248413086","32.86770248413086","32.86770248413086","0.8303425312042236","0.8303425312042236","0.8303425312042236","18.85051155090332","18.85051155090332","18.85051155090332"
"2459","0.6131669282913208","0.6131669282913208","0.6131669282913208","25.71843719482422","25.71843719482422","25.71843719482422","0.6141718626022339","0.6141718626022339","0.6141718626022339","15.6453218460083","15.6453218460083","15.6453218460083","0.6442317962646484","0.6442317962646484","0.6442317962646484","25.305116653442383","25.305116653442383","25.305116653442383","0.6472845077514648","0.6472845077514648","0.6472845077514648","15.17913818359375","15.17913818359375","15.17913818359375"
"2489","0.7343316674232483","0.7343316674232483","0.7343316674232483","31.846805572509766","31.846805572509766","31.846805572509766","0.7355374097824097","0.7355374097824097","0.7355374097824097","20.04747200012207","20.04747200012207","20.04747200012207","0.835283637046814","0.835283637046814","0.835283637046814","31.419416427612305","31.419416427612305","31.419416427612305","0.8172065019607544","0.8172065019607544","0.8172065019607544","19.511926651000977","19.511926651000977","19.511926651000977"
"2519","0.7359245419502258","0.7359245419502258","0.7359245419502258","28.979955673217773","28.979955673217773","28.979955673217773","0.7374308705329895","0.7374308705329895","0.7374308705329895","17.783573150634766","17.783573150634766","17.783573150634766","0.7790840268135071","0.7790840268135071","0.7790840268135071","28.4266300201416","28.4266300201416","28.4266300201416","0.7814419865608215","0.7814419865608215","0.7814419865608215","17.205095291137695","17.205095291137695","17.205095291137695"
"2549","0.6633552312850952","0.6633552312850952","0.6633552312850952","30.59281349182129","30.59281349182129","30.59281349182129","0.6642807722091675","0.6642807722091675","0.6642807722091675","18.602598190307617","18.602598190307617","18.602598190307617","0.6956744194030762","0.6956744194030762","0.6956744194030762","30.60519790649414","30.60519790649414","30.60519790649414","0.6995605230331421","0.6995605230331421","0.6995605230331421","17.96975326538086","17.96975326538086","17.96975326538086"
"2579","0.6289376616477966","0.6289376616477966","0.6289376616477966","25.777057647705078","25.777057647705078","25.777057647705078","0.6296637058258057","0.6296637058258057","0.6296637058258057","16.43084144592285","16.43084144592285","16.43084144592285","0.7673583626747131","0.7673583626747131","0.7673583626747131","25.748971939086914","25.748971939086914","25.748971939086914","0.6798110008239746","0.6798110008239746","0.6798110008239746","16.114532470703125","16.114532470703125","16.114532470703125"
"2609","0.5894394516944885","0.5894394516944885","0.5894394516944885","26.348487854003906","26.348487854003906","26.348487854003906","0.5903903245925903","0.5903903245925903","0.5903903245925903","15.866222381591797","15.866222381591797","15.866222381591797","0.6264873147010803","0.6264873147010803","0.6264873147010803","25.803207397460938","25.803207397460938","25.803207397460938","0.6226866841316223","0.6226866841316223","0.6226866841316223","15.434962272644043","15.434962272644043","15.434962272644043"
"2639","0.6561852693557739","0.6561852693557739","0.6561852693557739","30.14963150024414","30.14963150024414","30.14963150024414","0.6573700308799744","0.6573700308799744","0.6573700308799744","18.36482810974121","18.36482810974121","18.36482810974121","0.7303574681282043","0.7303574681282043","0.7303574681282043","29.875516891479492","29.875516891479492","29.875516891479492","0.7323382496833801","0.7323382496833801","0.7323382496833801","17.996562957763672","17.996562957763672","17.996562957763672"
"2669","0.5954930782318115","0.5954930782318115","0.5954930782318115","29.1697940826416","29.1697940826416","29.1697940826416","0.5961021184921265","0.5961021184921265","0.5961021184921265","17.154510498046875","17.154510498046875","17.154510498046875","0.675945520401001","0.675945520401001","0.675945520401001","28.687747955322266","28.687747955322266","28.687747955322266","0.6717973351478577","0.6717973351478577","0.6717973351478577","16.623111724853516","16.623111724853516","16.623111724853516"
"2699","0.5687106847763062","0.5687106847763062","0.5687106847763062","28.284608840942383","28.284608840942383","28.284608840942383","0.5704553127288818","0.5704553127288818","0.5704553127288818","16.86808967590332","16.86808967590332","16.86808967590332","0.6405166387557983","0.6405166387557983","0.6405166387557983","28.050939559936523","28.050939559936523","28.050939559936523","0.6397644877433777","0.6397644877433777","0.6397644877433777","16.399921417236328","16.399921417236328","16.399921417236328"
"2729","0.5009999871253967","0.5009999871253967","0.5009999871253967","25.63959503173828","25.63959503173828","25.63959503173828","0.5018788576126099","0.5018788576126099","0.5018788576126099","15.045650482177734","15.045650482177734","15.045650482177734","0.5502455234527588","0.5502455234527588","0.5502455234527588","25.672075271606445","25.672075271606445","25.672075271606445","0.5509958267211914","0.5509958267211914","0.5509958267211914","14.556646347045898","14.556646347045898","14.556646347045898"
"2759","0.6114012002944946","0.6114012002944946","0.6114012002944946","25.06174659729004","25.06174659729004","25.06174659729004","0.6128761172294617","0.6128761172294617","0.6128761172294617","17.209449768066406","17.209449768066406","17.209449768066406","0.6917414665222168","0.6917414665222168","0.6917414665222168","24.805429458618164","24.805429458618164","24.805429458618164","0.6902198791503906","0.6902198791503906","0.6902198791503906","16.796966552734375","16.796966552734375","16.796966552734375"
"2789","0.5339758992195129","0.5339758992195129","0.5339758992195129","22.85152816772461","22.85152816772461","22.85152816772461","0.5346822738647461","0.5346822738647461","0.5346822738647461","14.905162811279297","14.905162811279297","14.905162811279297","0.5970544815063477","0.5970544815063477","0.5970544815063477","22.518836975097656","22.518836975097656","22.518836975097656","0.5911865830421448","0.5911865830421448","0.5911865830421448","14.463756561279297","14.463756561279297","14.463756561279297"
"2819","0.5162689685821533","0.5162689685821533","0.5162689685821533","26.032054901123047","26.032054901123047","26.032054901123047","0.5172016620635986","0.5172016620635986","0.5172016620635986","15.905386924743652","15.905386924743652","15.905386924743652","0.5755771994590759","0.5755771994590759","0.5755771994590759","25.62834358215332","25.62834358215332","25.62834358215332","0.5780364274978638","0.5780364274978638","0.5780364274978638","15.374804496765137","15.374804496765137","15.374804496765137"
"2849","0.5287320613861084","0.5287320613861084","0.5287320613861084","25.422298431396484","25.422298431396484","25.422298431396484","0.5293968319892883","0.5293968319892883","0.5293968319892883","15.96083927154541","15.96083927154541","15.96083927154541","0.5823240280151367","0.5823240280151367","0.5823240280151367","25.094438552856445","25.094438552856445","25.094438552856445","0.5797570943832397","0.5797570943832397","0.5797570943832397","15.51414966583252","15.51414966583252","15.51414966583252"
"2879","0.5308399796485901","0.5308399796485901","0.5308399796485901","27.92490577697754","27.92490577697754","27.92490577697754","0.5317668318748474","0.5317668318748474","0.5317668318748474","16.07244300842285","16.07244300842285","16.07244300842285","0.582227885723114","0.582227885723114","0.582227885723114","27.34495735168457","27.34495735168457","27.34495735168457","0.5859866142272949","0.5859866142272949","0.5859866142272949","15.525508880615234","15.525508880615234","15.525508880615234"
"2909","0.6071047782897949","0.6071047782897949","0.6071047782897949","30.500995635986328","30.500995635986328","30.500995635986328","0.6075661182403564","0.6075661182403564","0.6075661182403564","19.04120635986328","19.04120635986328","19.04120635986328","0.7088667750358582","0.7088667750358582","0.7088667750358582","30.167829513549805","30.167829513549805","30.167829513549805","0.7039163112640381","0.7039163112640381","0.7039163112640381","18.63439178466797","18.63439178466797","18.63439178466797"
"2939","0.4684188663959503","0.4684188663959503","0.4684188663959503","23.319896697998047","23.319896697998047","23.319896697998047","0.46916434168815613","0.46916434168815613","0.46916434168815613","15.428205490112305","15.428205490112305","15.428205490112305","0.5862209796905518","0.5862209796905518","0.5862209796905518","22.446529388427734","22.446529388427734","22.446529388427734","0.5822828412055969","0.5822828412055969","0.5822828412055969","15.192452430725098","15.192452430725098","15.192452430725098"
"2969","0.4807088375091553","0.4807088375091553","0.4807088375091553","23.030555725097656","23.030555725097656","23.030555725097656","0.4821391999721527","0.4821391999721527","0.4821391999721527","14.899575233459473","14.899575233459473","14.899575233459473","0.5322123765945435","0.5322123765945435","0.5322123765945435","22.646657943725586","22.646657943725586","22.646657943725586","0.5312402248382568","0.5312402248382568","0.5312402248382568","14.58722972869873","14.58722972869873","14.58722972869873"
"2999","0.5483718514442444","0.5483718514442444","0.5483718514442444","29.61874008178711","29.61874008178711","29.61874008178711","0.5494030117988586","0.5494030117988586","0.5494030117988586","18.87929916381836","18.87929916381836","18.87929916381836","0.6513078212738037","0.6513078212738037","0.6513078212738037","28.765830993652344","28.765830993652344","28.765830993652344","0.6505616903305054","0.6505616903305054","0.6505616903305054","18.120819091796875","18.120819091796875","18.120819091796875"
"3029","0.44705820083618164","0.44705820083618164","0.44705820083618164","21.77350616455078","21.77350616455078","21.77350616455078","0.44771072268486023","0.44771072268486023","0.44771072268486023","14.444046020507812","14.444046020507812","14.444046020507812","0.49585890769958496","0.49585890769958496","0.49585890769958496","21.263891220092773","21.263891220092773","21.263891220092773","0.5094884037971497","0.5094884037971497","0.5094884037971497","14.255568504333496","14.255568504333496","14.255568504333496"
"3059","0.5499462485313416","0.5499462485313416","0.5499462485313416","27.371625900268555","27.371625900268555","27.371625900268555","0.5511958003044128","0.5511958003044128","0.5511958003044128","17.651775360107422","17.651775360107422","17.651775360107422","0.629248857498169","0.629248857498169","0.629248857498169","27.34391975402832","27.34391975402832","27.34391975402832","0.6217091083526611","0.6217091083526611","0.6217091083526611","17.13250732421875","17.13250732421875","17.13250732421875"
"3089","0.5806103944778442","0.5806103944778442","0.5806103944778442","31.847312927246094","31.847312927246094","31.847312927246094","0.5805506110191345","0.5805506110191345","0.5805506110191345","18.11963653564453","18.11963653564453","18.11963653564453","0.6656977534294128","0.6656977534294128","0.6656977534294128","31.656150817871094","31.656150817871094","31.656150817871094","0.6595281958580017","0.6595281958580017","0.6595281958580017","17.382322311401367","17.382322311401367","17.382322311401367"
"3119","0.5651970505714417","0.5651970505714417","0.5651970505714417","28.133480072021484","28.133480072021484","28.133480072021484","0.5664980411529541","0.5664980411529541","0.5664980411529541","18.97050666809082","18.97050666809082","18.97050666809082","0.6610754728317261","0.6610754728317261","0.6610754728317261","27.598241806030273","27.598241806030273","27.598241806030273","0.6585007905960083","0.6585007905960083","0.6585007905960083","18.525524139404297","18.525524139404297","18.525524139404297"
"3149","0.5035070776939392","0.5035070776939392","0.5035070776939392","26.154071807861328","26.154071807861328","26.154071807861328","0.5050446391105652","0.5050446391105652","0.5050446391105652","17.203529357910156","17.203529357910156","17.203529357910156","0.5930312871932983","0.5930312871932983","0.5930312871932983","26.09929847717285","26.09929847717285","26.09929847717285","0.5925173163414001","0.5925173163414001","0.5925173163414001","16.824697494506836","16.824697494506836","16.824697494506836"
"3179","0.49780702590942383","0.49780702590942383","0.49780702590942383","26.90300750732422","26.90300750732422","26.90300750732422","0.4986826181411743","0.4986826181411743","0.4986826181411743","17.197526931762695","17.197526931762695","17.197526931762695","0.6282705068588257","0.6282705068588257","0.6282705068588257","26.215782165527344","26.215782165527344","26.215782165527344","0.6268134117126465","0.6268134117126465","0.6268134117126465","16.598995208740234","16.598995208740234","16.598995208740234"
"3209","0.43107688426971436","0.43107688426971436","0.43107688426971436","25.253549575805664","25.253549575805664","25.253549575805664","0.4308820366859436","0.4308820366859436","0.4308820366859436","15.748249053955078","15.748249053955078","15.748249053955078","0.5147805213928223","0.5147805213928223","0.5147805213928223","25.123409271240234","25.123409271240234","25.123409271240234","0.5146836042404175","0.5146836042404175","0.5146836042404175","15.549074172973633","15.549074172973633","15.549074172973633"
"3239","0.3508675992488861","0.3508675992488861","0.3508675992488861","18.652734756469727","18.652734756469727","18.652734756469727","0.3514290153980255","0.3514290153980255","0.3514290153980255","12.435853958129883","12.435853958129883","12.435853958129883","0.390828937292099","0.390828937292099","0.390828937292099","18.614208221435547","18.614208221435547","18.614208221435547","0.38524162769317627","0.38524162769317627","0.38524162769317627","12.222413063049316","12.222413063049316","12.222413063049316"
"3269","0.44624555110931396","0.44624555110931396","0.44624555110931396","22.40229034423828","22.40229034423828","22.40229034423828","0.44722941517829895","0.44722941517829895","0.44722941517829895","15.874974250793457","15.874974250793457","15.874974250793457","0.5337432622909546","0.5337432622909546","0.5337432622909546","21.731952667236328","21.731952667236328","21.731952667236328","0.5273117423057556","0.5273117423057556","0.5273117423057556","15.657013893127441","15.657013893127441","15.657013893127441"
"3299","0.39457792043685913","0.39457792043685913","0.39457792043685913","20.051101684570312","20.051101684570312","20.051101684570312","0.3954848051071167","0.3954848051071167","0.3954848051071167","13.796083450317383","13.796083450317383","13.796083450317383","0.439642071723938","0.439642071723938","0.439642071723938","19.844890594482422","19.844890594482422","19.844890594482422","0.439193993806839","0.439193993806839","0.439193993806839","13.425403594970703","13.425403594970703","13.425403594970703"
"3329","0.41117873787879944","0.41117873787879944","0.41117873787879944","23.183507919311523","23.183507919311523","23.183507919311523","0.4116479158401489","0.4116479158401489","0.4116479158401489","15.753480911254883","15.753480911254883","15.753480911254883","0.508267879486084","0.508267879486084","0.508267879486084","23.08915138244629","23.08915138244629","23.08915138244629","0.4944860339164734","0.4944860339164734","0.4944860339164734","15.24205493927002","15.24205493927002","15.24205493927002"
"3359","0.382994145154953","0.382994145154953","0.382994145154953","21.9534912109375","21.9534912109375","21.9534912109375","0.38334789872169495","0.38334789872169495","0.38334789872169495","14.318147659301758","14.318147659301758","14.318147659301758","0.45134875178337097","0.45134875178337097","0.45134875178337097","21.441186904907227","21.441186904907227","21.441186904907227","0.453786700963974","0.453786700963974","0.453786700963974","14.153216361999512","14.153216361999512","14.153216361999512"
"3389","0.4527393877506256","0.4527393877506256","0.4527393877506256","24.422855377197266","24.422855377197266","24.422855377197266","0.4550611674785614","0.4550611674785614","0.4550611674785614","16.31007194519043","16.31007194519043","16.31007194519043","0.522986114025116","0.522986114025116","0.522986114025116","23.997724533081055","23.997724533081055","23.997724533081055","0.5217512249946594","0.5217512249946594","0.5217512249946594","15.721576690673828","15.721576690673828","15.721576690673828"
"3419","0.4615238606929779","0.4615238606929779","0.4615238606929779","23.5228214263916","23.5228214263916","23.5228214263916","0.46351996064186096","0.46351996064186096","0.46351996064186096","16.397674560546875","16.397674560546875","16.397674560546875","0.5425652265548706","0.5425652265548706","0.5425652265548706","23.416568756103516","23.416568756103516","23.416568756103516","0.5507457852363586","0.5507457852363586","0.5507457852363586","15.921168327331543","15.921168327331543","15.921168327331543"
"3449","0.3586473762989044","0.3586473762989044","0.3586473762989044","20.572938919067383","20.572938919067383","20.572938919067383","0.35929611325263977","0.35929611325263977","0.35929611325263977","13.5847749710083","13.5847749710083","13.5847749710083","0.40958330035209656","0.40958330035209656","0.40958330035209656","20.36246109008789","20.36246109008789","20.36246109008789","0.4140227437019348","0.4140227437019348","0.4140227437019348","13.287031173706055","13.287031173706055","13.287031173706055"
"3479","0.3284755349159241","0.3284755349159241","0.3284755349159241","17.747922897338867","17.747922897338867","17.747922897338867","0.3275676667690277","0.3275676667690277","0.3275676667690277","12.600661277770996","12.600661277770996","12.600661277770996","0.3847712278366089","0.3847712278366089","0.3847712278366089","17.61992835998535","17.61992835998535","17.61992835998535","0.38755348324775696","0.38755348324775696","0.38755348324775696","12.281269073486328","12.281269073486328","12.281269073486328"
"3509","0.3419928550720215","0.3419928550720215","0.3419928550720215","19.236629486083984","19.236629486083984","19.236629486083984","0.34315451979637146","0.34315451979637146","0.34315451979637146","13.594199180603027","13.594199180603027","13.594199180603027","0.4130556285381317","0.4130556285381317","0.4130556285381317","19.13585662841797","19.13585662841797","19.13585662841797","0.4114134907722473","0.4114134907722473","0.4114134907722473","13.306529998779297","13.306529998779297","13.306529998779297"
"3539","0.40610572695732117","0.40610572695732117","0.40610572695732117","24.055063247680664","24.055063247680664","24.055063247680664","0.4036991000175476","0.4036991000175476","0.4036991000175476","16.29896354675293","16.29896354675293","16.29896354675293","0.5156578421592712","0.5156578421592712","0.5156578421592712","23.511388778686523","23.511388778686523","23.511388778686523","0.5155915021896362","0.5155915021896362","0.5155915021896362","15.890739440917969","15.890739440917969","15.890739440917969"
"3569","0.41422462463378906","0.41422462463378906","0.41422462463378906","24.028045654296875","24.028045654296875","24.028045654296875","0.4169836640357971","0.4169836640357971","0.4169836640357971","16.704532623291016","16.704532623291016","16.704532623291016","0.5055056810379028","0.5055056810379028","0.5055056810379028","24.2264404296875","24.2264404296875","24.2264404296875","0.5056658387184143","0.5056658387184143","0.5056658387184143","16.403175354003906","16.403175354003906","16.403175354003906"
"3599","0.3408423960208893","0.3408423960208893","0.3408423960208893","19.437931060791016","19.437931060791016","19.437931060791016","0.3411707282066345","0.3411707282066345","0.3411707282066345","14.574651718139648","14.574651718139648","14.574651718139648","0.4336874783039093","0.4336874783039093","0.4336874783039093","19.419912338256836","19.419912338256836","19.419912338256836","0.4454815685749054","0.4454815685749054","0.4454815685749054","14.255366325378418","14.255366325378418","14.255366325378418"
"3629","0.31945928931236267","0.31945928931236267","0.31945928931236267","19.00811004638672","19.00811004638672","19.00811004638672","0.3192698061466217","0.3192698061466217","0.3192698061466217","14.085929870605469","14.085929870605469","14.085929870605469","0.40631747245788574","0.40631747245788574","0.40631747245788574","18.707185745239258","18.707185745239258","18.707185745239258","0.40346163511276245","0.40346163511276245","0.40346163511276245","13.815077781677246","13.815077781677246","13.815077781677246"
"3659","0.3666694164276123","0.3666694164276123","0.3666694164276123","22.277978897094727","22.277978897094727","22.277978897094727","0.36708366870880127","0.36708366870880127","0.36708366870880127","16.03184700012207","16.03184700012207","16.03184700012207","0.4847133457660675","0.4847133457660675","0.4847133457660675","21.908367156982422","21.908367156982422","21.908367156982422","0.4747826159000397","0.4747826159000397","0.4747826159000397","15.737221717834473","15.737221717834473","15.737221717834473"
"3689","0.369088351726532","0.369088351726532","0.369088351726532","22.3167724609375","22.3167724609375","22.3167724609375","0.3741814196109772","0.3741814196109772","0.3741814196109772","15.5062894821167","15.5062894821167","15.5062894821167","0.447652667760849","0.447652667760849","0.447652667760849","22.063514709472656","22.063514709472656","22.063514709472656","0.44656816124916077","0.44656816124916077","0.44656816124916077","15.031181335449219","15.031181335449219","15.031181335449219"
"3719","0.3095018267631531","0.3095018267631531","0.3095018267631531","19.812419891357422","19.812419891357422","19.812419891357422","0.309367835521698","0.309367835521698","0.309367835521698","13.474498748779297","13.474498748779297","13.474498748779297","0.3994297683238983","0.3994297683238983","0.3994297683238983","19.32979965209961","19.32979965209961","19.32979965209961","0.39382556080818176","0.39382556080818176","0.39382556080818176","13.209233283996582","13.209233283996582","13.209233283996582"
"3749","0.2609674632549286","0.2609674632549286","0.2609674632549286","16.06217384338379","16.06217384338379","16.06217384338379","0.2619865834712982","0.2619865834712982","0.2619865834712982","11.663247108459473","11.663247108459473","11.663247108459473","0.32871007919311523","0.32871007919311523","0.32871007919311523","16.021331787109375","16.021331787109375","16.021331787109375","0.33136457204818726","0.33136457204818726","0.33136457204818726","11.457855224609375","11.457855224609375","11.457855224609375"
"3779","0.33469313383102417","0.33469313383102417","0.33469313383102417","20.579069137573242","20.579069137573242","20.579069137573242","0.33586883544921875","0.33586883544921875","0.33586883544921875","14.541055679321289","14.541055679321289","14.541055679321289","0.4059731960296631","0.4059731960296631","0.4059731960296631","20.28957748413086","20.28957748413086","20.28957748413086","0.4080696403980255","0.4080696403980255","0.4080696403980255","13.840895652770996","13.840895652770996","13.840895652770996"
"3809","0.29171451926231384","0.29171451926231384","0.29171451926231384","18.55915641784668","18.55915641784668","18.55915641784668","0.3092500865459442","0.3092500865459442","0.3092500865459442","12.214509963989258","12.214509963989258","12.214509963989258","0.36200401186943054","0.36200401186943054","0.36200401186943054","18.488439559936523","18.488439559936523","18.488439559936523","0.3582887649536133","0.3582887649536133","0.3582887649536133","11.768744468688965","11.768744468688965","11.768744468688965"
"3839","0.2687964141368866","0.2687964141368866","0.2687964141368866","14.420202255249023","14.420202255249023","14.420202255249023","0.28180992603302","0.28180992603302","0.28180992603302","11.682072639465332","11.682072639465332","11.682072639465332","0.3367910385131836","0.3367910385131836","0.3367910385131836","13.999696731567383","13.999696731567383","13.999696731567383","0.33639755845069885","0.33639755845069885","0.33639755845069885","11.41799545288086","11.41799545288086","11.41799545288086"
"3869","0.3859982192516327","0.3859982192516327","0.3859982192516327","22.204322814941406","22.204322814941406","22.204322814941406","0.37577199935913086","0.37577199935913086","0.37577199935913086","16.295921325683594","16.295921325683594","16.295921325683594","0.4841966927051544","0.4841966927051544","0.4841966927051544","21.94375228881836","21.94375228881836","21.94375228881836","0.4864206910133362","0.4864206910133362","0.4864206910133362","15.797016143798828","15.797016143798828","15.797016143798828"
"3899","0.3990665376186371","0.3990665376186371","0.3990665376186371","24.28850555419922","24.28850555419922","24.28850555419922","0.4008569121360779","0.4008569121360779","0.4008569121360779","17.092872619628906","17.092872619628906","17.092872619628906","0.49593910574913025","0.49593910574913025","0.49593910574913025","24.219594955444336","24.219594955444336","24.219594955444336","0.48231226205825806","0.48231226205825806","0.48231226205825806","16.57973289489746","16.57973289489746","16.57973289489746"
"3929","0.3083726465702057","0.3083726465702057","0.3083726465702057","17.999353408813477","17.999353408813477","17.999353408813477","0.30690279603004456","0.30690279603004456","0.30690279603004456","14.044831275939941","14.044831275939941","14.044831275939941","0.398746132850647","0.398746132850647","0.398746132850647","17.91258430480957","17.91258430480957","17.91258430480957","0.39790648221969604","0.39790648221969604","0.39790648221969604","13.791271209716797","13.791271209716797","13.791271209716797"
"3959","0.2944098114967346","0.2944098114967346","0.2944098114967346","17.28942108154297","17.28942108154297","17.28942108154297","0.29690825939178467","0.29690825939178467","0.29690825939178467","13.5244140625","13.5244140625","13.5244140625","0.39785850048065186","0.39785850048065186","0.39785850048065186","16.96717071533203","16.96717071533203","16.96717071533203","0.3955155909061432","0.3955155909061432","0.3955155909061432","13.200546264648438","13.200546264648438","13.200546264648438"
"3989","0.28589963912963867","0.28589963912963867","0.28589963912963867","17.71180534362793","17.71180534362793","17.71180534362793","0.2833646237850189","0.2833646237850189","0.2833646237850189","12.726619720458984","12.726619720458984","12.726619720458984","0.364389568567276","0.364389568567276","0.364389568567276","17.528898239135742","17.528898239135742","17.528898239135742","0.36407211422920227","0.36407211422920227","0.36407211422920227","12.274941444396973","12.274941444396973","12.274941444396973"
"4019","0.28209593892097473","0.28209593892097473","0.28209593892097473","18.845483779907227","18.845483779907227","18.845483779907227","0.2770636975765228","0.2770636975765228","0.2770636975765228","12.960092544555664","12.960092544555664","12.960092544555664","0.35477596521377563","0.35477596521377563","0.35477596521377563","18.638639450073242","18.638639450073242","18.638639450073242","0.35968610644340515","0.35968610644340515","0.35968610644340515","12.618295669555664","12.618295669555664","12.618295669555664"
"4049","0.3485998511314392","0.3485998511314392","0.3485998511314392","22.03632354736328","22.03632354736328","22.03632354736328","0.3587537407875061","0.3587537407875061","0.3587537407875061","15.410409927368164","15.410409927368164","15.410409927368164","0.5077306032180786","0.5077306032180786","0.5077306032180786","21.92591667175293","21.92591667175293","21.92591667175293","0.45875129103660583","0.45875129103660583","0.45875129103660583","14.913554191589355","14.913554191589355","14.913554191589355"
"4079","0.272019624710083","0.272019624710083","0.272019624710083","15.099531173706055","15.099531173706055","15.099531173706055","0.2879985272884369","0.2879985272884369","0.2879985272884369","12.380328178405762","12.380328178405762","12.380328178405762","0.34354743361473083","0.34354743361473083","0.34354743361473083","15.057619094848633","15.057619094848633","15.057619094848633","0.34502363204956055","0.34502363204956055","0.34502363204956055","12.047735214233398","12.047735214233398","12.047735214233398"
"4109","0.32636573910713196","0.32636573910713196","0.32636573910713196","19.1389102935791","19.1389102935791","19.1389102935791","0.35183873772621155","0.35183873772621155","0.35183873772621155","15.756121635437012","15.756121635437012","15.756121635437012","0.45117294788360596","0.45117294788360596","0.45117294788360596","19.076562881469727","19.076562881469727","19.076562881469727","0.4332648813724518","0.4332648813724518","0.4332648813724518","15.591570854187012","15.591570854187012","15.591570854187012"
"4139","0.2569640874862671","0.2569640874862671","0.2569640874862671","16.02954864501953","16.02954864501953","16.02954864501953","0.27747297286987305","0.27747297286987305","0.27747297286987305","13.079010963439941","13.079010963439941","13.079010963439941","0.33796173334121704","0.33796173334121704","0.33796173334121704","16.10914421081543","16.10914421081543","16.10914421081543","0.33587607741355896","0.33587607741355896","0.33587607741355896","12.74917984008789","12.74917984008789","12.74917984008789"
"4169","0.29321911931037903","0.29321911931037903","0.29321911931037903","20.15233612060547","20.15233612060547","20.15233612060547","0.29686492681503296","0.29686492681503296","0.29686492681503296","15.059078216552734","15.059078216552734","15.059078216552734","0.4176543056964874","0.4176543056964874","0.4176543056964874","20.28614044189453","20.28614044189453","20.28614044189453","0.409836083650589","0.409836083650589","0.409836083650589","14.871232986450195","14.871232986450195","14.871232986450195"
"4199","0.32192763686180115","0.32192763686180115","0.32192763686180115","20.824098587036133","20.824098587036133","20.824098587036133","0.32132285833358765","0.32132285833358765","0.32132285833358765","15.71981143951416","15.71981143951416","15.71981143951416","0.43253278732299805","0.43253278732299805","0.43253278732299805","20.48369598388672","20.48369598388672","20.48369598388672","0.427114337682724","0.427114337682724","0.427114337682724","15.251989364624023","15.251989364624023","15.251989364624023"
"4229","0.31529998779296875","0.31529998779296875","0.31529998779296875","20.378515243530273","20.378515243530273","20.378515243530273","0.3118050694465637","0.3118050694465637","0.3118050694465637","15.112275123596191","15.112275123596191","15.112275123596191","0.41491857171058655","0.41491857171058655","0.41491857171058655","20.32547378540039","20.32547378540039","20.32547378540039","0.41293463110923767","0.41293463110923767","0.41293463110923767","14.758444786071777","14.758444786071777","14.758444786071777"
"4259","0.3006424307823181","0.3006424307823181","0.3006424307823181","20.617992401123047","20.617992401123047","20.617992401123047","0.2931462824344635","0.2931462824344635","0.2931462824344635","15.455889701843262","15.455889701843262","15.455889701843262","0.45597773790359497","0.45597773790359497","0.45597773790359497","20.658151626586914","20.658151626586914","20.658151626586914","0.43308642506599426","0.43308642506599426","0.43308642506599426","14.999141693115234","14.999141693115234","14.999141693115234"
"4289","0.24657900631427765","0.24657900631427765","0.24657900631427765","15.86107063293457","15.86107063293457","15.86107063293457","0.24213522672653198","0.24213522672653198","0.24213522672653198","11.882343292236328","11.882343292236328","11.882343292236328","0.33103370666503906","0.33103370666503906","0.33103370666503906","15.896655082702637","15.896655082702637","15.896655082702637","0.32481834292411804","0.32481834292411804","0.32481834292411804","11.65738296508789","11.65738296508789","11.65738296508789"
"4319","0.2577756345272064","0.2577756345272064","0.2577756345272064","13.65206527709961","13.65206527709961","13.65206527709961","0.22981372475624084","0.22981372475624084","0.22981372475624084","10.562443733215332","10.562443733215332","10.562443733215332","0.29606547951698303","0.29606547951698303","0.29606547951698303","13.357794761657715","13.357794761657715","13.357794761657715","0.29819178581237793","0.29819178581237793","0.29819178581237793","10.386816024780273","10.386816024780273","10.386816024780273"
"4349","0.253065288066864","0.253065288066864","0.253065288066864","18.350919723510742","18.350919723510742","18.350919723510742","0.25134050846099854","0.25134050846099854","0.25134050846099854","13.151708602905273","13.151708602905273","13.151708602905273","0.32060161232948303","0.32060161232948303","0.32060161232948303","18.28325843811035","18.28325843811035","18.28325843811035","0.3166177570819855","0.3166177570819855","0.3166177570819855","13.034318923950195","13.034318923950195","13.034318923950195"
"4379","0.2201562523841858","0.2201562523841858","0.2201562523841858","13.38917350769043","13.38917350769043","13.38917350769043","0.21961933374404907","0.21961933374404907","0.21961933374404907","11.026445388793945","11.026445388793945","11.026445388793945","0.287105917930603","0.287105917930603","0.287105917930603","13.282319068908691","13.282319068908691","13.282319068908691","0.2790173590183258","0.2790173590183258","0.2790173590183258","10.833504676818848","10.833504676818848","10.833504676818848"
"4409","0.2333582639694214","0.2333582639694214","0.2333582639694214","15.500676155090332","15.500676155090332","15.500676155090332","0.22672191262245178","0.22672191262245178","0.22672191262245178","12.312972068786621","12.312972068786621","12.312972068786621","0.4558851420879364","0.4558851420879364","0.4558851420879364","15.637614250183105","15.637614250183105","15.637614250183105","0.3076064884662628","0.3076064884662628","0.3076064884662628","12.178729057312012","12.178729057312012","12.178729057312012"
"4439","0.32633712887763977","0.32633712887763977","0.32633712887763977","18.45114517211914","18.45114517211914","18.45114517211914","0.3176869750022888","0.3176869750022888","0.3176869750022888","15.45476245880127","15.45476245880127","15.45476245880127","0.4293910264968872","0.4293910264968872","0.4293910264968872","18.62188720703125","18.62188720703125","18.62188720703125","0.43539369106292725","0.43539369106292725","0.43539369106292725","15.403548240661621","15.403548240661621","15.403548240661621"
"4469","0.23249980807304382","0.23249980807304382","0.23249980807304382","15.843441009521484","15.843441009521484","15.843441009521484","0.25350135564804077","0.25350135564804077","0.25350135564804077","12.913236618041992","12.913236618041992","12.913236618041992","0.37405166029930115","0.37405166029930115","0.37405166029930115","16.139333724975586","16.139333724975586","16.139333724975586","0.3140610456466675","0.3140610456466675","0.3140610456466675","12.738734245300293","12.738734245300293","12.738734245300293"
"4499","0.293057918548584","0.293057918548584","0.293057918548584","17.60247802734375","17.60247802734375","17.60247802734375","0.2764449119567871","0.2764449119567871","0.2764449119567871","13.729022979736328","13.729022979736328","13.729022979736328","0.36768537759780884","0.36768537759780884","0.36768537759780884","17.566593170166016","17.566593170166016","17.566593170166016","0.36345961689949036","0.36345961689949036","0.36345961689949036","13.581708908081055","13.581708908081055","13.581708908081055"
"4529","0.2659150958061218","0.2659150958061218","0.2659150958061218","17.25604820251465","17.25604820251465","17.25604820251465","0.2589634358882904","0.2589634358882904","0.2589634358882904","13.680862426757812","13.680862426757812","13.680862426757812","0.3597608208656311","0.3597608208656311","0.3597608208656311","17.20064926147461","17.20064926147461","17.20064926147461","0.3442520499229431","0.3442520499229431","0.3442520499229431","13.389531135559082","13.389531135559082","13.389531135559082"
"4559","0.23585008084774017","0.23585008084774017","0.23585008084774017","16.848167419433594","16.848167419433594","16.848167419433594","0.24050982296466827","0.24050982296466827","0.24050982296466827","13.146002769470215","13.146002769470215","13.146002769470215","0.3384783864021301","0.3384783864021301","0.3384783864021301","16.793670654296875","16.793670654296875","16.793670654296875","0.30896633863449097","0.30896633863449097","0.30896633863449097","12.804349899291992","12.804349899291992","12.804349899291992"
"4589","0.269860178232193","0.269860178232193","0.269860178232193","19.882305145263672","19.882305145263672","19.882305145263672","0.27163976430892944","0.27163976430892944","0.27163976430892944","15.013705253601074","15.013705253601074","15.013705253601074","0.3826846182346344","0.3826846182346344","0.3826846182346344","20.186786651611328","20.186786651611328","20.186786651611328","0.38436564803123474","0.38436564803123474","0.38436564803123474","14.625845909118652","14.625845909118652","14.625845909118652"
"4619","0.24210183322429657","0.24210183322429657","0.24210183322429657","15.80095386505127","15.80095386505127","15.80095386505127","0.24731510877609253","0.24731510877609253","0.24731510877609253","12.687736511230469","12.687736511230469","12.687736511230469","0.3009740710258484","0.3009740710258484","0.3009740710258484","16.13973045349121","16.13973045349121","16.13973045349121","0.294732004404068","0.294732004404068","0.294732004404068","12.38375473022461","12.38375473022461","12.38375473022461"
"4649","0.21142104268074036","0.21142104268074036","0.21142104268074036","14.071794509887695","14.071794509887695","14.071794509887695","0.20619037747383118","0.20619037747383118","0.20619037747383118","11.223671913146973","11.223671913146973","11.223671913146973","0.28762465715408325","0.28762465715408325","0.28762465715408325","13.898322105407715","13.898322105407715","13.898322105407715","0.2736131548881531","0.2736131548881531","0.2736131548881531","11.031164169311523","11.031164169311523","11.031164169311523"
"4679","0.2515568137168884","0.2515568137168884","0.2515568137168884","17.78932762145996","17.78932762145996","17.78932762145996","0.23985587060451508","0.23985587060451508","0.23985587060451508","14.178110122680664","14.178110122680664","14.178110122680664","0.6286097168922424","0.6286097168922424","0.6286097168922424","17.830469131469727","17.830469131469727","17.830469131469727","0.35974180698394775","0.35974180698394775","0.35974180698394775","13.9036226272583","13.9036226272583","13.9036226272583"
"4709","0.2706131935119629","0.2706131935119629","0.2706131935119629","17.918895721435547","17.918895721435547","17.918895721435547","0.2481708824634552","0.2481708824634552","0.2481708824634552","14.282702445983887","14.282702445983887","14.282702445983887","0.37025776505470276","0.37025776505470276","0.37025776505470276","17.886720657348633","17.886720657348633","17.886720657348633","0.37061765789985657","0.37061765789985657","0.37061765789985657","13.996992111206055","13.996992111206055","13.996992111206055"
"4739","0.20497505366802216","0.20497505366802216","0.20497505366802216","15.496386528015137","15.496386528015137","15.496386528015137","0.21096034348011017","0.21096034348011017","0.21096034348011017","11.678714752197266","11.678714752197266","11.678714752197266","0.28648537397384644","0.28648537397384644","0.28648537397384644","15.452987670898438","15.452987670898438","15.452987670898438","0.2823885977268219","0.2823885977268219","0.2823885977268219","11.325844764709473","11.325844764709473","11.325844764709473"
"4769","0.263589084148407","0.263589084148407","0.263589084148407","19.147977828979492","19.147977828979492","19.147977828979492","0.2648366093635559","0.2648366093635559","0.2648366093635559","15.691085815429688","15.691085815429688","15.691085815429688","0.3832450807094574","0.3832450807094574","0.3832450807094574","19.191431045532227","19.191431045532227","19.191431045532227","0.37268808484077454","0.37268808484077454","0.37268808484077454","15.426725387573242","15.426725387573242","15.426725387573242"
"4799","0.23906226456165314","0.23906226456165314","0.23906226456165314","15.696686744689941","15.696686744689941","15.696686744689941","0.24327531456947327","0.24327531456947327","0.24327531456947327","12.812548637390137","12.812548637390137","12.812548637390137","0.3442724049091339","0.3442724049091339","0.3442724049091339","15.877721786499023","15.877721786499023","15.877721786499023","0.34541746973991394","0.34541746973991394","0.34541746973991394","12.356876373291016","12.356876373291016","12.356876373291016"
"4829","0.254077672958374","0.254077672958374","0.254077672958374","16.502050399780273","16.502050399780273","16.502050399780273","0.2483828365802765","0.2483828365802765","0.2483828365802765","14.577250480651855","14.577250480651855","14.577250480651855","0.4136427938938141","0.4136427938938141","0.4136427938938141","16.415512084960938","16.415512084960938","16.415512084960938","0.34224173426628113","0.34224173426628113","0.34224173426628113","14.39480209350586","14.39480209350586","14.39480209350586"
"4859","0.21544674038887024","0.21544674038887024","0.21544674038887024","14.237253189086914","14.237253189086914","14.237253189086914","0.19998504221439362","0.19998504221439362","0.19998504221439362","11.183547019958496","11.183547019958496","11.183547019958496","0.2715710699558258","0.2715710699558258","0.2715710699558258","14.425333976745605","14.425333976745605","14.425333976745605","0.27691394090652466","0.27691394090652466","0.27691394090652466","10.958341598510742","10.958341598510742","10.958341598510742"
"4889","0.295305997133255","0.295305997133255","0.295305997133255","21.186447143554688","21.186447143554688","21.186447143554688","0.2976984679698944","0.2976984679698944","0.2976984679698944","18.091821670532227","18.091821670532227","18.091821670532227","0.469118595123291","0.469118595123291","0.469118595123291","21.22279930114746","21.22279930114746","21.22279930114746","0.46119070053100586","0.46119070053100586","0.46119070053100586","17.698362350463867","17.698362350463867","17.698362350463867"
"4919","0.22833919525146484","0.22833919525146484","0.22833919525146484","16.357236862182617","16.357236862182617","16.357236862182617","0.22996142506599426","0.22996142506599426","0.22996142506599426","13.09450626373291","13.09450626373291","13.09450626373291","0.342394083738327","0.342394083738327","0.342394083738327","16.731657028198242","16.731657028198242","16.731657028198242","0.33590424060821533","0.33590424060821533","0.33590424060821533","12.935690879821777","12.935690879821777","12.935690879821777"
"4949","0.24660226702690125","0.24660226702690125","0.24660226702690125","16.289188385009766","16.289188385009766","16.289188385009766","0.24204005300998688","0.24204005300998688","0.24204005300998688","13.471174240112305","13.471174240112305","13.471174240112305","0.31750068068504333","0.31750068068504333","0.31750068068504333","16.555126190185547","16.555126190185547","16.555126190185547","0.3107958137989044","0.3107958137989044","0.3107958137989044","13.236446380615234","13.236446380615234","13.236446380615234"
"4979","0.2590833902359009","0.2590833902359009","0.2590833902359009","19.147600173950195","19.147600173950195","19.147600173950195","0.2662450671195984","0.2662450671195984","0.2662450671195984","16.1240177154541","16.1240177154541","16.1240177154541","0.4017256200313568","0.4017256200313568","0.4017256200313568","19.307174682617188","19.307174682617188","19.307174682617188","0.3939354121685028","0.3939354121685028","0.3939354121685028","15.7377290725708","15.7377290725708","15.7377290725708"
"5009","0.2310449331998825","0.2310449331998825","0.2310449331998825","16.739253997802734","16.739253997802734","16.739253997802734","0.24096481502056122","0.24096481502056122","0.24096481502056122","13.39709186553955","13.39709186553955","13.39709186553955","0.34209340810775757","0.34209340810775757","0.34209340810775757","16.697341918945312","16.697341918945312","16.697341918945312","0.346708744764328","0.346708744764328","0.346708744764328","13.187986373901367","13.187986373901367","13.187986373901367"
"5039","0.23987193405628204","0.23987193405628204","0.23987193405628204","16.262250900268555","16.262250900268555","16.262250900268555","0.2352219521999359","0.2352219521999359","0.2352219521999359","13.465033531188965","13.465033531188965","13.465033531188965","0.32026389241218567","0.32026389241218567","0.32026389241218567","16.492416381835938","16.492416381835938","16.492416381835938","0.3137019872665405","0.3137019872665405","0.3137019872665405","13.110671043395996","13.110671043395996","13.110671043395996"
"5069","0.2286519706249237","0.2286519706249237","0.2286519706249237","19.805614471435547","19.805614471435547","19.805614471435547","0.23432278633117676","0.23432278633117676","0.23432278633117676","15.066612243652344","15.066612243652344","15.066612243652344","0.39234599471092224","0.39234599471092224","0.39234599471092224","19.928089141845703","19.928089141845703","19.928089141845703","0.36098310351371765","0.36098310351371765","0.36098310351371765","14.829577445983887","14.829577445983887","14.829577445983887"
"5099","0.20673948526382446","0.20673948526382446","0.20673948526382446","15.058725357055664","15.058725357055664","15.058725357055664","0.19329297542572021","0.19329297542572021","0.19329297542572021","12.344039916992188","12.344039916992188","12.344039916992188","0.2924668490886688","0.2924668490886688","0.2924668490886688","15.39364242553711","15.39364242553711","15.39364242553711","0.28223949670791626","0.28223949670791626","0.28223949670791626","12.145910263061523","12.145910263061523","12.145910263061523"
"5129","0.22050818800926208","0.22050818800926208","0.22050818800926208","17.323354721069336","17.323354721069336","17.323354721069336","0.22281800210475922","0.22281800210475922","0.22281800210475922","14.148443222045898","14.148443222045898","14.148443222045898","0.33369702100753784","0.33369702100753784","0.33369702100753784","17.328840255737305","17.328840255737305","17.328840255737305","0.33388063311576843","0.33388063311576843","0.33388063311576843","13.906312942504883","13.906312942504883","13.906312942504883"
"5159","0.2046433389186859","0.2046433389186859","0.2046433389186859","14.693060874938965","14.693060874938965","14.693060874938965","0.18894460797309875","0.18894460797309875","0.18894460797309875","12.557619094848633","12.557619094848633","12.557619094848633","0.27317187190055847","0.27317187190055847","0.27317187190055847","14.91036605834961","14.91036605834961","14.91036605834961","0.2694992125034332","0.2694992125034332","0.2694992125034332","12.257973670959473","12.257973670959473","12.257973670959473"
"5189","0.21170981228351593","0.21170981228351593","0.21170981228351593","14.21349048614502","14.21349048614502","14.21349048614502","0.20691537857055664","0.20691537857055664","0.20691537857055664","13.450484275817871","13.450484275817871","13.450484275817871","0.31078699231147766","0.31078699231147766","0.31078699231147766","14.340624809265137","14.340624809265137","14.340624809265137","0.30669841170310974","0.30669841170310974","0.30669841170310974","13.140158653259277","13.140158653259277","13.140158653259277"
"5219","0.19130216538906097","0.19130216538906097","0.19130216538906097","14.47574234008789","14.47574234008789","14.47574234008789","0.1940002739429474","0.1940002739429474","0.1940002739429474","12.17534351348877","12.17534351348877","12.17534351348877","0.26786985993385315","0.26786985993385315","0.26786985993385315","14.424299240112305","14.424299240112305","14.424299240112305","0.26772910356521606","0.26772910356521606","0.26772910356521606","11.696394920349121","11.696394920349121","11.696394920349121"
"5249","0.24703559279441833","0.24703559279441833","0.24703559279441833","17.69833755493164","17.69833755493164","17.69833755493164","0.2494727522134781","0.2494727522134781","0.2494727522134781","15.320174217224121","15.320174217224121","15.320174217224121","0.392891526222229","0.392891526222229","0.392891526222229","17.770782470703125","17.770782470703125","17.770782470703125","0.37005487084388733","0.37005487084388733","0.37005487084388733","15.101811408996582","15.101811408996582","15.101811408996582"
"5279","0.2341565638780594","0.2341565638780594","0.2341565638780594","18.082862854003906","18.082862854003906","18.082862854003906","0.2469581961631775","0.2469581961631775","0.2469581961631775","14.300298690795898","14.300298690795898","14.300298690795898","0.3422529399394989","0.3422529399394989","0.3422529399394989","17.975379943847656","17.975379943847656","17.975379943847656","0.3202069401741028","0.3202069401741028","0.3202069401741028","13.865312576293945","13.865312576293945","13.865312576293945"
"5309","0.2314620167016983","0.2314620167016983","0.2314620167016983","16.987220764160156","16.987220764160156","16.987220764160156","0.24684984982013702","0.24684984982013702","0.24684984982013702","15.25360107421875","15.25360107421875","15.25360107421875","0.3461250364780426","0.3461250364780426","0.3461250364780426","17.480283737182617","17.480283737182617","17.480283737182617","0.354181170463562","0.354181170463562","0.354181170463562","15.066411018371582","15.066411018371582","15.066411018371582"
"5339","0.23588953912258148","0.23588953912258148","0.23588953912258148","14.011157989501953","14.011157989501953","14.011157989501953","0.1901862621307373","0.1901862621307373","0.1901862621307373","11.68609619140625","11.68609619140625","11.68609619140625","0.2764734625816345","0.2764734625816345","0.2764734625816345","14.087194442749023","14.087194442749023","14.087194442749023","0.25440287590026855","0.25440287590026855","0.25440287590026855","11.58547306060791","11.58547306060791","11.58547306060791"
"5369","0.22193723917007446","0.22193723917007446","0.22193723917007446","16.45349884033203","16.45349884033203","16.45349884033203","0.2553577125072479","0.2553577125072479","0.2553577125072479","13.79704475402832","13.79704475402832","13.79704475402832","0.3340451121330261","0.3340451121330261","0.3340451121330261","16.643728256225586","16.643728256225586","16.643728256225586","0.3474610149860382","0.3474610149860382","0.3474610149860382","13.307475090026855","13.307475090026855","13.307475090026855"
"5399","0.2408839762210846","0.2408839762210846","0.2408839762210846","15.628156661987305","15.628156661987305","15.628156661987305","0.21586789190769196","0.21586789190769196","0.21586789190769196","14.03071117401123","14.03071117401123","14.03071117401123","0.3256976306438446","0.3256976306438446","0.3256976306438446","15.83471393585205","15.83471393585205","15.83471393585205","0.3161401152610779","0.3161401152610779","0.3161401152610779","13.53378963470459","13.53378963470459","13.53378963470459"
"5429","0.2362072765827179","0.2362072765827179","0.2362072765827179","17.827970504760742","17.827970504760742","17.827970504760742","0.23113498091697693","0.23113498091697693","0.23113498091697693","15.043087005615234","15.043087005615234","15.043087005615234","0.36786890029907227","0.36786890029907227","0.36786890029907227","18.119815826416016","18.119815826416016","18.119815826416016","0.3497754633426666","0.3497754633426666","0.3497754633426666","14.734347343444824","14.734347343444824","14.734347343444824"
"5459","0.1925988793373108","0.1925988793373108","0.1925988793373108","16.050870895385742","16.050870895385742","16.050870895385742","0.18844787776470184","0.18844787776470184","0.18844787776470184","12.435056686401367","12.435056686401367","12.435056686401367","0.28246477246284485","0.28246477246284485","0.28246477246284485","16.25106430053711","16.25106430053711","16.25106430053711","0.2778501808643341","0.2778501808643341","0.2778501808643341","12.13662052154541","12.13662052154541","12.13662052154541"
"5489","0.18514598906040192","0.18514598906040192","0.18514598906040192","14.961371421813965","14.961371421813965","14.961371421813965","0.18630874156951904","0.18630874156951904","0.18630874156951904","13.35401725769043","13.35401725769043","13.35401725769043","0.31148162484169006","0.31148162484169006","0.31148162484169006","15.301633834838867","15.301633834838867","15.301633834838867","0.28796306252479553","0.28796306252479553","0.28796306252479553","13.108073234558105","13.108073234558105","13.108073234558105"
"5519","0.20620118081569672","0.20620118081569672","0.20620118081569672","12.842507362365723","12.842507362365723","12.842507362365723","0.22012996673583984","0.22012996673583984","0.22012996673583984","12.33830738067627","12.33830738067627","12.33830738067627","0.2851664125919342","0.2851664125919342","0.2851664125919342","12.570351600646973","12.570351600646973","12.570351600646973","0.25850364565849304","0.25850364565849304","0.25850364565849304","12.212778091430664","12.212778091430664","12.212778091430664"
"5549","0.18538127839565277","0.18538127839565277","0.18538127839565277","14.593035697937012","14.593035697937012","14.593035697937012","0.18661481142044067","0.18661481142044067","0.18661481142044067","13.74007511138916","13.74007511138916","13.74007511138916","0.2830350399017334","0.2830350399017334","0.2830350399017334","14.73116683959961","14.73116683959961","14.73116683959961","0.2884325087070465","0.2884325087070465","0.2884325087070465","13.487128257751465","13.487128257751465","13.487128257751465"
"5579","0.2370416820049286","0.2370416820049286","0.2370416820049286","16.855323791503906","16.855323791503906","16.855323791503906","0.24709190428256989","0.24709190428256989","0.24709190428256989","15.359085083007812","15.359085083007812","15.359085083007812","0.37367889285087585","0.37367889285087585","0.37367889285087585","16.982057571411133","16.982057571411133","16.982057571411133","0.37164244055747986","0.37164244055747986","0.37164244055747986","15.059605598449707","15.059605598449707","15.059605598449707"
"5609","0.21816635131835938","0.21816635131835938","0.21816635131835938","18.428651809692383","18.428651809692383","18.428651809692383","0.21437931060791016","0.21437931060791016","0.21437931060791016","15.258795738220215","15.258795738220215","15.258795738220215","0.33057868480682373","0.33057868480682373","0.33057868480682373","18.706586837768555","18.706586837768555","18.706586837768555","0.3267916440963745","0.3267916440963745","0.3267916440963745","14.786792755126953","14.786792755126953","14.786792755126953"
"5639","0.21853722631931305","0.21853722631931305","0.21853722631931305","14.286270141601562","14.286270141601562","14.286270141601562","0.18050867319107056","0.18050867319107056","0.18050867319107056","12.298519134521484","12.298519134521484","12.298519134521484","0.3229122757911682","0.3229122757911682","0.3229122757911682","14.413820266723633","14.413820266723633","14.413820266723633","0.28024622797966003","0.28024622797966003","0.28024622797966003","11.86270809173584","11.86270809173584","11.86270809173584"
"5669","0.18395991623401642","0.18395991623401642","0.18395991623401642","15.900278091430664","15.900278091430664","15.900278091430664","0.18163833022117615","0.18163833022117615","0.18163833022117615","13.426492691040039","13.426492691040039","13.426492691040039","0.2969585359096527","0.2969585359096527","0.2969585359096527","15.9310884475708","15.9310884475708","15.9310884475708","0.2943274974822998","0.2943274974822998","0.2943274974822998","13.284634590148926","13.284634590148926","13.284634590148926"
"5699","0.1615116149187088","0.1615116149187088","0.1615116149187088","11.527802467346191","11.527802467346191","11.527802467346191","0.15420112013816833","0.15420112013816833","0.15420112013816833","10.316913604736328","10.316913604736328","10.316913604736328","0.22564153373241425","0.22564153373241425","0.22564153373241425","11.543940544128418","11.543940544128418","11.543940544128418","0.24186263978481293","0.24186263978481293","0.24186263978481293","10.023885726928711","10.023885726928711","10.023885726928711"
"5729","0.197086364030838","0.197086364030838","0.197086364030838","14.49676513671875","14.49676513671875","14.49676513671875","0.16998468339443207","0.16998468339443207","0.16998468339443207","11.93543529510498","11.93543529510498","11.93543529510498","0.2976870536804199","0.2976870536804199","0.2976870536804199","14.319859504699707","14.319859504699707","14.319859504699707","0.2827160656452179","0.2827160656452179","0.2827160656452179","11.870695114135742","11.870695114135742","11.870695114135742"
"5759","0.2265661507844925","0.2265661507844925","0.2265661507844925","16.797348022460938","16.797348022460938","16.797348022460938","0.21468673646450043","0.21468673646450043","0.21468673646450043","14.117497444152832","14.117497444152832","14.117497444152832","0.34137511253356934","0.34137511253356934","0.34137511253356934","16.864219665527344","16.864219665527344","16.864219665527344","0.32455962896347046","0.32455962896347046","0.32455962896347046","13.962282180786133","13.962282180786133","13.962282180786133"
"5789","0.17718882858753204","0.17718882858753204","0.17718882858753204","14.969066619873047","14.969066619873047","14.969066619873047","0.1693481057882309","0.1693481057882309","0.1693481057882309","12.573617935180664","12.573617935180664","12.573617935180664","0.2865713834762573","0.2865713834762573","0.2865713834762573","15.11812973022461","15.11812973022461","15.11812973022461","0.28176191449165344","0.28176191449165344","0.28176191449165344","12.203892707824707","12.203892707824707","12.203892707824707"
"5819","0.1748565286397934","0.1748565286397934","0.1748565286397934","14.313335418701172","14.313335418701172","14.313335418701172","0.18653449416160583","0.18653449416160583","0.18653449416160583","12.903853416442871","12.903853416442871","12.903853416442871","0.28612008690834045","0.28612008690834045","0.28612008690834045","14.557477951049805","14.557477951049805","14.557477951049805","0.2726227641105652","0.2726227641105652","0.2726227641105652","12.65743637084961","12.65743637084961","12.65743637084961"
"5849","0.24755297601222992","0.24755297601222992","0.24755297601222992","17.745370864868164","17.745370864868164","17.745370864868164","0.20743630826473236","0.20743630826473236","0.20743630826473236","15.314165115356445","15.314165115356445","15.314165115356445","0.3325280547142029","0.3325280547142029","0.3325280547142029","17.754941940307617","17.754941940307617","17.754941940307617","0.34616729617118835","0.34616729617118835","0.34616729617118835","14.956087112426758","14.956087112426758","14.956087112426758"
"5879","0.15517482161521912","0.15517482161521912","0.15517482161521912","12.131598472595215","12.131598472595215","12.131598472595215","0.17703236639499664","0.17703236639499664","0.17703236639499664","11.14261245727539","11.14261245727539","11.14261245727539","0.23860880732536316","0.23860880732536316","0.23860880732536316","12.30752944946289","12.30752944946289","12.30752944946289","0.2281278520822525","0.2281278520822525","0.2281278520822525","11.024968147277832","11.024968147277832","11.024968147277832"
"5909","0.14742670953273773","0.14742670953273773","0.14742670953273773","12.922321319580078","12.922321319580078","12.922321319580078","0.155739426612854","0.155739426612854","0.155739426612854","11.777876853942871","11.777876853942871","11.777876853942871","0.26908159255981445","0.26908159255981445","0.26908159255981445","13.145766258239746","13.145766258239746","13.145766258239746","0.24266865849494934","0.24266865849494934","0.24266865849494934","11.518203735351562","11.518203735351562","11.518203735351562"
"5939","0.18897105753421783","0.18897105753421783","0.18897105753421783","15.342460632324219","15.342460632324219","15.342460632324219","0.18709665536880493","0.18709665536880493","0.18709665536880493","13.821237564086914","13.821237564086914","13.821237564086914","0.2899620532989502","0.2899620532989502","0.2899620532989502","15.239048957824707","15.239048957824707","15.239048957824707","0.30062898993492126","0.30062898993492126","0.30062898993492126","13.49654769897461","13.49654769897461","13.49654769897461"
"5969","0.22693964838981628","0.22693964838981628","0.22693964838981628","17.544269561767578","17.544269561767578","17.544269561767578","0.23446083068847656","0.23446083068847656","0.23446083068847656","14.200815200805664","14.200815200805664","14.200815200805664","0.3275814652442932","0.3275814652442932","0.3275814652442932","18.113014221191406","18.113014221191406","18.113014221191406","0.32350486516952515","0.32350486516952515","0.32350486516952515","13.82828426361084","13.82828426361084","13.82828426361084"
"5999","0.17107386887073517","0.17107386887073517","0.17107386887073517","14.216265678405762","14.216265678405762","14.216265678405762","0.19289889931678772","0.19289889931678772","0.19289889931678772","12.450182914733887","12.450182914733887","12.450182914733887","0.2597942054271698","0.2597942054271698","0.2597942054271698","14.446380615234375","14.446380615234375","14.446380615234375","0.2685992419719696","0.2685992419719696","0.2685992419719696","12.19948673248291","12.19948673248291","12.19948673248291"
"6029","0.17307856678962708","0.17307856678962708","0.17307856678962708","13.958943367004395","13.958943367004395","13.958943367004395","0.16742941737174988","0.16742941737174988","0.16742941737174988","12.685639381408691","12.685639381408691","12.685639381408691","0.2774428725242615","0.2774428725242615","0.2774428725242615","14.042658805847168","14.042658805847168","14.042658805847168","0.2823135256767273","0.2823135256767273","0.2823135256767273","12.457758903503418","12.457758903503418","12.457758903503418"
"6059","0.1685614287853241","0.1685614287853241","0.1685614287853241","14.355531692504883","14.355531692504883","14.355531692504883","0.19660665094852448","0.19660665094852448","0.19660665094852448","12.700973510742188","12.700973510742188","12.700973510742188","0.25005996227264404","0.25005996227264404","0.25005996227264404","14.401674270629883","14.401674270629883","14.401674270629883","0.24973651766777039","0.24973651766777039","0.24973651766777039","12.265151023864746","12.265151023864746","12.265151023864746"
"6089","0.17412105202674866","0.17412105202674866","0.17412105202674866","14.185662269592285","14.185662269592285","14.185662269592285","0.18573372066020966","0.18573372066020966","0.18573372066020966","13.440690994262695","13.440690994262695","13.440690994262695","0.27034974098205566","0.27034974098205566","0.27034974098205566","14.275753021240234","14.275753021240234","14.275753021240234","0.2623141407966614","0.2623141407966614","0.2623141407966614","13.253002166748047","13.253002166748047","13.253002166748047"
"6119","0.19361169636249542","0.19361169636249542","0.19361169636249542","14.653326034545898","14.653326034545898","14.653326034545898","0.18539246916770935","0.18539246916770935","0.18539246916770935","13.277178764343262","13.277178764343262","13.277178764343262","0.2831045985221863","0.2831045985221863","0.2831045985221863","14.794801712036133","14.794801712036133","14.794801712036133","0.2890765964984894","0.2890765964984894","0.2890765964984894","12.841768264770508","12.841768264770508","12.841768264770508"
"6149","0.18298335373401642","0.18298335373401642","0.18298335373401642","14.21603012084961","14.21603012084961","14.21603012084961","0.18361590802669525","0.18361590802669525","0.18361590802669525","12.461785316467285","12.461785316467285","12.461785316467285","0.2566700577735901","0.2566700577735901","0.2566700577735901","14.790461540222168","14.790461540222168","14.790461540222168","0.2528705298900604","0.2528705298900604","0.2528705298900604","12.200583457946777","12.200583457946777","12.200583457946777"
"6179","0.15155625343322754","0.15155625343322754","0.15155625343322754","12.580082893371582","12.580082893371582","12.580082893371582","0.15242382884025574","0.15242382884025574","0.15242382884025574","11.37643814086914","11.37643814086914","11.37643814086914","0.32837599515914917","0.32837599515914917","0.32837599515914917","12.406916618347168","12.406916618347168","12.406916618347168","0.2352583259344101","0.2352583259344101","0.2352583259344101","11.232999801635742","11.232999801635742","11.232999801635742"
"6209","0.16558782756328583","0.16558782756328583","0.16558782756328583","14.654894828796387","14.654894828796387","14.654894828796387","0.1653757393360138","0.1653757393360138","0.1653757393360138","13.863656044006348","13.863656044006348","13.863656044006348","0.27769216895103455","0.27769216895103455","0.27769216895103455","14.916956901550293","14.916956901550293","14.916956901550293","0.2820099890232086","0.2820099890232086","0.2820099890232086","13.52573299407959","13.52573299407959","13.52573299407959"
"6239","0.1680586040019989","0.1680586040019989","0.1680586040019989","13.466055870056152","13.466055870056152","13.466055870056152","0.18353870511054993","0.18353870511054993","0.18353870511054993","11.253914833068848","11.253914833068848","11.253914833068848","0.2433420568704605","0.2433420568704605","0.2433420568704605","13.447061538696289","13.447061538696289","13.447061538696289","0.2416802942752838","0.2416802942752838","0.2416802942752838","10.996260643005371","10.996260643005371","10.996260643005371"
"6269","0.18564864993095398","0.18564864993095398","0.18564864993095398","12.97362232208252","12.97362232208252","12.97362232208252","0.14051750302314758","0.14051750302314758","0.14051750302314758","10.828519821166992","10.828519821166992","10.828519821166992","0.22825288772583008","0.22825288772583008","0.22825288772583008","13.2076997756958","13.2076997756958","13.2076997756958","0.2138586789369583","0.2138586789369583","0.2138586789369583","10.619268417358398","10.619268417358398","10.619268417358398"
"6299","0.16339589655399323","0.16339589655399323","0.16339589655399323","15.38466739654541","15.38466739654541","15.38466739654541","0.1744447648525238","0.1744447648525238","0.1744447648525238","13.739344596862793","13.739344596862793","13.739344596862793","0.2905440032482147","0.2905440032482147","0.2905440032482147","15.443986892700195","15.443986892700195","15.443986892700195","0.292743057012558","0.292743057012558","0.292743057012558","13.421090126037598","13.421090126037598","13.421090126037598"
"6329","0.17146499454975128","0.17146499454975128","0.17146499454975128","14.327479362487793","14.327479362487793","14.327479362487793","0.15284085273742676","0.15284085273742676","0.15284085273742676","13.51211166381836","13.51211166381836","13.51211166381836","0.28339067101478577","0.28339067101478577","0.28339067101478577","14.610179901123047","14.610179901123047","14.610179901123047","0.2652358114719391","0.2652358114719391","0.2652358114719391","13.156081199645996","13.156081199645996","13.156081199645996"
"6359","0.1704064905643463","0.1704064905643463","0.1704064905643463","15.276155471801758","15.276155471801758","15.276155471801758","0.16366562247276306","0.16366562247276306","0.16366562247276306","13.721017837524414","13.721017837524414","13.721017837524414","0.28208279609680176","0.28208279609680176","0.28208279609680176","15.575778007507324","15.575778007507324","15.575778007507324","0.2801899015903473","0.2801899015903473","0.2801899015903473","13.322110176086426","13.322110176086426","13.322110176086426"
"6389","0.15860597789287567","0.15860597789287567","0.15860597789287567","13.680720329284668","13.680720329284668","13.680720329284668","0.14005468785762787","0.14005468785762787","0.14005468785762787","13.643149375915527","13.643149375915527","13.643149375915527","0.27058088779449463","0.27058088779449463","0.27058088779449463","13.855165481567383","13.855165481567383","13.855165481567383","0.2582767903804779","0.2582767903804779","0.2582767903804779","13.413504600524902","13.413504600524902","13.413504600524902"
"6419","0.209019735455513","0.209019735455513","0.209019735455513","15.546606063842773","15.546606063842773","15.546606063842773","0.1913258284330368","0.1913258284330368","0.1913258284330368","14.034895896911621","14.034895896911621","14.034895896911621","0.291899174451828","0.291899174451828","0.291899174451828","15.940536499023438","15.940536499023438","15.940536499023438","0.29162272810935974","0.29162272810935974","0.29162272810935974","13.613722801208496","13.613722801208496","13.613722801208496"
"6449","0.1840885877609253","0.1840885877609253","0.1840885877609253","13.267534255981445","13.267534255981445","13.267534255981445","0.1559906005859375","0.1559906005859375","0.1559906005859375","13.774259567260742","13.774259567260742","13.774259567260742","0.2991258502006531","0.2991258502006531","0.2991258502006531","13.246612548828125","13.246612548828125","13.246612548828125","0.2628616988658905","0.2628616988658905","0.2628616988658905","13.901256561279297","13.901256561279297","13.901256561279297"
"6479","0.11955983936786652","0.11955983936786652","0.11955983936786652","9.735677719116211","9.735677719116211","9.735677719116211","0.11754878610372543","0.11754878610372543","0.11754878610372543","10.166665077209473","10.166665077209473","10.166665077209473","0.18184833228588104","0.18184833228588104","0.18184833228588104","9.785921096801758","9.785921096801758","9.785921096801758","0.19068312644958496","0.19068312644958496","0.19068312644958496","10.00195026397705","10.00195026397705","10.00195026397705"
"6509","0.17288295924663544","0.17288295924663544","0.17288295924663544","15.52330493927002","15.52330493927002","15.52330493927002","0.18065965175628662","0.18065965175628662","0.18065965175628662","14.226938247680664","14.226938247680664","14.226938247680664","0.278978556394577","0.278978556394577","0.278978556394577","15.40678882598877","15.40678882598877","15.40678882598877","0.26735034584999084","0.26735034584999084","0.26735034584999084","13.96328067779541","13.96328067779541","13.96328067779541"
"6539","0.15947365760803223","0.15947365760803223","0.15947365760803223","13.664596557617188","13.664596557617188","13.664596557617188","0.16035586595535278","0.16035586595535278","0.16035586595535278","12.326047897338867","12.326047897338867","12.326047897338867","0.24284200370311737","0.24284200370311737","0.24284200370311737","13.685492515563965","13.685492515563965","13.685492515563965","0.2255537211894989","0.2255537211894989","0.2255537211894989","12.060956954956055","12.060956954956055","12.060956954956055"
"6569","0.13013742864131927","0.13013742864131927","0.13013742864131927","13.904350280761719","13.904350280761719","13.904350280761719","0.12416194379329681","0.12416194379329681","0.12416194379329681","12.464250564575195","12.464250564575195","12.464250564575195","0.22978632152080536","0.22978632152080536","0.22978632152080536","14.2632417678833","14.2632417678833","14.2632417678833","0.2170690894126892","0.2170690894126892","0.2170690894126892","12.03445816040039","12.03445816040039","12.03445816040039"
"6599","0.15425337851047516","0.15425337851047516","0.15425337851047516","12.246795654296875","12.246795654296875","12.246795654296875","0.14173577725887299","0.14173577725887299","0.14173577725887299","10.938791275024414","10.938791275024414","10.938791275024414","0.20554442703723907","0.20554442703723907","0.20554442703723907","12.349406242370605","12.349406242370605","12.349406242370605","0.2156452089548111","0.2156452089548111","0.2156452089548111","10.89694595336914","10.89694595336914","10.89694595336914"
"6629","0.16375522315502167","0.16375522315502167","0.16375522315502167","13.23386001586914","13.23386001586914","13.23386001586914","0.17652533948421478","0.17652533948421478","0.17652533948421478","12.4955415725708","12.4955415725708","12.4955415725708","0.24471516907215118","0.24471516907215118","0.24471516907215118","13.201366424560547","13.201366424560547","13.201366424560547","0.25653544068336487","0.25653544068336487","0.25653544068336487","12.06301498413086","12.06301498413086","12.06301498413086"
"6659","0.154416024684906","0.154416024684906","0.154416024684906","14.258942604064941","14.258942604064941","14.258942604064941","0.16131484508514404","0.16131484508514404","0.16131484508514404","13.96976089477539","13.96976089477539","13.96976089477539","0.26173266768455505","0.26173266768455505","0.26173266768455505","14.593603134155273","14.593603134155273","14.593603134155273","0.25329023599624634","0.25329023599624634","0.25329023599624634","13.54123592376709","13.54123592376709","13.54123592376709"
"6689","0.16021430492401123","0.16021430492401123","0.16021430492401123","13.152324676513672","13.152324676513672","13.152324676513672","0.14041978120803833","0.14041978120803833","0.14041978120803833","12.296876907348633","12.296876907348633","12.296876907348633","0.2296307384967804","0.2296307384967804","0.2296307384967804","12.98167896270752","12.98167896270752","12.98167896270752","0.22221633791923523","0.22221633791923523","0.22221633791923523","12.024601936340332","12.024601936340332","12.024601936340332"
"6719","0.17212726175785065","0.17212726175785065","0.17212726175785065","14.888917922973633","14.888917922973633","14.888917922973633","0.1698387861251831","0.1698387861251831","0.1698387861251831","14.606292724609375","14.606292724609375","14.606292724609375","0.2742087244987488","0.2742087244987488","0.2742087244987488","14.781254768371582","14.781254768371582","14.781254768371582","0.27408069372177124","0.27408069372177124","0.27408069372177124","14.269022941589355","14.269022941589355","14.269022941589355"
"6749","0.1292540580034256","0.1292540580034256","0.1292540580034256","11.120847702026367","11.120847702026367","11.120847702026367","0.13719604909420013","0.13719604909420013","0.13719604909420013","11.516701698303223","11.516701698303223","11.516701698303223","0.20145057141780853","0.20145057141780853","0.20145057141780853","11.369596481323242","11.369596481323242","11.369596481323242","0.1970224678516388","0.1970224678516388","0.1970224678516388","11.365735054016113","11.365735054016113","11.365735054016113"
"6779","0.15224751830101013","0.15224751830101013","0.15224751830101013","12.416950225830078","12.416950225830078","12.416950225830078","0.13784180581569672","0.13784180581569672","0.13784180581569672","11.75199031829834","11.75199031829834","11.75199031829834","0.22299571335315704","0.22299571335315704","0.22299571335315704","12.60389232635498","12.60389232635498","12.60389232635498","0.20786720514297485","0.20786720514297485","0.20786720514297485","11.396183967590332","11.396183967590332","11.396183967590332"
"6809","0.15102693438529968","0.15102693438529968","0.15102693438529968","14.15328598022461","14.15328598022461","14.15328598022461","0.1448083370923996","0.1448083370923996","0.1448083370923996","13.40169906616211","13.40169906616211","13.40169906616211","0.25622135400772095","0.25622135400772095","0.25622135400772095","14.193346977233887","14.193346977233887","14.193346977233887","0.25107425451278687","0.25107425451278687","0.25107425451278687","13.172228813171387","13.172228813171387","13.172228813171387"
"6839","0.15685798227787018","0.15685798227787018","0.15685798227787018","13.525465965270996","13.525465965270996","13.525465965270996","0.17807923257350922","0.17807923257350922","0.17807923257350922","11.548624038696289","11.548624038696289","11.548624038696289","0.21455268561840057","0.21455268561840057","0.21455268561840057","13.48067855834961","13.48067855834961","13.48067855834961","0.21391639113426208","0.21391639113426208","0.21391639113426208","11.22445011138916","11.22445011138916","11.22445011138916"
"6869","0.14535017311573029","0.14535017311573029","0.14535017311573029","13.944708824157715","13.944708824157715","13.944708824157715","0.17450225353240967","0.17450225353240967","0.17450225353240967","13.11359977722168","13.11359977722168","13.11359977722168","0.2550800144672394","0.2550800144672394","0.2550800144672394","14.14352035522461","14.14352035522461","14.14352035522461","0.2565264403820038","0.2565264403820038","0.2565264403820038","12.84130859375","12.84130859375","12.84130859375"
"6899","0.16894611716270447","0.16894611716270447","0.16894611716270447","12.50169563293457","12.50169563293457","12.50169563293457","0.15047208964824677","0.15047208964824677","0.15047208964824677","12.100847244262695","12.100847244262695","12.100847244262695","0.22368614375591278","0.22368614375591278","0.22368614375591278","12.790545463562012","12.790545463562012","12.790545463562012","0.22729907929897308","0.22729907929897308","0.22729907929897308","11.832830429077148","11.832830429077148","11.832830429077148"
"6929","0.1557970941066742","0.1557970941066742","0.1557970941066742","14.885319709777832","14.885319709777832","14.885319709777832","0.17990997433662415","0.17990997433662415","0.17990997433662415","14.587660789489746","14.587660789489746","14.587660789489746","0.27342456579208374","0.27342456579208374","0.27342456579208374","14.708574295043945","14.708574295043945","14.708574295043945","0.2614228427410126","0.2614228427410126","0.2614228427410126","14.394270896911621","14.394270896911621","14.394270896911621"
"6959","0.13663211464881897","0.13663211464881897","0.13663211464881897","10.89855670928955","10.89855670928955","10.89855670928955","0.1403011828660965","0.1403011828660965","0.1403011828660965","10.633869171142578","10.633869171142578","10.633869171142578","0.22093254327774048","0.22093254327774048","0.22093254327774048","11.026961326599121","11.026961326599121","11.026961326599121","0.19797973334789276","0.19797973334789276","0.19797973334789276","10.687739372253418","10.687739372253418","10.687739372253418"
"6989","0.13183048367500305","0.13183048367500305","0.13183048367500305","12.156874656677246","12.156874656677246","12.156874656677246","0.1373250037431717","0.1373250037431717","0.1373250037431717","11.539355278015137","11.539355278015137","11.539355278015137","0.21921418607234955","0.21921418607234955","0.21921418607234955","12.211989402770996","12.211989402770996","12.211989402770996","0.215849831700325","0.215849831700325","0.215849831700325","11.37083911895752","11.37083911895752","11.37083911895752"
"7019","0.11772271990776062","0.11772271990776062","0.11772271990776062","10.246435165405273","10.246435165405273","10.246435165405273","0.12125415354967117","0.12125415354967117","0.12125415354967117","10.56003475189209","10.56003475189209","10.56003475189209","0.1834394484758377","0.1834394484758377","0.1834394484758377","10.33060073852539","10.33060073852539","10.33060073852539","0.19110144674777985","0.19110144674777985","0.19110144674777985","10.27212905883789","10.27212905883789","10.27212905883789"
"7049","0.15578089654445648","0.15578089654445648","0.15578089654445648","14.494620323181152","14.494620323181152","14.494620323181152","0.16991505026817322","0.16991505026817322","0.16991505026817322","13.986342430114746","13.986342430114746","13.986342430114746","0.2983841001987457","0.2983841001987457","0.2983841001987457","14.660043716430664","14.660043716430664","14.660043716430664","0.2649311125278473","0.2649311125278473","0.2649311125278473","13.718475341796875","13.718475341796875","13.718475341796875"
"7079","0.13721530139446259","0.13721530139446259","0.13721530139446259","12.51590347290039","12.51590347290039","12.51590347290039","0.12858280539512634","0.12858280539512634","0.12858280539512634","12.237414360046387","12.237414360046387","12.237414360046387","0.21284522116184235","0.21284522116184235","0.21284522116184235","12.792228698730469","12.792228698730469","12.792228698730469","0.2318824678659439","0.2318824678659439","0.2318824678659439","12.007651329040527","12.007651329040527","12.007651329040527"
"7109","0.1414949893951416","0.1414949893951416","0.1414949893951416","13.258304595947266","13.258304595947266","13.258304595947266","0.14759379625320435","0.14759379625320435","0.14759379625320435","13.464503288269043","13.464503288269043","13.464503288269043","0.24030441045761108","0.24030441045761108","0.24030441045761108","13.22805118560791","13.22805118560791","13.22805118560791","0.2554478347301483","0.2554478347301483","0.2554478347301483","13.432353019714355","13.432353019714355","13.432353019714355"
"7139","0.1164458617568016","0.1164458617568016","0.1164458617568016","11.508604049682617","11.508604049682617","11.508604049682617","0.11260411143302917","0.11260411143302917","0.11260411143302917","10.918253898620605","10.918253898620605","10.918253898620605","0.20407652854919434","0.20407652854919434","0.20407652854919434","11.524385452270508","11.524385452270508","11.524385452270508","0.19469739496707916","0.19469739496707916","0.19469739496707916","10.863693237304688","10.863693237304688","10.863693237304688"
"7169","0.11563899368047714","0.11563899368047714","0.11563899368047714","11.1658935546875","11.1658935546875","11.1658935546875","0.12509725987911224","0.12509725987911224","0.12509725987911224","11.507265090942383","11.507265090942383","11.507265090942383","0.20933766663074493","0.20933766663074493","0.20933766663074493","11.328836441040039","11.328836441040039","11.328836441040039","0.19816899299621582","0.19816899299621582","0.19816899299621582","11.155976295471191","11.155976295471191","11.155976295471191"
"7199","0.12759144604206085","0.12759144604206085","0.12759144604206085","13.08584213256836","13.08584213256836","13.08584213256836","0.15297876298427582","0.15297876298427582","0.15297876298427582","13.302047729492188","13.302047729492188","13.302047729492188","0.2722195088863373","0.2722195088863373","0.2722195088863373","13.002028465270996","13.002028465270996","13.002028465270996","0.2295159548521042","0.2295159548521042","0.2295159548521042","12.787182807922363","12.787182807922363","12.787182807922363"
"7229","0.13289311528205872","0.13289311528205872","0.13289311528205872","11.297411918640137","11.297411918640137","11.297411918640137","0.15686729550361633","0.15686729550361633","0.15686729550361633","11.219963073730469","11.219963073730469","11.219963073730469","0.19829289615154266","0.19829289615154266","0.19829289615154266","10.95797348022461","10.95797348022461","10.95797348022461","0.2076612263917923","0.2076612263917923","0.2076612263917923","10.974654197692871","10.974654197692871","10.974654197692871"
"7259","0.1573590487241745","0.1573590487241745","0.1573590487241745","14.58006763458252","14.58006763458252","14.58006763458252","0.13695330917835236","0.13695330917835236","0.13695330917835236","14.62884521484375","14.62884521484375","14.62884521484375","0.2656908631324768","0.2656908631324768","0.2656908631324768","14.792895317077637","14.792895317077637","14.792895317077637","0.2570028305053711","0.2570028305053711","0.2570028305053711","14.442636489868164","14.442636489868164","14.442636489868164"
"7289","0.15669788420200348","0.15669788420200348","0.15669788420200348","12.189703941345215","12.189703941345215","12.189703941345215","0.12314248830080032","0.12314248830080032","0.12314248830080032","11.840949058532715","11.840949058532715","11.840949058532715","0.2330716997385025","0.2330716997385025","0.2330716997385025","12.179902076721191","12.179902076721191","12.179902076721191","0.20754507184028625","0.20754507184028625","0.20754507184028625","11.748116493225098","11.748116493225098","11.748116493225098"
"7319","0.13916230201721191","0.13916230201721191","0.13916230201721191","13.50243091583252","13.50243091583252","13.50243091583252","0.14916175603866577","0.14916175603866577","0.14916175603866577","12.126309394836426","12.126309394836426","12.126309394836426","0.22691532969474792","0.22691532969474792","0.22691532969474792","13.715787887573242","13.715787887573242","13.715787887573242","0.23074592649936676","0.23074592649936676","0.23074592649936676","11.869821548461914","11.869821548461914","11.869821548461914"
"7349","0.1532830148935318","0.1532830148935318","0.1532830148935318","13.240856170654297","13.240856170654297","13.240856170654297","0.14412358403205872","0.14412358403205872","0.14412358403205872","13.279166221618652","13.279166221618652","13.279166221618652","0.2667548954486847","0.2667548954486847","0.2667548954486847","13.40195083618164","13.40195083618164","13.40195083618164","0.25375571846961975","0.25375571846961975","0.25375571846961975","12.902589797973633","12.902589797973633","12.902589797973633"
"7379","0.13662222027778625","0.13662222027778625","0.13662222027778625","12.821220397949219","12.821220397949219","12.821220397949219","0.14632096886634827","0.14632096886634827","0.14632096886634827","12.509687423706055","12.509687423706055","12.509687423706055","0.2320030927658081","0.2320030927658081","0.2320030927658081","12.85926628112793","12.85926628112793","12.85926628112793","0.21431125700473785","0.21431125700473785","0.21431125700473785","12.28630256652832","12.28630256652832","12.28630256652832"
"7409","0.12494491040706635","0.12494491040706635","0.12494491040706635","9.810168266296387","9.810168266296387","9.810168266296387","0.10980001091957092","0.10980001091957092","0.10980001091957092","9.599909782409668","9.599909782409668","9.599909782409668","0.15824294090270996","0.15824294090270996","0.15824294090270996","9.92367935180664","9.92367935180664","9.92367935180664","0.17242884635925293","0.17242884635925293","0.17242884635925293","9.410097122192383","9.410097122192383","9.410097122192383"
"7439","0.10803693532943726","0.10803693532943726","0.10803693532943726","9.04955005645752","9.04955005645752","9.04955005645752","0.10467349737882614","0.10467349737882614","0.10467349737882614","10.019762992858887","10.019762992858887","10.019762992858887","0.18381541967391968","0.18381541967391968","0.18381541967391968","9.232815742492676","9.232815742492676","9.232815742492676","0.18208180367946625","0.18208180367946625","0.18208180367946625","10.056686401367188","10.056686401367188","10.056686401367188"
"7469","0.11156409978866577","0.11156409978866577","0.11156409978866577","11.195549011230469","11.195549011230469","11.195549011230469","0.11448711901903152","0.11448711901903152","0.11448711901903152","10.760172843933105","10.760172843933105","10.760172843933105","0.18051280081272125","0.18051280081272125","0.18051280081272125","10.98794174194336","10.98794174194336","10.98794174194336","0.18255291879177094","0.18255291879177094","0.18255291879177094","10.580961227416992","10.580961227416992","10.580961227416992"
"7499","0.13917693495750427","0.13917693495750427","0.13917693495750427","13.695439338684082","13.695439338684082","13.695439338684082","0.11656647175550461","0.11656647175550461","0.11656647175550461","12.447187423706055","12.447187423706055","12.447187423706055","0.23365575075149536","0.23365575075149536","0.23365575075149536","13.594478607177734","13.594478607177734","13.594478607177734","0.23283053934574127","0.23283053934574127","0.23283053934574127","12.075706481933594","12.075706481933594","12.075706481933594"
"7529","0.10974002629518509","0.10974002629518509","0.10974002629518509","8.356620788574219","8.356620788574219","8.356620788574219","0.12328475713729858","0.12328475713729858","0.12328475713729858","9.333584785461426","9.333584785461426","9.333584785461426","0.15454989671707153","0.15454989671707153","0.15454989671707153","8.444239616394043","8.444239616394043","8.444239616394043","0.14392760396003723","0.14392760396003723","0.14392760396003723","9.03158950805664","9.03158950805664","9.03158950805664"
"7559","0.1342785805463791","0.1342785805463791","0.1342785805463791","12.648127555847168","12.648127555847168","12.648127555847168","0.141386017203331","0.141386017203331","0.141386017203331","12.941659927368164","12.941659927368164","12.941659927368164","0.23551686108112335","0.23551686108112335","0.23551686108112335","12.62020492553711","12.62020492553711","12.62020492553711","0.2397942990064621","0.2397942990064621","0.2397942990064621","12.723824501037598","12.723824501037598","12.723824501037598"
"7589","0.11181981861591339","0.11181981861591339","0.11181981861591339","9.963409423828125","9.963409423828125","9.963409423828125","0.12777744233608246","0.12777744233608246","0.12777744233608246","10.973747253417969","10.973747253417969","10.973747253417969","0.20493122935295105","0.20493122935295105","0.20493122935295105","10.006584167480469","10.006584167480469","10.006584167480469","0.19511424005031586","0.19511424005031586","0.19511424005031586","10.70068073272705","10.70068073272705","10.70068073272705"
"7619","0.12513886392116547","0.12513886392116547","0.12513886392116547","12.564833641052246","12.564833641052246","12.564833641052246","0.12426507472991943","0.12426507472991943","0.12426507472991943","12.84422492980957","12.84422492980957","12.84422492980957","0.20747146010398865","0.20747146010398865","0.20747146010398865","12.569406509399414","12.569406509399414","12.569406509399414","0.20478084683418274","0.20478084683418274","0.20478084683418274","12.497499465942383","12.497499465942383","12.497499465942383"
"7649","0.11727477610111237","0.11727477610111237","0.11727477610111237","10.816411018371582","10.816411018371582","10.816411018371582","0.10721000283956528","0.10721000283956528","0.10721000283956528","10.985396385192871","10.985396385192871","10.985396385192871","0.16780152916908264","0.16780152916908264","0.16780152916908264","10.891084671020508","10.891084671020508","10.891084671020508","0.19457054138183594","0.19457054138183594","0.19457054138183594","10.825979232788086","10.825979232788086","10.825979232788086"
"7679","0.12022983282804489","0.12022983282804489","0.12022983282804489","10.936981201171875","10.936981201171875","10.936981201171875","0.123508982360363","0.123508982360363","0.123508982360363","11.494058609008789","11.494058609008789","11.494058609008789","0.1955326795578003","0.1955326795578003","0.1955326795578003","10.94955062866211","10.94955062866211","10.94955062866211","0.18805506825447083","0.18805506825447083","0.18805506825447083","11.059332847595215","11.059332847595215","11.059332847595215"
"7709","0.1028003990650177","0.1028003990650177","0.1028003990650177","9.211043357849121","9.211043357849121","9.211043357849121","0.10418935865163803","0.10418935865163803","0.10418935865163803","10.718008995056152","10.718008995056152","10.718008995056152","0.17407390475273132","0.17407390475273132","0.17407390475273132","9.330694198608398","9.330694198608398","9.330694198608398","0.1576027274131775","0.1576027274131775","0.1576027274131775","10.460375785827637","10.460375785827637","10.460375785827637"
"7739","0.10984870046377182","0.10984870046377182","0.10984870046377182","12.226113319396973","12.226113319396973","12.226113319396973","0.1342943012714386","0.1342943012714386","0.1342943012714386","11.627575874328613","11.627575874328613","11.627575874328613","0.19680126011371613","0.19680126011371613","0.19680126011371613","12.242114067077637","12.242114067077637","12.242114067077637","0.20637819170951843","0.20637819170951843","0.20637819170951843","11.555451393127441","11.555451393127441","11.555451393127441"
"7769","0.13003991544246674","0.13003991544246674","0.13003991544246674","10.527924537658691","10.527924537658691","10.527924537658691","0.11623574793338776","0.11623574793338776","0.11623574793338776","10.699996948242188","10.699996948242188","10.699996948242188","0.1808217167854309","0.1808217167854309","0.1808217167854309","10.880285263061523","10.880285263061523","10.880285263061523","0.18661601841449738","0.18661601841449738","0.18661601841449738","10.667109489440918","10.667109489440918","10.667109489440918"
"7799","0.10836628079414368","0.10836628079414368","0.10836628079414368","10.772157669067383","10.772157669067383","10.772157669067383","0.10737410932779312","0.10737410932779312","0.10737410932779312","11.303595542907715","11.303595542907715","11.303595542907715","0.2069704830646515","0.2069704830646515","0.2069704830646515","10.870500564575195","10.870500564575195","10.870500564575195","0.18315371870994568","0.18315371870994568","0.18315371870994568","10.9902925491333","10.9902925491333","10.9902925491333"
"7829","0.13092531263828278","0.13092531263828278","0.13092531263828278","11.315021514892578","11.315021514892578","11.315021514892578","0.12937581539154053","0.12937581539154053","0.12937581539154053","11.843512535095215","11.843512535095215","11.843512535095215","0.21558086574077606","0.21558086574077606","0.21558086574077606","11.461037635803223","11.461037635803223","11.461037635803223","0.2267262190580368","0.2267262190580368","0.2267262190580368","11.778141021728516","11.778141021728516","11.778141021728516"
"7859","0.1200304850935936","0.1200304850935936","0.1200304850935936","12.027969360351562","12.027969360351562","12.027969360351562","0.14625273644924164","0.14625273644924164","0.14625273644924164","12.030675888061523","12.030675888061523","12.030675888061523","0.2194230556488037","0.2194230556488037","0.2194230556488037","12.029646873474121","12.029646873474121","12.029646873474121","0.19663593173027039","0.19663593173027039","0.19663593173027039","11.665946960449219","11.665946960449219","11.665946960449219"
"7889","0.1496710330247879","0.1496710330247879","0.1496710330247879","14.64820384979248","14.64820384979248","14.64820384979248","0.13494479656219482","0.13494479656219482","0.13494479656219482","15.015953063964844","15.015953063964844","15.015953063964844","0.2714199125766754","0.2714199125766754","0.2714199125766754","14.726442337036133","14.726442337036133","14.726442337036133","0.27520665526390076","0.27520665526390076","0.27520665526390076","14.936899185180664","14.936899185180664","14.936899185180664"
"7919","0.13321176171302795","0.13321176171302795","0.13321176171302795","12.785018920898438","12.785018920898438","12.785018920898438","0.12217399477958679","0.12217399477958679","0.12217399477958679","13.334296226501465","13.334296226501465","13.334296226501465","0.2004808783531189","0.2004808783531189","0.2004808783531189","12.778165817260742","12.778165817260742","12.778165817260742","0.21391524374485016","0.21391524374485016","0.21391524374485016","13.127485275268555","13.127485275268555","13.127485275268555"
"7949","0.11822141706943512","0.11822141706943512","0.11822141706943512","11.028668403625488","11.028668403625488","11.028668403625488","0.11465787887573242","0.11465787887573242","0.11465787887573242","12.233661651611328","12.233661651611328","12.233661651611328","0.21751262247562408","0.21751262247562408","0.21751262247562408","11.155855178833008","11.155855178833008","11.155855178833008","0.21666601300239563","0.21666601300239563","0.21666601300239563","11.910688400268555","11.910688400268555","11.910688400268555"
"7979","0.15198668837547302","0.15198668837547302","0.15198668837547302","11.615246772766113","11.615246772766113","11.615246772766113","0.11237653344869614","0.11237653344869614","0.11237653344869614","11.65911865234375","11.65911865234375","11.65911865234375","0.22988538444042206","0.22988538444042206","0.22988538444042206","11.575143814086914","11.575143814086914","11.575143814086914","0.21990057826042175","0.21990057826042175","0.21990057826042175","11.46322250366211","11.46322250366211","11.46322250366211"
"8009","0.11038082093000412","0.11038082093000412","0.11038082093000412","11.25320053100586","11.25320053100586","11.25320053100586","0.11544880270957947","0.11544880270957947","0.11544880270957947","10.85810661315918","10.85810661315918","10.85810661315918","0.18798650801181793","0.18798650801181793","0.18798650801181793","11.414299011230469","11.414299011230469","11.414299011230469","0.17833083868026733","0.17833083868026733","0.17833083868026733","10.64571762084961","10.64571762084961","10.64571762084961"
"8039","0.1300414353609085","0.1300414353609085","0.1300414353609085","12.307673454284668","12.307673454284668","12.307673454284668","0.115232914686203","0.115232914686203","0.115232914686203","12.068215370178223","12.068215370178223","12.068215370178223","0.21903324127197266","0.21903324127197266","0.21903324127197266","12.46451473236084","12.46451473236084","12.46451473236084","0.2096041887998581","0.2096041887998581","0.2096041887998581","11.923476219177246","11.923476219177246","11.923476219177246"
"8069","0.12046860158443451","0.12046860158443451","0.12046860158443451","10.819113731384277","10.819113731384277","10.819113731384277","0.1093602180480957","0.1093602180480957","0.1093602180480957","11.943878173828125","11.943878173828125","11.943878173828125","0.26399096846580505","0.26399096846580505","0.26399096846580505","11.08206558227539","11.08206558227539","11.08206558227539","0.18075576424598694","0.18075576424598694","0.18075576424598694","11.58371353149414","11.58371353149414","11.58371353149414"
"8099","0.11130466312170029","0.11130466312170029","0.11130466312170029","9.648842811584473","9.648842811584473","9.648842811584473","0.12016971409320831","0.12016971409320831","0.12016971409320831","11.147062301635742","11.147062301635742","11.147062301635742","0.22301310300827026","0.22301310300827026","0.22301310300827026","9.677595138549805","9.677595138549805","9.677595138549805","0.18548442423343658","0.18548442423343658","0.18548442423343658","10.974614143371582","10.974614143371582","10.974614143371582"
"8129","0.1320970505475998","0.1320970505475998","0.1320970505475998","11.422568321228027","11.422568321228027","11.422568321228027","0.14426958560943604","0.14426958560943604","0.14426958560943604","12.908451080322266","12.908451080322266","12.908451080322266","0.23765383660793304","0.23765383660793304","0.23765383660793304","11.307351112365723","11.307351112365723","11.307351112365723","0.24008673429489136","0.24008673429489136","0.24008673429489136","12.96224594116211","12.96224594116211","12.96224594116211"
"8159","0.10811565816402435","0.10811565816402435","0.10811565816402435","9.91096305847168","9.91096305847168","9.91096305847168","0.0999222993850708","0.0999222993850708","0.0999222993850708","10.821439743041992","10.821439743041992","10.821439743041992","0.16652783751487732","0.16652783751487732","0.16652783751487732","9.93630313873291","9.93630313873291","9.93630313873291","0.1678597629070282","0.1678597629070282","0.1678597629070282","10.397421836853027","10.397421836853027","10.397421836853027"
"8189","0.1373102217912674","0.1373102217912674","0.1373102217912674","11.792089462280273","11.792089462280273","11.792089462280273","0.12244652211666107","0.12244652211666107","0.12244652211666107","12.145844459533691","12.145844459533691","12.145844459533691","0.22940854728221893","0.22940854728221893","0.22940854728221893","11.735373497009277","11.735373497009277","11.735373497009277","0.21232859790325165","0.21232859790325165","0.21232859790325165","12.152719497680664","12.152719497680664","12.152719497680664"
"8219","0.12100713700056076","0.12100713700056076","0.12100713700056076","9.875654220581055","9.875654220581055","9.875654220581055","0.10703170299530029","0.10703170299530029","0.10703170299530029","9.947487831115723","9.947487831115723","9.947487831115723","0.18844810128211975","0.18844810128211975","0.18844810128211975","9.782864570617676","9.782864570617676","9.782864570617676","0.16361106932163239","0.16361106932163239","0.16361106932163239","9.716742515563965","9.716742515563965","9.716742515563965"
"8249","0.09471655637025833","0.09471655637025833","0.09471655637025833","10.955572128295898","10.955572128295898","10.955572128295898","0.12413272261619568","0.12413272261619568","0.12413272261619568","12.023818016052246","12.023818016052246","12.023818016052246","0.20116405189037323","0.20116405189037323","0.20116405189037323","11.03026008605957","11.03026008605957","11.03026008605957","0.19282309710979462","0.19282309710979462","0.19282309710979462","11.69455337524414","11.69455337524414","11.69455337524414"
"8279","0.12008394300937653","0.12008394300937653","0.12008394300937653","12.410026550292969","12.410026550292969","12.410026550292969","0.11116717755794525","0.11116717755794525","0.11116717755794525","12.554936408996582","12.554936408996582","12.554936408996582","0.18990157544612885","0.18990157544612885","0.18990157544612885","11.99710464477539","11.99710464477539","11.99710464477539","0.19090600311756134","0.19090600311756134","0.19090600311756134","12.538039207458496","12.538039207458496","12.538039207458496"
"8309","0.1160292774438858","0.1160292774438858","0.1160292774438858","11.403366088867188","11.403366088867188","11.403366088867188","0.13962911069393158","0.13962911069393158","0.13962911069393158","11.903446197509766","11.903446197509766","11.903446197509766","0.17685197293758392","0.17685197293758392","0.17685197293758392","11.373336791992188","11.373336791992188","11.373336791992188","0.18684715032577515","0.18684715032577515","0.18684715032577515","11.463859558105469","11.463859558105469","11.463859558105469"
"8339","0.1293068826198578","0.1293068826198578","0.1293068826198578","10.73736572265625","10.73736572265625","10.73736572265625","0.11950687319040298","0.11950687319040298","0.11950687319040298","12.478921890258789","12.478921890258789","12.478921890258789","0.20176467299461365","0.20176467299461365","0.20176467299461365","10.962892532348633","10.962892532348633","10.962892532348633","0.19794532656669617","0.19794532656669617","0.19794532656669617","12.293863296508789","12.293863296508789","12.293863296508789"
"8369","0.11893441528081894","0.11893441528081894","0.11893441528081894","8.814788818359375","8.814788818359375","8.814788818359375","0.09309828281402588","0.09309828281402588","0.09309828281402588","9.607625961303711","9.607625961303711","9.607625961303711","0.15325354039669037","0.15325354039669037","0.15325354039669037","9.012847900390625","9.012847900390625","9.012847900390625","0.16559253633022308","0.16559253633022308","0.16559253633022308","9.487613677978516","9.487613677978516","9.487613677978516"
"8399","0.09686229377985","0.09686229377985","0.09686229377985","10.563478469848633","10.563478469848633","10.563478469848633","0.11407165229320526","0.11407165229320526","0.11407165229320526","11.424514770507812","11.424514770507812","11.424514770507812","0.17446422576904297","0.17446422576904297","0.17446422576904297","10.768787384033203","10.768787384033203","10.768787384033203","0.20110000669956207","0.20110000669956207","0.20110000669956207","11.143887519836426","11.143887519836426","11.143887519836426"
"8429","0.10846482962369919","0.10846482962369919","0.10846482962369919","9.610906600952148","9.610906600952148","9.610906600952148","0.09853820502758026","0.09853820502758026","0.09853820502758026","10.136195182800293","10.136195182800293","10.136195182800293","0.2625913918018341","0.2625913918018341","0.2625913918018341","9.502033233642578","9.502033233642578","9.502033233642578","0.15974222123622894","0.15974222123622894","0.15974222123622894","9.912489891052246","9.912489891052246","9.912489891052246"
"8459","0.09087669104337692","0.09087669104337692","0.09087669104337692","10.070979118347168","10.070979118347168","10.070979118347168","0.10594931989908218","0.10594931989908218","0.10594931989908218","11.076650619506836","11.076650619506836","11.076650619506836","0.16709129512310028","0.16709129512310028","0.16709129512310028","10.226187705993652","10.226187705993652","10.226187705993652","0.16427546739578247","0.16427546739578247","0.16427546739578247","10.933815956115723","10.933815956115723","10.933815956115723"
"8489","0.10464096069335938","0.10464096069335938","0.10464096069335938","11.759195327758789","11.759195327758789","11.759195327758789","0.11144815385341644","0.11144815385341644","0.11144815385341644","12.707780838012695","12.707780838012695","12.707780838012695","0.21387642621994019","0.21387642621994019","0.21387642621994019","12.066418647766113","12.066418647766113","12.066418647766113","0.19899137318134308","0.19899137318134308","0.19899137318134308","12.55521011352539","12.55521011352539","12.55521011352539"
"8519","0.12492428719997406","0.12492428719997406","0.12492428719997406","10.543174743652344","10.543174743652344","10.543174743652344","0.0994926244020462","0.0994926244020462","0.0994926244020462","11.546767234802246","11.546767234802246","11.546767234802246","0.21207724511623383","0.21207724511623383","0.21207724511623383","10.762957572937012","10.762957572937012","10.762957572937012","0.17478202283382416","0.17478202283382416","0.17478202283382416","11.358631134033203","11.358631134033203","11.358631134033203"
"8549","0.12126599997282028","0.12126599997282028","0.12126599997282028","10.180747032165527","10.180747032165527","10.180747032165527","0.12201985716819763","0.12201985716819763","0.12201985716819763","10.923562049865723","10.923562049865723","10.923562049865723","0.1477201133966446","0.1477201133966446","0.1477201133966446","10.247206687927246","10.247206687927246","10.247206687927246","0.1619340032339096","0.1619340032339096","0.1619340032339096","10.657147407531738","10.657147407531738","10.657147407531738"
"8579","0.09604799002408981","0.09604799002408981","0.09604799002408981","11.0647554397583","11.0647554397583","11.0647554397583","0.09390363842248917","0.09390363842248917","0.09390363842248917","12.19753360748291","12.19753360748291","12.19753360748291","0.2047850787639618","0.2047850787639618","0.2047850787639618","10.923590660095215","10.923590660095215","10.923590660095215","0.19264094531536102","0.19264094531536102","0.19264094531536102","12.095855712890625","12.095855712890625","12.095855712890625"
"8609","0.10885141789913177","0.10885141789913177","0.10885141789913177","8.880139350891113","8.880139350891113","8.880139350891113","0.1102423369884491","0.1102423369884491","0.1102423369884491","10.17961311340332","10.17961311340332","10.17961311340332","0.15033765137195587","0.15033765137195587","0.15033765137195587","8.986132621765137","8.986132621765137","8.986132621765137","0.1716550588607788","0.1716550588607788","0.1716550588607788","9.973183631896973","9.973183631896973","9.973183631896973"
"8639","0.11617457866668701","0.11617457866668701","0.11617457866668701","9.74515151977539","9.74515151977539","9.74515151977539","0.08342865854501724","0.08342865854501724","0.08342865854501724","9.863533973693848","9.863533973693848","9.863533973693848","0.1600307822227478","0.1600307822227478","0.1600307822227478","9.837631225585938","9.837631225585938","9.837631225585938","0.15476015210151672","0.15476015210151672","0.15476015210151672","9.458236694335938","9.458236694335938","9.458236694335938"
"8669","0.1318294256925583","0.1318294256925583","0.1318294256925583","10.537421226501465","10.537421226501465","10.537421226501465","0.08487904071807861","0.08487904071807861","0.08487904071807861","11.434362411499023","11.434362411499023","11.434362411499023","0.18068480491638184","0.18068480491638184","0.18068480491638184","10.451265335083008","10.451265335083008","10.451265335083008","0.17616526782512665","0.17616526782512665","0.17616526782512665","11.318106651306152","11.318106651306152","11.318106651306152"
"8699","0.09325093775987625","0.09325093775987625","0.09325093775987625","10.215664863586426","10.215664863586426","10.215664863586426","0.10463807731866837","0.10463807731866837","0.10463807731866837","10.435152053833008","10.435152053833008","10.435152053833008","0.19862693548202515","0.19862693548202515","0.19862693548202515","10.107229232788086","10.107229232788086","10.107229232788086","0.16643166542053223","0.16643166542053223","0.16643166542053223","10.016056060791016","10.016056060791016","10.016056060791016"
"8729","0.11786205321550369","0.11786205321550369","0.11786205321550369","10.49679946899414","10.49679946899414","10.49679946899414","0.10164260864257812","0.10164260864257812","0.10164260864257812","11.204787254333496","11.204787254333496","11.204787254333496","0.18888148665428162","0.18888148665428162","0.18888148665428162","10.48583984375","10.48583984375","10.48583984375","0.1761954426765442","0.1761954426765442","0.1761954426765442","10.95660400390625","10.95660400390625","10.95660400390625"
"8759","0.11441121995449066","0.11441121995449066","0.11441121995449066","10.37991714477539","10.37991714477539","10.37991714477539","0.11745171248912811","0.11745171248912811","0.11745171248912811","10.823752403259277","10.823752403259277","10.823752403259277","0.17222052812576294","0.17222052812576294","0.17222052812576294","10.401386260986328","10.401386260986328","10.401386260986328","0.18934769928455353","0.18934769928455353","0.18934769928455353","10.851040840148926","10.851040840148926","10.851040840148926"
"8789","0.11495540291070938","0.11495540291070938","0.11495540291070938","10.487929344177246","10.487929344177246","10.487929344177246","0.12294929474592209","0.12294929474592209","0.12294929474592209","11.46664047241211","11.46664047241211","11.46664047241211","0.2017328143119812","0.2017328143119812","0.2017328143119812","10.269759178161621","10.269759178161621","10.269759178161621","0.20952573418617249","0.20952573418617249","0.20952573418617249","11.385726928710938","11.385726928710938","11.385726928710938"
"8819","0.12894248962402344","0.12894248962402344","0.12894248962402344","11.477457046508789","11.477457046508789","11.477457046508789","0.12729716300964355","0.12729716300964355","0.12729716300964355","11.944968223571777","11.944968223571777","11.944968223571777","0.2937767803668976","0.2937767803668976","0.2937767803668976","11.582331657409668","11.582331657409668","11.582331657409668","0.17275959253311157","0.17275959253311157","0.17275959253311157","11.749289512634277","11.749289512634277","11.749289512634277"
"8849","0.12426900863647461","0.12426900863647461","0.12426900863647461","9.866361618041992","9.866361618041992","9.866361618041992","0.09133607894182205","0.09133607894182205","0.09133607894182205","11.29286003112793","11.29286003112793","11.29286003112793","0.17742793262004852","0.17742793262004852","0.17742793262004852","9.869856834411621","9.869856834411621","9.869856834411621","0.18481723964214325","0.18481723964214325","0.18481723964214325","10.940160751342773","10.940160751342773","10.940160751342773"
"8879","0.09376323223114014","0.09376323223114014","0.09376323223114014","8.929039001464844","8.929039001464844","8.929039001464844","0.09719453006982803","0.09719453006982803","0.09719453006982803","10.188006401062012","10.188006401062012","10.188006401062012","0.15458886325359344","0.15458886325359344","0.15458886325359344","8.891218185424805","8.891218185424805","8.891218185424805","0.14472751319408417","0.14472751319408417","0.14472751319408417","10.025157928466797","10.025157928466797","10.025157928466797"
"8909","0.1191839873790741","0.1191839873790741","0.1191839873790741","10.57166576385498","10.57166576385498","10.57166576385498","0.0978231206536293","0.0978231206536293","0.0978231206536293","11.658347129821777","11.658347129821777","11.658347129821777","0.18751883506774902","0.18751883506774902","0.18751883506774902","10.969621658325195","10.969621658325195","10.969621658325195","0.1891440898180008","0.1891440898180008","0.1891440898180008","11.457206726074219","11.457206726074219","11.457206726074219"
"8939","0.12823183834552765","0.12823183834552765","0.12823183834552765","12.63961124420166","12.63961124420166","12.63961124420166","0.12142769247293472","0.12142769247293472","0.12142769247293472","13.808055877685547","13.808055877685547","13.808055877685547","0.218516007065773","0.218516007065773","0.218516007065773","12.607728958129883","12.607728958129883","12.607728958129883","0.2175673246383667","0.2175673246383667","0.2175673246383667","13.64178466796875","13.64178466796875","13.64178466796875"
"8969","0.11735671758651733","0.11735671758651733","0.11735671758651733","10.883854866027832","10.883854866027832","10.883854866027832","0.12877176702022552","0.12877176702022552","0.12877176702022552","12.804027557373047","12.804027557373047","12.804027557373047","0.18387271463871002","0.18387271463871002","0.18387271463871002","11.037811279296875","11.037811279296875","11.037811279296875","0.1921098530292511","0.1921098530292511","0.1921098530292511","12.574899673461914","12.574899673461914","12.574899673461914"
"8999","0.10301189869642258","0.10301189869642258","0.10301189869642258","9.74146842956543","9.74146842956543","9.74146842956543","0.11635604500770569","0.11635604500770569","0.11635604500770569","10.464499473571777","10.464499473571777","10.464499473571777","0.17556555569171906","0.17556555569171906","0.17556555569171906","9.571722984313965","9.571722984313965","9.571722984313965","0.16576167941093445","0.16576167941093445","0.16576167941093445","10.264482498168945","10.264482498168945","10.264482498168945"
"9029","0.13030841946601868","0.13030841946601868","0.13030841946601868","12.357481002807617","12.357481002807617","12.357481002807617","0.0992155596613884","0.0992155596613884","0.0992155596613884","12.302988052368164","12.302988052368164","12.302988052368164","0.20520931482315063","0.20520931482315063","0.20520931482315063","12.002973556518555","12.002973556518555","12.002973556518555","0.17430129647254944","0.17430129647254944","0.17430129647254944","12.011832237243652","12.011832237243652","12.011832237243652"
"9059","0.10588855296373367","0.10588855296373367","0.10588855296373367","12.47447395324707","12.47447395324707","12.47447395324707","0.15528824925422668","0.15528824925422668","0.15528824925422668","13.302849769592285","13.302849769592285","13.302849769592285","0.21011598408222198","0.21011598408222198","0.21011598408222198","12.747442245483398","12.747442245483398","12.747442245483398","0.1971266269683838","0.1971266269683838","0.1971266269683838","12.989794731140137","12.989794731140137","12.989794731140137"
"9089","0.10069000720977783","0.10069000720977783","0.10069000720977783","10.222784996032715","10.222784996032715","10.222784996032715","0.13007722795009613","0.13007722795009613","0.13007722795009613","11.470264434814453","11.470264434814453","11.470264434814453","0.18905995786190033","0.18905995786190033","0.18905995786190033","10.365744590759277","10.365744590759277","10.365744590759277","0.18499347567558289","0.18499347567558289","0.18499347567558289","11.38446044921875","11.38446044921875","11.38446044921875"
"9119","0.09143013507127762","0.09143013507127762","0.09143013507127762","10.011773109436035","10.011773109436035","10.011773109436035","0.1195065826177597","0.1195065826177597","0.1195065826177597","11.175413131713867","11.175413131713867","11.175413131713867","0.169122114777565","0.169122114777565","0.169122114777565","9.823054313659668","9.823054313659668","9.823054313659668","0.17058999836444855","0.17058999836444855","0.17058999836444855","11.019454956054688","11.019454956054688","11.019454956054688"
"9149","0.10800349712371826","0.10800349712371826","0.10800349712371826","9.143402099609375","9.143402099609375","9.143402099609375","0.11793552339076996","0.11793552339076996","0.11793552339076996","10.573614120483398","10.573614120483398","10.573614120483398","0.15752816200256348","0.15752816200256348","0.15752816200256348","9.030573844909668","9.030573844909668","9.030573844909668","0.15173503756523132","0.15173503756523132","0.15173503756523132","10.279813766479492","10.279813766479492","10.279813766479492"
"9179","0.13308176398277283","0.13308176398277283","0.13308176398277283","10.012165069580078","10.012165069580078","10.012165069580078","0.09738264977931976","0.09738264977931976","0.09738264977931976","11.428545951843262","11.428545951843262","11.428545951843262","0.16324011981487274","0.16324011981487274","0.16324011981487274","10.158879280090332","10.158879280090332","10.158879280090332","0.1661517471075058","0.1661517471075058","0.1661517471075058","11.195070266723633","11.195070266723633","11.195070266723633"
"9209","0.10087451338768005","0.10087451338768005","0.10087451338768005","11.364646911621094","11.364646911621094","11.364646911621094","0.09593161195516586","0.09593161195516586","0.09593161195516586","12.486794471740723","12.486794471740723","12.486794471740723","0.2965891659259796","0.2965891659259796","0.2965891659259796","11.23281478881836","11.23281478881836","11.23281478881836","0.17840611934661865","0.17840611934661865","0.17840611934661865","12.311685562133789","12.311685562133789","12.311685562133789"
"9239","0.10904203355312347","0.10904203355312347","0.10904203355312347","9.974312782287598","9.974312782287598","9.974312782287598","0.10172382742166519","0.10172382742166519","0.10172382742166519","11.675019264221191","11.675019264221191","11.675019264221191","0.20170672237873077","0.20170672237873077","0.20170672237873077","9.869891166687012","9.869891166687012","9.869891166687012","0.16542865335941315","0.16542865335941315","0.16542865335941315","11.343581199645996","11.343581199645996","11.343581199645996"
"9269","0.1024387925863266","0.1024387925863266","0.1024387925863266","10.872952461242676","10.872952461242676","10.872952461242676","0.10268454998731613","0.10268454998731613","0.10268454998731613","12.194506645202637","12.194506645202637","12.194506645202637","0.1820114701986313","0.1820114701986313","0.1820114701986313","11.259331703186035","11.259331703186035","11.259331703186035","0.18123799562454224","0.18123799562454224","0.18123799562454224","12.080885887145996","12.080885887145996","12.080885887145996"
"9299","0.11696656793355942","0.11696656793355942","0.11696656793355942","12.04550838470459","12.04550838470459","12.04550838470459","0.10775831341743469","0.10775831341743469","0.10775831341743469","13.154414176940918","13.154414176940918","13.154414176940918","0.21231190860271454","0.21231190860271454","0.21231190860271454","11.953605651855469","11.953605651855469","11.953605651855469","0.1916947066783905","0.1916947066783905","0.1916947066783905","12.831294059753418","12.831294059753418","12.831294059753418"
"9329","0.12420324236154556","0.12420324236154556","0.12420324236154556","12.99174690246582","12.99174690246582","12.99174690246582","0.10785194486379623","0.10785194486379623","0.10785194486379623","14.223708152770996","14.223708152770996","14.223708152770996","0.2110990732908249","0.2110990732908249","0.2110990732908249","12.748741149902344","12.748741149902344","12.748741149902344","0.20842260122299194","0.20842260122299194","0.20842260122299194","13.801219940185547","13.801219940185547","13.801219940185547"
"9359","0.08348087221384048","0.08348087221384048","0.08348087221384048","8.253969192504883","8.253969192504883","8.253969192504883","0.09274160116910934","0.09274160116910934","0.09274160116910934","10.399701118469238","10.399701118469238","10.399701118469238","0.14330342411994934","0.14330342411994934","0.14330342411994934","7.997982025146484","7.997982025146484","7.997982025146484","0.15305477380752563","0.15305477380752563","0.15305477380752563","10.304535865783691","10.304535865783691","10.304535865783691"
"9389","0.10393842309713364","0.10393842309713364","0.10393842309713364","8.895585060119629","8.895585060119629","8.895585060119629","0.08920421451330185","0.08920421451330185","0.08920421451330185","10.533221244812012","10.533221244812012","10.533221244812012","0.1424618363380432","0.1424618363380432","0.1424618363380432","8.823810577392578","8.823810577392578","8.823810577392578","0.14996375143527985","0.14996375143527985","0.14996375143527985","10.273085594177246","10.273085594177246","10.273085594177246"
"9419","0.09935213625431061","0.09935213625431061","0.09935213625431061","9.52640438079834","9.52640438079834","9.52640438079834","0.10200905799865723","0.10200905799865723","0.10200905799865723","10.585800170898438","10.585800170898438","10.585800170898438","0.16260609030723572","0.16260609030723572","0.16260609030723572","9.241857528686523","9.241857528686523","9.241857528686523","0.15398254990577698","0.15398254990577698","0.15398254990577698","10.236248970031738","10.236248970031738","10.236248970031738"
"9449","0.07908573746681213","0.07908573746681213","0.07908573746681213","9.58515739440918","9.58515739440918","9.58515739440918","0.0855317935347557","0.0855317935347557","0.0855317935347557","11.000772476196289","11.000772476196289","11.000772476196289","0.2438856065273285","0.2438856065273285","0.2438856065273285","9.67196273803711","9.67196273803711","9.67196273803711","0.15753473341464996","0.15753473341464996","0.15753473341464996","10.780187606811523","10.780187606811523","10.780187606811523"
"9479","0.09789522737264633","0.09789522737264633","0.09789522737264633","8.845568656921387","8.845568656921387","8.845568656921387","0.09375126659870148","0.09375126659870148","0.09375126659870148","10.65896224975586","10.65896224975586","10.65896224975586","0.14274568855762482","0.14274568855762482","0.14274568855762482","9.06778621673584","9.06778621673584","9.06778621673584","0.1508764922618866","0.1508764922618866","0.1508764922618866","10.487104415893555","10.487104415893555","10.487104415893555"
"9509","0.08428999036550522","0.08428999036550522","0.08428999036550522","9.282349586486816","9.282349586486816","9.282349586486816","0.1086360439658165","0.1086360439658165","0.1086360439658165","10.900721549987793","10.900721549987793","10.900721549987793","0.17217741906642914","0.17217741906642914","0.17217741906642914","9.260828018188477","9.260828018188477","9.260828018188477","0.14546352624893188","0.14546352624893188","0.14546352624893188","10.663848876953125","10.663848876953125","10.663848876953125"
"9539","0.12064723670482635","0.12064723670482635","0.12064723670482635","9.159316062927246","9.159316062927246","9.159316062927246","0.10823053866624832","0.10823053866624832","0.10823053866624832","11.694085121154785","11.694085121154785","11.694085121154785","0.17851001024246216","0.17851001024246216","0.17851001024246216","8.985472679138184","8.985472679138184","8.985472679138184","0.1960974782705307","0.1960974782705307","0.1960974782705307","11.513581275939941","11.513581275939941","11.513581275939941"
"9569","0.10066138952970505","0.10066138952970505","0.10066138952970505","9.833425521850586","9.833425521850586","9.833425521850586","0.0941585898399353","0.0941585898399353","0.0941585898399353","11.245622634887695","11.245622634887695","11.245622634887695","0.20908576250076294","0.20908576250076294","0.20908576250076294","9.697311401367188","9.697311401367188","9.697311401367188","0.15269127488136292","0.15269127488136292","0.15269127488136292","11.170327186584473","11.170327186584473","11.170327186584473"
"9599","0.10957293957471848","0.10957293957471848","0.10957293957471848","11.444520950317383","11.444520950317383","11.444520950317383","0.11715684831142426","0.11715684831142426","0.11715684831142426","14.005987167358398","14.005987167358398","14.005987167358398","0.2093178927898407","0.2093178927898407","0.2093178927898407","11.296239852905273","11.296239852905273","11.296239852905273","0.2001638114452362","0.2001638114452362","0.2001638114452362","13.943084716796875","13.943084716796875","13.943084716796875"
"9629","0.10271178930997849","0.10271178930997849","0.10271178930997849","11.19247055053711","11.19247055053711","11.19247055053711","0.09673382341861725","0.09673382341861725","0.09673382341861725","12.965523719787598","12.965523719787598","12.965523719787598","0.19367952644824982","0.19367952644824982","0.19367952644824982","11.318339347839355","11.318339347839355","11.318339347839355","0.18512564897537231","0.18512564897537231","0.18512564897537231","12.793732643127441","12.793732643127441","12.793732643127441"
"9659","0.10929805785417557","0.10929805785417557","0.10929805785417557","12.032301902770996","12.032301902770996","12.032301902770996","0.09495029598474503","0.09495029598474503","0.09495029598474503","14.04198169708252","14.04198169708252","14.04198169708252","0.1983969807624817","0.1983969807624817","0.1983969807624817","12.119301795959473","12.119301795959473","12.119301795959473","0.18139144778251648","0.18139144778251648","0.18139144778251648","13.960275650024414","13.960275650024414","13.960275650024414"
"9689","0.10121524333953857","0.10121524333953857","0.10121524333953857","9.544873237609863","9.544873237609863","9.544873237609863","0.09417647123336792","0.09417647123336792","0.09417647123336792","10.672537803649902","10.672537803649902","10.672537803649902","0.16365157067775726","0.16365157067775726","0.16365157067775726","9.113288879394531","9.113288879394531","9.113288879394531","0.14198456704616547","0.14198456704616547","0.14198456704616547","10.403707504272461","10.403707504272461","10.403707504272461"
"9719","0.09915219992399216","0.09915219992399216","0.09915219992399216","8.360872268676758","8.360872268676758","8.360872268676758","0.09676490724086761","0.09676490724086761","0.09676490724086761","9.8103609085083","9.8103609085083","9.8103609085083","0.14557166397571564","0.14557166397571564","0.14557166397571564","8.015616416931152","8.015616416931152","8.015616416931152","0.14695113897323608","0.14695113897323608","0.14695113897323608","9.577571868896484","9.577571868896484","9.577571868896484"
"9749","0.10820114612579346","0.10820114612579346","0.10820114612579346","11.263002395629883","11.263002395629883","11.263002395629883","0.12155161798000336","0.12155161798000336","0.12155161798000336","12.404525756835938","12.404525756835938","12.404525756835938","0.1868368238210678","0.1868368238210678","0.1868368238210678","11.19431209564209","11.19431209564209","11.19431209564209","0.18610410392284393","0.18610410392284393","0.18610410392284393","11.983603477478027","11.983603477478027","11.983603477478027"
"9779","0.09898363053798676","0.09898363053798676","0.09898363053798676","7.5871171951293945","7.5871171951293945","7.5871171951293945","0.08992767333984375","0.08992767333984375","0.08992767333984375","9.699646949768066","9.699646949768066","9.699646949768066","0.1504780352115631","0.1504780352115631","0.1504780352115631","7.469732284545898","7.469732284545898","7.469732284545898","0.13488075137138367","0.13488075137138367","0.13488075137138367","9.338664054870605","9.338664054870605","9.338664054870605"
"9809","0.09261578321456909","0.09261578321456909","0.09261578321456909","9.85147762298584","9.85147762298584","9.85147762298584","0.09066937118768692","0.09066937118768692","0.09066937118768692","10.99869155883789","10.99869155883789","10.99869155883789","0.16449569165706635","0.16449569165706635","0.16449569165706635","9.878541946411133","9.878541946411133","9.878541946411133","0.1775531768798828","0.1775531768798828","0.1775531768798828","10.831103324890137","10.831103324890137","10.831103324890137"
"9839","0.09614703804254532","0.09614703804254532","0.09614703804254532","10.544611930847168","10.544611930847168","10.544611930847168","0.11817937344312668","0.11817937344312668","0.11817937344312668","12.609437942504883","12.609437942504883","12.609437942504883","0.18992693722248077","0.18992693722248077","0.18992693722248077","10.659916877746582","10.659916877746582","10.659916877746582","0.195077046751976","0.195077046751976","0.195077046751976","12.270883560180664","12.270883560180664","12.270883560180664"
"9869","0.08963578939437866","0.08963578939437866","0.08963578939437866","8.60948371887207","8.60948371887207","8.60948371887207","0.08994218707084656","0.08994218707084656","0.08994218707084656","10.182019233703613","10.182019233703613","10.182019233703613","0.14485161006450653","0.14485161006450653","0.14485161006450653","8.301483154296875","8.301483154296875","8.301483154296875","0.1463337242603302","0.1463337242603302","0.1463337242603302","9.86509895324707","9.86509895324707","9.86509895324707"
"9899","0.09957960993051529","0.09957960993051529","0.09957960993051529","9.916613578796387","9.916613578796387","9.916613578796387","0.08503629267215729","0.08503629267215729","0.08503629267215729","10.720547676086426","10.720547676086426","10.720547676086426","0.14288701117038727","0.14288701117038727","0.14288701117038727","9.715127944946289","9.715127944946289","9.715127944946289","0.17016716301441193","0.17016716301441193","0.17016716301441193","10.386598587036133","10.386598587036133","10.386598587036133"
"9929","0.08594165742397308","0.08594165742397308","0.08594165742397308","10.729520797729492","10.729520797729492","10.729520797729492","0.1076539009809494","0.1076539009809494","0.1076539009809494","11.629758834838867","11.629758834838867","11.629758834838867","0.17606185376644135","0.17606185376644135","0.17606185376644135","10.502127647399902","10.502127647399902","10.502127647399902","0.176461860537529","0.176461860537529","0.176461860537529","11.556950569152832","11.556950569152832","11.556950569152832"
"9959","0.09156190603971481","0.09156190603971481","0.09156190603971481","10.194554328918457","10.194554328918457","10.194554328918457","0.07769520580768585","0.07769520580768585","0.07769520580768585","11.801496505737305","11.801496505737305","11.801496505737305","0.1612786054611206","0.1612786054611206","0.1612786054611206","10.360641479492188","10.360641479492188","10.360641479492188","0.15757623314857483","0.15757623314857483","0.15757623314857483","11.66433334350586","11.66433334350586","11.66433334350586"
"9989","0.08784206211566925","0.08784206211566925","0.08784206211566925","9.466849327087402","9.466849327087402","9.466849327087402","0.08843916654586792","0.08843916654586792","0.08843916654586792","11.750627517700195","11.750627517700195","11.750627517700195","0.16953696310520172","0.16953696310520172","0.16953696310520172","9.373774528503418","9.373774528503418","9.373774528503418","0.15583300590515137","0.15583300590515137","0.15583300590515137","11.618674278259277","11.618674278259277","11.618674278259277"
"10019","0.0998799130320549","0.0998799130320549","0.0998799130320549","9.12708854675293","9.12708854675293","9.12708854675293","0.08143892139196396","0.08143892139196396","0.08143892139196396","11.296948432922363","11.296948432922363","11.296948432922363","0.16397731006145477","0.16397731006145477","0.16397731006145477","9.043731689453125","9.043731689453125","9.043731689453125","0.16389058530330658","0.16389058530330658","0.16389058530330658","11.222038269042969","11.222038269042969","11.222038269042969"
"10049","0.11496709287166595","0.11496709287166595","0.11496709287166595","8.423480987548828","8.423480987548828","8.423480987548828","0.1258261501789093","0.1258261501789093","0.1258261501789093","10.959887504577637","10.959887504577637","10.959887504577637","0.1576051414012909","0.1576051414012909","0.1576051414012909","8.473207473754883","8.473207473754883","8.473207473754883","0.13670994341373444","0.13670994341373444","0.13670994341373444","11.056140899658203","11.056140899658203","11.056140899658203"
"10079","0.14186745882034302","0.14186745882034302","0.14186745882034302","10.047452926635742","10.047452926635742","10.047452926635742","0.09485416859388351","0.09485416859388351","0.09485416859388351","12.50125503540039","12.50125503540039","12.50125503540039","0.2048855423927307","0.2048855423927307","0.2048855423927307","10.223590850830078","10.223590850830078","10.223590850830078","0.18307192623615265","0.18307192623615265","0.18307192623615265","12.103399276733398","12.103399276733398","12.103399276733398"
"10109","0.08994950354099274","0.08994950354099274","0.08994950354099274","8.809240341186523","8.809240341186523","8.809240341186523","0.07650139927864075","0.07650139927864075","0.07650139927864075","11.799806594848633","11.799806594848633","11.799806594848633","0.15066885948181152","0.15066885948181152","0.15066885948181152","9.13951301574707","9.13951301574707","9.13951301574707","0.14862222969532013","0.14862222969532013","0.14862222969532013","11.625611305236816","11.625611305236816","11.625611305236816"
"10139","0.07769602537155151","0.07769602537155151","0.07769602537155151","8.300066947937012","8.300066947937012","8.300066947937012","0.10793992877006531","0.10793992877006531","0.10793992877006531","9.314254760742188","9.314254760742188","9.314254760742188","0.16103187203407288","0.16103187203407288","0.16103187203407288","8.213973999023438","8.213973999023438","8.213973999023438","0.12902414798736572","0.12902414798736572","0.12902414798736572","9.271764755249023","9.271764755249023","9.271764755249023"
"10169","0.08885665982961655","0.08885665982961655","0.08885665982961655","9.619619369506836","9.619619369506836","9.619619369506836","0.11753685027360916","0.11753685027360916","0.11753685027360916","11.701556205749512","11.701556205749512","11.701556205749512","0.1916453093290329","0.1916453093290329","0.1916453093290329","9.529220581054688","9.529220581054688","9.529220581054688","0.16967037320137024","0.16967037320137024","0.16967037320137024","11.641331672668457","11.641331672668457","11.641331672668457"
"10199","0.08518288284540176","0.08518288284540176","0.08518288284540176","10.783334732055664","10.783334732055664","10.783334732055664","0.08946897089481354","0.08946897089481354","0.08946897089481354","12.753173828125","12.753173828125","12.753173828125","0.21366484463214874","0.21366484463214874","0.21366484463214874","10.639021873474121","10.639021873474121","10.639021873474121","0.16410431265830994","0.16410431265830994","0.16410431265830994","12.451665878295898","12.451665878295898","12.451665878295898"
"10229","0.09745056182146072","0.09745056182146072","0.09745056182146072","9.402640342712402","9.402640342712402","9.402640342712402","0.08977197110652924","0.08977197110652924","0.08977197110652924","11.018717765808105","11.018717765808105","11.018717765808105","0.1649688184261322","0.1649688184261322","0.1649688184261322","9.312084197998047","9.312084197998047","9.312084197998047","0.15845339000225067","0.15845339000225067","0.15845339000225067","10.81036376953125","10.81036376953125","10.81036376953125"
"10259","0.08102236688137054","0.08102236688137054","0.08102236688137054","8.220885276794434","8.220885276794434","8.220885276794434","0.07353100925683975","0.07353100925683975","0.07353100925683975","10.810514450073242","10.810514450073242","10.810514450073242","0.1327669620513916","0.1327669620513916","0.1327669620513916","8.020204544067383","8.020204544067383","8.020204544067383","0.1488039344549179","0.1488039344549179","0.1488039344549179","10.868461608886719","10.868461608886719","10.868461608886719"
"10289","0.09806781262159348","0.09806781262159348","0.09806781262159348","8.69941520690918","8.69941520690918","8.69941520690918","0.13068290054798126","0.13068290054798126","0.13068290054798126","10.703231811523438","10.703231811523438","10.703231811523438","0.16530543565750122","0.16530543565750122","0.16530543565750122","8.54165267944336","8.54165267944336","8.54165267944336","0.15897971391677856","0.15897971391677856","0.15897971391677856","10.432451248168945","10.432451248168945","10.432451248168945"
"10319","0.07538293302059174","0.07538293302059174","0.07538293302059174","8.610006332397461","8.610006332397461","8.610006332397461","0.09914244711399078","0.09914244711399078","0.09914244711399078","9.910847663879395","9.910847663879395","9.910847663879395","0.15766222774982452","0.15766222774982452","0.15766222774982452","8.371779441833496","8.371779441833496","8.371779441833496","0.1380172073841095","0.1380172073841095","0.1380172073841095","9.659276962280273","9.659276962280273","9.659276962280273"
"10349","0.10461140424013138","0.10461140424013138","0.10461140424013138","9.885555267333984","9.885555267333984","9.885555267333984","0.08969179540872574","0.08969179540872574","0.08969179540872574","12.296670913696289","12.296670913696289","12.296670913696289","0.19043810665607452","0.19043810665607452","0.19043810665607452","9.929197311401367","9.929197311401367","9.929197311401367","0.18584047257900238","0.18584047257900238","0.18584047257900238","12.220415115356445","12.220415115356445","12.220415115356445"
"10379","0.10690676420927048","0.10690676420927048","0.10690676420927048","11.129840850830078","11.129840850830078","11.129840850830078","0.09638436138629913","0.09638436138629913","0.09638436138629913","13.863106727600098","13.863106727600098","13.863106727600098","0.16893619298934937","0.16893619298934937","0.16893619298934937","11.087072372436523","11.087072372436523","11.087072372436523","0.1767151653766632","0.1767151653766632","0.1767151653766632","13.41487979888916","13.41487979888916","13.41487979888916"
"10409","0.08466199040412903","0.08466199040412903","0.08466199040412903","7.9405035972595215","7.9405035972595215","7.9405035972595215","0.0888625979423523","0.0888625979423523","0.0888625979423523","8.978832244873047","8.978832244873047","8.978832244873047","0.16577740013599396","0.16577740013599396","0.16577740013599396","7.606513500213623","7.606513500213623","7.606513500213623","0.12892824411392212","0.12892824411392212","0.12892824411392212","8.928442001342773","8.928442001342773","8.928442001342773"
"10439","0.08363328874111176","0.08363328874111176","0.08363328874111176","7.814091205596924","7.814091205596924","7.814091205596924","0.09344600141048431","0.09344600141048431","0.09344600141048431","9.819876670837402","9.819876670837402","9.819876670837402","0.14865435659885406","0.14865435659885406","0.14865435659885406","7.508563041687012","7.508563041687012","7.508563041687012","0.14418399333953857","0.14418399333953857","0.14418399333953857","9.572014808654785","9.572014808654785","9.572014808654785"
"10469","0.08365529775619507","0.08365529775619507","0.08365529775619507","8.562323570251465","8.562323570251465","8.562323570251465","0.08730258792638779","0.08730258792638779","0.08730258792638779","10.958771705627441","10.958771705627441","10.958771705627441","0.1539275199174881","0.1539275199174881","0.1539275199174881","8.299484252929688","8.299484252929688","8.299484252929688","0.1429920196533203","0.1429920196533203","0.1429920196533203","10.877824783325195","10.877824783325195","10.877824783325195"
"10499","0.06725078076124191","0.06725078076124191","0.06725078076124191","8.318438529968262","8.318438529968262","8.318438529968262","0.08268266171216965","0.08268266171216965","0.08268266171216965","10.463651657104492","10.463651657104492","10.463651657104492","0.148182675242424","0.148182675242424","0.148182675242424","8.161314964294434","8.161314964294434","8.161314964294434","0.13466063141822815","0.13466063141822815","0.13466063141822815","10.327855110168457","10.327855110168457","10.327855110168457"
"10529","0.11524651944637299","0.11524651944637299","0.11524651944637299","10.202860832214355","10.202860832214355","10.202860832214355","0.1082768589258194","0.1082768589258194","0.1082768589258194","12.328974723815918","12.328974723815918","12.328974723815918","0.20649421215057373","0.20649421215057373","0.20649421215057373","10.259020805358887","10.259020805358887","10.259020805358887","0.1673339456319809","0.1673339456319809","0.1673339456319809","12.242435455322266","12.242435455322266","12.242435455322266"
"10559","0.10333984345197678","0.10333984345197678","0.10333984345197678","10.826764106750488","10.826764106750488","10.826764106750488","0.11468853801488876","0.11468853801488876","0.11468853801488876","12.765661239624023","12.765661239624023","12.765661239624023","0.19540442526340485","0.19540442526340485","0.19540442526340485","10.649346351623535","10.649346351623535","10.649346351623535","0.18362130224704742","0.18362130224704742","0.18362130224704742","12.460026741027832","12.460026741027832","12.460026741027832"
"10589","0.07130561023950577","0.07130561023950577","0.07130561023950577","8.189175605773926","8.189175605773926","8.189175605773926","0.09535311162471771","0.09535311162471771","0.09535311162471771","10.032468795776367","10.032468795776367","10.032468795776367","0.1296653002500534","0.1296653002500534","0.1296653002500534","7.930391788482666","7.930391788482666","7.930391788482666","0.14645899832248688","0.14645899832248688","0.14645899832248688","9.875983238220215","9.875983238220215","9.875983238220215"
"10619","0.1262136995792389","0.1262136995792389","0.1262136995792389","8.649270057678223","8.649270057678223","8.649270057678223","0.07061972469091415","0.07061972469091415","0.07061972469091415","10.628998756408691","10.628998756408691","10.628998756408691","0.1502731889486313","0.1502731889486313","0.1502731889486313","8.251469612121582","8.251469612121582","8.251469612121582","0.15163619816303253","0.15163619816303253","0.15163619816303253","10.518903732299805","10.518903732299805","10.518903732299805"
"10649","0.10594645887613297","0.10594645887613297","0.10594645887613297","10.477089881896973","10.477089881896973","10.477089881896973","0.11097674816846848","0.11097674816846848","0.11097674816846848","11.864603042602539","11.864603042602539","11.864603042602539","0.3343450725078583","0.3343450725078583","0.3343450725078583","10.201248168945312","10.201248168945312","10.201248168945312","0.16208362579345703","0.16208362579345703","0.16208362579345703","11.623618125915527","11.623618125915527","11.623618125915527"
"10679","0.0817461758852005","0.0817461758852005","0.0817461758852005","8.94379711151123","8.94379711151123","8.94379711151123","0.10918635874986649","0.10918635874986649","0.10918635874986649","12.085527420043945","12.085527420043945","12.085527420043945","0.14429187774658203","0.14429187774658203","0.14429187774658203","8.764083862304688","8.764083862304688","8.764083862304688","0.1643311232328415","0.1643311232328415","0.1643311232328415","12.103127479553223","12.103127479553223","12.103127479553223"
"10709","0.14065416157245636","0.14065416157245636","0.14065416157245636","10.49032211303711","10.49032211303711","10.49032211303711","0.09525278955698013","0.09525278955698013","0.09525278955698013","12.48960018157959","12.48960018157959","12.48960018157959","0.1682025045156479","0.1682025045156479","0.1682025045156479","10.327094078063965","10.327094078063965","10.327094078063965","0.16484569013118744","0.16484569013118744","0.16484569013118744","12.396283149719238","12.396283149719238","12.396283149719238"
"10739","0.10616224259138107","0.10616224259138107","0.10616224259138107","9.541851997375488","9.541851997375488","9.541851997375488","0.1062173992395401","0.1062173992395401","0.1062173992395401","11.452132225036621","11.452132225036621","11.452132225036621","0.2051062285900116","0.2051062285900116","0.2051062285900116","9.451762199401855","9.451762199401855","9.451762199401855","0.16241620481014252","0.16241620481014252","0.16241620481014252","11.25804615020752","11.25804615020752","11.25804615020752"
"10769","0.08656737208366394","0.08656737208366394","0.08656737208366394","8.990488052368164","8.990488052368164","8.990488052368164","0.08960758149623871","0.08960758149623871","0.08960758149623871","11.41170597076416","11.41170597076416","11.41170597076416","0.12871329486370087","0.12871329486370087","0.12871329486370087","8.890170097351074","8.890170097351074","8.890170097351074","0.15623050928115845","0.15623050928115845","0.15623050928115845","11.095803260803223","11.095803260803223","11.095803260803223"
"10799","0.07560309022665024","0.07560309022665024","0.07560309022665024","7.0935845375061035","7.0935845375061035","7.0935845375061035","0.08636562526226044","0.08636562526226044","0.08636562526226044","9.024487495422363","9.024487495422363","9.024487495422363","0.14458264410495758","0.14458264410495758","0.14458264410495758","7.248574256896973","7.248574256896973","7.248574256896973","0.11840963363647461","0.11840963363647461","0.11840963363647461","8.736818313598633","8.736818313598633","8.736818313598633"
"10829","0.07997919619083405","0.07997919619083405","0.07997919619083405","8.96517276763916","8.96517276763916","8.96517276763916","0.09535756707191467","0.09535756707191467","0.09535756707191467","10.892333984375","10.892333984375","10.892333984375","0.15627340972423553","0.15627340972423553","0.15627340972423553","8.965474128723145","8.965474128723145","8.965474128723145","0.1447906345129013","0.1447906345129013","0.1447906345129013","10.733115196228027","10.733115196228027","10.733115196228027"
"10859","0.09123370796442032","0.09123370796442032","0.09123370796442032","9.91694164276123","9.91694164276123","9.91694164276123","0.09776998311281204","0.09776998311281204","0.09776998311281204","11.728236198425293","11.728236198425293","11.728236198425293","0.17552846670150757","0.17552846670150757","0.17552846670150757","9.826151847839355","9.826151847839355","9.826151847839355","0.18294711410999298","0.18294711410999298","0.18294711410999298","11.614418983459473","11.614418983459473","11.614418983459473"
"10889","0.0694524496793747","0.0694524496793747","0.0694524496793747","8.068107604980469","8.068107604980469","8.068107604980469","0.10216975957155228","0.10216975957155228","0.10216975957155228","10.303462982177734","10.303462982177734","10.303462982177734","0.11820752918720245","0.11820752918720245","0.11820752918720245","8.05112075805664","8.05112075805664","8.05112075805664","0.12265092879533768","0.12265092879533768","0.12265092879533768","10.20823860168457","10.20823860168457","10.20823860168457"
"10919","0.09622600674629211","0.09622600674629211","0.09622600674629211","9.859192848205566","9.859192848205566","9.859192848205566","0.11471813172101974","0.11471813172101974","0.11471813172101974","12.336714744567871","12.336714744567871","12.336714744567871","0.18793848156929016","0.18793848156929016","0.18793848156929016","9.970051765441895","9.970051765441895","9.970051765441895","0.18466125428676605","0.18466125428676605","0.18466125428676605","12.115178108215332","12.115178108215332","12.115178108215332"
"10949","0.09544366598129272","0.09544366598129272","0.09544366598129272","8.182402610778809","8.182402610778809","8.182402610778809","0.0682310163974762","0.0682310163974762","0.0682310163974762","10.48312759399414","10.48312759399414","10.48312759399414","0.14581340551376343","0.14581340551376343","0.14581340551376343","8.145501136779785","8.145501136779785","8.145501136779785","0.13325831294059753","0.13325831294059753","0.13325831294059753","10.300600051879883","10.300600051879883","10.300600051879883"
"10979","0.082997165620327","0.082997165620327","0.082997165620327","10.19373607635498","10.19373607635498","10.19373607635498","0.1204477921128273","0.1204477921128273","0.1204477921128273","12.020031929016113","12.020031929016113","12.020031929016113","0.1608661264181137","0.1608661264181137","0.1608661264181137","9.600374221801758","9.600374221801758","9.600374221801758","0.1559825986623764","0.1559825986623764","0.1559825986623764","11.9618501663208","11.9618501663208","11.9618501663208"
"11009","0.09830441325902939","0.09830441325902939","0.09830441325902939","7.529103755950928","7.529103755950928","7.529103755950928","0.09470292925834656","0.09470292925834656","0.09470292925834656","10.179068565368652","10.179068565368652","10.179068565368652","0.142595574259758","0.142595574259758","0.142595574259758","7.502645015716553","7.502645015716553","7.502645015716553","0.13470244407653809","0.13470244407653809","0.13470244407653809","10.340314865112305","10.340314865112305","10.340314865112305"
"11039","0.08319667726755142","0.08319667726755142","0.08319667726755142","6.667988300323486","6.667988300323486","6.667988300323486","0.06140138953924179","0.06140138953924179","0.06140138953924179","8.885878562927246","8.885878562927246","8.885878562927246","0.1128305196762085","0.1128305196762085","0.1128305196762085","6.524241924285889","6.524241924285889","6.524241924285889","0.11920759826898575","0.11920759826898575","0.11920759826898575","8.751688957214355","8.751688957214355","8.751688957214355"
"11069","0.08167901635169983","0.08167901635169983","0.08167901635169983","7.870038986206055","7.870038986206055","7.870038986206055","0.08908265829086304","0.08908265829086304","0.08908265829086304","9.634062767028809","9.634062767028809","9.634062767028809","0.1684800237417221","0.1684800237417221","0.1684800237417221","7.609767913818359","7.609767913818359","7.609767913818359","0.14911916851997375","0.14911916851997375","0.14911916851997375","9.51176643371582","9.51176643371582","9.51176643371582"
"11099","0.09661536663770676","0.09661536663770676","0.09661536663770676","9.26428508758545","9.26428508758545","9.26428508758545","0.08488767594099045","0.08488767594099045","0.08488767594099045","12.287050247192383","12.287050247192383","12.287050247192383","0.15344704687595367","0.15344704687595367","0.15344704687595367","9.009757995605469","9.009757995605469","9.009757995605469","0.14393289387226105","0.14393289387226105","0.14393289387226105","12.007434844970703","12.007434844970703","12.007434844970703"
"11129","0.07696081697940826","0.07696081697940826","0.07696081697940826","7.887564659118652","7.887564659118652","7.887564659118652","0.08517473936080933","0.08517473936080933","0.08517473936080933","10.316838264465332","10.316838264465332","10.316838264465332","0.14278098940849304","0.14278098940849304","0.14278098940849304","8.06978702545166","8.06978702545166","8.06978702545166","0.12340246140956879","0.12340246140956879","0.12340246140956879","10.214316368103027","10.214316368103027","10.214316368103027"
"11159","0.08302989602088928","0.08302989602088928","0.08302989602088928","6.939499378204346","6.939499378204346","6.939499378204346","0.07427018135786057","0.07427018135786057","0.07427018135786057","9.551326751708984","9.551326751708984","9.551326751708984","0.13531620800495148","0.13531620800495148","0.13531620800495148","6.838523864746094","6.838523864746094","6.838523864746094","0.11754544824361801","0.11754544824361801","0.11754544824361801","9.40805435180664","9.40805435180664","9.40805435180664"
"11189","0.08396315574645996","0.08396315574645996","0.08396315574645996","9.14264965057373","9.14264965057373","9.14264965057373","0.09595663100481033","0.09595663100481033","0.09595663100481033","11.463906288146973","11.463906288146973","11.463906288146973","0.14022281765937805","0.14022281765937805","0.14022281765937805","9.21665096282959","9.21665096282959","9.21665096282959","0.14621587097644806","0.14621587097644806","0.14621587097644806","11.044103622436523","11.044103622436523","11.044103622436523"
"11219","0.08548276871442795","0.08548276871442795","0.08548276871442795","9.663233757019043","9.663233757019043","9.663233757019043","0.08547314256429672","0.08547314256429672","0.08547314256429672","13.258891105651855","13.258891105651855","13.258891105651855","0.16932173073291779","0.16932173073291779","0.16932173073291779","9.551650047302246","9.551650047302246","9.551650047302246","0.161685973405838","0.161685973405838","0.161685973405838","12.962369918823242","12.962369918823242","12.962369918823242"
"11249","0.0745890811085701","0.0745890811085701","0.0745890811085701","6.472127914428711","6.472127914428711","6.472127914428711","0.07514265179634094","0.07514265179634094","0.07514265179634094","9.233840942382812","9.233840942382812","9.233840942382812","0.11942605674266815","0.11942605674266815","0.11942605674266815","6.5078911781311035","6.5078911781311035","6.5078911781311035","0.10377612709999084","0.10377612709999084","0.10377612709999084","9.199652671813965","9.199652671813965","9.199652671813965"
"11279","0.08770053833723068","0.08770053833723068","0.08770053833723068","8.498856544494629","8.498856544494629","8.498856544494629","0.08119386434555054","0.08119386434555054","0.08119386434555054","12.065600395202637","12.065600395202637","12.065600395202637","0.1431598961353302","0.1431598961353302","0.1431598961353302","8.543557167053223","8.543557167053223","8.543557167053223","0.127741277217865","0.127741277217865","0.127741277217865","11.93719482421875","11.93719482421875","11.93719482421875"
"11309","0.08774229884147644","0.08774229884147644","0.08774229884147644","7.839312553405762","7.839312553405762","7.839312553405762","0.09048894792795181","0.09048894792795181","0.09048894792795181","10.597768783569336","10.597768783569336","10.597768783569336","0.14016200602054596","0.14016200602054596","0.14016200602054596","7.713311672210693","7.713311672210693","7.713311672210693","0.12998192012310028","0.12998192012310028","0.12998192012310028","10.351919174194336","10.351919174194336","10.351919174194336"
"11339","0.06612927466630936","0.06612927466630936","0.06612927466630936","7.563103675842285","7.563103675842285","7.563103675842285","0.07781324535608292","0.07781324535608292","0.07781324535608292","12.216279029846191","12.216279029846191","12.216279029846191","0.12214889377355576","0.12214889377355576","0.12214889377355576","7.609981536865234","7.609981536865234","7.609981536865234","0.1627807766199112","0.1627807766199112","0.1627807766199112","11.762446403503418","11.762446403503418","11.762446403503418"
"11369","0.09718000888824463","0.09718000888824463","0.09718000888824463","10.911469459533691","10.911469459533691","10.911469459533691","0.0892370268702507","0.0892370268702507","0.0892370268702507","14.533026695251465","14.533026695251465","14.533026695251465","0.16819891333580017","0.16819891333580017","0.16819891333580017","10.700234413146973","10.700234413146973","10.700234413146973","0.17242762446403503","0.17242762446403503","0.17242762446403503","14.444835662841797","14.444835662841797","14.444835662841797"
"11399","0.09426293522119522","0.09426293522119522","0.09426293522119522","7.412591457366943","7.412591457366943","7.412591457366943","0.06413188576698303","0.06413188576698303","0.06413188576698303","10.230888366699219","10.230888366699219","10.230888366699219","0.13832400739192963","0.13832400739192963","0.13832400739192963","7.162657737731934","7.162657737731934","7.162657737731934","0.12556062638759613","0.12556062638759613","0.12556062638759613","10.175633430480957","10.175633430480957","10.175633430480957"
"11429","0.06824059784412384","0.06824059784412384","0.06824059784412384","5.974701881408691","5.974701881408691","5.974701881408691","0.08989608287811279","0.08989608287811279","0.08989608287811279","9.031792640686035","9.031792640686035","9.031792640686035","0.11099737137556076","0.11099737137556076","0.11099737137556076","6.151218891143799","6.151218891143799","6.151218891143799","0.12378591299057007","0.12378591299057007","0.12378591299057007","8.930416107177734","8.930416107177734","8.930416107177734"
"11459","0.1040748730301857","0.1040748730301857","0.1040748730301857","8.785552024841309","8.785552024841309","8.785552024841309","0.10057588666677475","0.10057588666677475","0.10057588666677475","11.945387840270996","11.945387840270996","11.945387840270996","0.153452530503273","0.153452530503273","0.153452530503273","8.771791458129883","8.771791458129883","8.771791458129883","0.14064039289951324","0.14064039289951324","0.14064039289951324","11.63482666015625","11.63482666015625","11.63482666015625"
"11489","0.08694316446781158","0.08694316446781158","0.08694316446781158","7.538569927215576","7.538569927215576","7.538569927215576","0.08253847062587738","0.08253847062587738","0.08253847062587738","10.394157409667969","10.394157409667969","10.394157409667969","0.12257363647222519","0.12257363647222519","0.12257363647222519","7.480860233306885","7.480860233306885","7.480860233306885","0.13150270283222198","0.13150270283222198","0.13150270283222198","10.219606399536133","10.219606399536133","10.219606399536133"
"11519","0.08847063034772873","0.08847063034772873","0.08847063034772873","8.677200317382812","8.677200317382812","8.677200317382812","0.07256200909614563","0.07256200909614563","0.07256200909614563","10.82577133178711","10.82577133178711","10.82577133178711","0.16524574160575867","0.16524574160575867","0.16524574160575867","8.60627269744873","8.60627269744873","8.60627269744873","0.12948860228061676","0.12948860228061676","0.12948860228061676","10.62206745147705","10.62206745147705","10.62206745147705"
"11549","0.07031671702861786","0.07031671702861786","0.07031671702861786","8.801865577697754","8.801865577697754","8.801865577697754","0.08456587791442871","0.08456587791442871","0.08456587791442871","10.890806198120117","10.890806198120117","10.890806198120117","0.14814579486846924","0.14814579486846924","0.14814579486846924","8.696385383605957","8.696385383605957","8.696385383605957","0.13996601104736328","0.13996601104736328","0.13996601104736328","10.571098327636719","10.571098327636719","10.571098327636719"
"11579","0.06956455856561661","0.06956455856561661","0.06956455856561661","6.771007061004639","6.771007061004639","6.771007061004639","0.05545850098133087","0.05545850098133087","0.05545850098133087","9.510547637939453","9.510547637939453","9.510547637939453","0.13530662655830383","0.13530662655830383","0.13530662655830383","6.687350749969482","6.687350749969482","6.687350749969482","0.12312114238739014","0.12312114238739014","0.12312114238739014","9.092927932739258","9.092927932739258","9.092927932739258"
"11609","0.0871443897485733","0.0871443897485733","0.0871443897485733","7.049314498901367","7.049314498901367","7.049314498901367","0.08477760851383209","0.08477760851383209","0.08477760851383209","10.187065124511719","10.187065124511719","10.187065124511719","0.19266803562641144","0.19266803562641144","0.19266803562641144","6.93614387512207","6.93614387512207","6.93614387512207","0.11796519160270691","0.11796519160270691","0.11796519160270691","10.097396850585938","10.097396850585938","10.097396850585938"
"11639","0.07517974078655243","0.07517974078655243","0.07517974078655243","7.377882957458496","7.377882957458496","7.377882957458496","0.08388161659240723","0.08388161659240723","0.08388161659240723","9.956972122192383","9.956972122192383","9.956972122192383","0.13056083023548126","0.13056083023548126","0.13056083023548126","7.354677677154541","7.354677677154541","7.354677677154541","0.13100741803646088","0.13100741803646088","0.13100741803646088","9.678590774536133","9.678590774536133","9.678590774536133"
"11669","0.0719081312417984","0.0719081312417984","0.0719081312417984","5.84524393081665","5.84524393081665","5.84524393081665","0.07145536690950394","0.07145536690950394","0.07145536690950394","9.108612060546875","9.108612060546875","9.108612060546875","0.0996556431055069","0.0996556431055069","0.0996556431055069","5.827946662902832","5.827946662902832","5.827946662902832","0.09563454240560532","0.09563454240560532","0.09563454240560532","9.250269889831543","9.250269889831543","9.250269889831543"
"11699","0.08417432755231857","0.08417432755231857","0.08417432755231857","7.85247278213501","7.85247278213501","7.85247278213501","0.06909584254026413","0.06909584254026413","0.06909584254026413","10.271641731262207","10.271641731262207","10.271641731262207","0.11276692897081375","0.11276692897081375","0.11276692897081375","7.735052108764648","7.735052108764648","7.735052108764648","0.12058991938829422","0.12058991938829422","0.12058991938829422","10.038503646850586","10.038503646850586","10.038503646850586"
"11729","0.06797491759061813","0.06797491759061813","0.06797491759061813","7.685845851898193","7.685845851898193","7.685845851898193","0.06780628859996796","0.06780628859996796","0.06780628859996796","10.533617973327637","10.533617973327637","10.533617973327637","0.1252143234014511","0.1252143234014511","0.1252143234014511","7.573517799377441","7.573517799377441","7.573517799377441","0.14731372892856598","0.14731372892856598","0.14731372892856598","10.524537086486816","10.524537086486816","10.524537086486816"
"11759","0.11724245548248291","0.11724245548248291","0.11724245548248291","7.139398097991943","7.139398097991943","7.139398097991943","0.08670049160718918","0.08670049160718918","0.08670049160718918","9.50141716003418","9.50141716003418","9.50141716003418","0.1348443478345871","0.1348443478345871","0.1348443478345871","6.952760696411133","6.952760696411133","6.952760696411133","0.11500003188848495","0.11500003188848495","0.11500003188848495","9.120763778686523","9.120763778686523","9.120763778686523"
"11789","0.08047229796648026","0.08047229796648026","0.08047229796648026","6.85037088394165","6.85037088394165","6.85037088394165","0.0757930800318718","0.0757930800318718","0.0757930800318718","9.748942375183105","9.748942375183105","9.748942375183105","0.12190797179937363","0.12190797179937363","0.12190797179937363","6.591316223144531","6.591316223144531","6.591316223144531","0.10891173779964447","0.10891173779964447","0.10891173779964447","9.58564567565918","9.58564567565918","9.58564567565918"
"11819","0.05908611789345741","0.05908611789345741","0.05908611789345741","6.056410312652588","6.056410312652588","6.056410312652588","0.07645153999328613","0.07645153999328613","0.07645153999328613","9.171095848083496","9.171095848083496","9.171095848083496","0.11256110668182373","0.11256110668182373","0.11256110668182373","6.047444820404053","6.047444820404053","6.047444820404053","0.0975329577922821","0.0975329577922821","0.0975329577922821","9.226635932922363","9.226635932922363","9.226635932922363"
"11849","0.05712742730975151","0.05712742730975151","0.05712742730975151","6.544677734375","6.544677734375","6.544677734375","0.11920477449893951","0.11920477449893951","0.11920477449893951","9.300501823425293","9.300501823425293","9.300501823425293","0.10891714692115784","0.10891714692115784","0.10891714692115784","6.565308570861816","6.565308570861816","6.565308570861816","0.11233535408973694","0.11233535408973694","0.11233535408973694","8.9827241897583","8.9827241897583","8.9827241897583"
"11879","0.08986136317253113","0.08986136317253113","0.08986136317253113","7.844118595123291","7.844118595123291","7.844118595123291","0.07547635585069656","0.07547635585069656","0.07547635585069656","11.277104377746582","11.277104377746582","11.277104377746582","0.13551916182041168","0.13551916182041168","0.13551916182041168","7.615738391876221","7.615738391876221","7.615738391876221","0.13312484323978424","0.13312484323978424","0.13312484323978424","11.11705493927002","11.11705493927002","11.11705493927002"
"11909","0.05818919092416763","0.05818919092416763","0.05818919092416763","5.712426662445068","5.712426662445068","5.712426662445068","0.06930231302976608","0.06930231302976608","0.06930231302976608","9.189910888671875","9.189910888671875","9.189910888671875","0.1085827425122261","0.1085827425122261","0.1085827425122261","5.6951904296875","5.6951904296875","5.6951904296875","0.10376349091529846","0.10376349091529846","0.10376349091529846","8.942574501037598","8.942574501037598","8.942574501037598"
"11939","0.07370726764202118","0.07370726764202118","0.07370726764202118","6.133885383605957","6.133885383605957","6.133885383605957","0.061941225081682205","0.061941225081682205","0.061941225081682205","9.83163833618164","9.83163833618164","9.83163833618164","0.1105944886803627","0.1105944886803627","0.1105944886803627","6.288877487182617","6.288877487182617","6.288877487182617","0.1289597451686859","0.1289597451686859","0.1289597451686859","9.585721969604492","9.585721969604492","9.585721969604492"
"11969","0.07980571687221527","0.07980571687221527","0.07980571687221527","8.27949333190918","8.27949333190918","8.27949333190918","0.08380018919706345","0.08380018919706345","0.08380018919706345","11.032605171203613","11.032605171203613","11.032605171203613","0.1579272300004959","0.1579272300004959","0.1579272300004959","8.072784423828125","8.072784423828125","8.072784423828125","0.13871343433856964","0.13871343433856964","0.13871343433856964","10.801027297973633","10.801027297973633","10.801027297973633"
"11999","0.08017878234386444","0.08017878234386444","0.08017878234386444","6.48895263671875","6.48895263671875","6.48895263671875","0.05549227446317673","0.05549227446317673","0.05549227446317673","9.313669204711914","9.313669204711914","9.313669204711914","0.1130046620965004","0.1130046620965004","0.1130046620965004","6.438699722290039","6.438699722290039","6.438699722290039","0.10636607557535172","0.10636607557535172","0.10636607557535172","9.197762489318848","9.197762489318848","9.197762489318848"
"12029","0.07137832790613174","0.07137832790613174","0.07137832790613174","5.875447750091553","5.875447750091553","5.875447750091553","0.08071364462375641","0.08071364462375641","0.08071364462375641","9.304059982299805","9.304059982299805","9.304059982299805","0.1148739606142044","0.1148739606142044","0.1148739606142044","6.032124996185303","6.032124996185303","6.032124996185303","0.12264940142631531","0.12264940142631531","0.12264940142631531","9.009308815002441","9.009308815002441","9.009308815002441"
"12059","0.09099341183900833","0.09099341183900833","0.09099341183900833","7.449124813079834","7.449124813079834","7.449124813079834","0.06945616006851196","0.06945616006851196","0.06945616006851196","10.158272743225098","10.158272743225098","10.158272743225098","0.13360145688056946","0.13360145688056946","0.13360145688056946","7.42528772354126","7.42528772354126","7.42528772354126","0.13016317784786224","0.13016317784786224","0.13016317784786224","10.069948196411133","10.069948196411133","10.069948196411133"
"12089","0.141941636800766","0.141941636800766","0.141941636800766","9.37534236907959","9.37534236907959","9.37534236907959","0.07005705684423447","0.07005705684423447","0.07005705684423447","12.22402572631836","12.22402572631836","12.22402572631836","0.1538475900888443","0.1538475900888443","0.1538475900888443","9.355509757995605","9.355509757995605","9.355509757995605","0.15163466334342957","0.15163466334342957","0.15163466334342957","11.64070987701416","11.64070987701416","11.64070987701416"
"12119","0.08873996883630753","0.08873996883630753","0.08873996883630753","8.852438926696777","8.852438926696777","8.852438926696777","0.07065925002098083","0.07065925002098083","0.07065925002098083","10.436846733093262","10.436846733093262","10.436846733093262","0.14139576256275177","0.14139576256275177","0.14139576256275177","8.735756874084473","8.735756874084473","8.735756874084473","0.121854767203331","0.121854767203331","0.121854767203331","9.94371509552002","9.94371509552002","9.94371509552002"
"12149","0.08501313626766205","0.08501313626766205","0.08501313626766205","6.848215103149414","6.848215103149414","6.848215103149414","0.08893252909183502","0.08893252909183502","0.08893252909183502","10.162898063659668","10.162898063659668","10.162898063659668","0.13500450551509857","0.13500450551509857","0.13500450551509857","6.762463092803955","6.762463092803955","6.762463092803955","0.12602010369300842","0.12602010369300842","0.12602010369300842","9.846253395080566","9.846253395080566","9.846253395080566"
"12179","0.09121844172477722","0.09121844172477722","0.09121844172477722","8.565471649169922","8.565471649169922","8.565471649169922","0.09357026219367981","0.09357026219367981","0.09357026219367981","11.773176193237305","11.773176193237305","11.773176193237305","0.138600692152977","0.138600692152977","0.138600692152977","8.653507232666016","8.653507232666016","8.653507232666016","0.154006689786911","0.154006689786911","0.154006689786911","11.627524375915527","11.627524375915527","11.627524375915527"
"12209","0.07338492572307587","0.07338492572307587","0.07338492572307587","6.903453826904297","6.903453826904297","6.903453826904297","0.06417125463485718","0.06417125463485718","0.06417125463485718","10.276473045349121","10.276473045349121","10.276473045349121","0.10737460851669312","0.10737460851669312","0.10737460851669312","6.803111553192139","6.803111553192139","6.803111553192139","0.11821942776441574","0.11821942776441574","0.11821942776441574","10.32717227935791","10.32717227935791","10.32717227935791"
"12239","0.06478343158960342","0.06478343158960342","0.06478343158960342","6.382479190826416","6.382479190826416","6.382479190826416","0.06584673374891281","0.06584673374891281","0.06584673374891281","9.069026947021484","9.069026947021484","9.069026947021484","0.1101553738117218","0.1101553738117218","0.1101553738117218","6.1939616203308105","6.1939616203308105","6.1939616203308105","0.10799048840999603","0.10799048840999603","0.10799048840999603","9.002557754516602","9.002557754516602","9.002557754516602"
"12269","0.08481479436159134","0.08481479436159134","0.08481479436159134","5.802277565002441","5.802277565002441","5.802277565002441","0.053693369030952454","0.053693369030952454","0.053693369030952454","9.023993492126465","9.023993492126465","9.023993492126465","0.10098495334386826","0.10098495334386826","0.10098495334386826","5.803909778594971","5.803909778594971","5.803909778594971","0.11087588220834732","0.11087588220834732","0.11087588220834732","8.970385551452637","8.970385551452637","8.970385551452637"
"12299","0.11746558547019958","0.11746558547019958","0.11746558547019958","7.468648433685303","7.468648433685303","7.468648433685303","0.08060745149850845","0.08060745149850845","0.08060745149850845","11.279650688171387","11.279650688171387","11.279650688171387","0.1411120444536209","0.1411120444536209","0.1411120444536209","7.575435638427734","7.575435638427734","7.575435638427734","0.1433180570602417","0.1433180570602417","0.1433180570602417","11.142352104187012","11.142352104187012","11.142352104187012"
"12329","0.06549832969903946","0.06549832969903946","0.06549832969903946","6.1310954093933105","6.1310954093933105","6.1310954093933105","0.08623698353767395","0.08623698353767395","0.08623698353767395","9.817227363586426","9.817227363586426","9.817227363586426","0.11686472594738007","0.11686472594738007","0.11686472594738007","6.172945976257324","6.172945976257324","6.172945976257324","0.130245640873909","0.130245640873909","0.130245640873909","9.862519264221191","9.862519264221191","9.862519264221191"
"12359","0.08297785371541977","0.08297785371541977","0.08297785371541977","5.723237991333008","5.723237991333008","5.723237991333008","0.06422672420740128","0.06422672420740128","0.06422672420740128","9.011637687683105","9.011637687683105","9.011637687683105","0.11260053515434265","0.11260053515434265","0.11260053515434265","5.672285079956055","5.672285079956055","5.672285079956055","0.12025795876979828","0.12025795876979828","0.12025795876979828","9.26718807220459","9.26718807220459","9.26718807220459"
"12389","0.057896532118320465","0.057896532118320465","0.057896532118320465","6.818226337432861","6.818226337432861","6.818226337432861","0.09035060554742813","0.09035060554742813","0.09035060554742813","10.379082679748535","10.379082679748535","10.379082679748535","0.1152261421084404","0.1152261421084404","0.1152261421084404","6.980676174163818","6.980676174163818","6.980676174163818","0.12316665053367615","0.12316665053367615","0.12316665053367615","10.293628692626953","10.293628692626953","10.293628692626953"
"12419","0.08425821363925934","0.08425821363925934","0.08425821363925934","9.966718673706055","9.966718673706055","9.966718673706055","0.10379920899868011","0.10379920899868011","0.10379920899868011","13.192575454711914","13.192575454711914","13.192575454711914","0.17408134043216705","0.17408134043216705","0.17408134043216705","9.661465644836426","9.661465644836426","9.661465644836426","0.17128147184848785","0.17128147184848785","0.17128147184848785","13.017691612243652","13.017691612243652","13.017691612243652"
"12449","0.06796643882989883","0.06796643882989883","0.06796643882989883","7.500124454498291","7.500124454498291","7.500124454498291","0.06860409677028656","0.06860409677028656","0.06860409677028656","10.166861534118652","10.166861534118652","10.166861534118652","0.12429480254650116","0.12429480254650116","0.12429480254650116","7.365687847137451","7.365687847137451","7.365687847137451","0.13014228641986847","0.13014228641986847","0.13014228641986847","9.8019380569458","9.8019380569458","9.8019380569458"
"12479","0.05447212606668472","0.05447212606668472","0.05447212606668472","6.23601770401001","6.23601770401001","6.23601770401001","0.06274157762527466","0.06274157762527466","0.06274157762527466","9.707613945007324","9.707613945007324","9.707613945007324","0.14491264522075653","0.14491264522075653","0.14491264522075653","6.162979602813721","6.162979602813721","6.162979602813721","0.10023695975542068","0.10023695975542068","0.10023695975542068","9.572492599487305","9.572492599487305","9.572492599487305"
"12509","0.07731945067644119","0.07731945067644119","0.07731945067644119","8.18543815612793","8.18543815612793","8.18543815612793","0.06465134024620056","0.06465134024620056","0.06465134024620056","10.889338493347168","10.889338493347168","10.889338493347168","0.12887661159038544","0.12887661159038544","0.12887661159038544","7.990988731384277","7.990988731384277","7.990988731384277","0.13212092220783234","0.13212092220783234","0.13212092220783234","10.677997589111328","10.677997589111328","10.677997589111328"
"12539","0.06308356672525406","0.06308356672525406","0.06308356672525406","6.721303462982178","6.721303462982178","6.721303462982178","0.0738830715417862","0.0738830715417862","0.0738830715417862","9.360575675964355","9.360575675964355","9.360575675964355","0.11099305748939514","0.11099305748939514","0.11099305748939514","6.601806640625","6.601806640625","6.601806640625","0.10990723222494125","0.10990723222494125","0.10990723222494125","9.20893383026123","9.20893383026123","9.20893383026123"
"12569","0.09179092198610306","0.09179092198610306","0.09179092198610306","8.163514137268066","8.163514137268066","8.163514137268066","0.07336593419313431","0.07336593419313431","0.07336593419313431","11.017745971679688","11.017745971679688","11.017745971679688","0.15858051180839539","0.15858051180839539","0.15858051180839539","7.638936519622803","7.638936519622803","7.638936519622803","0.14334511756896973","0.14334511756896973","0.14334511756896973","11.145243644714355","11.145243644714355","11.145243644714355"
"12599","0.07265244424343109","0.07265244424343109","0.07265244424343109","7.980618953704834","7.980618953704834","7.980618953704834","0.08705911785364151","0.08705911785364151","0.08705911785364151","11.301215171813965","11.301215171813965","11.301215171813965","0.13527140021324158","0.13527140021324158","0.13527140021324158","7.8049774169921875","7.8049774169921875","7.8049774169921875","0.12457576394081116","0.12457576394081116","0.12457576394081116","10.904197692871094","10.904197692871094","10.904197692871094"
"12629","0.09214494377374649","0.09214494377374649","0.09214494377374649","7.037479877471924","7.037479877471924","7.037479877471924","0.09999995678663254","0.09999995678663254","0.09999995678663254","10.37377643585205","10.37377643585205","10.37377643585205","0.108922079205513","0.108922079205513","0.108922079205513","7.014687538146973","7.014687538146973","7.014687538146973","0.11796920746564865","0.11796920746564865","0.11796920746564865","10.289473533630371","10.289473533630371","10.289473533630371"
"12659","0.06378865987062454","0.06378865987062454","0.06378865987062454","7.779439926147461","7.779439926147461","7.779439926147461","0.06380975991487503","0.06380975991487503","0.06380975991487503","10.184653282165527","10.184653282165527","10.184653282165527","0.13444769382476807","0.13444769382476807","0.13444769382476807","7.933128356933594","7.933128356933594","7.933128356933594","0.12689208984375","0.12689208984375","0.12689208984375","9.835554122924805","9.835554122924805","9.835554122924805"
"12689","0.07248196750879288","0.07248196750879288","0.07248196750879288","7.145641803741455","7.145641803741455","7.145641803741455","0.06882479041814804","0.06882479041814804","0.06882479041814804","10.359542846679688","10.359542846679688","10.359542846679688","0.11367175728082657","0.11367175728082657","0.11367175728082657","7.097243309020996","7.097243309020996","7.097243309020996","0.11785300821065903","0.11785300821065903","0.11785300821065903","10.17279052734375","10.17279052734375","10.17279052734375"
"12719","0.08524347096681595","0.08524347096681595","0.08524347096681595","5.001925945281982","5.001925945281982","5.001925945281982","0.057960230857133865","0.057960230857133865","0.057960230857133865","8.407048225402832","8.407048225402832","8.407048225402832","0.11956523358821869","0.11956523358821869","0.11956523358821869","5.153964042663574","5.153964042663574","5.153964042663574","0.09630819410085678","0.09630819410085678","0.09630819410085678","8.35971736907959","8.35971736907959","8.35971736907959"
"12749","0.07307746261358261","0.07307746261358261","0.07307746261358261","8.047980308532715","8.047980308532715","8.047980308532715","0.10270680487155914","0.10270680487155914","0.10270680487155914","11.804584503173828","11.804584503173828","11.804584503173828","0.13309943675994873","0.13309943675994873","0.13309943675994873","7.893394470214844","7.893394470214844","7.893394470214844","0.12796257436275482","0.12796257436275482","0.12796257436275482","11.419246673583984","11.419246673583984","11.419246673583984"
"12779","0.09312815219163895","0.09312815219163895","0.09312815219163895","7.311514854431152","7.311514854431152","7.311514854431152","0.0958246961236","0.0958246961236","0.0958246961236","10.420756340026855","10.420756340026855","10.420756340026855","0.14600640535354614","0.14600640535354614","0.14600640535354614","7.578110218048096","7.578110218048096","7.578110218048096","0.1694159209728241","0.1694159209728241","0.1694159209728241","10.371849060058594","10.371849060058594","10.371849060058594"
"12809","0.0689798891544342","0.0689798891544342","0.0689798891544342","7.529022216796875","7.529022216796875","7.529022216796875","0.08809363842010498","0.08809363842010498","0.08809363842010498","10.803014755249023","10.803014755249023","10.803014755249023","0.14475703239440918","0.14475703239440918","0.14475703239440918","7.338002681732178","7.338002681732178","7.338002681732178","0.14639787375926971","0.14639787375926971","0.14639787375926971","10.636005401611328","10.636005401611328","10.636005401611328"
"12839","0.07807916402816772","0.07807916402816772","0.07807916402816772","6.294777870178223","6.294777870178223","6.294777870178223","0.1010836660861969","0.1010836660861969","0.1010836660861969","9.14443302154541","9.14443302154541","9.14443302154541","0.11625233292579651","0.11625233292579651","0.11625233292579651","6.3184814453125","6.3184814453125","6.3184814453125","0.11711114645004272","0.11711114645004272","0.11711114645004272","9.087141036987305","9.087141036987305","9.087141036987305"
"12869","0.08258765190839767","0.08258765190839767","0.08258765190839767","9.096548080444336","9.096548080444336","9.096548080444336","0.07497375458478928","0.07497375458478928","0.07497375458478928","12.484088897705078","12.484088897705078","12.484088897705078","0.16123192012310028","0.16123192012310028","0.16123192012310028","9.133657455444336","9.133657455444336","9.133657455444336","0.15453334152698517","0.15453334152698517","0.15453334152698517","12.16329574584961","12.16329574584961","12.16329574584961"
"12899","0.05467446148395538","0.05467446148395538","0.05467446148395538","5.484302043914795","5.484302043914795","5.484302043914795","0.0595775730907917","0.0595775730907917","0.0595775730907917","8.70301342010498","8.70301342010498","8.70301342010498","0.10022757947444916","0.10022757947444916","0.10022757947444916","5.546044826507568","5.546044826507568","5.546044826507568","0.09645826369524002","0.09645826369524002","0.09645826369524002","8.509004592895508","8.509004592895508","8.509004592895508"
"12929","0.08744396269321442","0.08744396269321442","0.08744396269321442","7.172279357910156","7.172279357910156","7.172279357910156","0.107108473777771","0.107108473777771","0.107108473777771","10.842216491699219","10.842216491699219","10.842216491699219","0.12766842544078827","0.12766842544078827","0.12766842544078827","7.059887409210205","7.059887409210205","7.059887409210205","0.11862305551767349","0.11862305551767349","0.11862305551767349","10.634387969970703","10.634387969970703","10.634387969970703"
"12959","0.06296680122613907","0.06296680122613907","0.06296680122613907","5.763416767120361","5.763416767120361","5.763416767120361","0.08624833077192307","0.08624833077192307","0.08624833077192307","8.97011661529541","8.97011661529541","8.97011661529541","0.2442285716533661","0.2442285716533661","0.2442285716533661","5.588470458984375","5.588470458984375","5.588470458984375","0.10404733568429947","0.10404733568429947","0.10404733568429947","8.8141508102417","8.8141508102417","8.8141508102417"
"12989","0.08758756518363953","0.08758756518363953","0.08758756518363953","7.767344951629639","7.767344951629639","7.767344951629639","0.1081765741109848","0.1081765741109848","0.1081765741109848","11.048816680908203","11.048816680908203","11.048816680908203","0.12786036729812622","0.12786036729812622","0.12786036729812622","8.04544448852539","8.04544448852539","8.04544448852539","0.11131181567907333","0.11131181567907333","0.11131181567907333","10.74931526184082","10.74931526184082","10.74931526184082"
"13019","0.08221939206123352","0.08221939206123352","0.08221939206123352","6.253970623016357","6.253970623016357","6.253970623016357","0.07100919634103775","0.07100919634103775","0.07100919634103775","9.40024185180664","9.40024185180664","9.40024185180664","0.11706209927797318","0.11706209927797318","0.11706209927797318","6.2891526222229","6.2891526222229","6.2891526222229","0.10437459498643875","0.10437459498643875","0.10437459498643875","9.214756965637207","9.214756965637207","9.214756965637207"
"13049","0.08067908883094788","0.08067908883094788","0.08067908883094788","8.899271965026855","8.899271965026855","8.899271965026855","0.06917600333690643","0.06917600333690643","0.06917600333690643","12.861372947692871","12.861372947692871","12.861372947692871","0.3277077078819275","0.3277077078819275","0.3277077078819275","8.819814682006836","8.819814682006836","8.819814682006836","0.1557198464870453","0.1557198464870453","0.1557198464870453","12.576579093933105","12.576579093933105","12.576579093933105"
"13079","0.07043271511793137","0.07043271511793137","0.07043271511793137","5.836280345916748","5.836280345916748","5.836280345916748","0.06056498363614082","0.06056498363614082","0.06056498363614082","9.262454986572266","9.262454986572266","9.262454986572266","0.09250785410404205","0.09250785410404205","0.09250785410404205","6.090487003326416","6.090487003326416","6.090487003326416","0.10263403505086899","0.10263403505086899","0.10263403505086899","8.93458366394043","8.93458366394043","8.93458366394043"
"13109","0.06696239858865738","0.06696239858865738","0.06696239858865738","7.072052955627441","7.072052955627441","7.072052955627441","0.07240058481693268","0.07240058481693268","0.07240058481693268","10.541943550109863","10.541943550109863","10.541943550109863","0.13640648126602173","0.13640648126602173","0.13640648126602173","6.9632744789123535","6.9632744789123535","6.9632744789123535","0.13306854665279388","0.13306854665279388","0.13306854665279388","10.265295028686523","10.265295028686523","10.265295028686523"
"13139","0.08850155025720596","0.08850155025720596","0.08850155025720596","8.469965934753418","8.469965934753418","8.469965934753418","0.06543867290019989","0.06543867290019989","0.06543867290019989","12.268288612365723","12.268288612365723","12.268288612365723","0.13870202004909515","0.13870202004909515","0.13870202004909515","8.449966430664062","8.449966430664062","8.449966430664062","0.1264895349740982","0.1264895349740982","0.1264895349740982","12.077001571655273","12.077001571655273","12.077001571655273"
"13169","0.10441872477531433","0.10441872477531433","0.10441872477531433","6.687469482421875","6.687469482421875","6.687469482421875","0.09344857931137085","0.09344857931137085","0.09344857931137085","10.11175537109375","10.11175537109375","10.11175537109375","0.10805494338274002","0.10805494338274002","0.10805494338274002","6.857239723205566","6.857239723205566","6.857239723205566","0.10323336720466614","0.10323336720466614","0.10323336720466614","9.814401626586914","9.814401626586914","9.814401626586914"
"13199","0.07211744040250778","0.07211744040250778","0.07211744040250778","6.634593963623047","6.634593963623047","6.634593963623047","0.0761215090751648","0.0761215090751648","0.0761215090751648","10.101314544677734","10.101314544677734","10.101314544677734","0.12520141899585724","0.12520141899585724","0.12520141899585724","6.487180709838867","6.487180709838867","6.487180709838867","0.13045720756053925","0.13045720756053925","0.13045720756053925","9.968478202819824","9.968478202819824","9.968478202819824"
"13229","0.06899278610944748","0.06899278610944748","0.06899278610944748","6.72276496887207","6.72276496887207","6.72276496887207","0.06830635666847229","0.06830635666847229","0.06830635666847229","10.697697639465332","10.697697639465332","10.697697639465332","0.1661570519208908","0.1661570519208908","0.1661570519208908","6.876701354980469","6.876701354980469","6.876701354980469","0.10806289315223694","0.10806289315223694","0.10806289315223694","10.799753189086914","10.799753189086914","10.799753189086914"
"13259","0.06859885156154633","0.06859885156154633","0.06859885156154633","7.191402435302734","7.191402435302734","7.191402435302734","0.07790585607290268","0.07790585607290268","0.07790585607290268","10.33810806274414","10.33810806274414","10.33810806274414","0.1227273941040039","0.1227273941040039","0.1227273941040039","7.202956199645996","7.202956199645996","7.202956199645996","0.10898161679506302","0.10898161679506302","0.10898161679506302","10.099367141723633","10.099367141723633","10.099367141723633"
"13289","0.06834031641483307","0.06834031641483307","0.06834031641483307","5.948866844177246","5.948866844177246","5.948866844177246","0.06845100969076157","0.06845100969076157","0.06845100969076157","9.929475784301758","9.929475784301758","9.929475784301758","0.12460480630397797","0.12460480630397797","0.12460480630397797","6.253063678741455","6.253063678741455","6.253063678741455","0.09941442310810089","0.09941442310810089","0.09941442310810089","9.751907348632812","9.751907348632812","9.751907348632812"
"13319","0.07943812757730484","0.07943812757730484","0.07943812757730484","6.473110198974609","6.473110198974609","6.473110198974609","0.05626992881298065","0.05626992881298065","0.05626992881298065","9.91454029083252","9.91454029083252","9.91454029083252","0.09983202069997787","0.09983202069997787","0.09983202069997787","6.402257919311523","6.402257919311523","6.402257919311523","0.10397497564554214","0.10397497564554214","0.10397497564554214","9.631861686706543","9.631861686706543","9.631861686706543"
"13349","0.08309613168239594","0.08309613168239594","0.08309613168239594","6.59649658203125","6.59649658203125","6.59649658203125","0.052847474813461304","0.052847474813461304","0.052847474813461304","10.002452850341797","10.002452850341797","10.002452850341797","0.11833642423152924","0.11833642423152924","0.11833642423152924","6.70164155960083","6.70164155960083","6.70164155960083","0.12223533540964127","0.12223533540964127","0.12223533540964127","9.910881042480469","9.910881042480469","9.910881042480469"
"13379","0.07754646241664886","0.07754646241664886","0.07754646241664886","7.093608379364014","7.093608379364014","7.093608379364014","0.06572321802377701","0.06572321802377701","0.06572321802377701","10.678327560424805","10.678327560424805","10.678327560424805","0.1481521725654602","0.1481521725654602","0.1481521725654602","7.114506721496582","7.114506721496582","7.114506721496582","0.11868603527545929","0.11868603527545929","0.11868603527545929","10.64337158203125","10.64337158203125","10.64337158203125"
"13409","0.09031900018453598","0.09031900018453598","0.09031900018453598","8.382329940795898","8.382329940795898","8.382329940795898","0.06259914487600327","0.06259914487600327","0.06259914487600327","11.653409957885742","11.653409957885742","11.653409957885742","0.14977985620498657","0.14977985620498657","0.14977985620498657","8.396602630615234","8.396602630615234","8.396602630615234","0.13235491514205933","0.13235491514205933","0.13235491514205933","11.662741661071777","11.662741661071777","11.662741661071777"
"13439","0.07374142110347748","0.07374142110347748","0.07374142110347748","9.676432609558105","9.676432609558105","9.676432609558105","0.08927533775568008","0.08927533775568008","0.08927533775568008","14.000811576843262","14.000811576843262","14.000811576843262","0.17160655558109283","0.17160655558109283","0.17160655558109283","9.915701866149902","9.915701866149902","9.915701866149902","0.16568925976753235","0.16568925976753235","0.16568925976753235","13.419109344482422","13.419109344482422","13.419109344482422"
"13469","0.07670086622238159","0.07670086622238159","0.07670086622238159","6.712982177734375","6.712982177734375","6.712982177734375","0.06410448253154755","0.06410448253154755","0.06410448253154755","10.251124382019043","10.251124382019043","10.251124382019043","0.11380013823509216","0.11380013823509216","0.11380013823509216","6.721100330352783","6.721100330352783","6.721100330352783","0.102960005402565","0.102960005402565","0.102960005402565","9.886086463928223","9.886086463928223","9.886086463928223"
"13499","0.1000535860657692","0.1000535860657692","0.1000535860657692","7.856156349182129","7.856156349182129","7.856156349182129","0.08492643386125565","0.08492643386125565","0.08492643386125565","11.302191734313965","11.302191734313965","11.302191734313965","0.1372988075017929","0.1372988075017929","0.1372988075017929","7.9991135597229","7.9991135597229","7.9991135597229","0.14012578129768372","0.14012578129768372","0.14012578129768372","11.16487979888916","11.16487979888916","11.16487979888916"
"13529","0.07294610142707825","0.07294610142707825","0.07294610142707825","6.388194561004639","6.388194561004639","6.388194561004639","0.07320081442594528","0.07320081442594528","0.07320081442594528","9.835250854492188","9.835250854492188","9.835250854492188","0.10625043511390686","0.10625043511390686","0.10625043511390686","6.276437759399414","6.276437759399414","6.276437759399414","0.11282595247030258","0.11282595247030258","0.11282595247030258","9.64823055267334","9.64823055267334","9.64823055267334"
"13559","0.08427327871322632","0.08427327871322632","0.08427327871322632","6.842145919799805","6.842145919799805","6.842145919799805","0.05374811962246895","0.05374811962246895","0.05374811962246895","9.820884704589844","9.820884704589844","9.820884704589844","0.11361794918775558","0.11361794918775558","0.11361794918775558","7.0324387550354","7.0324387550354","7.0324387550354","0.11999284476041794","0.11999284476041794","0.11999284476041794","9.697040557861328","9.697040557861328","9.697040557861328"
"13589","0.08123902976512909","0.08123902976512909","0.08123902976512909","7.067759990692139","7.067759990692139","7.067759990692139","0.06134410575032234","0.06134410575032234","0.06134410575032234","10.777627944946289","10.777627944946289","10.777627944946289","0.12322307378053665","0.12322307378053665","0.12322307378053665","7.238687515258789","7.238687515258789","7.238687515258789","0.12935690581798553","0.12935690581798553","0.12935690581798553","10.566303253173828","10.566303253173828","10.566303253173828"
"13619","0.0807218849658966","0.0807218849658966","0.0807218849658966","7.25451135635376","7.25451135635376","7.25451135635376","0.06724664568901062","0.06724664568901062","0.06724664568901062","11.104352951049805","11.104352951049805","11.104352951049805","0.12041258811950684","0.12041258811950684","0.12041258811950684","7.242068290710449","7.242068290710449","7.242068290710449","0.12402641028165817","0.12402641028165817","0.12402641028165817","10.785633087158203","10.785633087158203","10.785633087158203"
"13649","0.07282622903585434","0.07282622903585434","0.07282622903585434","7.298383712768555","7.298383712768555","7.298383712768555","0.0692714974284172","0.0692714974284172","0.0692714974284172","11.325661659240723","11.325661659240723","11.325661659240723","0.1323038637638092","0.1323038637638092","0.1323038637638092","7.4412360191345215","7.4412360191345215","7.4412360191345215","0.12290781736373901","0.12290781736373901","0.12290781736373901","11.134552001953125","11.134552001953125","11.134552001953125"
"13679","0.057373352348804474","0.057373352348804474","0.057373352348804474","7.116586685180664","7.116586685180664","7.116586685180664","0.08428074419498444","0.08428074419498444","0.08428074419498444","10.161702156066895","10.161702156066895","10.161702156066895","0.1186220645904541","0.1186220645904541","0.1186220645904541","7.017284870147705","7.017284870147705","7.017284870147705","0.1313299983739853","0.1313299983739853","0.1313299983739853","10.085766792297363","10.085766792297363","10.085766792297363"
"13709","0.06788348406553268","0.06788348406553268","0.06788348406553268","6.96580171585083","6.96580171585083","6.96580171585083","0.07303491234779358","0.07303491234779358","0.07303491234779358","9.809989929199219","9.809989929199219","9.809989929199219","0.10650768876075745","0.10650768876075745","0.10650768876075745","6.863089561462402","6.863089561462402","6.863089561462402","0.11794259399175644","0.11794259399175644","0.11794259399175644","9.718655586242676","9.718655586242676","9.718655586242676"
"13739","0.06275823712348938","0.06275823712348938","0.06275823712348938","6.888088703155518","6.888088703155518","6.888088703155518","0.09794372320175171","0.09794372320175171","0.09794372320175171","11.099881172180176","11.099881172180176","11.099881172180176","0.11968061327934265","0.11968061327934265","0.11968061327934265","7.012953758239746","7.012953758239746","7.012953758239746","0.13380785286426544","0.13380785286426544","0.13380785286426544","10.865861892700195","10.865861892700195","10.865861892700195"
"13769","0.08871038258075714","0.08871038258075714","0.08871038258075714","8.57335090637207","8.57335090637207","8.57335090637207","0.10326728224754333","0.10326728224754333","0.10326728224754333","12.581473350524902","12.581473350524902","12.581473350524902","0.16976653039455414","0.16976653039455414","0.16976653039455414","8.688026428222656","8.688026428222656","8.688026428222656","0.13553018867969513","0.13553018867969513","0.13553018867969513","11.910126686096191","11.910126686096191","11.910126686096191"
"13799","0.0964522510766983","0.0964522510766983","0.0964522510766983","7.088170051574707","7.088170051574707","7.088170051574707","0.05865443870425224","0.05865443870425224","0.05865443870425224","11.407291412353516","11.407291412353516","11.407291412353516","0.12219888716936111","0.12219888716936111","0.12219888716936111","7.172286033630371","7.172286033630371","7.172286033630371","0.11966383457183838","0.11966383457183838","0.11966383457183838","11.37136173248291","11.37136173248291","11.37136173248291"
"13829","0.06826135516166687","0.06826135516166687","0.06826135516166687","7.940376281738281","7.940376281738281","7.940376281738281","0.060735806822776794","0.060735806822776794","0.060735806822776794","11.765149116516113","11.765149116516113","11.765149116516113","0.12409467250108719","0.12409467250108719","0.12409467250108719","7.872838973999023","7.872838973999023","7.872838973999023","0.14555837213993073","0.14555837213993073","0.14555837213993073","11.421210289001465","11.421210289001465","11.421210289001465"
"13859","0.11452150344848633","0.11452150344848633","0.11452150344848633","8.134761810302734","8.134761810302734","8.134761810302734","0.059568073600530624","0.059568073600530624","0.059568073600530624","12.111672401428223","12.111672401428223","12.111672401428223","0.12833064794540405","0.12833064794540405","0.12833064794540405","8.105714797973633","8.105714797973633","8.105714797973633","0.1424245685338974","0.1424245685338974","0.1424245685338974","12.194846153259277","12.194846153259277","12.194846153259277"
"13889","0.1103697121143341","0.1103697121143341","0.1103697121143341","7.300860404968262","7.300860404968262","7.300860404968262","0.08306615054607391","0.08306615054607391","0.08306615054607391","11.23733139038086","11.23733139038086","11.23733139038086","0.10784755647182465","0.10784755647182465","0.10784755647182465","7.146790504455566","7.146790504455566","7.146790504455566","0.10759807378053665","0.10759807378053665","0.10759807378053665","11.31838607788086","11.31838607788086","11.31838607788086"
"13919","0.07786248624324799","0.07786248624324799","0.07786248624324799","7.185316562652588","7.185316562652588","7.185316562652588","0.07469718158245087","0.07469718158245087","0.07469718158245087","10.82575511932373","10.82575511932373","10.82575511932373","0.125283345580101","0.125283345580101","0.125283345580101","7.332171440124512","7.332171440124512","7.332171440124512","0.12031637132167816","0.12031637132167816","0.12031637132167816","10.751762390136719","10.751762390136719","10.751762390136719"
"13949","0.07851774245500565","0.07851774245500565","0.07851774245500565","5.731712341308594","5.731712341308594","5.731712341308594","0.07011055946350098","0.07011055946350098","0.07011055946350098","9.276810646057129","9.276810646057129","9.276810646057129","0.09906487911939621","0.09906487911939621","0.09906487911939621","5.768017292022705","5.768017292022705","5.768017292022705","0.1239018514752388","0.1239018514752388","0.1239018514752388","9.074178695678711","9.074178695678711","9.074178695678711"
"13979","0.08098436146974564","0.08098436146974564","0.08098436146974564","7.7765069007873535","7.7765069007873535","7.7765069007873535","0.06699735671281815","0.06699735671281815","0.06699735671281815","11.80056381225586","11.80056381225586","11.80056381225586","0.20150084793567657","0.20150084793567657","0.20150084793567657","7.839015960693359","7.839015960693359","7.839015960693359","0.14583328366279602","0.14583328366279602","0.14583328366279602","11.59243106842041","11.59243106842041","11.59243106842041"
"14009","0.06856640428304672","0.06856640428304672","0.06856640428304672","4.951272010803223","4.951272010803223","4.951272010803223","0.06267136335372925","0.06267136335372925","0.06267136335372925","8.327078819274902","8.327078819274902","8.327078819274902","0.09869909286499023","0.09869909286499023","0.09869909286499023","4.978291034698486","4.978291034698486","4.978291034698486","0.08941154181957245","0.08941154181957245","0.08941154181957245","8.513650894165039","8.513650894165039","8.513650894165039"
"14039","0.07074203342199326","0.07074203342199326","0.07074203342199326","6.9751811027526855","6.9751811027526855","6.9751811027526855","0.06702587753534317","0.06702587753534317","0.06702587753534317","10.737641334533691","10.737641334533691","10.737641334533691","0.13239765167236328","0.13239765167236328","0.13239765167236328","7.093545436859131","7.093545436859131","7.093545436859131","0.11815868318080902","0.11815868318080902","0.11815868318080902","10.51412296295166","10.51412296295166","10.51412296295166"
"14069","0.07921380549669266","0.07921380549669266","0.07921380549669266","5.422845363616943","5.422845363616943","5.422845363616943","0.08859226852655411","0.08859226852655411","0.08859226852655411","9.060051918029785","9.060051918029785","9.060051918029785","0.09540276974439621","0.09540276974439621","0.09540276974439621","5.491985321044922","5.491985321044922","5.491985321044922","0.13512693345546722","0.13512693345546722","0.13512693345546722","8.852532386779785","8.852532386779785","8.852532386779785"
"14099","0.08572129160165787","0.08572129160165787","0.08572129160165787","6.546853065490723","6.546853065490723","6.546853065490723","0.0875595286488533","0.0875595286488533","0.0875595286488533","10.852360725402832","10.852360725402832","10.852360725402832","0.1335388571023941","0.1335388571023941","0.1335388571023941","6.74219274520874","6.74219274520874","6.74219274520874","0.1446181982755661","0.1446181982755661","0.1446181982755661","10.76254653930664","10.76254653930664","10.76254653930664"
"14129","0.07894673943519592","0.07894673943519592","0.07894673943519592","5.644096374511719","5.644096374511719","5.644096374511719","0.07588759064674377","0.07588759064674377","0.07588759064674377","9.17813491821289","9.17813491821289","9.17813491821289","0.10121989995241165","0.10121989995241165","0.10121989995241165","5.507319450378418","5.507319450378418","5.507319450378418","0.10332491993904114","0.10332491993904114","0.10332491993904114","9.032208442687988","9.032208442687988","9.032208442687988"
"14159","0.0832662358880043","0.0832662358880043","0.0832662358880043","7.590390682220459","7.590390682220459","7.590390682220459","0.06958837062120438","0.06958837062120438","0.06958837062120438","10.529484748840332","10.529484748840332","10.529484748840332","0.17527896165847778","0.17527896165847778","0.17527896165847778","7.362153053283691","7.362153053283691","7.362153053283691","0.11814939230680466","0.11814939230680466","0.11814939230680466","10.338349342346191","10.338349342346191","10.338349342346191"
"14189","0.06486410647630692","0.06486410647630692","0.06486410647630692","6.905028343200684","6.905028343200684","6.905028343200684","0.062356118112802505","0.062356118112802505","0.062356118112802505","10.900885581970215","10.900885581970215","10.900885581970215","0.11748721450567245","0.11748721450567245","0.11748721450567245","7.205370903015137","7.205370903015137","7.205370903015137","0.11940068751573563","0.11940068751573563","0.11940068751573563","10.621061325073242","10.621061325073242","10.621061325073242"
"14219","0.08173445612192154","0.08173445612192154","0.08173445612192154","6.573534965515137","6.573534965515137","6.573534965515137","0.0673932284116745","0.0673932284116745","0.0673932284116745","10.95821475982666","10.95821475982666","10.95821475982666","0.11170285940170288","0.11170285940170288","0.11170285940170288","6.58625602722168","6.58625602722168","6.58625602722168","0.10282779484987259","0.10282779484987259","0.10282779484987259","10.818082809448242","10.818082809448242","10.818082809448242"
"14249","0.07146645337343216","0.07146645337343216","0.07146645337343216","6.035373210906982","6.035373210906982","6.035373210906982","0.06863462179899216","0.06863462179899216","0.06863462179899216","10.620389938354492","10.620389938354492","10.620389938354492","0.11251441389322281","0.11251441389322281","0.11251441389322281","6.181611061096191","6.181611061096191","6.181611061096191","0.11106355488300323","0.11106355488300323","0.11106355488300323","10.343545913696289","10.343545913696289","10.343545913696289"
"14279","0.08425012230873108","0.08425012230873108","0.08425012230873108","6.627360820770264","6.627360820770264","6.627360820770264","0.07109890133142471","0.07109890133142471","0.07109890133142471","9.653851509094238","9.653851509094238","9.653851509094238","0.11725675314664841","0.11725675314664841","0.11725675314664841","6.536585330963135","6.536585330963135","6.536585330963135","0.10925339162349701","0.10925339162349701","0.10925339162349701","9.403717041015625","9.403717041015625","9.403717041015625"
"14309","0.07065386325120926","0.07065386325120926","0.07065386325120926","8.059232711791992","8.059232711791992","8.059232711791992","0.06651445478200912","0.06651445478200912","0.06651445478200912","11.80778694152832","11.80778694152832","11.80778694152832","0.12945769727230072","0.12945769727230072","0.12945769727230072","8.034436225891113","8.034436225891113","8.034436225891113","0.12056585401296616","0.12056585401296616","0.12056585401296616","11.551471710205078","11.551471710205078","11.551471710205078"
"14339","0.057480812072753906","0.057480812072753906","0.057480812072753906","7.154063701629639","7.154063701629639","7.154063701629639","0.06073097884654999","0.06073097884654999","0.06073097884654999","10.75085163116455","10.75085163116455","10.75085163116455","0.1078343540430069","0.1078343540430069","0.1078343540430069","6.9408464431762695","6.9408464431762695","6.9408464431762695","0.1258177012205124","0.1258177012205124","0.1258177012205124","10.38789176940918","10.38789176940918","10.38789176940918"
"14369","0.0746704638004303","0.0746704638004303","0.0746704638004303","9.68053150177002","9.68053150177002","9.68053150177002","0.09534583240747452","0.09534583240747452","0.09534583240747452","13.081862449645996","13.081862449645996","13.081862449645996","0.12637516856193542","0.12637516856193542","0.12637516856193542","9.725068092346191","9.725068092346191","9.725068092346191","0.125108540058136","0.125108540058136","0.125108540058136","13.201910018920898","13.201910018920898","13.201910018920898"
"14399","0.1015806570649147","0.1015806570649147","0.1015806570649147","8.147159576416016","8.147159576416016","8.147159576416016","0.09697061032056808","0.09697061032056808","0.09697061032056808","12.01287841796875","12.01287841796875","12.01287841796875","0.12243318557739258","0.12243318557739258","0.12243318557739258","8.119929313659668","8.119929313659668","8.119929313659668","0.12470892816781998","0.12470892816781998","0.12470892816781998","11.664304733276367","11.664304733276367","11.664304733276367"
"14429","0.06285075843334198","0.06285075843334198","0.06285075843334198","7.543145179748535","7.543145179748535","7.543145179748535","0.07364849001169205","0.07364849001169205","0.07364849001169205","11.88386058807373","11.88386058807373","11.88386058807373","0.13107219338417053","0.13107219338417053","0.13107219338417053","7.552698612213135","7.552698612213135","7.552698612213135","0.1127530038356781","0.1127530038356781","0.1127530038356781","11.480504035949707","11.480504035949707","11.480504035949707"
"14459","0.08333347737789154","0.08333347737789154","0.08333347737789154","6.096982479095459","6.096982479095459","6.096982479095459","0.08609633147716522","0.08609633147716522","0.08609633147716522","10.21253490447998","10.21253490447998","10.21253490447998","0.11021040380001068","0.11021040380001068","0.11021040380001068","6.099880695343018","6.099880695343018","6.099880695343018","0.09597655385732651","0.09597655385732651","0.09597655385732651","10.109848976135254","10.109848976135254","10.109848976135254"
"14489","0.07550118118524551","0.07550118118524551","0.07550118118524551","5.58203649520874","5.58203649520874","5.58203649520874","0.08281262964010239","0.08281262964010239","0.08281262964010239","9.852112770080566","9.852112770080566","9.852112770080566","0.09378000348806381","0.09378000348806381","0.09378000348806381","5.628335952758789","5.628335952758789","5.628335952758789","0.08317966014146805","0.08317966014146805","0.08317966014146805","9.766403198242188","9.766403198242188","9.766403198242188"
"14519","0.049646977335214615","0.049646977335214615","0.049646977335214615","5.495974540710449","5.495974540710449","5.495974540710449","0.053136490285396576","0.053136490285396576","0.053136490285396576","8.938133239746094","8.938133239746094","8.938133239746094","0.09955154359340668","0.09955154359340668","0.09955154359340668","5.400389194488525","5.400389194488525","5.400389194488525","0.10522773861885071","0.10522773861885071","0.10522773861885071","8.565863609313965","8.565863609313965","8.565863609313965"
"14549","0.06128319725394249","0.06128319725394249","0.06128319725394249","5.996490478515625","5.996490478515625","5.996490478515625","0.07734930515289307","0.07734930515289307","0.07734930515289307","10.009614944458008","10.009614944458008","10.009614944458008","0.09857373684644699","0.09857373684644699","0.09857373684644699","5.9735541343688965","5.9735541343688965","5.9735541343688965","0.10883677005767822","0.10883677005767822","0.10883677005767822","9.6787109375","9.6787109375","9.6787109375"
"14579","0.05493849515914917","0.05493849515914917","0.05493849515914917","4.486809730529785","4.486809730529785","4.486809730529785","0.06529642641544342","0.06529642641544342","0.06529642641544342","8.555572509765625","8.555572509765625","8.555572509765625","0.0827956348657608","0.0827956348657608","0.0827956348657608","4.41385555267334","4.41385555267334","4.41385555267334","0.0904182717204094","0.0904182717204094","0.0904182717204094","8.541261672973633","8.541261672973633","8.541261672973633"
"14609","0.051179397851228714","0.051179397851228714","0.051179397851228714","5.084669589996338","5.084669589996338","5.084669589996338","0.061916597187519073","0.061916597187519073","0.061916597187519073","8.710898399353027","8.710898399353027","8.710898399353027","0.09077676385641098","0.09077676385641098","0.09077676385641098","5.095577239990234","5.095577239990234","5.095577239990234","0.08891049772500992","0.08891049772500992","0.08891049772500992","8.631370544433594","8.631370544433594","8.631370544433594"
"14639","0.05010277032852173","0.05010277032852173","0.05010277032852173","7.4153618812561035","7.4153618812561035","7.4153618812561035","0.06747717410326004","0.06747717410326004","0.06747717410326004","11.829760551452637","11.829760551452637","11.829760551452637","0.13205364346504211","0.13205364346504211","0.13205364346504211","7.495521068572998","7.495521068572998","7.495521068572998","0.10925058275461197","0.10925058275461197","0.10925058275461197","11.702014923095703","11.702014923095703","11.702014923095703"
"14669","0.05469585210084915","0.05469585210084915","0.05469585210084915","5.150156021118164","5.150156021118164","5.150156021118164","0.07892636209726334","0.07892636209726334","0.07892636209726334","8.914737701416016","8.914737701416016","8.914737701416016","0.09618106484413147","0.09618106484413147","0.09618106484413147","5.042403221130371","5.042403221130371","5.042403221130371","0.09344075620174408","0.09344075620174408","0.09344075620174408","8.908045768737793","8.908045768737793","8.908045768737793"
"14699","0.06202465295791626","0.06202465295791626","0.06202465295791626","6.408403396606445","6.408403396606445","6.408403396606445","0.06876080483198166","0.06876080483198166","0.06876080483198166","9.822389602661133","9.822389602661133","9.822389602661133","0.10106806457042694","0.10106806457042694","0.10106806457042694","6.577822208404541","6.577822208404541","6.577822208404541","0.09935184568166733","0.09935184568166733","0.09935184568166733","9.64429759979248","9.64429759979248","9.64429759979248"
"14729","0.05684914439916611","0.05684914439916611","0.05684914439916611","4.337855339050293","4.337855339050293","4.337855339050293","0.0999678522348404","0.0999678522348404","0.0999678522348404","7.423775672912598","7.423775672912598","7.423775672912598","0.0848984345793724","0.0848984345793724","0.0848984345793724","4.383209705352783","4.383209705352783","4.383209705352783","0.08793541043996811","0.08793541043996811","0.08793541043996811","7.608394622802734","7.608394622802734","7.608394622802734"
"14759","0.0627162903547287","0.0627162903547287","0.0627162903547287","6.413155555725098","6.413155555725098","6.413155555725098","0.06927912682294846","0.06927912682294846","0.06927912682294846","9.834470748901367","9.834470748901367","9.834470748901367","0.10790334641933441","0.10790334641933441","0.10790334641933441","6.435741901397705","6.435741901397705","6.435741901397705","0.12219773977994919","0.12219773977994919","0.12219773977994919","9.799338340759277","9.799338340759277","9.799338340759277"
"14789","0.09859694540500641","0.09859694540500641","0.09859694540500641","7.163616180419922","7.163616180419922","7.163616180419922","0.07837329804897308","0.07837329804897308","0.07837329804897308","11.03112506866455","11.03112506866455","11.03112506866455","0.1284317523241043","0.1284317523241043","0.1284317523241043","7.36530065536499","7.36530065536499","7.36530065536499","0.10398157685995102","0.10398157685995102","0.10398157685995102","10.684934616088867","10.684934616088867","10.684934616088867"
"14819","0.04990847408771515","0.04990847408771515","0.04990847408771515","4.927841663360596","4.927841663360596","4.927841663360596","0.05909232050180435","0.05909232050180435","0.05909232050180435","8.986543655395508","8.986543655395508","8.986543655395508","0.08669710159301758","0.08669710159301758","0.08669710159301758","4.979050159454346","4.979050159454346","4.979050159454346","0.0787637010216713","0.0787637010216713","0.0787637010216713","8.736244201660156","8.736244201660156","8.736244201660156"
"14849","0.05650193616747856","0.05650193616747856","0.05650193616747856","5.82049036026001","5.82049036026001","5.82049036026001","0.06155095621943474","0.06155095621943474","0.06155095621943474","9.54124641418457","9.54124641418457","9.54124641418457","0.11065467447042465","0.11065467447042465","0.11065467447042465","5.988231182098389","5.988231182098389","5.988231182098389","0.1016446053981781","0.1016446053981781","0.1016446053981781","9.284423828125","9.284423828125","9.284423828125"
"14879","0.062309298664331436","0.062309298664331436","0.062309298664331436","5.930805683135986","5.930805683135986","5.930805683135986","0.08728095889091492","0.08728095889091492","0.08728095889091492","10.216970443725586","10.216970443725586","10.216970443725586","0.11834884434938431","0.11834884434938431","0.11834884434938431","6.021324157714844","6.021324157714844","6.021324157714844","0.09428856521844864","0.09428856521844864","0.09428856521844864","9.946258544921875","9.946258544921875","9.946258544921875"
"14909","0.05406240373849869","0.05406240373849869","0.05406240373849869","6.209680080413818","6.209680080413818","6.209680080413818","0.07410561293363571","0.07410561293363571","0.07410561293363571","9.767613410949707","9.767613410949707","9.767613410949707","0.1126544326543808","0.1126544326543808","0.1126544326543808","6.148961544036865","6.148961544036865","6.148961544036865","0.10547904670238495","0.10547904670238495","0.10547904670238495","9.522483825683594","9.522483825683594","9.522483825683594"
"14939","0.07514423877000809","0.07514423877000809","0.07514423877000809","6.4602952003479","6.4602952003479","6.4602952003479","0.044144630432128906","0.044144630432128906","0.044144630432128906","10.302775382995605","10.302775382995605","10.302775382995605","0.10635566711425781","0.10635566711425781","0.10635566711425781","6.370625972747803","6.370625972747803","6.370625972747803","0.09115614742040634","0.09115614742040634","0.09115614742040634","9.99701976776123","9.99701976776123","9.99701976776123"
"14969","0.056587040424346924","0.056587040424346924","0.056587040424346924","6.1526031494140625","6.1526031494140625","6.1526031494140625","0.08803702890872955","0.08803702890872955","0.08803702890872955","10.32424545288086","10.32424545288086","10.32424545288086","0.10107120126485825","0.10107120126485825","0.10107120126485825","6.112193584442139","6.112193584442139","6.112193584442139","0.1069982498884201","0.1069982498884201","0.1069982498884201","10.022159576416016","10.022159576416016","10.022159576416016"
"14999","0.05973447114229202","0.05973447114229202","0.05973447114229202","7.719485282897949","7.719485282897949","7.719485282897949","0.07477272301912308","0.07477272301912308","0.07477272301912308","11.632291793823242","11.632291793823242","11.632291793823242","0.13462279736995697","0.13462279736995697","0.13462279736995697","7.983855247497559","7.983855247497559","7.983855247497559","0.12433221191167831","0.12433221191167831","0.12433221191167831","11.35761833190918","11.35761833190918","11.35761833190918"
"15029","0.061505235731601715","0.061505235731601715","0.061505235731601715","5.683945655822754","5.683945655822754","5.683945655822754","0.05190577358007431","0.05190577358007431","0.05190577358007431","9.552669525146484","9.552669525146484","9.552669525146484","0.09977636486291885","0.09977636486291885","0.09977636486291885","5.662111759185791","5.662111759185791","5.662111759185791","0.09977777302265167","0.09977777302265167","0.09977777302265167","9.229029655456543","9.229029655456543","9.229029655456543"
"15059","0.059633903205394745","0.059633903205394745","0.059633903205394745","6.108354568481445","6.108354568481445","6.108354568481445","0.0751810371875763","0.0751810371875763","0.0751810371875763","10.678017616271973","10.678017616271973","10.678017616271973","0.27812397480010986","0.27812397480010986","0.27812397480010986","6.018491744995117","6.018491744995117","6.018491744995117","0.11282256990671158","0.11282256990671158","0.11282256990671158","10.64944839477539","10.64944839477539","10.64944839477539"
"15089","0.07030338793992996","0.07030338793992996","0.07030338793992996","4.058237552642822","4.058237552642822","4.058237552642822","0.04930347204208374","0.04930347204208374","0.04930347204208374","7.43027925491333","7.43027925491333","7.43027925491333","0.08675044775009155","0.08675044775009155","0.08675044775009155","4.063240051269531","4.063240051269531","4.063240051269531","0.07465983927249908","0.07465983927249908","0.07465983927249908","7.546980857849121","7.546980857849121","7.546980857849121"
"15119","0.06800521910190582","0.06800521910190582","0.06800521910190582","6.522692680358887","6.522692680358887","6.522692680358887","0.06927444785833359","0.06927444785833359","0.06927444785833359","10.71261978149414","10.71261978149414","10.71261978149414","0.11556383967399597","0.11556383967399597","0.11556383967399597","6.28010892868042","6.28010892868042","6.28010892868042","0.10029031336307526","0.10029031336307526","0.10029031336307526","10.32038688659668","10.32038688659668","10.32038688659668"
"15149","0.06233135983347893","0.06233135983347893","0.06233135983347893","5.943782806396484","5.943782806396484","5.943782806396484","0.07484990358352661","0.07484990358352661","0.07484990358352661","9.8919038772583","9.8919038772583","9.8919038772583","0.1250009387731552","0.1250009387731552","0.1250009387731552","6.07612943649292","6.07612943649292","6.07612943649292","0.10745588690042496","0.10745588690042496","0.10745588690042496","9.871500968933105","9.871500968933105","9.871500968933105"
"15179","0.04963808134198189","0.04963808134198189","0.04963808134198189","5.877995491027832","5.877995491027832","5.877995491027832","0.07796022295951843","0.07796022295951843","0.07796022295951843","10.030904769897461","10.030904769897461","10.030904769897461","0.18285365402698517","0.18285365402698517","0.18285365402698517","6.067879676818848","6.067879676818848","6.067879676818848","0.09213552623987198","0.09213552623987198","0.09213552623987198","10.027703285217285","10.027703285217285","10.027703285217285"
"15209","0.05238303169608116","0.05238303169608116","0.05238303169608116","4.894556522369385","4.894556522369385","4.894556522369385","0.05338141322135925","0.05338141322135925","0.05338141322135925","8.90740966796875","8.90740966796875","8.90740966796875","0.10128560662269592","0.10128560662269592","0.10128560662269592","4.812392234802246","4.812392234802246","4.812392234802246","0.10649518668651581","0.10649518668651581","0.10649518668651581","8.589306831359863","8.589306831359863","8.589306831359863"
"15239","0.06757150590419769","0.06757150590419769","0.06757150590419769","5.463594436645508","5.463594436645508","5.463594436645508","0.05690861493349075","0.05690861493349075","0.05690861493349075","9.055830955505371","9.055830955505371","9.055830955505371","0.1191139966249466","0.1191139966249466","0.1191139966249466","5.465838432312012","5.465838432312012","5.465838432312012","0.12527459859848022","0.12527459859848022","0.12527459859848022","8.715145111083984","8.715145111083984","8.715145111083984"
"15269","0.06289421021938324","0.06289421021938324","0.06289421021938324","6.923669338226318","6.923669338226318","6.923669338226318","0.1380615532398224","0.1380615532398224","0.1380615532398224","11.478188514709473","11.478188514709473","11.478188514709473","0.10606596618890762","0.10606596618890762","0.10606596618890762","6.969338893890381","6.969338893890381","6.969338893890381","0.1018308624625206","0.1018308624625206","0.1018308624625206","11.484455108642578","11.484455108642578","11.484455108642578"
"15299","0.06556247919797897","0.06556247919797897","0.06556247919797897","6.020811080932617","6.020811080932617","6.020811080932617","0.08480124920606613","0.08480124920606613","0.08480124920606613","10.421545028686523","10.421545028686523","10.421545028686523","0.09647808223962784","0.09647808223962784","0.09647808223962784","6.019798278808594","6.019798278808594","6.019798278808594","0.1169334352016449","0.1169334352016449","0.1169334352016449","10.315052032470703","10.315052032470703","10.315052032470703"
"15329","0.06237221509218216","0.06237221509218216","0.06237221509218216","5.659857273101807","5.659857273101807","5.659857273101807","0.06355863064527512","0.06355863064527512","0.06355863064527512","10.402670860290527","10.402670860290527","10.402670860290527","0.08678308874368668","0.08678308874368668","0.08678308874368668","5.929345607757568","5.929345607757568","5.929345607757568","0.0950075164437294","0.0950075164437294","0.0950075164437294","10.027352333068848","10.027352333068848","10.027352333068848"
"15359","0.0793461725115776","0.0793461725115776","0.0793461725115776","8.296075820922852","8.296075820922852","8.296075820922852","0.0951569601893425","0.0951569601893425","0.0951569601893425","12.75479507446289","12.75479507446289","12.75479507446289","0.1379551738500595","0.1379551738500595","0.1379551738500595","8.242659568786621","8.242659568786621","8.242659568786621","0.1273491382598877","0.1273491382598877","0.1273491382598877","11.882856369018555","11.882856369018555","11.882856369018555"
"15389","0.05760705843567848","0.05760705843567848","0.05760705843567848","5.887233734130859","5.887233734130859","5.887233734130859","0.0921143963932991","0.0921143963932991","0.0921143963932991","9.730570793151855","9.730570793151855","9.730570793151855","0.08714715391397476","0.08714715391397476","0.08714715391397476","5.991043567657471","5.991043567657471","5.991043567657471","0.08883531391620636","0.08883531391620636","0.08883531391620636","9.516134262084961","9.516134262084961","9.516134262084961"
"15419","0.059182919561862946","0.059182919561862946","0.059182919561862946","5.73728609085083","5.73728609085083","5.73728609085083","0.0489952489733696","0.0489952489733696","0.0489952489733696","9.849693298339844","9.849693298339844","9.849693298339844","0.10714490711688995","0.10714490711688995","0.10714490711688995","5.817838191986084","5.817838191986084","5.817838191986084","0.0913720652461052","0.0913720652461052","0.0913720652461052","9.8656587600708","9.8656587600708","9.8656587600708"
"15449","0.05360361933708191","0.05360361933708191","0.05360361933708191","5.073724269866943","5.073724269866943","5.073724269866943","0.0726860985159874","0.0726860985159874","0.0726860985159874","9.099921226501465","9.099921226501465","9.099921226501465","0.09550590068101883","0.09550590068101883","0.09550590068101883","4.904104232788086","4.904104232788086","4.904104232788086","0.08573761582374573","0.08573761582374573","0.08573761582374573","8.939314842224121","8.939314842224121","8.939314842224121"
"15479","0.06710383296012878","0.06710383296012878","0.06710383296012878","7.03834867477417","7.03834867477417","7.03834867477417","0.05748086795210838","0.05748086795210838","0.05748086795210838","11.446778297424316","11.446778297424316","11.446778297424316","0.11223489791154861","0.11223489791154861","0.11223489791154861","6.77403450012207","6.77403450012207","6.77403450012207","0.10877430438995361","0.10877430438995361","0.10877430438995361","11.166178703308105","11.166178703308105","11.166178703308105"
"15509","0.06520049273967743","0.06520049273967743","0.06520049273967743","6.75327205657959","6.75327205657959","6.75327205657959","0.06234036386013031","0.06234036386013031","0.06234036386013031","10.948222160339355","10.948222160339355","10.948222160339355","0.11198174953460693","0.11198174953460693","0.11198174953460693","6.915191650390625","6.915191650390625","6.915191650390625","0.11217805743217468","0.11217805743217468","0.11217805743217468","10.75751781463623","10.75751781463623","10.75751781463623"
"15539","0.061651621013879776","0.061651621013879776","0.061651621013879776","6.384523868560791","6.384523868560791","6.384523868560791","0.07333606481552124","0.07333606481552124","0.07333606481552124","11.199028015136719","11.199028015136719","11.199028015136719","0.12926234304904938","0.12926234304904938","0.12926234304904938","6.446017265319824","6.446017265319824","6.446017265319824","0.09751889854669571","0.09751889854669571","0.09751889854669571","10.789063453674316","10.789063453674316","10.789063453674316"
"15569","0.053637247532606125","0.053637247532606125","0.053637247532606125","5.3175506591796875","5.3175506591796875","5.3175506591796875","0.05541563779115677","0.05541563779115677","0.05541563779115677","8.99433708190918","8.99433708190918","8.99433708190918","0.08725007623434067","0.08725007623434067","0.08725007623434067","5.265761375427246","5.265761375427246","5.265761375427246","0.09328815340995789","0.09328815340995789","0.09328815340995789","9.087347030639648","9.087347030639648","9.087347030639648"
"15599","0.062498539686203","0.062498539686203","0.062498539686203","6.542665958404541","6.542665958404541","6.542665958404541","0.06302785873413086","0.06302785873413086","0.06302785873413086","10.541359901428223","10.541359901428223","10.541359901428223","0.10226011276245117","0.10226011276245117","0.10226011276245117","6.463165760040283","6.463165760040283","6.463165760040283","0.12468680739402771","0.12468680739402771","0.12468680739402771","10.366293907165527","10.366293907165527","10.366293907165527"
"15629","0.08965958654880524","0.08965958654880524","0.08965958654880524","5.738291263580322","5.738291263580322","5.738291263580322","0.12244771420955658","0.12244771420955658","0.12244771420955658","10.1143798828125","10.1143798828125","10.1143798828125","0.0859701931476593","0.0859701931476593","0.0859701931476593","5.709240436553955","5.709240436553955","5.709240436553955","0.09961766749620438","0.09961766749620438","0.09961766749620438","9.78709602355957","9.78709602355957","9.78709602355957"
"15659","0.05981544777750969","0.05981544777750969","0.05981544777750969","5.525846481323242","5.525846481323242","5.525846481323242","0.058077581226825714","0.058077581226825714","0.058077581226825714","10.105575561523438","10.105575561523438","10.105575561523438","0.10197265446186066","0.10197265446186066","0.10197265446186066","5.591899871826172","5.591899871826172","5.591899871826172","0.10050609707832336","0.10050609707832336","0.10050609707832336","9.82562255859375","9.82562255859375","9.82562255859375"
"15689","0.06580512225627899","0.06580512225627899","0.06580512225627899","6.362692832946777","6.362692832946777","6.362692832946777","0.07459542900323868","0.07459542900323868","0.07459542900323868","10.954752922058105","10.954752922058105","10.954752922058105","0.14938884973526","0.14938884973526","0.14938884973526","6.293492794036865","6.293492794036865","6.293492794036865","0.10259970277547836","0.10259970277547836","0.10259970277547836","10.843315124511719","10.843315124511719","10.843315124511719"
"15719","0.06417237967252731","0.06417237967252731","0.06417237967252731","5.735481262207031","5.735481262207031","5.735481262207031","0.0887848362326622","0.0887848362326622","0.0887848362326622","10.369441032409668","10.369441032409668","10.369441032409668","0.09244555979967117","0.09244555979967117","0.09244555979967117","5.9328227043151855","5.9328227043151855","5.9328227043151855","0.09236019104719162","0.09236019104719162","0.09236019104719162","10.212875366210938","10.212875366210938","10.212875366210938"
"15749","0.09545242041349411","0.09545242041349411","0.09545242041349411","6.654078960418701","6.654078960418701","6.654078960418701","0.0754282996058464","0.0754282996058464","0.0754282996058464","11.6124849319458","11.6124849319458","11.6124849319458","0.10166741907596588","0.10166741907596588","0.10166741907596588","6.762509822845459","6.762509822845459","6.762509822845459","0.10535626858472824","0.10535626858472824","0.10535626858472824","11.400116920471191","11.400116920471191","11.400116920471191"
"15779","0.09291810542345047","0.09291810542345047","0.09291810542345047","6.361563205718994","6.361563205718994","6.361563205718994","0.07807760685682297","0.07807760685682297","0.07807760685682297","11.029726028442383","11.029726028442383","11.029726028442383","0.09708484262228012","0.09708484262228012","0.09708484262228012","6.255551815032959","6.255551815032959","6.255551815032959","0.10406407713890076","0.10406407713890076","0.10406407713890076","10.91804313659668","10.91804313659668","10.91804313659668"
"15809","0.06122581660747528","0.06122581660747528","0.06122581660747528","6.539129257202148","6.539129257202148","6.539129257202148","0.06582028418779373","0.06582028418779373","0.06582028418779373","10.076374053955078","10.076374053955078","10.076374053955078","0.11006780713796616","0.11006780713796616","0.11006780713796616","6.540366172790527","6.540366172790527","6.540366172790527","0.10197436064481735","0.10197436064481735","0.10197436064481735","9.974735260009766","9.974735260009766","9.974735260009766"
"15839","0.08857294172048569","0.08857294172048569","0.08857294172048569","5.105429649353027","5.105429649353027","5.105429649353027","0.073520727455616","0.073520727455616","0.073520727455616","9.117547035217285","9.117547035217285","9.117547035217285","0.09979381412267685","0.09979381412267685","0.09979381412267685","5.261868000030518","5.261868000030518","5.261868000030518","0.0941731408238411","0.0941731408238411","0.0941731408238411","9.040914535522461","9.040914535522461","9.040914535522461"
"15869","0.060593292117118835","0.060593292117118835","0.060593292117118835","5.245754241943359","5.245754241943359","5.245754241943359","0.0513966828584671","0.0513966828584671","0.0513966828584671","9.6613130569458","9.6613130569458","9.6613130569458","0.09610681235790253","0.09610681235790253","0.09610681235790253","5.305967807769775","5.305967807769775","5.305967807769775","0.09749878942966461","0.09749878942966461","0.09749878942966461","9.354776382446289","9.354776382446289","9.354776382446289"
"15899","0.07881540060043335","0.07881540060043335","0.07881540060043335","7.517875671386719","7.517875671386719","7.517875671386719","0.0686686635017395","0.0686686635017395","0.0686686635017395","11.78084659576416","11.78084659576416","11.78084659576416","0.13924987614154816","0.13924987614154816","0.13924987614154816","7.312426567077637","7.312426567077637","7.312426567077637","0.11987944692373276","0.11987944692373276","0.11987944692373276","11.596640586853027","11.596640586853027","11.596640586853027"
"15929","0.06861500442028046","0.06861500442028046","0.06861500442028046","6.288694381713867","6.288694381713867","6.288694381713867","0.08718428760766983","0.08718428760766983","0.08718428760766983","10.299225807189941","10.299225807189941","10.299225807189941","0.10418365150690079","0.10418365150690079","0.10418365150690079","6.405398845672607","6.405398845672607","6.405398845672607","0.08677392452955246","0.08677392452955246","0.08677392452955246","10.264252662658691","10.264252662658691","10.264252662658691"
"15959","0.05614380165934563","0.05614380165934563","0.05614380165934563","6.068428993225098","6.068428993225098","6.068428993225098","0.0626128613948822","0.0626128613948822","0.0626128613948822","9.833194732666016","9.833194732666016","9.833194732666016","0.10258045792579651","0.10258045792579651","0.10258045792579651","5.97801399230957","5.97801399230957","5.97801399230957","0.10456620901823044","0.10456620901823044","0.10456620901823044","9.379692077636719","9.379692077636719","9.379692077636719"
"15989","0.06451037526130676","0.06451037526130676","0.06451037526130676","5.576038837432861","5.576038837432861","5.576038837432861","0.08262990415096283","0.08262990415096283","0.08262990415096283","10.514679908752441","10.514679908752441","10.514679908752441","0.0990084782242775","0.0990084782242775","0.0990084782242775","5.69952917098999","5.69952917098999","5.69952917098999","0.09890123456716537","0.09890123456716537","0.09890123456716537","10.46176528930664","10.46176528930664","10.46176528930664"
"16019","0.07021477818489075","0.07021477818489075","0.07021477818489075","6.571575164794922","6.571575164794922","6.571575164794922","0.058386772871017456","0.058386772871017456","0.058386772871017456","11.110888481140137","11.110888481140137","11.110888481140137","0.10957101732492447","0.10957101732492447","0.10957101732492447","6.595607757568359","6.595607757568359","6.595607757568359","0.10973018407821655","0.10973018407821655","0.10973018407821655","10.735219955444336","10.735219955444336","10.735219955444336"
"16049","0.059291254729032516","0.059291254729032516","0.059291254729032516","7.28153133392334","7.28153133392334","7.28153133392334","0.05363798141479492","0.05363798141479492","0.05363798141479492","11.408352851867676","11.408352851867676","11.408352851867676","0.10461736470460892","0.10461736470460892","0.10461736470460892","7.575961589813232","7.575961589813232","7.575961589813232","0.10981938987970352","0.10981938987970352","0.10981938987970352","11.359467506408691","11.359467506408691","11.359467506408691"
"16079","0.0672413557767868","0.0672413557767868","0.0672413557767868","6.568098545074463","6.568098545074463","6.568098545074463","0.07481270283460617","0.07481270283460617","0.07481270283460617","11.09954833984375","11.09954833984375","11.09954833984375","0.1344487965106964","0.1344487965106964","0.1344487965106964","6.48293924331665","6.48293924331665","6.48293924331665","0.10478793829679489","0.10478793829679489","0.10478793829679489","10.511831283569336","10.511831283569336","10.511831283569336"
"16109","0.052545007318258286","0.052545007318258286","0.052545007318258286","6.829381465911865","6.829381465911865","6.829381465911865","0.0680483877658844","0.0680483877658844","0.0680483877658844","11.215715408325195","11.215715408325195","11.215715408325195","0.12209109961986542","0.12209109961986542","0.12209109961986542","6.874765396118164","6.874765396118164","6.874765396118164","0.1292700320482254","0.1292700320482254","0.1292700320482254","11.279276847839355","11.279276847839355","11.279276847839355"
"16139","0.05986124277114868","0.05986124277114868","0.05986124277114868","4.792344093322754","4.792344093322754","4.792344093322754","0.055060021579265594","0.055060021579265594","0.055060021579265594","8.78994083404541","8.78994083404541","8.78994083404541","0.11475524306297302","0.11475524306297302","0.11475524306297302","4.944365501403809","4.944365501403809","4.944365501403809","0.09523695707321167","0.09523695707321167","0.09523695707321167","8.706361770629883","8.706361770629883","8.706361770629883"
"16169","0.05277261510491371","0.05277261510491371","0.05277261510491371","4.748999118804932","4.748999118804932","4.748999118804932","0.0422910675406456","0.0422910675406456","0.0422910675406456","9.251334190368652","9.251334190368652","9.251334190368652","0.1050550565123558","0.1050550565123558","0.1050550565123558","4.918102741241455","4.918102741241455","4.918102741241455","0.08855696767568588","0.08855696767568588","0.08855696767568588","9.043388366699219","9.043388366699219","9.043388366699219"
"16199","0.06486748903989792","0.06486748903989792","0.06486748903989792","3.936453104019165","3.936453104019165","3.936453104019165","0.06020255759358406","0.06020255759358406","0.06020255759358406","8.573102951049805","8.573102951049805","8.573102951049805","0.09064719825983047","0.09064719825983047","0.09064719825983047","4.012682914733887","4.012682914733887","4.012682914733887","0.07391234487295151","0.07391234487295151","0.07391234487295151","8.377553939819336","8.377553939819336","8.377553939819336"
"16229","0.04373149946331978","0.04373149946331978","0.04373149946331978","4.454256534576416","4.454256534576416","4.454256534576416","0.04575102776288986","0.04575102776288986","0.04575102776288986","8.62635612487793","8.62635612487793","8.62635612487793","0.09935672581195831","0.09935672581195831","0.09935672581195831","4.414734840393066","4.414734840393066","4.414734840393066","0.08184116333723068","0.08184116333723068","0.08184116333723068","8.526535987854004","8.526535987854004","8.526535987854004"
"16259","0.08189520984888077","0.08189520984888077","0.08189520984888077","6.485408782958984","6.485408782958984","6.485408782958984","0.06946557760238647","0.06946557760238647","0.06946557760238647","10.697219848632812","10.697219848632812","10.697219848632812","0.14926768839359283","0.14926768839359283","0.14926768839359283","6.4365458488464355","6.4365458488464355","6.4365458488464355","0.11718533933162689","0.11718533933162689","0.11718533933162689","10.581469535827637","10.581469535827637","10.581469535827637"
"16289","0.056211985647678375","0.056211985647678375","0.056211985647678375","5.327534198760986","5.327534198760986","5.327534198760986","0.051618143916130066","0.051618143916130066","0.051618143916130066","9.103341102600098","9.103341102600098","9.103341102600098","0.09612478315830231","0.09612478315830231","0.09612478315830231","5.245701789855957","5.245701789855957","5.245701789855957","0.07887284457683563","0.07887284457683563","0.07887284457683563","8.88380241394043","8.88380241394043","8.88380241394043"
"16319","0.1023126170039177","0.1023126170039177","0.1023126170039177","6.364606857299805","6.364606857299805","6.364606857299805","0.07496156543493271","0.07496156543493271","0.07496156543493271","11.675262451171875","11.675262451171875","11.675262451171875","0.09284497797489166","0.09284497797489166","0.09284497797489166","6.143862247467041","6.143862247467041","6.143862247467041","0.09867177903652191","0.09867177903652191","0.09867177903652191","11.452045440673828","11.452045440673828","11.452045440673828"
"16349","0.08672938495874405","0.08672938495874405","0.08672938495874405","5.63081693649292","5.63081693649292","5.63081693649292","0.05921228229999542","0.05921228229999542","0.05921228229999542","10.014589309692383","10.014589309692383","10.014589309692383","0.09173715114593506","0.09173715114593506","0.09173715114593506","5.716670989990234","5.716670989990234","5.716670989990234","0.0917205810546875","0.0917205810546875","0.0917205810546875","9.81193733215332","9.81193733215332","9.81193733215332"
"16379","0.053912706673145294","0.053912706673145294","0.053912706673145294","6.194199562072754","6.194199562072754","6.194199562072754","0.046448543667793274","0.046448543667793274","0.046448543667793274","10.390021324157715","10.390021324157715","10.390021324157715","0.10598422586917877","0.10598422586917877","0.10598422586917877","5.99880838394165","5.99880838394165","5.99880838394165","0.09450532495975494","0.09450532495975494","0.09450532495975494","10.421055793762207","10.421055793762207","10.421055793762207"
"16409","0.04888871684670448","0.04888871684670448","0.04888871684670448","5.325521945953369","5.325521945953369","5.325521945953369","0.060273390263319016","0.060273390263319016","0.060273390263319016","9.791451454162598","9.791451454162598","9.791451454162598","0.08190721273422241","0.08190721273422241","0.08190721273422241","5.311933517456055","5.311933517456055","5.311933517456055","0.09256187081336975","0.09256187081336975","0.09256187081336975","9.487895011901855","9.487895011901855","9.487895011901855"
"16439","0.06101767346262932","0.06101767346262932","0.06101767346262932","5.81889009475708","5.81889009475708","5.81889009475708","0.05705491825938225","0.05705491825938225","0.05705491825938225","10.328388214111328","10.328388214111328","10.328388214111328","0.08847987651824951","0.08847987651824951","0.08847987651824951","5.843185901641846","5.843185901641846","5.843185901641846","0.0835682600736618","0.0835682600736618","0.0835682600736618","10.062458038330078","10.062458038330078","10.062458038330078"
"16469","0.07124870270490646","0.07124870270490646","0.07124870270490646","4.750593662261963","4.750593662261963","4.750593662261963","0.06827709078788757","0.06827709078788757","0.06827709078788757","9.157527923583984","9.157527923583984","9.157527923583984","0.08962023258209229","0.08962023258209229","0.08962023258209229","4.935173034667969","4.935173034667969","4.935173034667969","0.07212544232606888","0.07212544232606888","0.07212544232606888","9.126657485961914","9.126657485961914","9.126657485961914"
"16499","0.06996091455221176","0.06996091455221176","0.06996091455221176","5.926346778869629","5.926346778869629","5.926346778869629","0.06018231436610222","0.06018231436610222","0.06018231436610222","9.903457641601562","9.903457641601562","9.903457641601562","0.11187383532524109","0.11187383532524109","0.11187383532524109","5.871715068817139","5.871715068817139","5.871715068817139","0.10793683677911758","0.10793683677911758","0.10793683677911758","9.63201904296875","9.63201904296875","9.63201904296875"
"16529","0.07689804583787918","0.07689804583787918","0.07689804583787918","5.64271879196167","5.64271879196167","5.64271879196167","0.047332629561424255","0.047332629561424255","0.047332629561424255","9.948334693908691","9.948334693908691","9.948334693908691","0.108829066157341","0.108829066157341","0.108829066157341","5.623319149017334","5.623319149017334","5.623319149017334","0.099736288189888","0.099736288189888","0.099736288189888","9.62542724609375","9.62542724609375","9.62542724609375"
"16559","0.07881269603967667","0.07881269603967667","0.07881269603967667","6.622983932495117","6.622983932495117","6.622983932495117","0.0568232536315918","0.0568232536315918","0.0568232536315918","11.102113723754883","11.102113723754883","11.102113723754883","0.09918094426393509","0.09918094426393509","0.09918094426393509","6.840703010559082","6.840703010559082","6.840703010559082","0.10236319899559021","0.10236319899559021","0.10236319899559021","11.064603805541992","11.064603805541992","11.064603805541992"
"16589","0.046383656561374664","0.046383656561374664","0.046383656561374664","4.436304569244385","4.436304569244385","4.436304569244385","0.052772004157304764","0.052772004157304764","0.052772004157304764","8.570625305175781","8.570625305175781","8.570625305175781","0.08753354847431183","0.08753354847431183","0.08753354847431183","4.371473789215088","4.371473789215088","4.371473789215088","0.07922957092523575","0.07922957092523575","0.07922957092523575","8.60202693939209","8.60202693939209","8.60202693939209"
"16619","0.05538846552371979","0.05538846552371979","0.05538846552371979","5.098666191101074","5.098666191101074","5.098666191101074","0.05009095370769501","0.05009095370769501","0.05009095370769501","9.775015830993652","9.775015830993652","9.775015830993652","0.08880012482404709","0.08880012482404709","0.08880012482404709","5.367337703704834","5.367337703704834","5.367337703704834","0.086448535323143","0.086448535323143","0.086448535323143","9.390274047851562","9.390274047851562","9.390274047851562"
"16649","0.054631344974040985","0.054631344974040985","0.054631344974040985","4.910531997680664","4.910531997680664","4.910531997680664","0.07542821019887924","0.07542821019887924","0.07542821019887924","9.627470016479492","9.627470016479492","9.627470016479492","0.08568370342254639","0.08568370342254639","0.08568370342254639","4.909440994262695","4.909440994262695","4.909440994262695","0.07851605862379074","0.07851605862379074","0.07851605862379074","9.632463455200195","9.632463455200195","9.632463455200195"
"16679","0.05668804049491882","0.05668804049491882","0.05668804049491882","5.994664192199707","5.994664192199707","5.994664192199707","0.07723910361528397","0.07723910361528397","0.07723910361528397","10.729188919067383","10.729188919067383","10.729188919067383","0.12262888997793198","0.12262888997793198","0.12262888997793198","6.047309398651123","6.047309398651123","6.047309398651123","0.11659259349107742","0.11659259349107742","0.11659259349107742","10.787946701049805","10.787946701049805","10.787946701049805"
"16709","0.05993754789233208","0.05993754789233208","0.05993754789233208","5.8548502922058105","5.8548502922058105","5.8548502922058105","0.04815087094902992","0.04815087094902992","0.04815087094902992","10.698481559753418","10.698481559753418","10.698481559753418","0.09149844199419022","0.09149844199419022","0.09149844199419022","5.861651420593262","5.861651420593262","5.861651420593262","0.10366252809762955","0.10366252809762955","0.10366252809762955","10.40516471862793","10.40516471862793","10.40516471862793"
"16739","0.06646475940942764","0.06646475940942764","0.06646475940942764","6.461783409118652","6.461783409118652","6.461783409118652","0.08328018337488174","0.08328018337488174","0.08328018337488174","12.811833381652832","12.811833381652832","12.811833381652832","0.14115487039089203","0.14115487039089203","0.14115487039089203","6.613794803619385","6.613794803619385","6.613794803619385","0.12642386555671692","0.12642386555671692","0.12642386555671692","12.49807357788086","12.49807357788086","12.49807357788086"
"16769","0.08892598748207092","0.08892598748207092","0.08892598748207092","6.046164035797119","6.046164035797119","6.046164035797119","0.04993673041462898","0.04993673041462898","0.04993673041462898","10.392059326171875","10.392059326171875","10.392059326171875","0.11000249534845352","0.11000249534845352","0.11000249534845352","5.891700267791748","5.891700267791748","5.891700267791748","0.1030348390340805","0.1030348390340805","0.1030348390340805","10.337206840515137","10.337206840515137","10.337206840515137"
"16799","0.07936461269855499","0.07936461269855499","0.07936461269855499","6.448462963104248","6.448462963104248","6.448462963104248","0.061917953193187714","0.061917953193187714","0.061917953193187714","10.74644660949707","10.74644660949707","10.74644660949707","0.09093696624040604","0.09093696624040604","0.09093696624040604","6.3233537673950195","6.3233537673950195","6.3233537673950195","0.11242648959159851","0.11242648959159851","0.11242648959159851","10.888721466064453","10.888721466064453","10.888721466064453"
"16829","0.10389444977045059","0.10389444977045059","0.10389444977045059","7.342236042022705","7.342236042022705","7.342236042022705","0.0850515067577362","0.0850515067577362","0.0850515067577362","12.85794448852539","12.85794448852539","12.85794448852539","0.1394052952528","0.1394052952528","0.1394052952528","7.313007831573486","7.313007831573486","7.313007831573486","0.11727835237979889","0.11727835237979889","0.11727835237979889","12.588214874267578","12.588214874267578","12.588214874267578"
"16859","0.09466343373060226","0.09466343373060226","0.09466343373060226","6.066288948059082","6.066288948059082","6.066288948059082","0.07869897037744522","0.07869897037744522","0.07869897037744522","10.844186782836914","10.844186782836914","10.844186782836914","0.08598550409078598","0.08598550409078598","0.08598550409078598","6.205069541931152","6.205069541931152","6.205069541931152","0.09154501557350159","0.09154501557350159","0.09154501557350159","10.442648887634277","10.442648887634277","10.442648887634277"
"16889","0.0648244172334671","0.0648244172334671","0.0648244172334671","6.206752300262451","6.206752300262451","6.206752300262451","0.04816204309463501","0.04816204309463501","0.04816204309463501","11.001521110534668","11.001521110534668","11.001521110534668","0.101987324655056","0.101987324655056","0.101987324655056","6.357202053070068","6.357202053070068","6.357202053070068","0.09406857192516327","0.09406857192516327","0.09406857192516327","11.028693199157715","11.028693199157715","11.028693199157715"
"16919","0.06405425816774368","0.06405425816774368","0.06405425816774368","5.30710506439209","5.30710506439209","5.30710506439209","0.047095611691474915","0.047095611691474915","0.047095611691474915","9.909934997558594","9.909934997558594","9.909934997558594","0.08360360562801361","0.08360360562801361","0.08360360562801361","5.243649959564209","5.243649959564209","5.243649959564209","0.0738062784075737","0.0738062784075737","0.0738062784075737","9.66352653503418","9.66352653503418","9.66352653503418"
"16949","0.08564582467079163","0.08564582467079163","0.08564582467079163","5.467747688293457","5.467747688293457","5.467747688293457","0.04610556364059448","0.04610556364059448","0.04610556364059448","10.622321128845215","10.622321128845215","10.622321128845215","0.1005329117178917","0.1005329117178917","0.1005329117178917","5.551636695861816","5.551636695861816","5.551636695861816","0.12694905698299408","0.12694905698299408","0.12694905698299408","10.536171913146973","10.536171913146973","10.536171913146973"
"16979","0.06858053058385849","0.06858053058385849","0.06858053058385849","5.712105751037598","5.712105751037598","5.712105751037598","0.0771927461028099","0.0771927461028099","0.0771927461028099","9.469478607177734","9.469478607177734","9.469478607177734","0.09477990120649338","0.09477990120649338","0.09477990120649338","5.79655647277832","5.79655647277832","5.79655647277832","0.12817354500293732","0.12817354500293732","0.12817354500293732","9.456192016601562","9.456192016601562","9.456192016601562"
"17009","0.05430719256401062","0.05430719256401062","0.05430719256401062","5.075959205627441","5.075959205627441","5.075959205627441","0.05701489374041557","0.05701489374041557","0.05701489374041557","9.984127044677734","9.984127044677734","9.984127044677734","0.11006876826286316","0.11006876826286316","0.11006876826286316","5.061549186706543","5.061549186706543","5.061549186706543","0.10149753093719482","0.10149753093719482","0.10149753093719482","9.60680866241455","9.60680866241455","9.60680866241455"
"17039","0.053886011242866516","0.053886011242866516","0.053886011242866516","4.75482177734375","4.75482177734375","4.75482177734375","0.07763417810201645","0.07763417810201645","0.07763417810201645","8.916339874267578","8.916339874267578","8.916339874267578","0.0878695622086525","0.0878695622086525","0.0878695622086525","4.868830680847168","4.868830680847168","4.868830680847168","0.1084061786532402","0.1084061786532402","0.1084061786532402","8.958893775939941","8.958893775939941","8.958893775939941"
"17069","0.08026466518640518","0.08026466518640518","0.08026466518640518","5.9551849365234375","5.9551849365234375","5.9551849365234375","0.1296616643667221","0.1296616643667221","0.1296616643667221","10.612533569335938","10.612533569335938","10.612533569335938","0.08695127069950104","0.08695127069950104","0.08695127069950104","6.073951244354248","6.073951244354248","6.073951244354248","0.1064644381403923","0.1064644381403923","0.1064644381403923","10.303117752075195","10.303117752075195","10.303117752075195"
"17099","0.09231439232826233","0.09231439232826233","0.09231439232826233","6.433707237243652","6.433707237243652","6.433707237243652","0.0645805075764656","0.0645805075764656","0.0645805075764656","10.959935188293457","10.959935188293457","10.959935188293457","0.11310122907161713","0.11310122907161713","0.11310122907161713","6.333470344543457","6.333470344543457","6.333470344543457","0.093986377120018","0.093986377120018","0.093986377120018","10.498297691345215","10.498297691345215","10.498297691345215"
"17129","0.10173182189464569","0.10173182189464569","0.10173182189464569","6.539660453796387","6.539660453796387","6.539660453796387","0.06845451891422272","0.06845451891422272","0.06845451891422272","11.301742553710938","11.301742553710938","11.301742553710938","0.11389325559139252","0.11389325559139252","0.11389325559139252","6.582253456115723","6.582253456115723","6.582253456115723","0.10474573075771332","0.10474573075771332","0.10474573075771332","10.911596298217773","10.911596298217773","10.911596298217773"
"17159","0.0571354478597641","0.0571354478597641","0.0571354478597641","4.490718841552734","4.490718841552734","4.490718841552734","0.06313810497522354","0.06313810497522354","0.06313810497522354","8.677687644958496","8.677687644958496","8.677687644958496","0.16405972838401794","0.16405972838401794","0.16405972838401794","4.478538990020752","4.478538990020752","4.478538990020752","0.08416178822517395","0.08416178822517395","0.08416178822517395","8.423827171325684","8.423827171325684","8.423827171325684"
"17189","0.07123648375272751","0.07123648375272751","0.07123648375272751","6.277424335479736","6.277424335479736","6.277424335479736","0.07975514233112335","0.07975514233112335","0.07975514233112335","11.279553413391113","11.279553413391113","11.279553413391113","0.10820222645998001","0.10820222645998001","0.10820222645998001","6.544016361236572","6.544016361236572","6.544016361236572","0.09211227297782898","0.09211227297782898","0.09211227297782898","11.073019981384277","11.073019981384277","11.073019981384277"
"17219","0.06545582413673401","0.06545582413673401","0.06545582413673401","5.861162185668945","5.861162185668945","5.861162185668945","0.07530464977025986","0.07530464977025986","0.07530464977025986","11.12895679473877","11.12895679473877","11.12895679473877","0.08865911513566971","0.08865911513566971","0.08865911513566971","6.037015438079834","6.037015438079834","6.037015438079834","0.09473321586847305","0.09473321586847305","0.09473321586847305","10.712760925292969","10.712760925292969","10.712760925292969"
"17249","0.07624106854200363","0.07624106854200363","0.07624106854200363","5.310298919677734","5.310298919677734","5.310298919677734","0.04994133487343788","0.04994133487343788","0.04994133487343788","9.558673858642578","9.558673858642578","9.558673858642578","0.11702892929315567","0.11702892929315567","0.11702892929315567","5.297995567321777","5.297995567321777","5.297995567321777","0.10785672813653946","0.10785672813653946","0.10785672813653946","9.464714050292969","9.464714050292969","9.464714050292969"
"17279","0.061693910509347916","0.061693910509347916","0.061693910509347916","6.8514084815979","6.8514084815979","6.8514084815979","0.08166280388832092","0.08166280388832092","0.08166280388832092","11.30990982055664","11.30990982055664","11.30990982055664","0.10249986499547958","0.10249986499547958","0.10249986499547958","6.995131492614746","6.995131492614746","6.995131492614746","0.09594971686601639","0.09594971686601639","0.09594971686601639","11.275750160217285","11.275750160217285","11.275750160217285"
"17309","0.05787624046206474","0.05787624046206474","0.05787624046206474","6.314765930175781","6.314765930175781","6.314765930175781","0.05977954715490341","0.05977954715490341","0.05977954715490341","11.059334754943848","11.059334754943848","11.059334754943848","0.10563170164823532","0.10563170164823532","0.10563170164823532","6.266721248626709","6.266721248626709","6.266721248626709","0.09882545471191406","0.09882545471191406","0.09882545471191406","10.989514350891113","10.989514350891113","10.989514350891113"
"17339","0.07038688659667969","0.07038688659667969","0.07038688659667969","5.88624906539917","5.88624906539917","5.88624906539917","0.07007508724927902","0.07007508724927902","0.07007508724927902","10.474910736083984","10.474910736083984","10.474910736083984","0.10536224395036697","0.10536224395036697","0.10536224395036697","5.883118629455566","5.883118629455566","5.883118629455566","0.10224238783121109","0.10224238783121109","0.10224238783121109","10.577993392944336","10.577993392944336","10.577993392944336"
"17369","0.08011440187692642","0.08011440187692642","0.08011440187692642","5.939320087432861","5.939320087432861","5.939320087432861","0.06724276393651962","0.06724276393651962","0.06724276393651962","10.16415786743164","10.16415786743164","10.16415786743164","0.1292647272348404","0.1292647272348404","0.1292647272348404","5.926468372344971","5.926468372344971","5.926468372344971","0.09712615609169006","0.09712615609169006","0.09712615609169006","10.081154823303223","10.081154823303223","10.081154823303223"
"17399","0.061164405196905136","0.061164405196905136","0.061164405196905136","4.233491897583008","4.233491897583008","4.233491897583008","0.052325766533613205","0.052325766533613205","0.052325766533613205","8.704882621765137","8.704882621765137","8.704882621765137","0.09527650475502014","0.09527650475502014","0.09527650475502014","4.206902980804443","4.206902980804443","4.206902980804443","0.07632869482040405","0.07632869482040405","0.07632869482040405","8.615736961364746","8.615736961364746","8.615736961364746"
"17429","0.07060559839010239","0.07060559839010239","0.07060559839010239","5.81644868850708","5.81644868850708","5.81644868850708","0.05156509205698967","0.05156509205698967","0.05156509205698967","10.17075252532959","10.17075252532959","10.17075252532959","0.08812010288238525","0.08812010288238525","0.08812010288238525","5.920684814453125","5.920684814453125","5.920684814453125","0.07927380502223969","0.07927380502223969","0.07927380502223969","10.146598815917969","10.146598815917969","10.146598815917969"
"17459","0.060473136603832245","0.060473136603832245","0.060473136603832245","4.895302772521973","4.895302772521973","4.895302772521973","0.05535626411437988","0.05535626411437988","0.05535626411437988","9.29350757598877","9.29350757598877","9.29350757598877","0.14106544852256775","0.14106544852256775","0.14106544852256775","5.036118507385254","5.036118507385254","5.036118507385254","0.09673000127077103","0.09673000127077103","0.09673000127077103","9.11849308013916","9.11849308013916","9.11849308013916"
"17489","0.04387481138110161","0.04387481138110161","0.04387481138110161","4.6014885902404785","4.6014885902404785","4.6014885902404785","0.05667377635836601","0.05667377635836601","0.05667377635836601","9.04216480255127","9.04216480255127","9.04216480255127","0.07361558079719543","0.07361558079719543","0.07361558079719543","4.693631649017334","4.693631649017334","4.693631649017334","0.08755515515804291","0.08755515515804291","0.08755515515804291","9.190825462341309","9.190825462341309","9.190825462341309"
"17519","0.06577368825674057","0.06577368825674057","0.06577368825674057","4.463373184204102","4.463373184204102","4.463373184204102","0.05676832050085068","0.05676832050085068","0.05676832050085068","8.904102325439453","8.904102325439453","8.904102325439453","0.07722809910774231","0.07722809910774231","0.07722809910774231","4.50587272644043","4.50587272644043","4.50587272644043","0.08836855739355087","0.08836855739355087","0.08836855739355087","8.735285758972168","8.735285758972168","8.735285758972168"
"17549","0.05457490310072899","0.05457490310072899","0.05457490310072899","6.12074089050293","6.12074089050293","6.12074089050293","0.053073711693286896","0.053073711693286896","0.053073711693286896","11.113326072692871","11.113326072692871","11.113326072692871","0.11123854666948318","0.11123854666948318","0.11123854666948318","5.972477436065674","5.972477436065674","5.972477436065674","0.11712586879730225","0.11712586879730225","0.11712586879730225","11.16934585571289","11.16934585571289","11.16934585571289"
"17579","0.04465702921152115","0.04465702921152115","0.04465702921152115","4.669414043426514","4.669414043426514","4.669414043426514","0.05085145682096481","0.05085145682096481","0.05085145682096481","8.437540054321289","8.437540054321289","8.437540054321289","0.07986520230770111","0.07986520230770111","0.07986520230770111","4.766358375549316","4.766358375549316","4.766358375549316","0.10223518311977386","0.10223518311977386","0.10223518311977386","8.37155532836914","8.37155532836914","8.37155532836914"
"17609","0.08189483731985092","0.08189483731985092","0.08189483731985092","7.029475688934326","7.029475688934326","7.029475688934326","0.06143992766737938","0.06143992766737938","0.06143992766737938","11.611281394958496","11.611281394958496","11.611281394958496","0.1020418331027031","0.1020418331027031","0.1020418331027031","6.8704400062561035","6.8704400062561035","6.8704400062561035","0.1071973517537117","0.1071973517537117","0.1071973517537117","11.456006050109863","11.456006050109863","11.456006050109863"
"17639","0.059636447578668594","0.059636447578668594","0.059636447578668594","6.88353967666626","6.88353967666626","6.88353967666626","0.05950618535280228","0.05950618535280228","0.05950618535280228","11.518905639648438","11.518905639648438","11.518905639648438","0.2952547073364258","0.2952547073364258","0.2952547073364258","6.703343391418457","6.703343391418457","6.703343391418457","0.10528246313333511","0.10528246313333511","0.10528246313333511","11.323661804199219","11.323661804199219","11.323661804199219"
"17669","0.09326328337192535","0.09326328337192535","0.09326328337192535","6.312568664550781","6.312568664550781","6.312568664550781","0.07246662676334381","0.07246662676334381","0.07246662676334381","11.23719310760498","11.23719310760498","11.23719310760498","0.09948722273111343","0.09948722273111343","0.09948722273111343","6.102675437927246","6.102675437927246","6.102675437927246","0.11051993817090988","0.11051993817090988","0.11051993817090988","10.979177474975586","10.979177474975586","10.979177474975586"
"17699","0.07301156967878342","0.07301156967878342","0.07301156967878342","7.125430583953857","7.125430583953857","7.125430583953857","0.09820453077554703","0.09820453077554703","0.09820453077554703","11.734066009521484","11.734066009521484","11.734066009521484","0.10966138541698456","0.10966138541698456","0.10966138541698456","7.087098121643066","7.087098121643066","7.087098121643066","0.11828674376010895","0.11828674376010895","0.11828674376010895","11.77362060546875","11.77362060546875","11.77362060546875"
"17729","0.1030925065279007","0.1030925065279007","0.1030925065279007","6.568676471710205","6.568676471710205","6.568676471710205","0.05794413387775421","0.05794413387775421","0.05794413387775421","12.25668716430664","12.25668716430664","12.25668716430664","0.11673171818256378","0.11673171818256378","0.11673171818256378","6.773087501525879","6.773087501525879","6.773087501525879","0.10396576672792435","0.10396576672792435","0.10396576672792435","11.85062026977539","11.85062026977539","11.85062026977539"
"17759","0.1351301074028015","0.1351301074028015","0.1351301074028015","6.087849140167236","6.087849140167236","6.087849140167236","0.05891720578074455","0.05891720578074455","0.05891720578074455","10.76198673248291","10.76198673248291","10.76198673248291","0.09857065230607986","0.09857065230607986","0.09857065230607986","6.06214714050293","6.06214714050293","6.06214714050293","0.0970398411154747","0.0970398411154747","0.0970398411154747","10.625265121459961","10.625265121459961","10.625265121459961"
"17789","0.07516133785247803","0.07516133785247803","0.07516133785247803","5.55535364151001","5.55535364151001","5.55535364151001","0.04818287864327431","0.04818287864327431","0.04818287864327431","10.62031078338623","10.62031078338623","10.62031078338623","0.09017875790596008","0.09017875790596008","0.09017875790596008","5.706905364990234","5.706905364990234","5.706905364990234","0.10618139058351517","0.10618139058351517","0.10618139058351517","10.37621784210205","10.37621784210205","10.37621784210205"
"17819","0.06370498239994049","0.06370498239994049","0.06370498239994049","5.226192951202393","5.226192951202393","5.226192951202393","0.04530511796474457","0.04530511796474457","0.04530511796474457","10.069173812866211","10.069173812866211","10.069173812866211","0.08081735670566559","0.08081735670566559","0.08081735670566559","5.276727199554443","5.276727199554443","5.276727199554443","0.10094327479600906","0.10094327479600906","0.10094327479600906","9.98989486694336","9.98989486694336","9.98989486694336"
"17849","0.0692937895655632","0.0692937895655632","0.0692937895655632","4.448380470275879","4.448380470275879","4.448380470275879","0.044220007956027985","0.044220007956027985","0.044220007956027985","9.368606567382812","9.368606567382812","9.368606567382812","0.07753221690654755","0.07753221690654755","0.07753221690654755","4.4809041023254395","4.4809041023254395","4.4809041023254395","0.08028405159711838","0.08028405159711838","0.08028405159711838","9.158589363098145","9.158589363098145","9.158589363098145"
"17879","0.08850649744272232","0.08850649744272232","0.08850649744272232","6.513288497924805","6.513288497924805","6.513288497924805","0.06522935628890991","0.06522935628890991","0.06522935628890991","11.35329532623291","11.35329532623291","11.35329532623291","0.110971599817276","0.110971599817276","0.110971599817276","6.282039642333984","6.282039642333984","6.282039642333984","0.10688880831003189","0.10688880831003189","0.10688880831003189","11.242694854736328","11.242694854736328","11.242694854736328"
"17909","0.05737347528338432","0.05737347528338432","0.05737347528338432","5.675840377807617","5.675840377807617","5.675840377807617","0.09574615210294724","0.09574615210294724","0.09574615210294724","10.42935848236084","10.42935848236084","10.42935848236084","0.07983492314815521","0.07983492314815521","0.07983492314815521","5.694828987121582","5.694828987121582","5.694828987121582","0.08649767935276031","0.08649767935276031","0.08649767935276031","10.2543306350708","10.2543306350708","10.2543306350708"
"17939","0.053206928074359894","0.053206928074359894","0.053206928074359894","5.722314357757568","5.722314357757568","5.722314357757568","0.07861562818288803","0.07861562818288803","0.07861562818288803","10.30721378326416","10.30721378326416","10.30721378326416","0.1185699999332428","0.1185699999332428","0.1185699999332428","5.746410369873047","5.746410369873047","5.746410369873047","0.10283037275075912","0.10283037275075912","0.10283037275075912","10.369362831115723","10.369362831115723","10.369362831115723"
"17969","0.05367418751120567","0.05367418751120567","0.05367418751120567","4.953261852264404","4.953261852264404","4.953261852264404","0.08058244735002518","0.08058244735002518","0.08058244735002518","9.848007202148438","9.848007202148438","9.848007202148438","0.08458809554576874","0.08458809554576874","0.08458809554576874","4.911420822143555","4.911420822143555","4.911420822143555","0.0869651809334755","0.0869651809334755","0.0869651809334755","9.572591781616211","9.572591781616211","9.572591781616211"
"17999","0.051850929856300354","0.051850929856300354","0.051850929856300354","5.85352087020874","5.85352087020874","5.85352087020874","0.07153822481632233","0.07153822481632233","0.07153822481632233","10.649197578430176","10.649197578430176","10.649197578430176","0.09084327518939972","0.09084327518939972","0.09084327518939972","5.966525077819824","5.966525077819824","5.966525077819824","0.09153882414102554","0.09153882414102554","0.09153882414102554","10.608298301696777","10.608298301696777","10.608298301696777"
"18029","0.07753728330135345","0.07753728330135345","0.07753728330135345","5.667195796966553","5.667195796966553","5.667195796966553","0.06334159523248672","0.06334159523248672","0.06334159523248672","10.291351318359375","10.291351318359375","10.291351318359375","0.10158273577690125","0.10158273577690125","0.10158273577690125","5.45881462097168","5.45881462097168","5.45881462097168","0.09959999471902847","0.09959999471902847","0.09959999471902847","10.149748802185059","10.149748802185059","10.149748802185059"
"18059","0.08023866266012192","0.08023866266012192","0.08023866266012192","5.397245407104492","5.397245407104492","5.397245407104492","0.059336528182029724","0.059336528182029724","0.059336528182029724","10.259806632995605","10.259806632995605","10.259806632995605","0.0970601812005043","0.0970601812005043","0.0970601812005043","5.4058027267456055","5.4058027267456055","5.4058027267456055","0.07343312352895737","0.07343312352895737","0.07343312352895737","10.097783088684082","10.097783088684082","10.097783088684082"
"18089","0.06026304140686989","0.06026304140686989","0.06026304140686989","5.076817035675049","5.076817035675049","5.076817035675049","0.04301674664020538","0.04301674664020538","0.04301674664020538","10.125823974609375","10.125823974609375","10.125823974609375","0.1623951643705368","0.1623951643705368","0.1623951643705368","4.9052252769470215","4.9052252769470215","4.9052252769470215","0.08320614695549011","0.08320614695549011","0.08320614695549011","10.075282096862793","10.075282096862793","10.075282096862793"
"18119","0.04335740953683853","0.04335740953683853","0.04335740953683853","5.221283912658691","5.221283912658691","5.221283912658691","0.08422212302684784","0.08422212302684784","0.08422212302684784","9.598880767822266","9.598880767822266","9.598880767822266","0.09774189442396164","0.09774189442396164","0.09774189442396164","5.146352291107178","5.146352291107178","5.146352291107178","0.07711825519800186","0.07711825519800186","0.07711825519800186","9.968451499938965","9.968451499938965","9.968451499938965"
"18149","0.07595603913068771","0.07595603913068771","0.07595603913068771","5.353005409240723","5.353005409240723","5.353005409240723","0.062194909900426865","0.062194909900426865","0.062194909900426865","10.372344970703125","10.372344970703125","10.372344970703125","0.08879005163908005","0.08879005163908005","0.08879005163908005","5.489114284515381","5.489114284515381","5.489114284515381","0.11331075429916382","0.11331075429916382","0.11331075429916382","10.253162384033203","10.253162384033203","10.253162384033203"
"18179","0.05185757577419281","0.05185757577419281","0.05185757577419281","6.093907356262207","6.093907356262207","6.093907356262207","0.061044804751873016","0.061044804751873016","0.061044804751873016","12.192418098449707","12.192418098449707","12.192418098449707","0.11967632174491882","0.11967632174491882","0.11967632174491882","6.242607116699219","6.242607116699219","6.242607116699219","0.0948529988527298","0.0948529988527298","0.0948529988527298","12.095377922058105","12.095377922058105","12.095377922058105"
"18209","0.04823579639196396","0.04823579639196396","0.04823579639196396","5.417726993560791","5.417726993560791","5.417726993560791","0.0632786676287651","0.0632786676287651","0.0632786676287651","10.44960880279541","10.44960880279541","10.44960880279541","0.13760437071323395","0.13760437071323395","0.13760437071323395","5.525761127471924","5.525761127471924","5.525761127471924","0.09626894444227219","0.09626894444227219","0.09626894444227219","10.277504920959473","10.277504920959473","10.277504920959473"
"18239","0.05893860384821892","0.05893860384821892","0.05893860384821892","4.407647609710693","4.407647609710693","4.407647609710693","0.04476183280348778","0.04476183280348778","0.04476183280348778","8.854851722717285","8.854851722717285","8.854851722717285","0.08796104043722153","0.08796104043722153","0.08796104043722153","4.479220390319824","4.479220390319824","4.479220390319824","0.07218939065933228","0.07218939065933228","0.07218939065933228","8.865660667419434","8.865660667419434","8.865660667419434"
"18269","0.06172262132167816","0.06172262132167816","0.06172262132167816","7.0491509437561035","7.0491509437561035","7.0491509437561035","0.09182590991258621","0.09182590991258621","0.09182590991258621","11.564032554626465","11.564032554626465","11.564032554626465","0.09305385500192642","0.09305385500192642","0.09305385500192642","6.896562576293945","6.896562576293945","6.896562576293945","0.10204139351844788","0.10204139351844788","0.10204139351844788","11.212766647338867","11.212766647338867","11.212766647338867"
"18299","0.0797758623957634","0.0797758623957634","0.0797758623957634","4.528271675109863","4.528271675109863","4.528271675109863","0.09443794190883636","0.09443794190883636","0.09443794190883636","9.389791488647461","9.389791488647461","9.389791488647461","0.09214719384908676","0.09214719384908676","0.09214719384908676","4.527178764343262","4.527178764343262","4.527178764343262","0.08164218068122864","0.08164218068122864","0.08164218068122864","9.443450927734375","9.443450927734375","9.443450927734375"
"18329","0.05618179216980934","0.05618179216980934","0.05618179216980934","4.3342108726501465","4.3342108726501465","4.3342108726501465","0.04755990952253342","0.04755990952253342","0.04755990952253342","9.01669979095459","9.01669979095459","9.01669979095459","0.08166094869375229","0.08166094869375229","0.08166094869375229","4.237768650054932","4.237768650054932","4.237768650054932","0.08970870822668076","0.08970870822668076","0.08970870822668076","8.956122398376465","8.956122398376465","8.956122398376465"
"18359","0.05573441460728645","0.05573441460728645","0.05573441460728645","5.201257228851318","5.201257228851318","5.201257228851318","0.0734453946352005","0.0734453946352005","0.0734453946352005","9.940163612365723","9.940163612365723","9.940163612365723","0.11110210418701172","0.11110210418701172","0.11110210418701172","5.415064811706543","5.415064811706543","5.415064811706543","0.08951587229967117","0.08951587229967117","0.08951587229967117","9.635815620422363","9.635815620422363","9.635815620422363"
"18389","0.0694827288389206","0.0694827288389206","0.0694827288389206","4.808516025543213","4.808516025543213","4.808516025543213","0.06446541100740433","0.06446541100740433","0.06446541100740433","9.220864295959473","9.220864295959473","9.220864295959473","0.09456007927656174","0.09456007927656174","0.09456007927656174","4.837581157684326","4.837581157684326","4.837581157684326","0.08812866359949112","0.08812866359949112","0.08812866359949112","9.190520286560059","9.190520286560059","9.190520286560059"
"18419","0.08636302500963211","0.08636302500963211","0.08636302500963211","5.327638626098633","5.327638626098633","5.327638626098633","0.06967761367559433","0.06967761367559433","0.06967761367559433","9.875191688537598","9.875191688537598","9.875191688537598","0.10303333401679993","0.10303333401679993","0.10303333401679993","5.460503578186035","5.460503578186035","5.460503578186035","0.08220691233873367","0.08220691233873367","0.08220691233873367","9.627035140991211","9.627035140991211","9.627035140991211"
"18449","0.04569869861006737","0.04569869861006737","0.04569869861006737","5.309219837188721","5.309219837188721","5.309219837188721","0.05142933130264282","0.05142933130264282","0.05142933130264282","10.330192565917969","10.330192565917969","10.330192565917969","0.090040422976017","0.090040422976017","0.090040422976017","5.444833278656006","5.444833278656006","5.444833278656006","0.07512190192937851","0.07512190192937851","0.07512190192937851","10.137862205505371","10.137862205505371","10.137862205505371"
"18479","0.04378392547369003","0.04378392547369003","0.04378392547369003","4.8746232986450195","4.8746232986450195","4.8746232986450195","0.055770695209503174","0.055770695209503174","0.055770695209503174","9.352946281433105","9.352946281433105","9.352946281433105","0.08367801457643509","0.08367801457643509","0.08367801457643509","5.011199951171875","5.011199951171875","5.011199951171875","0.0921536535024643","0.0921536535024643","0.0921536535024643","9.268208503723145","9.268208503723145","9.268208503723145"
"18509","0.03226703032851219","0.03226703032851219","0.03226703032851219","3.608128070831299","3.608128070831299","3.608128070831299","0.046687282621860504","0.046687282621860504","0.046687282621860504","7.475638389587402","7.475638389587402","7.475638389587402","0.0624481663107872","0.0624481663107872","0.0624481663107872","3.60186505317688","3.60186505317688","3.60186505317688","0.056517548859119415","0.056517548859119415","0.056517548859119415","7.22813081741333","7.22813081741333","7.22813081741333"
"18539","0.061313025653362274","0.061313025653362274","0.061313025653362274","4.034319877624512","4.034319877624512","4.034319877624512","0.06277957558631897","0.06277957558631897","0.06277957558631897","9.017749786376953","9.017749786376953","9.017749786376953","0.21147173643112183","0.21147173643112183","0.21147173643112183","4.101458549499512","4.101458549499512","4.101458549499512","0.09260686486959457","0.09260686486959457","0.09260686486959457","8.908686637878418","8.908686637878418","8.908686637878418"
"18569","0.05573029816150665","0.05573029816150665","0.05573029816150665","6.138359069824219","6.138359069824219","6.138359069824219","0.047524500638246536","0.047524500638246536","0.047524500638246536","10.951420783996582","10.951420783996582","10.951420783996582","0.09859862923622131","0.09859862923622131","0.09859862923622131","6.218286991119385","6.218286991119385","6.218286991119385","0.09598921239376068","0.09598921239376068","0.09598921239376068","10.78315258026123","10.78315258026123","10.78315258026123"
"18599","0.09829320013523102","0.09829320013523102","0.09829320013523102","3.746249198913574","3.746249198913574","3.746249198913574","0.047214899212121964","0.047214899212121964","0.047214899212121964","7.653239727020264","7.653239727020264","7.653239727020264","0.06795809417963028","0.06795809417963028","0.06795809417963028","3.6662869453430176","3.6662869453430176","3.6662869453430176","0.06912393122911453","0.06912393122911453","0.06912393122911453","7.626018524169922","7.626018524169922","7.626018524169922"
"18629","0.0647430345416069","0.0647430345416069","0.0647430345416069","4.412493705749512","4.412493705749512","4.412493705749512","0.049785468727350235","0.049785468727350235","0.049785468727350235","8.670019149780273","8.670019149780273","8.670019149780273","0.09421846270561218","0.09421846270561218","0.09421846270561218","4.56547737121582","4.56547737121582","4.56547737121582","0.0713246539235115","0.0713246539235115","0.0713246539235115","8.426651000976562","8.426651000976562","8.426651000976562"
"18659","0.06727417558431625","0.06727417558431625","0.06727417558431625","4.328023910522461","4.328023910522461","4.328023910522461","0.08842934668064117","0.08842934668064117","0.08842934668064117","8.879613876342773","8.879613876342773","8.879613876342773","0.07353618741035461","0.07353618741035461","0.07353618741035461","4.30398416519165","4.30398416519165","4.30398416519165","0.0636763647198677","0.0636763647198677","0.0636763647198677","8.939217567443848","8.939217567443848","8.939217567443848"
"18689","0.04795489087700844","0.04795489087700844","0.04795489087700844","3.700936794281006","3.700936794281006","3.700936794281006","0.057126644998788834","0.057126644998788834","0.057126644998788834","8.019038200378418","8.019038200378418","8.019038200378418","0.08287349343299866","0.08287349343299866","0.08287349343299866","3.7325732707977295","3.7325732707977295","3.7325732707977295","0.07641103118658066","0.07641103118658066","0.07641103118658066","7.98354434967041","7.98354434967041","7.98354434967041"
"18719","0.08312792330980301","0.08312792330980301","0.08312792330980301","4.881129264831543","4.881129264831543","4.881129264831543","0.08830565214157104","0.08830565214157104","0.08830565214157104","9.62713623046875","9.62713623046875","9.62713623046875","0.10985447466373444","0.10985447466373444","0.10985447466373444","4.952635288238525","4.952635288238525","4.952635288238525","0.06809385865926743","0.06809385865926743","0.06809385865926743","9.562359809875488","9.562359809875488","9.562359809875488"
"18749","0.08805274963378906","0.08805274963378906","0.08805274963378906","4.790011405944824","4.790011405944824","4.790011405944824","0.07504141330718994","0.07504141330718994","0.07504141330718994","9.838809967041016","9.838809967041016","9.838809967041016","0.09288821369409561","0.09288821369409561","0.09288821369409561","4.955193996429443","4.955193996429443","4.955193996429443","0.08969974517822266","0.08969974517822266","0.08969974517822266","9.531227111816406","9.531227111816406","9.531227111816406"
"18779","0.05337289348244667","0.05337289348244667","0.05337289348244667","4.228672027587891","4.228672027587891","4.228672027587891","0.050561193376779556","0.050561193376779556","0.050561193376779556","9.06428050994873","9.06428050994873","9.06428050994873","0.06522973626852036","0.06522973626852036","0.06522973626852036","4.063654899597168","4.063654899597168","4.063654899597168","0.059280719608068466","0.059280719608068466","0.059280719608068466","9.016683578491211","9.016683578491211","9.016683578491211"
"18809","0.05351705104112625","0.05351705104112625","0.05351705104112625","3.817119598388672","3.817119598388672","3.817119598388672","0.03962767869234085","0.03962767869234085","0.03962767869234085","8.190524101257324","8.190524101257324","8.190524101257324","0.08837494999170303","0.08837494999170303","0.08837494999170303","3.855224609375","3.855224609375","3.855224609375","0.07814318686723709","0.07814318686723709","0.07814318686723709","8.229093551635742","8.229093551635742","8.229093551635742"
"18839","0.07773951441049576","0.07773951441049576","0.07773951441049576","4.817037105560303","4.817037105560303","4.817037105560303","0.052427396178245544","0.052427396178245544","0.052427396178245544","9.958462715148926","9.958462715148926","9.958462715148926","0.08785079419612885","0.08785079419612885","0.08785079419612885","4.701718330383301","4.701718330383301","4.701718330383301","0.10351080447435379","0.10351080447435379","0.10351080447435379","9.524389266967773","9.524389266967773","9.524389266967773"
"18869","0.05495666339993477","0.05495666339993477","0.05495666339993477","5.70422887802124","5.70422887802124","5.70422887802124","0.05755188688635826","0.05755188688635826","0.05755188688635826","10.958868980407715","10.958868980407715","10.958868980407715","0.08034811913967133","0.08034811913967133","0.08034811913967133","5.736246109008789","5.736246109008789","5.736246109008789","0.09883376955986023","0.09883376955986023","0.09883376955986023","10.636418342590332","10.636418342590332","10.636418342590332"
"18899","0.06299152970314026","0.06299152970314026","0.06299152970314026","4.439537048339844","4.439537048339844","4.439537048339844","0.10796958953142166","0.10796958953142166","0.10796958953142166","8.73829460144043","8.73829460144043","8.73829460144043","0.07392816990613937","0.07392816990613937","0.07392816990613937","4.461677074432373","4.461677074432373","4.461677074432373","0.06983472406864166","0.06983472406864166","0.06983472406864166","8.68467903137207","8.68467903137207","8.68467903137207"
"18929","0.0663500651717186","0.0663500651717186","0.0663500651717186","5.214087009429932","5.214087009429932","5.214087009429932","0.07781810313463211","0.07781810313463211","0.07781810313463211","10.262744903564453","10.262744903564453","10.262744903564453","0.1017366498708725","0.1017366498708725","0.1017366498708725","5.0762128829956055","5.0762128829956055","5.0762128829956055","0.11450208723545074","0.11450208723545074","0.11450208723545074","10.097880363464355","10.097880363464355","10.097880363464355"
"18959","0.08328250795602798","0.08328250795602798","0.08328250795602798","5.833579063415527","5.833579063415527","5.833579063415527","0.05888525769114494","0.05888525769114494","0.05888525769114494","10.623875617980957","10.623875617980957","10.623875617980957","0.08842765539884567","0.08842765539884567","0.08842765539884567","5.985367298126221","5.985367298126221","5.985367298126221","0.10989269614219666","0.10989269614219666","0.10989269614219666","10.201879501342773","10.201879501342773","10.201879501342773"
"18989","0.06534506380558014","0.06534506380558014","0.06534506380558014","4.454246520996094","4.454246520996094","4.454246520996094","0.048924874514341354","0.048924874514341354","0.048924874514341354","9.040221214294434","9.040221214294434","9.040221214294434","0.09901688992977142","0.09901688992977142","0.09901688992977142","4.584920406341553","4.584920406341553","4.584920406341553","0.06786061078310013","0.06786061078310013","0.06786061078310013","8.73343563079834","8.73343563079834","8.73343563079834"
"19019","0.06531040370464325","0.06531040370464325","0.06531040370464325","4.666922092437744","4.666922092437744","4.666922092437744","0.04994821548461914","0.04994821548461914","0.04994821548461914","9.99685287475586","9.99685287475586","9.99685287475586","0.08862296491861343","0.08862296491861343","0.08862296491861343","4.719991207122803","4.719991207122803","4.719991207122803","0.08406921476125717","0.08406921476125717","0.08406921476125717","9.923394203186035","9.923394203186035","9.923394203186035"
"19049","0.05326361581683159","0.05326361581683159","0.05326361581683159","5.267317771911621","5.267317771911621","5.267317771911621","0.055908337235450745","0.055908337235450745","0.055908337235450745","10.441080093383789","10.441080093383789","10.441080093383789","0.09871255606412888","0.09871255606412888","0.09871255606412888","5.246706008911133","5.246706008911133","5.246706008911133","0.09992297738790512","0.09992297738790512","0.09992297738790512","10.369629859924316","10.369629859924316","10.369629859924316"
"19079","0.056375451385974884","0.056375451385974884","0.056375451385974884","6.087433338165283","6.087433338165283","6.087433338165283","0.0606825016438961","0.0606825016438961","0.0606825016438961","11.189332962036133","11.189332962036133","11.189332962036133","0.09336333721876144","0.09336333721876144","0.09336333721876144","6.152355194091797","6.152355194091797","6.152355194091797","0.08609575033187866","0.08609575033187866","0.08609575033187866","10.832162857055664","10.832162857055664","10.832162857055664"
"19109","0.048752717673778534","0.048752717673778534","0.048752717673778534","4.630836009979248","4.630836009979248","4.630836009979248","0.0465003103017807","0.0465003103017807","0.0465003103017807","9.01374626159668","9.01374626159668","9.01374626159668","0.0841592475771904","0.0841592475771904","0.0841592475771904","4.740382671356201","4.740382671356201","4.740382671356201","0.09343037754297256","0.09343037754297256","0.09343037754297256","8.908574104309082","8.908574104309082","8.908574104309082"
"19139","0.05320664867758751","0.05320664867758751","0.05320664867758751","4.712449073791504","4.712449073791504","4.712449073791504","0.0418989323079586","0.0418989323079586","0.0418989323079586","9.537223815917969","9.537223815917969","9.537223815917969","0.08386507630348206","0.08386507630348206","0.08386507630348206","4.653769493103027","4.653769493103027","4.653769493103027","0.08075501024723053","0.08075501024723053","0.08075501024723053","9.632172584533691","9.632172584533691","9.632172584533691"
"19169","0.051698341965675354","0.051698341965675354","0.051698341965675354","5.198714256286621","5.198714256286621","5.198714256286621","0.0493210107088089","0.0493210107088089","0.0493210107088089","9.921348571777344","9.921348571777344","9.921348571777344","0.11720256507396698","0.11720256507396698","0.11720256507396698","5.0711565017700195","5.0711565017700195","5.0711565017700195","0.08356155455112457","0.08356155455112457","0.08356155455112457","9.729400634765625","9.729400634765625","9.729400634765625"
"19199","0.053518254309892654","0.053518254309892654","0.053518254309892654","5.139667987823486","5.139667987823486","5.139667987823486","0.07372382283210754","0.07372382283210754","0.07372382283210754","10.138298034667969","10.138298034667969","10.138298034667969","0.09211907535791397","0.09211907535791397","0.09211907535791397","5.148093223571777","5.148093223571777","5.148093223571777","0.09088447690010071","0.09088447690010071","0.09088447690010071","10.081695556640625","10.081695556640625","10.081695556640625"
"19229","0.08519686758518219","0.08519686758518219","0.08519686758518219","6.034550666809082","6.034550666809082","6.034550666809082","0.07200799137353897","0.07200799137353897","0.07200799137353897","10.470795631408691","10.470795631408691","10.470795631408691","0.08360476046800613","0.08360476046800613","0.08360476046800613","5.936136245727539","5.936136245727539","5.936136245727539","0.10519109666347504","0.10519109666347504","0.10519109666347504","10.394169807434082","10.394169807434082","10.394169807434082"
"19259","0.058632802218198776","0.058632802218198776","0.058632802218198776","4.079241752624512","4.079241752624512","4.079241752624512","0.04994940012693405","0.04994940012693405","0.04994940012693405","8.614198684692383","8.614198684692383","8.614198684692383","0.07874641567468643","0.07874641567468643","0.07874641567468643","4.017057418823242","4.017057418823242","4.017057418823242","0.06480632722377777","0.06480632722377777","0.06480632722377777","8.472723007202148","8.472723007202148","8.472723007202148"
"19289","0.05536110699176788","0.05536110699176788","0.05536110699176788","5.631378173828125","5.631378173828125","5.631378173828125","0.09258760511875153","0.09258760511875153","0.09258760511875153","11.145246505737305","11.145246505737305","11.145246505737305","0.08294166624546051","0.08294166624546051","0.08294166624546051","5.674589157104492","5.674589157104492","5.674589157104492","0.09430839121341705","0.09430839121341705","0.09430839121341705","10.781073570251465","10.781073570251465","10.781073570251465"
"19319","0.0530603863298893","0.0530603863298893","0.0530603863298893","4.3087992668151855","4.3087992668151855","4.3087992668151855","0.0529896542429924","0.0529896542429924","0.0529896542429924","8.778949737548828","8.778949737548828","8.778949737548828","0.08506331592798233","0.08506331592798233","0.08506331592798233","4.378549575805664","4.378549575805664","4.378549575805664","0.06791950762271881","0.06791950762271881","0.06791950762271881","8.834685325622559","8.834685325622559","8.834685325622559"
"19349","0.041705429553985596","0.041705429553985596","0.041705429553985596","5.19902229309082","5.19902229309082","5.19902229309082","0.05490192398428917","0.05490192398428917","0.05490192398428917","9.705639839172363","9.705639839172363","9.705639839172363","0.09681665897369385","0.09681665897369385","0.09681665897369385","5.066943168640137","5.066943168640137","5.066943168640137","0.09643329679965973","0.09643329679965973","0.09643329679965973","9.612818717956543","9.612818717956543","9.612818717956543"
"19379","0.052236564457416534","0.052236564457416534","0.052236564457416534","4.750297546386719","4.750297546386719","4.750297546386719","0.06167062744498253","0.06167062744498253","0.06167062744498253","9.538530349731445","9.538530349731445","9.538530349731445","0.08019618690013885","0.08019618690013885","0.08019618690013885","4.982544422149658","4.982544422149658","4.982544422149658","0.09720384329557419","0.09720384329557419","0.09720384329557419","9.167572975158691","9.167572975158691","9.167572975158691"
"19409","0.048421476036310196","0.048421476036310196","0.048421476036310196","3.745403289794922","3.745403289794922","3.745403289794922","0.056638285517692566","0.056638285517692566","0.056638285517692566","7.921260833740234","7.921260833740234","7.921260833740234","0.0745009183883667","0.0745009183883667","0.0745009183883667","3.6788532733917236","3.6788532733917236","3.6788532733917236","0.07092445343732834","0.07092445343732834","0.07092445343732834","7.635599136352539","7.635599136352539","7.635599136352539"
"19439","0.07272177189588547","0.07272177189588547","0.07272177189588547","4.112967014312744","4.112967014312744","4.112967014312744","0.07262402772903442","0.07262402772903442","0.07262402772903442","8.977425575256348","8.977425575256348","8.977425575256348","0.07782850414514542","0.07782850414514542","0.07782850414514542","4.115184307098389","4.115184307098389","4.115184307098389","0.09106472134590149","0.09106472134590149","0.09106472134590149","8.767727851867676","8.767727851867676","8.767727851867676"
"19469","0.05675920844078064","0.05675920844078064","0.05675920844078064","4.652072906494141","4.652072906494141","4.652072906494141","0.08060920238494873","0.08060920238494873","0.08060920238494873","9.301198959350586","9.301198959350586","9.301198959350586","0.09241128712892532","0.09241128712892532","0.09241128712892532","4.78831672668457","4.78831672668457","4.78831672668457","0.08915980905294418","0.08915980905294418","0.08915980905294418","9.152234077453613","9.152234077453613","9.152234077453613"
"19499","0.06678692996501923","0.06678692996501923","0.06678692996501923","5.96902322769165","5.96902322769165","5.96902322769165","0.06780213862657547","0.06780213862657547","0.06780213862657547","11.461835861206055","11.461835861206055","11.461835861206055","0.10534032434225082","0.10534032434225082","0.10534032434225082","6.109349250793457","6.109349250793457","6.109349250793457","0.10717342048883438","0.10717342048883438","0.10717342048883438","11.4278564453125","11.4278564453125","11.4278564453125"
"19529","0.07317426800727844","0.07317426800727844","0.07317426800727844","5.193021774291992","5.193021774291992","5.193021774291992","0.04476255178451538","0.04476255178451538","0.04476255178451538","10.935896873474121","10.935896873474121","10.935896873474121","0.08485447615385056","0.08485447615385056","0.08485447615385056","5.3354597091674805","5.3354597091674805","5.3354597091674805","0.10455247759819031","0.10455247759819031","0.10455247759819031","10.695053100585938","10.695053100585938","10.695053100585938"
"19559","0.0826626569032669","0.0826626569032669","0.0826626569032669","5.673367977142334","5.673367977142334","5.673367977142334","0.06520141661167145","0.06520141661167145","0.06520141661167145","10.913517951965332","10.913517951965332","10.913517951965332","0.0946115031838417","0.0946115031838417","0.0946115031838417","5.6675567626953125","5.6675567626953125","5.6675567626953125","0.10351259261369705","0.10351259261369705","0.10351259261369705","10.63250732421875","10.63250732421875","10.63250732421875"
"19589","0.060741133987903595","0.060741133987903595","0.060741133987903595","3.505150079727173","3.505150079727173","3.505150079727173","0.052557315677404404","0.052557315677404404","0.052557315677404404","7.957051753997803","7.957051753997803","7.957051753997803","0.1310124695301056","0.1310124695301056","0.1310124695301056","3.584244966506958","3.584244966506958","3.584244966506958","0.057046689093112946","0.057046689093112946","0.057046689093112946","7.827601909637451","7.827601909637451","7.827601909637451"
"19619","0.04890954867005348","0.04890954867005348","0.04890954867005348","4.499495506286621","4.499495506286621","4.499495506286621","0.07291905581951141","0.07291905581951141","0.07291905581951141","9.118967056274414","9.118967056274414","9.118967056274414","0.06768155097961426","0.06768155097961426","0.06768155097961426","4.603613376617432","4.603613376617432","4.603613376617432","0.08700187504291534","0.08700187504291534","0.08700187504291534","9.100517272949219","9.100517272949219","9.100517272949219"
"19649","0.054511431604623795","0.054511431604623795","0.054511431604623795","4.8018975257873535","4.8018975257873535","4.8018975257873535","0.05633891001343727","0.05633891001343727","0.05633891001343727","9.732267379760742","9.732267379760742","9.732267379760742","0.10094603896141052","0.10094603896141052","0.10094603896141052","4.775810718536377","4.775810718536377","4.775810718536377","0.0878504067659378","0.0878504067659378","0.0878504067659378","9.400809288024902","9.400809288024902","9.400809288024902"
"19679","0.06767404079437256","0.06767404079437256","0.06767404079437256","5.200329303741455","5.200329303741455","5.200329303741455","0.059318747371435165","0.059318747371435165","0.059318747371435165","10.549809455871582","10.549809455871582","10.549809455871582","0.07918057590723038","0.07918057590723038","0.07918057590723038","5.421670436859131","5.421670436859131","5.421670436859131","0.07987169176340103","0.07987169176340103","0.07987169176340103","10.653117179870605","10.653117179870605","10.653117179870605"
"19709","0.0643412321805954","0.0643412321805954","0.0643412321805954","5.97279691696167","5.97279691696167","5.97279691696167","0.05441185459494591","0.05441185459494591","0.05441185459494591","10.910971641540527","10.910971641540527","10.910971641540527","0.0965050682425499","0.0965050682425499","0.0965050682425499","5.879035472869873","5.879035472869873","5.879035472869873","0.0972040519118309","0.0972040519118309","0.0972040519118309","10.486517906188965","10.486517906188965","10.486517906188965"
"19739","0.04800637438893318","0.04800637438893318","0.04800637438893318","4.648591041564941","4.648591041564941","4.648591041564941","0.09021075069904327","0.09021075069904327","0.09021075069904327","9.803597450256348","9.803597450256348","9.803597450256348","0.08720675855875015","0.08720675855875015","0.08720675855875015","4.632896423339844","4.632896423339844","4.632896423339844","0.079612135887146","0.079612135887146","0.079612135887146","9.78358268737793","9.78358268737793","9.78358268737793"
"19769","0.07910055667161942","0.07910055667161942","0.07910055667161942","6.975612640380859","6.975612640380859","6.975612640380859","0.08659175038337708","0.08659175038337708","0.08659175038337708","12.393506050109863","12.393506050109863","12.393506050109863","0.12596237659454346","0.12596237659454346","0.12596237659454346","7.014882564544678","7.014882564544678","7.014882564544678","0.10082688182592392","0.10082688182592392","0.10082688182592392","12.25100326538086","12.25100326538086","12.25100326538086"
"19799","0.06966172903776169","0.06966172903776169","0.06966172903776169","4.849710464477539","4.849710464477539","4.849710464477539","0.07314155995845795","0.07314155995845795","0.07314155995845795","9.82984447479248","9.82984447479248","9.82984447479248","0.1016005277633667","0.1016005277633667","0.1016005277633667","4.9357171058654785","4.9357171058654785","4.9357171058654785","0.07747786492109299","0.07747786492109299","0.07747786492109299","9.744281768798828","9.744281768798828","9.744281768798828"
"19829","0.04391419142484665","0.04391419142484665","0.04391419142484665","4.0420403480529785","4.0420403480529785","4.0420403480529785","0.09624446928501129","0.09624446928501129","0.09624446928501129","9.342424392700195","9.342424392700195","9.342424392700195","0.08512790501117706","0.08512790501117706","0.08512790501117706","4.188584327697754","4.188584327697754","4.188584327697754","0.0813734158873558","0.0813734158873558","0.0813734158873558","9.18772029876709","9.18772029876709","9.18772029876709"
"19859","0.06409884244203568","0.06409884244203568","0.06409884244203568","4.204599857330322","4.204599857330322","4.204599857330322","0.05794162675738335","0.05794162675738335","0.05794162675738335","8.783921241760254","8.783921241760254","8.783921241760254","0.07837201654911041","0.07837201654911041","0.07837201654911041","4.280372142791748","4.280372142791748","4.280372142791748","0.07985612750053406","0.07985612750053406","0.07985612750053406","8.70553970336914","8.70553970336914","8.70553970336914"
"19889","0.0693930834531784","0.0693930834531784","0.0693930834531784","5.521559715270996","5.521559715270996","5.521559715270996","0.07026016712188721","0.07026016712188721","0.07026016712188721","11.185134887695312","11.185134887695312","11.185134887695312","0.11437713354825974","0.11437713354825974","0.11437713354825974","5.555552959442139","5.555552959442139","5.555552959442139","0.09471876174211502","0.09471876174211502","0.09471876174211502","11.079975128173828","11.079975128173828","11.079975128173828"
"19919","0.07440745085477829","0.07440745085477829","0.07440745085477829","4.5492730140686035","4.5492730140686035","4.5492730140686035","0.0447530597448349","0.0447530597448349","0.0447530597448349","9.527426719665527","9.527426719665527","9.527426719665527","0.085691437125206","0.085691437125206","0.085691437125206","4.672060966491699","4.672060966491699","4.672060966491699","0.08805595338344574","0.08805595338344574","0.08805595338344574","9.379279136657715","9.379279136657715","9.379279136657715"
"19949","0.07889523357152939","0.07889523357152939","0.07889523357152939","6.134308815002441","6.134308815002441","6.134308815002441","0.06012999266386032","0.06012999266386032","0.06012999266386032","11.662878036499023","11.662878036499023","11.662878036499023","0.1032034382224083","0.1032034382224083","0.1032034382224083","6.084449291229248","6.084449291229248","6.084449291229248","0.08737752586603165","0.08737752586603165","0.08737752586603165","11.71734619140625","11.71734619140625","11.71734619140625"
"19979","0.06375041604042053","0.06375041604042053","0.06375041604042053","5.74630069732666","5.74630069732666","5.74630069732666","0.06989741325378418","0.06989741325378418","0.06989741325378418","10.581300735473633","10.581300735473633","10.581300735473633","0.10140666365623474","0.10140666365623474","0.10140666365623474","5.813948631286621","5.813948631286621","5.813948631286621","0.09737604111433029","0.09737604111433029","0.09737604111433029","10.67559814453125","10.67559814453125","10.67559814453125"