"Step","layer_10_hook_resid_mid_gpt2_standard_fisher_false_project_Devign - losses/mse_loss","layer_10_hook_resid_mid_gpt2_standard_fisher_false_project_Devign - losses/mse_loss__MIN","layer_10_hook_resid_mid_gpt2_standard_fisher_false_project_Devign - losses/mse_loss__MAX","layer_10_hook_resid_mid_gpt2_topk_fisher_false_project_Devign - losses/mse_loss","layer_10_hook_resid_mid_gpt2_topk_fisher_false_project_Devign - losses/mse_loss__MIN","layer_10_hook_resid_mid_gpt2_topk_fisher_false_project_Devign - losses/mse_loss__MAX","layer_10_hook_resid_mid_gpt2_jumprelu_fisher_false_project_Devign - losses/mse_loss","layer_10_hook_resid_mid_gpt2_jumprelu_fisher_false_project_Devign - losses/mse_loss__MIN","layer_10_hook_resid_mid_gpt2_jumprelu_fisher_false_project_Devign - losses/mse_loss__MAX","layer_10_hook_resid_mid_gpt2_gated_fisher_false_project_Devign - losses/mse_loss","layer_10_hook_resid_mid_gpt2_gated_fisher_false_project_Devign - losses/mse_loss__MIN","layer_10_hook_resid_mid_gpt2_gated_fisher_false_project_Devign - losses/mse_loss__MAX","layer_10_hook_resid_mid_gpt2_standard_fisher_true_project_Devign - losses/mse_loss","layer_10_hook_resid_mid_gpt2_standard_fisher_true_project_Devign - losses/mse_loss__MIN","layer_10_hook_resid_mid_gpt2_standard_fisher_true_project_Devign - losses/mse_loss__MAX","layer_10_hook_resid_mid_gpt2_topk_fisher_true_project_Devign - losses/mse_loss","layer_10_hook_resid_mid_gpt2_topk_fisher_true_project_Devign - losses/mse_loss__MIN","layer_10_hook_resid_mid_gpt2_topk_fisher_true_project_Devign - losses/mse_loss__MAX","layer_10_hook_resid_mid_gpt2_jumprelu_fisher_true_project_Devign - losses/mse_loss","layer_10_hook_resid_mid_gpt2_jumprelu_fisher_true_project_Devign - losses/mse_loss__MIN","layer_10_hook_resid_mid_gpt2_jumprelu_fisher_true_project_Devign - losses/mse_loss__MAX","layer_10_hook_resid_mid_gpt2_gated_fisher_true_project_Devign - losses/mse_loss","layer_10_hook_resid_mid_gpt2_gated_fisher_true_project_Devign - losses/mse_loss__MIN","layer_10_hook_resid_mid_gpt2_gated_fisher_true_project_Devign - losses/mse_loss__MAX"
"29","8991.4716796875","8991.4716796875","8991.4716796875","28196.267578125","28196.267578125","28196.267578125","8990.9443359375","8990.9443359375","8990.9443359375","9653.2744140625","9653.2744140625","9653.2744140625","8984.4052734375","8984.4052734375","8984.4052734375","28196.263671875","28196.263671875","28196.263671875","8983.8115234375","8983.8115234375","8983.8115234375","9651.46484375","9651.46484375","9651.46484375"
"59","4272.8369140625","4272.8369140625","4272.8369140625","22659.314453125","22659.314453125","22659.314453125","4272.98779296875","4272.98779296875","4272.98779296875","4684.8935546875","4684.8935546875","4684.8935546875","4265.296875","4265.296875","4265.296875","22659.28125","22659.28125","22659.28125","4265.4296875","4265.4296875","4265.4296875","4681.40234375","4681.40234375","4681.40234375"
"89","3492.142333984375","3492.142333984375","3492.142333984375","18305.55078125","18305.55078125","18305.55078125","3492.323974609375","3492.323974609375","3492.323974609375","3924.947998046875","3924.947998046875","3924.947998046875","3485.10986328125","3485.10986328125","3485.10986328125","18305.27734375","18305.27734375","18305.27734375","3485.291748046875","3485.291748046875","3485.291748046875","3922.2705078125","3922.2705078125","3922.2705078125"
"119","3505.218017578125","3505.218017578125","3505.218017578125","17810.669921875","17810.669921875","17810.669921875","3505.405029296875","3505.405029296875","3505.405029296875","3973.40869140625","3973.40869140625","3973.40869140625","3498.566162109375","3498.566162109375","3498.566162109375","17810.732421875","17810.732421875","17810.732421875","3498.749267578125","3498.749267578125","3498.749267578125","3971.4267578125","3971.4267578125","3971.4267578125"
"149","43926.5546875","43926.5546875","43926.5546875","111285.859375","111285.859375","111285.859375","43925.75","43925.75","43925.75","44123.765625","44123.765625","44123.765625","43881.3125","43881.3125","43881.3125","111285.2578125","111285.2578125","111285.2578125","43881.4609375","43881.4609375","43881.4609375","44117.98828125","44117.98828125","44117.98828125"
"179","34641.61328125","34641.61328125","34641.61328125","107331.328125","107331.328125","107331.328125","34640.8125","34640.8125","34640.8125","35826.2578125","35826.2578125","35826.2578125","34590.0625","34590.0625","34590.0625","107331.0546875","107331.0546875","107331.0546875","34590.4765625","34590.4765625","34590.4765625","35819.9375","35819.9375","35819.9375"
"209","2301.1884765625","2301.1884765625","2301.1884765625","11816.36328125","11816.36328125","11816.36328125","2301.45458984375","2301.45458984375","2301.45458984375","2809.57421875","2809.57421875","2809.57421875","2296.4052734375","2296.4052734375","2296.4052734375","11816.2783203125","11816.2783203125","11816.2783203125","2296.62646484375","2296.62646484375","2296.62646484375","2807.831787109375","2807.831787109375","2807.831787109375"
"239","2226.76220703125","2226.76220703125","2226.76220703125","10845.5087890625","10845.5087890625","10845.5087890625","2226.958740234375","2226.958740234375","2226.958740234375","2821.9599609375","2821.9599609375","2821.9599609375","2222.28076171875","2222.28076171875","2222.28076171875","10845.7431640625","10845.7431640625","10845.7431640625","2222.4599609375","2222.4599609375","2222.4599609375","2820.861083984375","2820.861083984375","2820.861083984375"
"269","2197.70751953125","2197.70751953125","2197.70751953125","9258.265625","9258.265625","9258.265625","2198.081298828125","2198.081298828125","2198.081298828125","2599.23974609375","2599.23974609375","2599.23974609375","2193.044189453125","2193.044189453125","2193.044189453125","9257.0458984375","9257.0458984375","9257.0458984375","2193.42578125","2193.42578125","2193.42578125","2598.534912109375","2598.534912109375","2598.534912109375"
"299","2012.958740234375","2012.958740234375","2012.958740234375","8857.982421875","8857.982421875","8857.982421875","2013.215576171875","2013.215576171875","2013.215576171875","2608.867431640625","2608.867431640625","2608.867431640625","2008.837646484375","2008.837646484375","2008.837646484375","8861.142578125","8861.142578125","8861.142578125","2009.0963134765625","2009.0963134765625","2009.0963134765625","2608.091064453125","2608.091064453125","2608.091064453125"
"329","1022.7688598632812","1022.7688598632812","1022.7688598632812","4238.0498046875","4238.0498046875","4238.0498046875","1022.887451171875","1022.887451171875","1022.887451171875","1334.607666015625","1334.607666015625","1334.607666015625","1020.7054443359375","1020.7054443359375","1020.7054443359375","4234.82177734375","4234.82177734375","4234.82177734375","1020.822021484375","1020.822021484375","1020.822021484375","1334.61181640625","1334.61181640625","1334.61181640625"
"359","837.4911499023438","837.4911499023438","837.4911499023438","3873.94921875","3873.94921875","3873.94921875","837.5977172851562","837.5977172851562","837.5977172851562","1191.04150390625","1191.04150390625","1191.04150390625","836.83984375","836.83984375","836.83984375","3874.139892578125","3874.139892578125","3874.139892578125","836.9409790039062","836.9409790039062","836.9409790039062","1191.9246826171875","1191.9246826171875","1191.9246826171875"
"389","875.1512451171875","875.1512451171875","875.1512451171875","4139.14501953125","4139.14501953125","4139.14501953125","875.2592163085938","875.2592163085938","875.2592163085938","1290.7044677734375","1290.7044677734375","1290.7044677734375","877.5921020507812","877.5921020507812","877.5921020507812","4136.0078125","4136.0078125","4136.0078125","877.6792602539062","877.6792602539062","877.6792602539062","1291.317138671875","1291.317138671875","1291.317138671875"
"419","947.3302612304688","947.3302612304688","947.3302612304688","3978.396240234375","3978.396240234375","3978.396240234375","947.4776611328125","947.4776611328125","947.4776611328125","1418.142333984375","1418.142333984375","1418.142333984375","938.2483520507812","938.2483520507812","938.2483520507812","3978.300537109375","3978.300537109375","3978.300537109375","938.3780517578125","938.3780517578125","938.3780517578125","1419.6697998046875","1419.6697998046875","1419.6697998046875"
"449","838.8360595703125","838.8360595703125","838.8360595703125","3854.03271484375","3854.03271484375","3854.03271484375","838.9608154296875","838.9608154296875","838.9608154296875","1301.370849609375","1301.370849609375","1301.370849609375","833.9087524414062","833.9087524414062","833.9087524414062","3852.515625","3852.515625","3852.515625","834.01318359375","834.01318359375","834.01318359375","1303.0736083984375","1303.0736083984375","1303.0736083984375"
"479","815.2874145507812","815.2874145507812","815.2874145507812","3650.357666015625","3650.357666015625","3650.357666015625","815.3923950195312","815.3923950195312","815.3923950195312","1316.9681396484375","1316.9681396484375","1316.9681396484375","812.3931884765625","812.3931884765625","812.3931884765625","3648.614013671875","3648.614013671875","3648.614013671875","812.4791870117188","812.4791870117188","812.4791870117188","1317.90576171875","1317.90576171875","1317.90576171875"
"509","627.0048828125","627.0048828125","627.0048828125","3123.28857421875","3123.28857421875","3123.28857421875","627.0877075195312","627.0877075195312","627.0877075195312","1039.803955078125","1039.803955078125","1039.803955078125","626.5477294921875","626.5477294921875","626.5477294921875","3126.85888671875","3126.85888671875","3126.85888671875","626.606689453125","626.606689453125","626.606689453125","1040.4923095703125","1040.4923095703125","1040.4923095703125"
"539","716.5081176757812","716.5081176757812","716.5081176757812","5616.921875","5616.921875","5616.921875","716.6170043945312","716.6170043945312","716.6170043945312","1237.5137939453125","1237.5137939453125","1237.5137939453125","710.1399536132812","710.1399536132812","710.1399536132812","5614.79931640625","5614.79931640625","5614.79931640625","710.2195434570312","710.2195434570312","710.2195434570312","1238.2646484375","1238.2646484375","1238.2646484375"
"569","689.0756225585938","689.0756225585938","689.0756225585938","3635.196533203125","3635.196533203125","3635.196533203125","689.174072265625","689.174072265625","689.174072265625","1200.031494140625","1200.031494140625","1200.031494140625","682.554443359375","682.554443359375","682.554443359375","3632.732666015625","3632.732666015625","3632.732666015625","682.6405029296875","682.6405029296875","682.6405029296875","1201.474609375","1201.474609375","1201.474609375"
"599","622.6971435546875","622.6971435546875","622.6971435546875","3491.054931640625","3491.054931640625","3491.054931640625","622.781982421875","622.781982421875","622.781982421875","1080.87158203125","1080.87158203125","1080.87158203125","611.3318481445312","611.3318481445312","611.3318481445312","3487.94921875","3487.94921875","3487.94921875","611.4509887695312","611.4509887695312","611.4509887695312","1082.348876953125","1082.348876953125","1082.348876953125"
"629","588.5595092773438","588.5595092773438","588.5595092773438","3541.0849609375","3541.0849609375","3541.0849609375","588.654296875","588.654296875","588.654296875","1116.916748046875","1116.916748046875","1116.916748046875","580.6066284179688","580.6066284179688","580.6066284179688","3540.74365234375","3540.74365234375","3540.74365234375","580.6927490234375","580.6927490234375","580.6927490234375","1118.0509033203125","1118.0509033203125","1118.0509033203125"
"659","457.90966796875","457.90966796875","457.90966796875","2756.865234375","2756.865234375","2756.865234375","458.0021057128906","458.0021057128906","458.0021057128906","883.426513671875","883.426513671875","883.426513671875","451.1274108886719","451.1274108886719","451.1274108886719","2754.846923828125","2754.846923828125","2754.846923828125","451.202880859375","451.202880859375","451.202880859375","884.6997680664062","884.6997680664062","884.6997680664062"
"689","544.9275512695312","544.9275512695312","544.9275512695312","82709.0625","82709.0625","82709.0625","544.9420776367188","544.9420776367188","544.9420776367188","1029.4989013671875","1029.4989013671875","1029.4989013671875","540.1494140625","540.1494140625","540.1494140625","82709.8046875","82709.8046875","82709.8046875","540.266357421875","540.266357421875","540.266357421875","1029.696533203125","1029.696533203125","1029.696533203125"
"719","421.7167053222656","421.7167053222656","421.7167053222656","2476.987060546875","2476.987060546875","2476.987060546875","421.7935791015625","421.7935791015625","421.7935791015625","845.0291137695312","845.0291137695312","845.0291137695312","412.6937255859375","412.6937255859375","412.6937255859375","2479.076171875","2479.076171875","2479.076171875","412.763427734375","412.763427734375","412.763427734375","845.5588989257812","845.5588989257812","845.5588989257812"
"749","427.0443115234375","427.0443115234375","427.0443115234375","2581.872802734375","2581.872802734375","2581.872802734375","427.1242370605469","427.1242370605469","427.1242370605469","875.6068725585938","875.6068725585938","875.6068725585938","415.8217468261719","415.8217468261719","415.8217468261719","2585.378173828125","2585.378173828125","2585.378173828125","415.8899230957031","415.8899230957031","415.8899230957031","876.494384765625","876.494384765625","876.494384765625"
"779","406.5594177246094","406.5594177246094","406.5594177246094","2748.267822265625","2748.267822265625","2748.267822265625","406.638671875","406.638671875","406.638671875","872.3118286132812","872.3118286132812","872.3118286132812","394.9185791015625","394.9185791015625","394.9185791015625","2749.107421875","2749.107421875","2749.107421875","394.9922180175781","394.9922180175781","394.9922180175781","872.8449096679688","872.8449096679688","872.8449096679688"
"809","640.3262329101562","640.3262329101562","640.3262329101562","79789.140625","79789.140625","79789.140625","640.59912109375","640.59912109375","640.59912109375","1375.6988525390625","1375.6988525390625","1375.6988525390625","609.0648193359375","609.0648193359375","609.0648193359375","79788.28125","79788.28125","79788.28125","609.2664794921875","609.2664794921875","609.2664794921875","1375.3511962890625","1375.3511962890625","1375.3511962890625"
"839","402.5985107421875","402.5985107421875","402.5985107421875","2757.364990234375","2757.364990234375","2757.364990234375","402.6799011230469","402.6799011230469","402.6799011230469","898.4493408203125","898.4493408203125","898.4493408203125","389.3620300292969","389.3620300292969","389.3620300292969","2755.407470703125","2755.407470703125","2755.407470703125","389.42633056640625","389.42633056640625","389.42633056640625","899.3626098632812","899.3626098632812","899.3626098632812"
"869","571.9266357421875","571.9266357421875","571.9266357421875","76731.2421875","76731.2421875","76731.2421875","571.90771484375","571.90771484375","571.90771484375","1199.7757568359375","1199.7757568359375","1199.7757568359375","585.4209594726562","585.4209594726562","585.4209594726562","76726.2421875","76726.2421875","76726.2421875","585.482421875","585.482421875","585.482421875","1199.875732421875","1199.875732421875","1199.875732421875"
"899","352.0340576171875","352.0340576171875","352.0340576171875","2662.480224609375","2662.480224609375","2662.480224609375","352.1121520996094","352.1121520996094","352.1121520996094","822.8703002929688","822.8703002929688","822.8703002929688","335.3844909667969","335.3844909667969","335.3844909667969","2665.78076171875","2665.78076171875","2665.78076171875","335.462646484375","335.462646484375","335.462646484375","823.6387939453125","823.6387939453125","823.6387939453125"
"929","407.7126770019531","407.7126770019531","407.7126770019531","3014.102783203125","3014.102783203125","3014.102783203125","407.77880859375","407.77880859375","407.77880859375","947.6115112304688","947.6115112304688","947.6115112304688","394.0760803222656","394.0760803222656","394.0760803222656","3015.956787109375","3015.956787109375","3015.956787109375","394.1575622558594","394.1575622558594","394.1575622558594","948.8800048828125","948.8800048828125","948.8800048828125"
"959","435.4775695800781","435.4775695800781","435.4775695800781","5415.2060546875","5415.2060546875","5415.2060546875","435.5721130371094","435.5721130371094","435.5721130371094","1053.745849609375","1053.745849609375","1053.745849609375","418.8423767089844","418.8423767089844","418.8423767089844","5417.20556640625","5417.20556640625","5417.20556640625","418.92218017578125","418.92218017578125","418.92218017578125","1055.1131591796875","1055.1131591796875","1055.1131591796875"
"989","268.194580078125","268.194580078125","268.194580078125","1781.5465087890625","1781.5465087890625","1781.5465087890625","268.2387390136719","268.2387390136719","268.2387390136719","612.9017333984375","612.9017333984375","612.9017333984375","256.2347412109375","256.2347412109375","256.2347412109375","1783.16650390625","1783.16650390625","1783.16650390625","256.29052734375","256.29052734375","256.29052734375","614.0941772460938","614.0941772460938","614.0941772460938"
"1019","418.31591796875","418.31591796875","418.31591796875","70915.8671875","70915.8671875","70915.8671875","418.2850341796875","418.2850341796875","418.2850341796875","842.0274047851562","842.0274047851562","842.0274047851562","432.7607421875","432.7607421875","432.7607421875","71075.8359375","71075.8359375","71075.8359375","432.5900573730469","432.5900573730469","432.5900573730469","831.1520385742188","831.1520385742188","831.1520385742188"
"1049","181.0770263671875","181.0770263671875","181.0770263671875","1557.3109130859375","1557.3109130859375","1557.3109130859375","181.1183624267578","181.1183624267578","181.1183624267578","469.2980651855469","469.2980651855469","469.2980651855469","177.68821716308594","177.68821716308594","177.68821716308594","1555.6226806640625","1555.6226806640625","1555.6226806640625","177.7189178466797","177.7189178466797","177.7189178466797","470.2574768066406","470.2574768066406","470.2574768066406"
"1079","159.72091674804688","159.72091674804688","159.72091674804688","1231.3883056640625","1231.3883056640625","1231.3883056640625","159.75274658203125","159.75274658203125","159.75274658203125","407.3013916015625","407.3013916015625","407.3013916015625","157.91526794433594","157.91526794433594","157.91526794433594","1232.1339111328125","1232.1339111328125","1232.1339111328125","157.94012451171875","157.94012451171875","157.94012451171875","407.9855041503906","407.9855041503906","407.9855041503906"
"1109","493.2234802246094","493.2234802246094","493.2234802246094","68443.765625","68443.765625","68443.765625","493.2214050292969","493.2214050292969","493.2214050292969","669.5772705078125","669.5772705078125","669.5772705078125","456.4246520996094","456.4246520996094","456.4246520996094","68608.0703125","68608.0703125","68608.0703125","456.6643981933594","456.6643981933594","456.6643981933594","670.2146606445312","670.2146606445312","670.2146606445312"
"1139","198.40147399902344","198.40147399902344","198.40147399902344","1641.9671630859375","1641.9671630859375","1641.9671630859375","198.44444274902344","198.44444274902344","198.44444274902344","566.7356567382812","566.7356567382812","566.7356567382812","194.9432830810547","194.9432830810547","194.9432830810547","1642.31298828125","1642.31298828125","1642.31298828125","194.9580841064453","194.9580841064453","194.9580841064453","567.52734375","567.52734375","567.52734375"
"1169","252.91151428222656","252.91151428222656","252.91151428222656","2359.521240234375","2359.521240234375","2359.521240234375","252.9951629638672","252.9951629638672","252.9951629638672","723.390380859375","723.390380859375","723.390380859375","241.67979431152344","241.67979431152344","241.67979431152344","2357.96923828125","2357.96923828125","2357.96923828125","241.70433044433594","241.70433044433594","241.70433044433594","725.3974609375","725.3974609375","725.3974609375"
"1199","223.5713653564453","223.5713653564453","223.5713653564453","1906.1412353515625","1906.1412353515625","1906.1412353515625","223.61183166503906","223.61183166503906","223.61183166503906","626.6318969726562","626.6318969726562","626.6318969726562","217.08029174804688","217.08029174804688","217.08029174804688","1904.2994384765625","1904.2994384765625","1904.2994384765625","217.11532592773438","217.11532592773438","217.11532592773438","627.9398803710938","627.9398803710938","627.9398803710938"
"1229","392.6044921875","392.6044921875","392.6044921875","128243.6484375","128243.6484375","128243.6484375","392.874755859375","392.874755859375","392.874755859375","774.224365234375","774.224365234375","774.224365234375","342.2996826171875","342.2996826171875","342.2996826171875","128586.7265625","128586.7265625","128586.7265625","342.39129638671875","342.39129638671875","342.39129638671875","769.0963134765625","769.0963134765625","769.0963134765625"
"1259","170.20584106445312","170.20584106445312","170.20584106445312","1632.4375","1632.4375","1632.4375","170.2498016357422","170.2498016357422","170.2498016357422","497.6095275878906","497.6095275878906","497.6095275878906","163.10597229003906","163.10597229003906","163.10597229003906","1634.5072021484375","1634.5072021484375","1634.5072021484375","163.1192169189453","163.1192169189453","163.1192169189453","498.8054504394531","498.8054504394531","498.8054504394531"
"1289","150.65325927734375","150.65325927734375","150.65325927734375","1475.6171875","1475.6171875","1475.6171875","150.6979522705078","150.6979522705078","150.6979522705078","473.72967529296875","473.72967529296875","473.72967529296875","145.74203491210938","145.74203491210938","145.74203491210938","1475.14501953125","1475.14501953125","1475.14501953125","145.75454711914062","145.75454711914062","145.75454711914062","474.6678161621094","474.6678161621094","474.6678161621094"
"1319","159.31455993652344","159.31455993652344","159.31455993652344","2794.459716796875","2794.459716796875","2794.459716796875","159.35264587402344","159.35264587402344","159.35264587402344","502.89593505859375","502.89593505859375","502.89593505859375","164.7323760986328","164.7323760986328","164.7323760986328","2794.86376953125","2794.86376953125","2794.86376953125","164.7472686767578","164.7472686767578","164.7472686767578","504.1121826171875","504.1121826171875","504.1121826171875"
"1349","155.3922576904297","155.3922576904297","155.3922576904297","1514.83837890625","1514.83837890625","1514.83837890625","155.43028259277344","155.43028259277344","155.43028259277344","482.0088806152344","482.0088806152344","482.0088806152344","148.67445373535156","148.67445373535156","148.67445373535156","1520.7174072265625","1520.7174072265625","1520.7174072265625","148.70611572265625","148.70611572265625","148.70611572265625","483.2086181640625","483.2086181640625","483.2086181640625"
"1379","145.31211853027344","145.31211853027344","145.31211853027344","1438.076171875","1438.076171875","1438.076171875","145.3421630859375","145.3421630859375","145.3421630859375","463.8105773925781","463.8105773925781","463.8105773925781","146.14796447753906","146.14796447753906","146.14796447753906","1434.044921875","1434.044921875","1434.044921875","146.1513214111328","146.1513214111328","146.1513214111328","464.7035827636719","464.7035827636719","464.7035827636719"
"1409","115.66041564941406","115.66041564941406","115.66041564941406","1276.7579345703125","1276.7579345703125","1276.7579345703125","115.69276428222656","115.69276428222656","115.69276428222656","407.2662048339844","407.2662048339844","407.2662048339844","114.28813934326172","114.28813934326172","114.28813934326172","1274.75439453125","1274.75439453125","1274.75439453125","114.29405975341797","114.29405975341797","114.29405975341797","407.98858642578125","407.98858642578125","407.98858642578125"
"1439","130.8030242919922","130.8030242919922","130.8030242919922","1421.659912109375","1421.659912109375","1421.659912109375","130.842529296875","130.842529296875","130.842529296875","443.47161865234375","443.47161865234375","443.47161865234375","126.63031005859375","126.63031005859375","126.63031005859375","1420.890380859375","1420.890380859375","1420.890380859375","126.6474609375","126.6474609375","126.6474609375","444.25982666015625","444.25982666015625","444.25982666015625"
"1469","130.6962890625","130.6962890625","130.6962890625","1412.5777587890625","1412.5777587890625","1412.5777587890625","130.73492431640625","130.73492431640625","130.73492431640625","456.83648681640625","456.83648681640625","456.83648681640625","126.9767074584961","126.9767074584961","126.9767074584961","1407.20654296875","1407.20654296875","1407.20654296875","127.00115966796875","127.00115966796875","127.00115966796875","457.58984375","457.58984375","457.58984375"
"1499","144.39256286621094","144.39256286621094","144.39256286621094","1550.63720703125","1550.63720703125","1550.63720703125","144.43846130371094","144.43846130371094","144.43846130371094","496.0509948730469","496.0509948730469","496.0509948730469","134.95361328125","134.95361328125","134.95361328125","1554.0391845703125","1554.0391845703125","1554.0391845703125","134.95616149902344","134.95616149902344","134.95616149902344","497.8221740722656","497.8221740722656","497.8221740722656"
"1529","92.42585754394531","92.42585754394531","92.42585754394531","1114.5816650390625","1114.5816650390625","1114.5816650390625","92.4498291015625","92.4498291015625","92.4498291015625","326.3719787597656","326.3719787597656","326.3719787597656","90.32538604736328","90.32538604736328","90.32538604736328","1121.654541015625","1121.654541015625","1121.654541015625","90.3406753540039","90.3406753540039","90.3406753540039","326.7608337402344","326.7608337402344","326.7608337402344"
"1559","97.6177749633789","97.6177749633789","97.6177749633789","1189.4482421875","1189.4482421875","1189.4482421875","97.64488220214844","97.64488220214844","97.64488220214844","364.79791259765625","364.79791259765625","364.79791259765625","97.97701263427734","97.97701263427734","97.97701263427734","1193.16064453125","1193.16064453125","1193.16064453125","97.99518585205078","97.99518585205078","97.99518585205078","365.3182678222656","365.3182678222656","365.3182678222656"
"1589","124.75218200683594","124.75218200683594","124.75218200683594","1391.146728515625","1391.146728515625","1391.146728515625","124.78987121582031","124.78987121582031","124.78987121582031","447.46185302734375","447.46185302734375","447.46185302734375","118.9979248046875","118.9979248046875","118.9979248046875","1393.837158203125","1393.837158203125","1393.837158203125","119.02806091308594","119.02806091308594","119.02806091308594","448.5787658691406","448.5787658691406","448.5787658691406"
"1619","135.03501892089844","135.03501892089844","135.03501892089844","2753.071533203125","2753.071533203125","2753.071533203125","135.08314514160156","135.08314514160156","135.08314514160156","483.62945556640625","483.62945556640625","483.62945556640625","126.10397338867188","126.10397338867188","126.10397338867188","2757.177490234375","2757.177490234375","2757.177490234375","126.10356903076172","126.10356903076172","126.10356903076172","484.13421630859375","484.13421630859375","484.13421630859375"
"1649","69.64763641357422","69.64763641357422","69.64763641357422","1948.860595703125","1948.860595703125","1948.860595703125","69.66233825683594","69.66233825683594","69.66233825683594","244.9784393310547","244.9784393310547","244.9784393310547","71.01561737060547","71.01561737060547","71.01561737060547","1965.6143798828125","1965.6143798828125","1965.6143798828125","71.0344009399414","71.0344009399414","71.0344009399414","245.57725524902344","245.57725524902344","245.57725524902344"
"1679","50.18408203125","50.18408203125","50.18408203125","570.800048828125","570.800048828125","570.800048828125","50.19831466674805","50.19831466674805","50.19831466674805","207.29006958007812","207.29006958007812","207.29006958007812","56.14693069458008","56.14693069458008","56.14693069458008","569.7296752929688","569.7296752929688","569.7296752929688","56.13892364501953","56.13892364501953","56.13892364501953","207.55239868164062","207.55239868164062","207.55239868164062"
"1709","54.23495101928711","54.23495101928711","54.23495101928711","615.68017578125","615.68017578125","615.68017578125","54.25284957885742","54.25284957885742","54.25284957885742","220.04351806640625","220.04351806640625","220.04351806640625","58.76363754272461","58.76363754272461","58.76363754272461","617.8413696289062","617.8413696289062","617.8413696289062","58.76018524169922","58.76018524169922","58.76018524169922","220.78964233398438","220.78964233398438","220.78964233398438"
"1739","55.05637741088867","55.05637741088867","55.05637741088867","632.41015625","632.41015625","632.41015625","55.07391357421875","55.07391357421875","55.07391357421875","210.89878845214844","210.89878845214844","210.89878845214844","54.64623260498047","54.64623260498047","54.64623260498047","632.4915771484375","632.4915771484375","632.4915771484375","54.63645553588867","54.63645553588867","54.63645553588867","212.1318359375","212.1318359375","212.1318359375"
"1769","52.055145263671875","52.055145263671875","52.055145263671875","578.983642578125","578.983642578125","578.983642578125","52.066200256347656","52.066200256347656","52.066200256347656","212.4784393310547","212.4784393310547","212.4784393310547","54.859375","54.859375","54.859375","575.1075439453125","575.1075439453125","575.1075439453125","54.86091995239258","54.86091995239258","54.86091995239258","213.14056396484375","213.14056396484375","213.14056396484375"
"1799","62.04193115234375","62.04193115234375","62.04193115234375","829.1639404296875","829.1639404296875","829.1639404296875","62.06161880493164","62.06161880493164","62.06161880493164","280.35797119140625","280.35797119140625","280.35797119140625","66.14275360107422","66.14275360107422","66.14275360107422","822.6979370117188","822.6979370117188","822.6979370117188","66.160400390625","66.160400390625","66.160400390625","281.755615234375","281.755615234375","281.755615234375"
"1829","110.11067199707031","110.11067199707031","110.11067199707031","1306.76416015625","1306.76416015625","1306.76416015625","110.13922882080078","110.13922882080078","110.13922882080078","464.6228332519531","464.6228332519531","464.6228332519531","114.09505462646484","114.09505462646484","114.09505462646484","1318.10546875","1318.10546875","1318.10546875","114.07051849365234","114.07051849365234","114.07051849365234","466.71240234375","466.71240234375","466.71240234375"
"1859","77.94978332519531","77.94978332519531","77.94978332519531","885.2592163085938","885.2592163085938","885.2592163085938","77.9665756225586","77.9665756225586","77.9665756225586","299.8479919433594","299.8479919433594","299.8479919433594","79.20117950439453","79.20117950439453","79.20117950439453","890.4423217773438","890.4423217773438","890.4423217773438","79.19405364990234","79.19405364990234","79.19405364990234","301.0911560058594","301.0911560058594","301.0911560058594"
"1889","57.74544143676758","57.74544143676758","57.74544143676758","524.8519287109375","524.8519287109375","524.8519287109375","57.75893783569336","57.75893783569336","57.75893783569336","223.65362548828125","223.65362548828125","223.65362548828125","62.122314453125","62.122314453125","62.122314453125","523.3989868164062","523.3989868164062","523.3989868164062","62.13518524169922","62.13518524169922","62.13518524169922","224.51315307617188","224.51315307617188","224.51315307617188"
"1919","51.46561050415039","51.46561050415039","51.46561050415039","1602.876220703125","1602.876220703125","1602.876220703125","51.47598648071289","51.47598648071289","51.47598648071289","233.2515106201172","233.2515106201172","233.2515106201172","56.78952407836914","56.78952407836914","56.78952407836914","1609.6727294921875","1609.6727294921875","1609.6727294921875","56.77646255493164","56.77646255493164","56.77646255493164","233.915771484375","233.915771484375","233.915771484375"
"1949","50.18654251098633","50.18654251098633","50.18654251098633","627.3657836914062","627.3657836914062","627.3657836914062","50.20891571044922","50.20891571044922","50.20891571044922","208.16204833984375","208.16204833984375","208.16204833984375","53.2349739074707","53.2349739074707","53.2349739074707","628.391845703125","628.391845703125","628.391845703125","53.230804443359375","53.230804443359375","53.230804443359375","209.098388671875","209.098388671875","209.098388671875"
"1979","55.29094696044922","55.29094696044922","55.29094696044922","814.8792114257812","814.8792114257812","814.8792114257812","55.31021499633789","55.31021499633789","55.31021499633789","237.52235412597656","237.52235412597656","237.52235412597656","54.822357177734375","54.822357177734375","54.822357177734375","819.361083984375","819.361083984375","819.361083984375","54.82386779785156","54.82386779785156","54.82386779785156","238.5669403076172","238.5669403076172","238.5669403076172"
"2009","43.62662887573242","43.62662887573242","43.62662887573242","562.8804321289062","562.8804321289062","562.8804321289062","43.63787841796875","43.63787841796875","43.63787841796875","210.78619384765625","210.78619384765625","210.78619384765625","46.519813537597656","46.519813537597656","46.519813537597656","567.2898559570312","567.2898559570312","567.2898559570312","46.5224609375","46.5224609375","46.5224609375","211.93704223632812","211.93704223632812","211.93704223632812"
"2039","45.26059341430664","45.26059341430664","45.26059341430664","644.4859008789062","644.4859008789062","644.4859008789062","45.2763671875","45.2763671875","45.2763671875","224.86729431152344","224.86729431152344","224.86729431152344","46.63127899169922","46.63127899169922","46.63127899169922","646.4476928710938","646.4476928710938","646.4476928710938","46.642547607421875","46.642547607421875","46.642547607421875","225.82424926757812","225.82424926757812","225.82424926757812"
"2069","47.6020393371582","47.6020393371582","47.6020393371582","731.472900390625","731.472900390625","731.472900390625","47.62362289428711","47.62362289428711","47.62362289428711","240.8943634033203","240.8943634033203","240.8943634033203","51.80966567993164","51.80966567993164","51.80966567993164","729.1708984375","729.1708984375","729.1708984375","51.80186462402344","51.80186462402344","51.80186462402344","241.98703002929688","241.98703002929688","241.98703002929688"
"2099","84.38017272949219","84.38017272949219","84.38017272949219","1150.3602294921875","1150.3602294921875","1150.3602294921875","84.40804290771484","84.40804290771484","84.40804290771484","405.1900634765625","405.1900634765625","405.1900634765625","92.8885498046875","92.8885498046875","92.8885498046875","1161.91259765625","1161.91259765625","1161.91259765625","92.90980529785156","92.90980529785156","92.90980529785156","407.1352233886719","407.1352233886719","407.1352233886719"
"2129","41.05624008178711","41.05624008178711","41.05624008178711","543.2566528320312","543.2566528320312","543.2566528320312","41.070926666259766","41.070926666259766","41.070926666259766","203.25245666503906","203.25245666503906","203.25245666503906","44.97030258178711","44.97030258178711","44.97030258178711","540.2557983398438","540.2557983398438","540.2557983398438","44.972206115722656","44.972206115722656","44.972206115722656","204.0965118408203","204.0965118408203","204.0965118408203"
"2159","23.068866729736328","23.068866729736328","23.068866729736328","312.5111389160156","312.5111389160156","312.5111389160156","23.0786075592041","23.0786075592041","23.0786075592041","112.7154769897461","112.7154769897461","112.7154769897461","24.69314956665039","24.69314956665039","24.69314956665039","313.8865661621094","313.8865661621094","313.8865661621094","24.687965393066406","24.687965393066406","24.687965393066406","113.2030029296875","113.2030029296875","113.2030029296875"
"2189","47.765804290771484","47.765804290771484","47.765804290771484","683.4681396484375","683.4681396484375","683.4681396484375","47.782981872558594","47.782981872558594","47.782981872558594","243.5381622314453","243.5381622314453","243.5381622314453","54.62961196899414","54.62961196899414","54.62961196899414","687.0785522460938","687.0785522460938","687.0785522460938","54.658592224121094","54.658592224121094","54.658592224121094","244.59835815429688","244.59835815429688","244.59835815429688"
"2219","34.43199157714844","34.43199157714844","34.43199157714844","524.0845947265625","524.0845947265625","524.0845947265625","34.450313568115234","34.450313568115234","34.450313568115234","191.4607391357422","191.4607391357422","191.4607391357422","38.63681411743164","38.63681411743164","38.63681411743164","527.80078125","527.80078125","527.80078125","38.67570114135742","38.67570114135742","38.67570114135742","192.14027404785156","192.14027404785156","192.14027404785156"
"2249","36.1693229675293","36.1693229675293","36.1693229675293","550.0296630859375","550.0296630859375","550.0296630859375","36.17518615722656","36.17518615722656","36.17518615722656","191.8465576171875","191.8465576171875","191.8465576171875","43.45759582519531","43.45759582519531","43.45759582519531","549.7669677734375","549.7669677734375","549.7669677734375","43.44762420654297","43.44762420654297","43.44762420654297","192.60145568847656","192.60145568847656","192.60145568847656"
"2279","52.48948287963867","52.48948287963867","52.48948287963867","775.6862182617188","775.6862182617188","775.6862182617188","52.50880813598633","52.50880813598633","52.50880813598633","289.8586120605469","289.8586120605469","289.8586120605469","57.91337203979492","57.91337203979492","57.91337203979492","780.939697265625","780.939697265625","780.939697265625","57.93242645263672","57.93242645263672","57.93242645263672","291.67724609375","291.67724609375","291.67724609375"
"2309","36.335628509521484","36.335628509521484","36.335628509521484","537.9518432617188","537.9518432617188","537.9518432617188","36.35689163208008","36.35689163208008","36.35689163208008","215.7822265625","215.7822265625","215.7822265625","41.39550018310547","41.39550018310547","41.39550018310547","539.6103515625","539.6103515625","539.6103515625","41.37567901611328","41.37567901611328","41.37567901611328","217.13511657714844","217.13511657714844","217.13511657714844"
"2339","25.807626724243164","25.807626724243164","25.807626724243164","919.6668701171875","919.6668701171875","919.6668701171875","25.80461311340332","25.80461311340332","25.80461311340332","133.57113647460938","133.57113647460938","133.57113647460938","31.733434677124023","31.733434677124023","31.733434677124023","931.7255859375","931.7255859375","931.7255859375","31.739580154418945","31.739580154418945","31.739580154418945","134.28955078125","134.28955078125","134.28955078125"
"2369","35.61579895019531","35.61579895019531","35.61579895019531","1529.0953369140625","1529.0953369140625","1529.0953369140625","35.62448501586914","35.62448501586914","35.62448501586914","182.8045196533203","182.8045196533203","182.8045196533203","43.84477615356445","43.84477615356445","43.84477615356445","1537.4071044921875","1537.4071044921875","1537.4071044921875","43.83605194091797","43.83605194091797","43.83605194091797","183.58331298828125","183.58331298828125","183.58331298828125"
"2399","43.04330825805664","43.04330825805664","43.04330825805664","1103.7545166015625","1103.7545166015625","1103.7545166015625","43.04542541503906","43.04542541503906","43.04542541503906","243.0251922607422","243.0251922607422","243.0251922607422","54.416542053222656","54.416542053222656","54.416542053222656","1101.3846435546875","1101.3846435546875","1101.3846435546875","54.44975280761719","54.44975280761719","54.44975280761719","243.8309326171875","243.8309326171875","243.8309326171875"
"2429","16.041358947753906","16.041358947753906","16.041358947753906","243.36746215820312","243.36746215820312","243.36746215820312","16.044958114624023","16.044958114624023","16.044958114624023","99.68663024902344","99.68663024902344","99.68663024902344","18.820276260375977","18.820276260375977","18.820276260375977","245.38177490234375","245.38177490234375","245.38177490234375","18.805309295654297","18.805309295654297","18.805309295654297","100.5080337524414","100.5080337524414","100.5080337524414"
"2459","22.41134262084961","22.41134262084961","22.41134262084961","357.9287109375","357.9287109375","357.9287109375","22.41700553894043","22.41700553894043","22.41700553894043","137.04954528808594","137.04954528808594","137.04954528808594","27.8297061920166","27.8297061920166","27.8297061920166","360.3131103515625","360.3131103515625","360.3131103515625","27.819435119628906","27.819435119628906","27.819435119628906","137.70384216308594","137.70384216308594","137.70384216308594"
"2489","33.323829650878906","33.323829650878906","33.323829650878906","528.8239135742188","528.8239135742188","528.8239135742188","33.32783126831055","33.32783126831055","33.32783126831055","192.63381958007812","192.63381958007812","192.63381958007812","39.65609359741211","39.65609359741211","39.65609359741211","529.1229858398438","529.1229858398438","529.1229858398438","39.672122955322266","39.672122955322266","39.672122955322266","194.02980041503906","194.02980041503906","194.02980041503906"
"2519","26.725351333618164","26.725351333618164","26.725351333618164","465.07275390625","465.07275390625","465.07275390625","26.73540496826172","26.73540496826172","26.73540496826172","165.855224609375","165.855224609375","165.855224609375","31.340927124023438","31.340927124023438","31.340927124023438","467.07061767578125","467.07061767578125","467.07061767578125","31.359201431274414","31.359201431274414","31.359201431274414","166.96034240722656","166.96034240722656","166.96034240722656"
"2549","30.53846549987793","30.53846549987793","30.53846549987793","496.59716796875","496.59716796875","496.59716796875","30.54788589477539","30.54788589477539","30.54788589477539","199.7078857421875","199.7078857421875","199.7078857421875","38.25860595703125","38.25860595703125","38.25860595703125","492.0313415527344","492.0313415527344","492.0313415527344","38.26276397705078","38.26276397705078","38.26276397705078","201.41714477539062","201.41714477539062","201.41714477539062"
"2579","19.51957893371582","19.51957893371582","19.51957893371582","662.1458740234375","662.1458740234375","662.1458740234375","19.52004623413086","19.52004623413086","19.52004623413086","110.6049575805664","110.6049575805664","110.6049575805664","23.85346221923828","23.85346221923828","23.85346221923828","666.5879516601562","666.5879516601562","666.5879516601562","23.871095657348633","23.871095657348633","23.871095657348633","110.98955535888672","110.98955535888672","110.98955535888672"
"2609","21.17857551574707","21.17857551574707","21.17857551574707","353.6739501953125","353.6739501953125","353.6739501953125","21.18640899658203","21.18640899658203","21.18640899658203","135.64651489257812","135.64651489257812","135.64651489257812","26.41588592529297","26.41588592529297","26.41588592529297","352.9363098144531","352.9363098144531","352.9363098144531","26.409496307373047","26.409496307373047","26.409496307373047","136.90025329589844","136.90025329589844","136.90025329589844"
"2639","15.26684284210205","15.26684284210205","15.26684284210205","285.08819580078125","285.08819580078125","285.08819580078125","15.266462326049805","15.266462326049805","15.266462326049805","100.20952606201172","100.20952606201172","100.20952606201172","18.779008865356445","18.779008865356445","18.779008865356445","283.36883544921875","283.36883544921875","283.36883544921875","18.78565788269043","18.78565788269043","18.78565788269043","100.76044464111328","100.76044464111328","100.76044464111328"
"2669","20.01435661315918","20.01435661315918","20.01435661315918","360.3172302246094","360.3172302246094","360.3172302246094","20.02166748046875","20.02166748046875","20.02166748046875","141.72442626953125","141.72442626953125","141.72442626953125","26.20076560974121","26.20076560974121","26.20076560974121","364.5038146972656","364.5038146972656","364.5038146972656","26.227020263671875","26.227020263671875","26.227020263671875","142.8424072265625","142.8424072265625","142.8424072265625"
"2699","25.12674903869629","25.12674903869629","25.12674903869629","472.991943359375","472.991943359375","472.991943359375","25.125553131103516","25.125553131103516","25.125553131103516","168.40647888183594","168.40647888183594","168.40647888183594","30.789945602416992","30.789945602416992","30.789945602416992","472.72955322265625","472.72955322265625","472.72955322265625","30.78091812133789","30.78091812133789","30.78091812133789","169.45306396484375","169.45306396484375","169.45306396484375"
"2729","30.7128849029541","30.7128849029541","30.7128849029541","691.7725830078125","691.7725830078125","691.7725830078125","30.715604782104492","30.715604782104492","30.715604782104492","207.36659240722656","207.36659240722656","207.36659240722656","36.88412094116211","36.88412094116211","36.88412094116211","700.8751220703125","700.8751220703125","700.8751220703125","36.87886428833008","36.87886428833008","36.87886428833008","208.7183380126953","208.7183380126953","208.7183380126953"
"2759","12.961005210876465","12.961005210876465","12.961005210876465","210.17893981933594","210.17893981933594","210.17893981933594","12.964884757995605","12.964884757995605","12.964884757995605","83.77903747558594","83.77903747558594","83.77903747558594","15.76305103302002","15.76305103302002","15.76305103302002","210.405029296875","210.405029296875","210.405029296875","15.764304161071777","15.764304161071777","15.764304161071777","84.40144348144531","84.40144348144531","84.40144348144531"
"2789","27.351165771484375","27.351165771484375","27.351165771484375","357.26947021484375","357.26947021484375","357.26947021484375","27.355215072631836","27.355215072631836","27.355215072631836","133.3608856201172","133.3608856201172","133.3608856201172","30.965900421142578","30.965900421142578","30.965900421142578","359.6851501464844","359.6851501464844","359.6851501464844","30.954914093017578","30.954914093017578","30.954914093017578","133.9987335205078","133.9987335205078","133.9987335205078"
"2819","17.339759826660156","17.339759826660156","17.339759826660156","349.167724609375","349.167724609375","349.167724609375","17.344703674316406","17.344703674316406","17.344703674316406","133.07742309570312","133.07742309570312","133.07742309570312","23.97237777709961","23.97237777709961","23.97237777709961","345.44085693359375","345.44085693359375","345.44085693359375","23.945707321166992","23.945707321166992","23.945707321166992","133.9802703857422","133.9802703857422","133.9802703857422"
"2849","27.920761108398438","27.920761108398438","27.920761108398438","477.3800354003906","477.3800354003906","477.3800354003906","27.928884506225586","27.928884506225586","27.928884506225586","198.72190856933594","198.72190856933594","198.72190856933594","37.07577896118164","37.07577896118164","37.07577896118164","482.3421630859375","482.3421630859375","482.3421630859375","37.05419921875","37.05419921875","37.05419921875","200.2092742919922","200.2092742919922","200.2092742919922"
"2879","16.838165283203125","16.838165283203125","16.838165283203125","451.50811767578125","451.50811767578125","451.50811767578125","16.848140716552734","16.848140716552734","16.848140716552734","109.7452621459961","109.7452621459961","109.7452621459961","22.198381423950195","22.198381423950195","22.198381423950195","456.01165771484375","456.01165771484375","456.01165771484375","22.208683013916016","22.208683013916016","22.208683013916016","110.50484466552734","110.50484466552734","110.50484466552734"
"2909","16.876102447509766","16.876102447509766","16.876102447509766","320.37603759765625","320.37603759765625","320.37603759765625","16.89260482788086","16.89260482788086","16.89260482788086","115.20335388183594","115.20335388183594","115.20335388183594","20.785165786743164","20.785165786743164","20.785165786743164","319.1215515136719","319.1215515136719","319.1215515136719","20.811016082763672","20.811016082763672","20.811016082763672","115.76642608642578","115.76642608642578","115.76642608642578"
"2939","8.677915573120117","8.677915573120117","8.677915573120117","161.82118225097656","161.82118225097656","161.82118225097656","8.683806419372559","8.683806419372559","8.683806419372559","69.44800567626953","69.44800567626953","69.44800567626953","11.119987487792969","11.119987487792969","11.119987487792969","165.3280487060547","165.3280487060547","165.3280487060547","11.116037368774414","11.116037368774414","11.116037368774414","70.01815032958984","70.01815032958984","70.01815032958984"
"2969","13.785306930541992","13.785306930541992","13.785306930541992","402.1364440917969","402.1364440917969","402.1364440917969","13.79159927368164","13.79159927368164","13.79159927368164","110.6678466796875","110.6678466796875","110.6678466796875","19.810983657836914","19.810983657836914","19.810983657836914","403.0944519042969","403.0944519042969","403.0944519042969","19.797958374023438","19.797958374023438","19.797958374023438","111.48670959472656","111.48670959472656","111.48670959472656"
"2999","8.863117218017578","8.863117218017578","8.863117218017578","203.18792724609375","203.18792724609375","203.18792724609375","8.867252349853516","8.867252349853516","8.867252349853516","85.67267608642578","85.67267608642578","85.67267608642578","12.966171264648438","12.966171264648438","12.966171264648438","200.48757934570312","200.48757934570312","200.48757934570312","12.96932601928711","12.96932601928711","12.96932601928711","86.1352310180664","86.1352310180664","86.1352310180664"
"3029","19.330528259277344","19.330528259277344","19.330528259277344","453.5738830566406","453.5738830566406","453.5738830566406","19.31509017944336","19.31509017944336","19.31509017944336","111.00091552734375","111.00091552734375","111.00091552734375","23.274248123168945","23.274248123168945","23.274248123168945","455.7132263183594","455.7132263183594","455.7132263183594","23.284095764160156","23.284095764160156","23.284095764160156","111.76412963867188","111.76412963867188","111.76412963867188"
"3059","21.059749603271484","21.059749603271484","21.059749603271484","273.4882507324219","273.4882507324219","273.4882507324219","21.035429000854492","21.035429000854492","21.035429000854492","114.74736022949219","114.74736022949219","114.74736022949219","20.826887130737305","20.826887130737305","20.826887130737305","272.58544921875","272.58544921875","272.58544921875","20.841365814208984","20.841365814208984","20.841365814208984","115.8012466430664","115.8012466430664","115.8012466430664"
"3089","8.195015907287598","8.195015907287598","8.195015907287598","178.25027465820312","178.25027465820312","178.25027465820312","8.203377723693848","8.203377723693848","8.203377723693848","81.36312103271484","81.36312103271484","81.36312103271484","10.55825424194336","10.55825424194336","10.55825424194336","178.8783721923828","178.8783721923828","178.8783721923828","10.551339149475098","10.551339149475098","10.551339149475098","82.1391372680664","82.1391372680664","82.1391372680664"
"3119","10.329654693603516","10.329654693603516","10.329654693603516","216.17881774902344","216.17881774902344","216.17881774902344","10.338541984558105","10.338541984558105","10.338541984558105","99.12076568603516","99.12076568603516","99.12076568603516","13.909685134887695","13.909685134887695","13.909685134887695","217.8710479736328","217.8710479736328","217.8710479736328","13.919026374816895","13.919026374816895","13.919026374816895","99.86089324951172","99.86089324951172","99.86089324951172"
"3149","8.286211013793945","8.286211013793945","8.286211013793945","168.26747131347656","168.26747131347656","168.26747131347656","8.287026405334473","8.287026405334473","8.287026405334473","72.06481170654297","72.06481170654297","72.06481170654297","11.535645484924316","11.535645484924316","11.535645484924316","166.93983459472656","166.93983459472656","166.93983459472656","11.517447471618652","11.517447471618652","11.517447471618652","72.45878601074219","72.45878601074219","72.45878601074219"
"3179","9.77994441986084","9.77994441986084","9.77994441986084","169.44125366210938","169.44125366210938","169.44125366210938","9.777137756347656","9.777137756347656","9.777137756347656","79.64900207519531","79.64900207519531","79.64900207519531","13.656987190246582","13.656987190246582","13.656987190246582","166.7626495361328","166.7626495361328","166.7626495361328","13.658076286315918","13.658076286315918","13.658076286315918","80.16609191894531","80.16609191894531","80.16609191894531"
"3209","17.31606674194336","17.31606674194336","17.31606674194336","308.9190979003906","308.9190979003906","308.9190979003906","17.304582595825195","17.304582595825195","17.304582595825195","137.3817138671875","137.3817138671875","137.3817138671875","23.169864654541016","23.169864654541016","23.169864654541016","307.5498046875","307.5498046875","307.5498046875","23.15021514892578","23.15021514892578","23.15021514892578","138.48045349121094","138.48045349121094","138.48045349121094"
"3239","10.88871955871582","10.88871955871582","10.88871955871582","212.21206665039062","212.21206665039062","212.21206665039062","10.892592430114746","10.892592430114746","10.892592430114746","92.82328796386719","92.82328796386719","92.82328796386719","16.328407287597656","16.328407287597656","16.328407287597656","212.71388244628906","212.71388244628906","212.71388244628906","16.336591720581055","16.336591720581055","16.336591720581055","93.35796356201172","93.35796356201172","93.35796356201172"
"3269","12.263684272766113","12.263684272766113","12.263684272766113","213.8250732421875","213.8250732421875","213.8250732421875","12.261114120483398","12.261114120483398","12.261114120483398","103.62193298339844","103.62193298339844","103.62193298339844","15.434993743896484","15.434993743896484","15.434993743896484","210.18118286132812","210.18118286132812","210.18118286132812","15.417360305786133","15.417360305786133","15.417360305786133","104.72232055664062","104.72232055664062","104.72232055664062"
"3299","11.27603530883789","11.27603530883789","11.27603530883789","236.91793823242188","236.91793823242188","236.91793823242188","11.277606010437012","11.277606010437012","11.277606010437012","99.77721405029297","99.77721405029297","99.77721405029297","15.537914276123047","15.537914276123047","15.537914276123047","239.3907012939453","239.3907012939453","239.3907012939453","15.531888008117676","15.531888008117676","15.531888008117676","100.26078796386719","100.26078796386719","100.26078796386719"
"3329","12.940813064575195","12.940813064575195","12.940813064575195","292.8048400878906","292.8048400878906","292.8048400878906","12.944777488708496","12.944777488708496","12.944777488708496","125.12049865722656","125.12049865722656","125.12049865722656","19.4974308013916","19.4974308013916","19.4974308013916","297.8445129394531","297.8445129394531","297.8445129394531","19.474977493286133","19.474977493286133","19.474977493286133","126.2600326538086","126.2600326538086","126.2600326538086"
"3359","11.065177917480469","11.065177917480469","11.065177917480469","260.1997375488281","260.1997375488281","260.1997375488281","11.066811561584473","11.066811561584473","11.066811561584473","95.02728271484375","95.02728271484375","95.02728271484375","16.05088233947754","16.05088233947754","16.05088233947754","258.77703857421875","258.77703857421875","258.77703857421875","16.042940139770508","16.042940139770508","16.042940139770508","95.9137191772461","95.9137191772461","95.9137191772461"
"3389","5.319704532623291","5.319704532623291","5.319704532623291","118.34117889404297","118.34117889404297","118.34117889404297","5.323431491851807","5.323431491851807","5.323431491851807","58.165042877197266","58.165042877197266","58.165042877197266","7.690349102020264","7.690349102020264","7.690349102020264","117.68732452392578","117.68732452392578","117.68732452392578","7.69346284866333","7.69346284866333","7.69346284866333","58.39448928833008","58.39448928833008","58.39448928833008"
"3419","10.06549072265625","10.06549072265625","10.06549072265625","203.57223510742188","203.57223510742188","203.57223510742188","10.067930221557617","10.067930221557617","10.067930221557617","97.27783203125","97.27783203125","97.27783203125","12.860565185546875","12.860565185546875","12.860565185546875","206.5925750732422","206.5925750732422","206.5925750732422","12.879849433898926","12.879849433898926","12.879849433898926","98.10356140136719","98.10356140136719","98.10356140136719"
"3449","7.590699195861816","7.590699195861816","7.590699195861816","160.5417022705078","160.5417022705078","160.5417022705078","7.606330871582031","7.606330871582031","7.606330871582031","73.47516632080078","73.47516632080078","73.47516632080078","11.31338882446289","11.31338882446289","11.31338882446289","162.5663604736328","162.5663604736328","162.5663604736328","11.322497367858887","11.322497367858887","11.322497367858887","73.9284439086914","73.9284439086914","73.9284439086914"
"3479","8.766413688659668","8.766413688659668","8.766413688659668","193.4140625","193.4140625","193.4140625","8.774828910827637","8.774828910827637","8.774828910827637","88.48163604736328","88.48163604736328","88.48163604736328","12.830890655517578","12.830890655517578","12.830890655517578","194.08929443359375","194.08929443359375","194.08929443359375","12.825611114501953","12.825611114501953","12.825611114501953","89.24212646484375","89.24212646484375","89.24212646484375"
"3509","14.890250205993652","14.890250205993652","14.890250205993652","312.2708435058594","312.2708435058594","312.2708435058594","14.894389152526855","14.894389152526855","14.894389152526855","129.9835968017578","129.9835968017578","129.9835968017578","21.24268913269043","21.24268913269043","21.24268913269043","308.9482421875","308.9482421875","308.9482421875","21.230712890625","21.230712890625","21.230712890625","130.70152282714844","130.70152282714844","130.70152282714844"
"3539","14.246980667114258","14.246980667114258","14.246980667114258","253.97471618652344","253.97471618652344","253.97471618652344","14.26672077178955","14.26672077178955","14.26672077178955","110.2902603149414","110.2902603149414","110.2902603149414","17.55875015258789","17.55875015258789","17.55875015258789","253.17962646484375","253.17962646484375","253.17962646484375","17.575952529907227","17.575952529907227","17.575952529907227","111.43598175048828","111.43598175048828","111.43598175048828"
"3569","9.42449951171875","9.42449951171875","9.42449951171875","232.9235076904297","232.9235076904297","232.9235076904297","9.417445182800293","9.417445182800293","9.417445182800293","106.73020935058594","106.73020935058594","106.73020935058594","13.233202934265137","13.233202934265137","13.233202934265137","237.70655822753906","237.70655822753906","237.70655822753906","13.2390718460083","13.2390718460083","13.2390718460083","107.32749938964844","107.32749938964844","107.32749938964844"
"3599","6.980415344238281","6.980415344238281","6.980415344238281","178.75454711914062","178.75454711914062","178.75454711914062","6.986563682556152","6.986563682556152","6.986563682556152","75.29257202148438","75.29257202148438","75.29257202148438","11.095707893371582","11.095707893371582","11.095707893371582","175.55783081054688","175.55783081054688","175.55783081054688","11.123589515686035","11.123589515686035","11.123589515686035","76.01870727539062","76.01870727539062","76.01870727539062"
"3629","4.218992710113525","4.218992710113525","4.218992710113525","115.71066284179688","115.71066284179688","115.71066284179688","4.221011161804199","4.221011161804199","4.221011161804199","62.168094635009766","62.168094635009766","62.168094635009766","6.599626541137695","6.599626541137695","6.599626541137695","114.51870727539062","114.51870727539062","114.51870727539062","6.592535972595215","6.592535972595215","6.592535972595215","62.43814468383789","62.43814468383789","62.43814468383789"
"3659","11.702913284301758","11.702913284301758","11.702913284301758","248.4160919189453","248.4160919189453","248.4160919189453","11.705484390258789","11.705484390258789","11.705484390258789","126.7088623046875","126.7088623046875","126.7088623046875","17.679162979125977","17.679162979125977","17.679162979125977","250.740966796875","250.740966796875","250.740966796875","17.691085815429688","17.691085815429688","17.691085815429688","127.43740844726562","127.43740844726562","127.43740844726562"
"3689","3.921259641647339","3.921259641647339","3.921259641647339","105.59086608886719","105.59086608886719","105.59086608886719","3.9263482093811035","3.9263482093811035","3.9263482093811035","56.5185432434082","56.5185432434082","56.5185432434082","5.622713565826416","5.622713565826416","5.622713565826416","105.09369659423828","105.09369659423828","105.09369659423828","5.624631881713867","5.624631881713867","5.624631881713867","56.65848922729492","56.65848922729492","56.65848922729492"
"3719","4.32125186920166","4.32125186920166","4.32125186920166","105.0463638305664","105.0463638305664","105.0463638305664","4.321218013763428","4.321218013763428","4.321218013763428","56.07963562011719","56.07963562011719","56.07963562011719","6.942315578460693","6.942315578460693","6.942315578460693","104.78792572021484","104.78792572021484","104.78792572021484","6.956424236297607","6.956424236297607","6.956424236297607","56.21268844604492","56.21268844604492","56.21268844604492"
"3749","3.355384111404419","3.355384111404419","3.355384111404419","79.90210723876953","79.90210723876953","79.90210723876953","3.355133533477783","3.355133533477783","3.355133533477783","44.44141387939453","44.44141387939453","44.44141387939453","4.573173522949219","4.573173522949219","4.573173522949219","79.92381286621094","79.92381286621094","79.92381286621094","4.5828351974487305","4.5828351974487305","4.5828351974487305","44.52749252319336","44.52749252319336","44.52749252319336"
"3779","5.349356174468994","5.349356174468994","5.349356174468994","144.0576629638672","144.0576629638672","144.0576629638672","5.350381851196289","5.350381851196289","5.350381851196289","78.57127380371094","78.57127380371094","78.57127380371094","7.719377040863037","7.719377040863037","7.719377040863037","145.18882751464844","145.18882751464844","145.18882751464844","7.751155853271484","7.751155853271484","7.751155853271484","79.123779296875","79.123779296875","79.123779296875"
"3809","6.217826843261719","6.217826843261719","6.217826843261719","131.71148681640625","131.71148681640625","131.71148681640625","6.218870162963867","6.218870162963867","6.218870162963867","68.12124633789062","68.12124633789062","68.12124633789062","8.236740112304688","8.236740112304688","8.236740112304688","136.08164978027344","136.08164978027344","136.08164978027344","8.227591514587402","8.227591514587402","8.227591514587402","68.44001770019531","68.44001770019531","68.44001770019531"
"3839","5.81596040725708","5.81596040725708","5.81596040725708","198.53993225097656","198.53993225097656","198.53993225097656","5.8157501220703125","5.8157501220703125","5.8157501220703125","85.99807739257812","85.99807739257812","85.99807739257812","9.802901268005371","9.802901268005371","9.802901268005371","199.1609649658203","199.1609649658203","199.1609649658203","9.797053337097168","9.797053337097168","9.797053337097168","86.70943450927734","86.70943450927734","86.70943450927734"
"3869","13.159564971923828","13.159564971923828","13.159564971923828","295.95281982421875","295.95281982421875","295.95281982421875","13.18132209777832","13.18132209777832","13.18132209777832","145.3739471435547","145.3739471435547","145.3739471435547","19.86052131652832","19.86052131652832","19.86052131652832","292.66217041015625","292.66217041015625","292.66217041015625","19.848264694213867","19.848264694213867","19.848264694213867","146.86013793945312","146.86013793945312","146.86013793945312"
"3899","10.040383338928223","10.040383338928223","10.040383338928223","255.7724609375","255.7724609375","255.7724609375","10.03616714477539","10.03616714477539","10.03616714477539","128.83041381835938","128.83041381835938","128.83041381835938","18.457395553588867","18.457395553588867","18.457395553588867","257.4491271972656","257.4491271972656","257.4491271972656","18.423660278320312","18.423660278320312","18.423660278320312","129.86181640625","129.86181640625","129.86181640625"
"3929","3.643026351928711","3.643026351928711","3.643026351928711","90.36688995361328","90.36688995361328","90.36688995361328","3.6403863430023193","3.6403863430023193","3.6403863430023193","48.94949722290039","48.94949722290039","48.94949722290039","4.873315811157227","4.873315811157227","4.873315811157227","90.33580780029297","90.33580780029297","90.33580780029297","4.868968486785889","4.868968486785889","4.868968486785889","49.13957977294922","49.13957977294922","49.13957977294922"
"3959","3.019787311553955","3.019787311553955","3.019787311553955","90.2085952758789","90.2085952758789","90.2085952758789","3.0203497409820557","3.0203497409820557","3.0203497409820557","51.51845932006836","51.51845932006836","51.51845932006836","4.576780796051025","4.576780796051025","4.576780796051025","89.8333969116211","89.8333969116211","89.8333969116211","4.57304573059082","4.57304573059082","4.57304573059082","51.48416519165039","51.48416519165039","51.48416519165039"
"3989","3.9509904384613037","3.9509904384613037","3.9509904384613037","131.8105926513672","131.8105926513672","131.8105926513672","3.9528088569641113","3.9528088569641113","3.9528088569641113","71.38031005859375","71.38031005859375","71.38031005859375","6.649953365325928","6.649953365325928","6.649953365325928","131.33274841308594","131.33274841308594","131.33274841308594","6.671549320220947","6.671549320220947","6.671549320220947","71.51931762695312","71.51931762695312","71.51931762695312"
"4019","4.898043632507324","4.898043632507324","4.898043632507324","103.00538635253906","103.00538635253906","103.00538635253906","4.889763832092285","4.889763832092285","4.889763832092285","56.3828125","56.3828125","56.3828125","8.773587226867676","8.773587226867676","8.773587226867676","103.40005493164062","103.40005493164062","103.40005493164062","8.76259708404541","8.76259708404541","8.76259708404541","56.33937072753906","56.33937072753906","56.33937072753906"
"4049","3.9104583263397217","3.9104583263397217","3.9104583263397217","149.67457580566406","149.67457580566406","149.67457580566406","3.9069175720214844","3.9069175720214844","3.9069175720214844","66.70281219482422","66.70281219482422","66.70281219482422","6.8129143714904785","6.8129143714904785","6.8129143714904785","149.44895935058594","149.44895935058594","149.44895935058594","6.8173508644104","6.8173508644104","6.8173508644104","67.03363800048828","67.03363800048828","67.03363800048828"
"4079","6.24431037902832","6.24431037902832","6.24431037902832","186.80123901367188","186.80123901367188","186.80123901367188","6.246275424957275","6.246275424957275","6.246275424957275","96.95404052734375","96.95404052734375","96.95404052734375","9.776081085205078","9.776081085205078","9.776081085205078","187.44818115234375","187.44818115234375","187.44818115234375","9.782127380371094","9.782127380371094","9.782127380371094","97.85208892822266","97.85208892822266","97.85208892822266"
"4109","5.283178806304932","5.283178806304932","5.283178806304932","168.30751037597656","168.30751037597656","168.30751037597656","5.286693572998047","5.286693572998047","5.286693572998047","89.43035888671875","89.43035888671875","89.43035888671875","8.682252883911133","8.682252883911133","8.682252883911133","166.6991729736328","166.6991729736328","166.6991729736328","8.68955135345459","8.68955135345459","8.68955135345459","89.94789123535156","89.94789123535156","89.94789123535156"
"4139","7.578116416931152","7.578116416931152","7.578116416931152","236.766845703125","236.766845703125","236.766845703125","7.5860724449157715","7.5860724449157715","7.5860724449157715","114.29044342041016","114.29044342041016","114.29044342041016","12.036137580871582","12.036137580871582","12.036137580871582","234.95236206054688","234.95236206054688","234.95236206054688","12.06674575805664","12.06674575805664","12.06674575805664","115.10671997070312","115.10671997070312","115.10671997070312"
"4169","8.456328392028809","8.456328392028809","8.456328392028809","198.97833251953125","198.97833251953125","198.97833251953125","8.455751419067383","8.455751419067383","8.455751419067383","115.15001678466797","115.15001678466797","115.15001678466797","13.630558967590332","13.630558967590332","13.630558967590332","199.24351501464844","199.24351501464844","199.24351501464844","13.637130737304688","13.637130737304688","13.637130737304688","115.81033325195312","115.81033325195312","115.81033325195312"
"4199","3.910475015640259","3.910475015640259","3.910475015640259","101.52214813232422","101.52214813232422","101.52214813232422","3.9038500785827637","3.9038500785827637","3.9038500785827637","57.01476287841797","57.01476287841797","57.01476287841797","5.034229755401611","5.034229755401611","5.034229755401611","102.54068756103516","102.54068756103516","102.54068756103516","5.025706768035889","5.025706768035889","5.025706768035889","57.1221809387207","57.1221809387207","57.1221809387207"
"4229","9.451800346374512","9.451800346374512","9.451800346374512","353.57958984375","353.57958984375","353.57958984375","9.458961486816406","9.458961486816406","9.458961486816406","159.49659729003906","159.49659729003906","159.49659729003906","17.996732711791992","17.996732711791992","17.996732711791992","357.56878662109375","357.56878662109375","357.56878662109375","18.054811477661133","18.054811477661133","18.054811477661133","160.4638214111328","160.4638214111328","160.4638214111328"
"4259","2.3766226768493652","2.3766226768493652","2.3766226768493652","81.51332092285156","81.51332092285156","81.51332092285156","2.3775289058685303","2.3775289058685303","2.3775289058685303","46.51722717285156","46.51722717285156","46.51722717285156","4.094662189483643","4.094662189483643","4.094662189483643","81.8404769897461","81.8404769897461","81.8404769897461","4.097236156463623","4.097236156463623","4.097236156463623","46.62965393066406","46.62965393066406","46.62965393066406"
"4289","1.9489634037017822","1.9489634037017822","1.9489634037017822","76.90937042236328","76.90937042236328","76.90937042236328","1.9510161876678467","1.9510161876678467","1.9510161876678467","46.90669250488281","46.90669250488281","46.90669250488281","3.299490213394165","3.299490213394165","3.299490213394165","76.43617248535156","76.43617248535156","76.43617248535156","3.3037126064300537","3.3037126064300537","3.3037126064300537","46.88165283203125","46.88165283203125","46.88165283203125"
"4319","2.571876049041748","2.571876049041748","2.571876049041748","79.14067077636719","79.14067077636719","79.14067077636719","2.569941997528076","2.569941997528076","2.569941997528076","48.16181564331055","48.16181564331055","48.16181564331055","3.6059179306030273","3.6059179306030273","3.6059179306030273","79.10197448730469","79.10197448730469","79.10197448730469","3.6111340522766113","3.6111340522766113","3.6111340522766113","48.10164260864258","48.10164260864258","48.10164260864258"
"4349","2.444124937057495","2.444124937057495","2.444124937057495","93.97185516357422","93.97185516357422","93.97185516357422","2.445279121398926","2.445279121398926","2.445279121398926","57.35736083984375","57.35736083984375","57.35736083984375","3.8549680709838867","3.8549680709838867","3.8549680709838867","93.54131317138672","93.54131317138672","93.54131317138672","3.8566813468933105","3.8566813468933105","3.8566813468933105","57.26951599121094","57.26951599121094","57.26951599121094"
"4379","3.206815719604492","3.206815719604492","3.206815719604492","96.09407806396484","96.09407806396484","96.09407806396484","3.209094762802124","3.209094762802124","3.209094762802124","59.9573974609375","59.9573974609375","59.9573974609375","4.907196998596191","4.907196998596191","4.907196998596191","95.69595336914062","95.69595336914062","95.69595336914062","4.918797016143799","4.918797016143799","4.918797016143799","60.03557586669922","60.03557586669922","60.03557586669922"
"4409","1.9211879968643188","1.9211879968643188","1.9211879968643188","77.09527587890625","77.09527587890625","77.09527587890625","1.9222103357315063","1.9222103357315063","1.9222103357315063","47.77709197998047","47.77709197998047","47.77709197998047","2.9901483058929443","2.9901483058929443","2.9901483058929443","77.37520599365234","77.37520599365234","77.37520599365234","2.987006664276123","2.987006664276123","2.987006664276123","47.69036865234375","47.69036865234375","47.69036865234375"
"4439","2.822148323059082","2.822148323059082","2.822148323059082","95.2032241821289","95.2032241821289","95.2032241821289","2.823552131652832","2.823552131652832","2.823552131652832","60.57412338256836","60.57412338256836","60.57412338256836","4.374497413635254","4.374497413635254","4.374497413635254","95.17919921875","95.17919921875","95.17919921875","4.367785453796387","4.367785453796387","4.367785453796387","60.59492492675781","60.59492492675781","60.59492492675781"
"4469","1.9878123998641968","1.9878123998641968","1.9878123998641968","80.0711669921875","80.0711669921875","80.0711669921875","1.98762845993042","1.98762845993042","1.98762845993042","47.63375473022461","47.63375473022461","47.63375473022461","2.959955930709839","2.959955930709839","2.959955930709839","80.2521743774414","80.2521743774414","80.2521743774414","2.959458351135254","2.959458351135254","2.959458351135254","47.65996170043945","47.65996170043945","47.65996170043945"
"4499","6.351771831512451","6.351771831512451","6.351771831512451","141.0065155029297","141.0065155029297","141.0065155029297","6.349287986755371","6.349287986755371","6.349287986755371","76.5013656616211","76.5013656616211","76.5013656616211","11.634821891784668","11.634821891784668","11.634821891784668","140.1580352783203","140.1580352783203","140.1580352783203","11.614810943603516","11.614810943603516","11.614810943603516","76.87533569335938","76.87533569335938","76.87533569335938"
"4529","2.323613405227661","2.323613405227661","2.323613405227661","98.5693130493164","98.5693130493164","98.5693130493164","2.3252038955688477","2.3252038955688477","2.3252038955688477","59.84107208251953","59.84107208251953","59.84107208251953","4.210914134979248","4.210914134979248","4.210914134979248","99.79239654541016","99.79239654541016","99.79239654541016","4.215330600738525","4.215330600738525","4.215330600738525","59.890525817871094","59.890525817871094","59.890525817871094"
"4559","2.8730993270874023","2.8730993270874023","2.8730993270874023","139.2508544921875","139.2508544921875","139.2508544921875","2.873785972595215","2.873785972595215","2.873785972595215","69.23624420166016","69.23624420166016","69.23624420166016","5.583828449249268","5.583828449249268","5.583828449249268","141.11868286132812","141.11868286132812","141.11868286132812","5.60087776184082","5.60087776184082","5.60087776184082","69.40924835205078","69.40924835205078","69.40924835205078"
"4589","1.9761826992034912","1.9761826992034912","1.9761826992034912","83.62308502197266","83.62308502197266","83.62308502197266","1.976422667503357","1.976422667503357","1.976422667503357","50.22203826904297","50.22203826904297","50.22203826904297","3.4982500076293945","3.4982500076293945","3.4982500076293945","84.31571197509766","84.31571197509766","84.31571197509766","3.5001325607299805","3.5001325607299805","3.5001325607299805","50.269222259521484","50.269222259521484","50.269222259521484"
"4619","1.4732438325881958","1.4732438325881958","1.4732438325881958","77.74923706054688","77.74923706054688","77.74923706054688","1.4735268354415894","1.4735268354415894","1.4735268354415894","46.57784652709961","46.57784652709961","46.57784652709961","2.7543816566467285","2.7543816566467285","2.7543816566467285","78.13642120361328","78.13642120361328","78.13642120361328","2.7518064975738525","2.7518064975738525","2.7518064975738525","46.53611373901367","46.53611373901367","46.53611373901367"
"4649","2.5888280868530273","2.5888280868530273","2.5888280868530273","77.6913833618164","77.6913833618164","77.6913833618164","2.5933666229248047","2.5933666229248047","2.5933666229248047","46.40217590332031","46.40217590332031","46.40217590332031","3.1334009170532227","3.1334009170532227","3.1334009170532227","77.33727264404297","77.33727264404297","77.33727264404297","3.1409804821014404","3.1409804821014404","3.1409804821014404","46.373836517333984","46.373836517333984","46.373836517333984"
"4679","2.3437259197235107","2.3437259197235107","2.3437259197235107","105.68812561035156","105.68812561035156","105.68812561035156","2.344517707824707","2.344517707824707","2.344517707824707","63.89133071899414","63.89133071899414","63.89133071899414","4.836216449737549","4.836216449737549","4.836216449737549","106.54425811767578","106.54425811767578","106.54425811767578","4.825211524963379","4.825211524963379","4.825211524963379","64.16972351074219","64.16972351074219","64.16972351074219"
"4709","2.888648509979248","2.888648509979248","2.888648509979248","128.12905883789062","128.12905883789062","128.12905883789062","2.887981414794922","2.887981414794922","2.887981414794922","83.6758804321289","83.6758804321289","83.6758804321289","6.166054725646973","6.166054725646973","6.166054725646973","129.7382049560547","129.7382049560547","129.7382049560547","6.164958953857422","6.164958953857422","6.164958953857422","83.89693450927734","83.89693450927734","83.89693450927734"
"4739","5.397404193878174","5.397404193878174","5.397404193878174","154.10430908203125","154.10430908203125","154.10430908203125","5.397469520568848","5.397469520568848","5.397469520568848","96.32404327392578","96.32404327392578","96.32404327392578","7.663010597229004","7.663010597229004","7.663010597229004","155.63739013671875","155.63739013671875","155.63739013671875","7.668557643890381","7.668557643890381","7.668557643890381","96.68890380859375","96.68890380859375","96.68890380859375"
"4769","3.248019218444824","3.248019218444824","3.248019218444824","168.65945434570312","168.65945434570312","168.65945434570312","3.250657320022583","3.250657320022583","3.250657320022583","96.0542984008789","96.0542984008789","96.0542984008789","7.423116207122803","7.423116207122803","7.423116207122803","167.3714599609375","167.3714599609375","167.3714599609375","7.428371429443359","7.428371429443359","7.428371429443359","96.59320831298828","96.59320831298828","96.59320831298828"
"4799","2.3248167037963867","2.3248167037963867","2.3248167037963867","131.95654296875","131.95654296875","131.95654296875","2.326523780822754","2.326523780822754","2.326523780822754","60.49718475341797","60.49718475341797","60.49718475341797","4.205037593841553","4.205037593841553","4.205037593841553","130.55345153808594","130.55345153808594","130.55345153808594","4.200654029846191","4.200654029846191","4.200654029846191","60.52355194091797","60.52355194091797","60.52355194091797"
"4829","2.0698835849761963","2.0698835849761963","2.0698835849761963","85.55423736572266","85.55423736572266","85.55423736572266","2.0690133571624756","2.0690133571624756","2.0690133571624756","53.749900817871094","53.749900817871094","53.749900817871094","3.7352373600006104","3.7352373600006104","3.7352373600006104","85.38706970214844","85.38706970214844","85.38706970214844","3.761199951171875","3.761199951171875","3.761199951171875","53.61979675292969","53.61979675292969","53.61979675292969"
"4859","1.3895236253738403","1.3895236253738403","1.3895236253738403","68.15098571777344","68.15098571777344","68.15098571777344","1.3897020816802979","1.3897020816802979","1.3897020816802979","42.835731506347656","42.835731506347656","42.835731506347656","2.4114320278167725","2.4114320278167725","2.4114320278167725","68.2428970336914","68.2428970336914","68.2428970336914","2.412416696548462","2.412416696548462","2.412416696548462","42.78782653808594","42.78782653808594","42.78782653808594"
"4889","2.001862049102783","2.001862049102783","2.001862049102783","82.47607421875","82.47607421875","82.47607421875","2.002882957458496","2.002882957458496","2.002882957458496","53.79970932006836","53.79970932006836","53.79970932006836","3.132072687149048","3.132072687149048","3.132072687149048","82.68196105957031","82.68196105957031","82.68196105957031","3.137590169906616","3.137590169906616","3.137590169906616","53.80195236206055","53.80195236206055","53.80195236206055"
"4919","3.905823230743408","3.905823230743408","3.905823230743408","90.984375","90.984375","90.984375","3.9011266231536865","3.9011266231536865","3.9011266231536865","60.401283264160156","60.401283264160156","60.401283264160156","4.949726581573486","4.949726581573486","4.949726581573486","91.87296295166016","91.87296295166016","91.87296295166016","5.168887138366699","5.168887138366699","5.168887138366699","60.74125671386719","60.74125671386719","60.74125671386719"
"4949","1.8852349519729614","1.8852349519729614","1.8852349519729614","75.7476806640625","75.7476806640625","75.7476806640625","1.8871301412582397","1.8871301412582397","1.8871301412582397","48.81776428222656","48.81776428222656","48.81776428222656","2.9461567401885986","2.9461567401885986","2.9461567401885986","76.14716339111328","76.14716339111328","76.14716339111328","2.948232412338257","2.948232412338257","2.948232412338257","48.740936279296875","48.740936279296875","48.740936279296875"
"4979","1.493632197380066","1.493632197380066","1.493632197380066","77.60857391357422","77.60857391357422","77.60857391357422","1.4927210807800293","1.4927210807800293","1.4927210807800293","53.44651412963867","53.44651412963867","53.44651412963867","2.614382266998291","2.614382266998291","2.614382266998291","78.11370086669922","78.11370086669922","78.11370086669922","2.6146597862243652","2.6146597862243652","2.6146597862243652","53.44689178466797","53.44689178466797","53.44689178466797"
"5009","1.189673662185669","1.189673662185669","1.189673662185669","73.32035064697266","73.32035064697266","73.32035064697266","1.1905642747879028","1.1905642747879028","1.1905642747879028","49.110652923583984","49.110652923583984","49.110652923583984","2.2790210247039795","2.2790210247039795","2.2790210247039795","73.30709075927734","73.30709075927734","73.30709075927734","2.2904372215270996","2.2904372215270996","2.2904372215270996","49.144187927246094","49.144187927246094","49.144187927246094"
"5039","1.4551503658294678","1.4551503658294678","1.4551503658294678","68.325439453125","68.325439453125","68.325439453125","1.4551260471343994","1.4551260471343994","1.4551260471343994","47.33461380004883","47.33461380004883","47.33461380004883","2.501307964324951","2.501307964324951","2.501307964324951","68.21709442138672","68.21709442138672","68.21709442138672","2.492814779281616","2.492814779281616","2.492814779281616","47.35360336303711","47.35360336303711","47.35360336303711"
"5069","1.5757502317428589","1.5757502317428589","1.5757502317428589","80.41791534423828","80.41791534423828","80.41791534423828","1.5777387619018555","1.5777387619018555","1.5777387619018555","52.94643020629883","52.94643020629883","52.94643020629883","2.602871894836426","2.602871894836426","2.602871894836426","81.65682220458984","81.65682220458984","81.65682220458984","2.6034483909606934","2.6034483909606934","2.6034483909606934","53.02602005004883","53.02602005004883","53.02602005004883"
"5099","1.347372055053711","1.347372055053711","1.347372055053711","70.72032928466797","70.72032928466797","70.72032928466797","1.348186731338501","1.348186731338501","1.348186731338501","47.766727447509766","47.766727447509766","47.766727447509766","2.503957748413086","2.503957748413086","2.503957748413086","70.70907592773438","70.70907592773438","70.70907592773438","2.506659507751465","2.506659507751465","2.506659507751465","47.68117141723633","47.68117141723633","47.68117141723633"
"5129","1.724434733390808","1.724434733390808","1.724434733390808","84.13273620605469","84.13273620605469","84.13273620605469","1.725982666015625","1.725982666015625","1.725982666015625","57.53211212158203","57.53211212158203","57.53211212158203","2.7822558879852295","2.7822558879852295","2.7822558879852295","85.2342758178711","85.2342758178711","85.2342758178711","2.7861621379852295","2.7861621379852295","2.7861621379852295","57.51493835449219","57.51493835449219","57.51493835449219"
"5159","1.7930628061294556","1.7930628061294556","1.7930628061294556","138.52542114257812","138.52542114257812","138.52542114257812","1.796761393547058","1.796761393547058","1.796761393547058","77.12301635742188","77.12301635742188","77.12301635742188","4.320055961608887","4.320055961608887","4.320055961608887","138.7689666748047","138.7689666748047","138.7689666748047","4.31355619430542","4.31355619430542","4.31355619430542","77.29544067382812","77.29544067382812","77.29544067382812"
"5189","1.1408511400222778","1.1408511400222778","1.1408511400222778","67.20172882080078","67.20172882080078","67.20172882080078","1.1416378021240234","1.1416378021240234","1.1416378021240234","47.42308807373047","47.42308807373047","47.42308807373047","1.9557756185531616","1.9557756185531616","1.9557756185531616","67.50196075439453","67.50196075439453","67.50196075439453","1.9591506719589233","1.9591506719589233","1.9591506719589233","47.33833694458008","47.33833694458008","47.33833694458008"
"5219","1.4879652261734009","1.4879652261734009","1.4879652261734009","74.60791778564453","74.60791778564453","74.60791778564453","1.4875376224517822","1.4875376224517822","1.4875376224517822","50.09035110473633","50.09035110473633","50.09035110473633","2.269390821456909","2.269390821456909","2.269390821456909","75.45165252685547","75.45165252685547","75.45165252685547","2.271298885345459","2.271298885345459","2.271298885345459","50.04039001464844","50.04039001464844","50.04039001464844"
"5249","1.8079689741134644","1.8079689741134644","1.8079689741134644","73.57621002197266","73.57621002197266","73.57621002197266","1.7986849546432495","1.7986849546432495","1.7986849546432495","51.292205810546875","51.292205810546875","51.292205810546875","2.748572587966919","2.748572587966919","2.748572587966919","74.54969787597656","74.54969787597656","74.54969787597656","2.750275135040283","2.750275135040283","2.750275135040283","51.26741409301758","51.26741409301758","51.26741409301758"
"5279","1.5867557525634766","1.5867557525634766","1.5867557525634766","78.68273162841797","78.68273162841797","78.68273162841797","1.5848156213760376","1.5848156213760376","1.5848156213760376","50.32035446166992","50.32035446166992","50.32035446166992","2.8464739322662354","2.8464739322662354","2.8464739322662354","79.02190399169922","79.02190399169922","79.02190399169922","2.834904909133911","2.834904909133911","2.834904909133911","50.3436164855957","50.3436164855957","50.3436164855957"
"5309","3.9460999965667725","3.9460999965667725","3.9460999965667725","80.9122314453125","80.9122314453125","80.9122314453125","3.9031801223754883","3.9031801223754883","3.9031801223754883","54.5121955871582","54.5121955871582","54.5121955871582","5.493435382843018","5.493435382843018","5.493435382843018","80.87046813964844","80.87046813964844","80.87046813964844","5.513482570648193","5.513482570648193","5.513482570648193","54.55671310424805","54.55671310424805","54.55671310424805"
"5339","5.318271160125732","5.318271160125732","5.318271160125732","75.64767456054688","75.64767456054688","75.64767456054688","5.3206024169921875","5.3206024169921875","5.3206024169921875","56.39995574951172","56.39995574951172","56.39995574951172","6.810904502868652","6.810904502868652","6.810904502868652","75.16462707519531","75.16462707519531","75.16462707519531","6.885630130767822","6.885630130767822","6.885630130767822","56.47015380859375","56.47015380859375","56.47015380859375"
"5369","2.2355222702026367","2.2355222702026367","2.2355222702026367","102.45669555664062","102.45669555664062","102.45669555664062","2.303786277770996","2.303786277770996","2.303786277770996","68.3868637084961","68.3868637084961","68.3868637084961","4.09570837020874","4.09570837020874","4.09570837020874","101.74923706054688","101.74923706054688","101.74923706054688","4.078756809234619","4.078756809234619","4.078756809234619","68.70623016357422","68.70623016357422","68.70623016357422"
"5399","0.979936957359314","0.979936957359314","0.979936957359314","77.08297729492188","77.08297729492188","77.08297729492188","1.000011920928955","1.000011920928955","1.000011920928955","52.09470748901367","52.09470748901367","52.09470748901367","2.0597989559173584","2.0597989559173584","2.0597989559173584","77.86019134521484","77.86019134521484","77.86019134521484","2.0620687007904053","2.0620687007904053","2.0620687007904053","52.01775360107422","52.01775360107422","52.01775360107422"
"5429","1.0211130380630493","1.0211130380630493","1.0211130380630493","76.533203125","76.533203125","76.533203125","1.0389147996902466","1.0389147996902466","1.0389147996902466","53.98365020751953","53.98365020751953","53.98365020751953","2.2499425411224365","2.2499425411224365","2.2499425411224365","76.60072326660156","76.60072326660156","76.60072326660156","2.255286931991577","2.255286931991577","2.255286931991577","53.88294982910156","53.88294982910156","53.88294982910156"
"5459","2.8175511360168457","2.8175511360168457","2.8175511360168457","71.27254486083984","71.27254486083984","71.27254486083984","2.896254301071167","2.896254301071167","2.896254301071167","49.846824645996094","49.846824645996094","49.846824645996094","6.779983997344971","6.779983997344971","6.779983997344971","71.73124694824219","71.73124694824219","71.73124694824219","6.7079315185546875","6.7079315185546875","6.7079315185546875","49.66306686401367","49.66306686401367","49.66306686401367"
"5489","1.1716969013214111","1.1716969013214111","1.1716969013214111","75.11994934082031","75.11994934082031","75.11994934082031","1.187215805053711","1.187215805053711","1.187215805053711","50.33888626098633","50.33888626098633","50.33888626098633","2.3251965045928955","2.3251965045928955","2.3251965045928955","75.11582946777344","75.11582946777344","75.11582946777344","2.331204652786255","2.331204652786255","2.331204652786255","50.35995101928711","50.35995101928711","50.35995101928711"
"5519","0.8516889810562134","0.8516889810562134","0.8516889810562134","62.51043701171875","62.51043701171875","62.51043701171875","0.9099816679954529","0.9099816679954529","0.9099816679954529","44.72378921508789","44.72378921508789","44.72378921508789","1.9205971956253052","1.9205971956253052","1.9205971956253052","62.62950897216797","62.62950897216797","62.62950897216797","1.9217838048934937","1.9217838048934937","1.9217838048934937","44.72194290161133","44.72194290161133","44.72194290161133"
"5549","1.3881340026855469","1.3881340026855469","1.3881340026855469","76.44837951660156","76.44837951660156","76.44837951660156","1.5579814910888672","1.5579814910888672","1.5579814910888672","51.03717803955078","51.03717803955078","51.03717803955078","2.1754703521728516","2.1754703521728516","2.1754703521728516","76.67041015625","76.67041015625","76.67041015625","2.177043914794922","2.177043914794922","2.177043914794922","51.10374069213867","51.10374069213867","51.10374069213867"
"5579","1.6164536476135254","1.6164536476135254","1.6164536476135254","116.21586608886719","116.21586608886719","116.21586608886719","1.6844712495803833","1.6844712495803833","1.6844712495803833","82.7489013671875","82.7489013671875","82.7489013671875","3.719372510910034","3.719372510910034","3.719372510910034","116.14665985107422","116.14665985107422","116.14665985107422","3.731163740158081","3.731163740158081","3.731163740158081","82.94709014892578","82.94709014892578","82.94709014892578"
"5609","2.0910844802856445","2.0910844802856445","2.0910844802856445","73.81398010253906","73.81398010253906","73.81398010253906","2.118722438812256","2.118722438812256","2.118722438812256","54.161678314208984","54.161678314208984","54.161678314208984","2.467646360397339","2.467646360397339","2.467646360397339","74.57869720458984","74.57869720458984","74.57869720458984","2.4542994499206543","2.4542994499206543","2.4542994499206543","54.147342681884766","54.147342681884766","54.147342681884766"
"5639","1.6168537139892578","1.6168537139892578","1.6168537139892578","64.41669464111328","64.41669464111328","64.41669464111328","1.7148842811584473","1.7148842811584473","1.7148842811584473","47.33742141723633","47.33742141723633","47.33742141723633","1.843782901763916","1.843782901763916","1.843782901763916","64.4723892211914","64.4723892211914","64.4723892211914","1.8374773263931274","1.8374773263931274","1.8374773263931274","47.21110916137695","47.21110916137695","47.21110916137695"
"5669","1.5820640325546265","1.5820640325546265","1.5820640325546265","67.13981628417969","67.13981628417969","67.13981628417969","1.674621820449829","1.674621820449829","1.674621820449829","51.45618438720703","51.45618438720703","51.45618438720703","1.738126277923584","1.738126277923584","1.738126277923584","68.0537338256836","68.0537338256836","68.0537338256836","1.7384567260742188","1.7384567260742188","1.7384567260742188","51.35219955444336","51.35219955444336","51.35219955444336"
"5699","1.0162540674209595","1.0162540674209595","1.0162540674209595","75.38424682617188","75.38424682617188","75.38424682617188","1.0804871320724487","1.0804871320724487","1.0804871320724487","53.22416305541992","53.22416305541992","53.22416305541992","2.4987895488739014","2.4987895488739014","2.4987895488739014","75.34272766113281","75.34272766113281","75.34272766113281","2.4932925701141357","2.4932925701141357","2.4932925701141357","53.13648986816406","53.13648986816406","53.13648986816406"
"5729","0.6967526078224182","0.6967526078224182","0.6967526078224182","76.09363555908203","76.09363555908203","76.09363555908203","0.6932690143585205","0.6932690143585205","0.6932690143585205","54.03142547607422","54.03142547607422","54.03142547607422","1.5437761545181274","1.5437761545181274","1.5437761545181274","75.69078826904297","75.69078826904297","75.69078826904297","1.553275465965271","1.553275465965271","1.553275465965271","54.08104705810547","54.08104705810547","54.08104705810547"
"5759","0.9256815910339355","0.9256815910339355","0.9256815910339355","68.3179702758789","68.3179702758789","68.3179702758789","0.8185392618179321","0.8185392618179321","0.8185392618179321","49.33229064941406","49.33229064941406","49.33229064941406","1.3719189167022705","1.3719189167022705","1.3719189167022705","68.5164794921875","68.5164794921875","68.5164794921875","1.3824412822723389","1.3824412822723389","1.3824412822723389","49.31338882446289","49.31338882446289","49.31338882446289"
"5789","0.7450205683708191","0.7450205683708191","0.7450205683708191","70.49867248535156","70.49867248535156","70.49867248535156","0.7798489928245544","0.7798489928245544","0.7798489928245544","49.34540939331055","49.34540939331055","49.34540939331055","1.6024705171585083","1.6024705171585083","1.6024705171585083","70.32720184326172","70.32720184326172","70.32720184326172","1.5999999046325684","1.5999999046325684","1.5999999046325684","49.324344635009766","49.324344635009766","49.324344635009766"
"5819","0.5155990123748779","0.5155990123748779","0.5155990123748779","69.10086059570312","69.10086059570312","69.10086059570312","0.5379084944725037","0.5379084944725037","0.5379084944725037","49.110252380371094","49.110252380371094","49.110252380371094","1.2904905080795288","1.2904905080795288","1.2904905080795288","69.46049499511719","69.46049499511719","69.46049499511719","1.2945654392242432","1.2945654392242432","1.2945654392242432","49.01944351196289","49.01944351196289","49.01944351196289"
"5849","0.930705726146698","0.930705726146698","0.930705726146698","72.00283813476562","72.00283813476562","72.00283813476562","0.9469156265258789","0.9469156265258789","0.9469156265258789","53.7059211730957","53.7059211730957","53.7059211730957","1.7579814195632935","1.7579814195632935","1.7579814195632935","72.20317840576172","72.20317840576172","72.20317840576172","1.7546645402908325","1.7546645402908325","1.7546645402908325","53.617156982421875","53.617156982421875","53.617156982421875"
"5879","0.6924928426742554","0.6924928426742554","0.6924928426742554","63.55057144165039","63.55057144165039","63.55057144165039","0.687296986579895","0.687296986579895","0.687296986579895","45.20534133911133","45.20534133911133","45.20534133911133","1.5970416069030762","1.5970416069030762","1.5970416069030762","63.90632247924805","63.90632247924805","63.90632247924805","1.619654655456543","1.619654655456543","1.619654655456543","45.14912033081055","45.14912033081055","45.14912033081055"
"5909","0.94657301902771","0.94657301902771","0.94657301902771","69.62448120117188","69.62448120117188","69.62448120117188","0.8098063468933105","0.8098063468933105","0.8098063468933105","49.29187774658203","49.29187774658203","49.29187774658203","1.554179310798645","1.554179310798645","1.554179310798645","70.82453918457031","70.82453918457031","70.82453918457031","1.5622963905334473","1.5622963905334473","1.5622963905334473","49.1807861328125","49.1807861328125","49.1807861328125"
"5939","1.3214361667633057","1.3214361667633057","1.3214361667633057","136.21865844726562","136.21865844726562","136.21865844726562","1.377300500869751","1.377300500869751","1.377300500869751","83.36512756347656","83.36512756347656","83.36512756347656","3.3052148818969727","3.3052148818969727","3.3052148818969727","135.5380096435547","135.5380096435547","135.5380096435547","3.3168423175811768","3.3168423175811768","3.3168423175811768","83.58206939697266","83.58206939697266","83.58206939697266"
"5969","0.5418901443481445","0.5418901443481445","0.5418901443481445","73.21435546875","73.21435546875","73.21435546875","0.5530999898910522","0.5530999898910522","0.5530999898910522","52.099002838134766","52.099002838134766","52.099002838134766","1.3076837062835693","1.3076837062835693","1.3076837062835693","73.25798034667969","73.25798034667969","73.25798034667969","1.3145253658294678","1.3145253658294678","1.3145253658294678","52.07847595214844","52.07847595214844","52.07847595214844"
"5999","0.8389149308204651","0.8389149308204651","0.8389149308204651","66.50362396240234","66.50362396240234","66.50362396240234","0.7962591648101807","0.7962591648101807","0.7962591648101807","48.27537536621094","48.27537536621094","48.27537536621094","1.342130422592163","1.342130422592163","1.342130422592163","66.3105697631836","66.3105697631836","66.3105697631836","1.3427541255950928","1.3427541255950928","1.3427541255950928","48.14052963256836","48.14052963256836","48.14052963256836"
"6029","0.5550978183746338","0.5550978183746338","0.5550978183746338","66.86813354492188","66.86813354492188","66.86813354492188","0.5356371998786926","0.5356371998786926","0.5356371998786926","49.316795349121094","49.316795349121094","49.316795349121094","1.2021225690841675","1.2021225690841675","1.2021225690841675","67.19824981689453","67.19824981689453","67.19824981689453","1.2079955339431763","1.2079955339431763","1.2079955339431763","49.25806427001953","49.25806427001953","49.25806427001953"
"6059","1.4908910989761353","1.4908910989761353","1.4908910989761353","94.06243896484375","94.06243896484375","94.06243896484375","1.3246041536331177","1.3246041536331177","1.3246041536331177","65.80233001708984","65.80233001708984","65.80233001708984","2.3377535343170166","2.3377535343170166","2.3377535343170166","91.72642517089844","91.72642517089844","91.72642517089844","2.349130868911743","2.349130868911743","2.349130868911743","65.87201690673828","65.87201690673828","65.87201690673828"
"6089","0.6134029030799866","0.6134029030799866","0.6134029030799866","65.39056396484375","65.39056396484375","65.39056396484375","0.6485649943351746","0.6485649943351746","0.6485649943351746","48.993324279785156","48.993324279785156","48.993324279785156","1.3130834102630615","1.3130834102630615","1.3130834102630615","65.29866027832031","65.29866027832031","65.29866027832031","1.2618862390518188","1.2618862390518188","1.2618862390518188","48.910213470458984","48.910213470458984","48.910213470458984"
"6119","1.800264835357666","1.800264835357666","1.800264835357666","73.54296875","73.54296875","73.54296875","1.6653008460998535","1.6653008460998535","1.6653008460998535","51.52676010131836","51.52676010131836","51.52676010131836","2.611274003982544","2.611274003982544","2.611274003982544","74.02202606201172","74.02202606201172","74.02202606201172","2.6451823711395264","2.6451823711395264","2.6451823711395264","51.63445281982422","51.63445281982422","51.63445281982422"
"6149","0.632271945476532","0.632271945476532","0.632271945476532","57.901737213134766","57.901737213134766","57.901737213134766","0.6889724731445312","0.6889724731445312","0.6889724731445312","43.58378219604492","43.58378219604492","43.58378219604492","1.1617220640182495","1.1617220640182495","1.1617220640182495","57.759212493896484","57.759212493896484","57.759212493896484","1.1522568464279175","1.1522568464279175","1.1522568464279175","43.53554916381836","43.53554916381836","43.53554916381836"
"6179","0.6172137260437012","0.6172137260437012","0.6172137260437012","62.43949890136719","62.43949890136719","62.43949890136719","0.6364822387695312","0.6364822387695312","0.6364822387695312","47.07245635986328","47.07245635986328","47.07245635986328","1.1193269491195679","1.1193269491195679","1.1193269491195679","62.85737991333008","62.85737991333008","62.85737991333008","1.1460838317871094","1.1460838317871094","1.1460838317871094","47.126976013183594","47.126976013183594","47.126976013183594"
"6209","0.9739957451820374","0.9739957451820374","0.9739957451820374","100.2069091796875","100.2069091796875","100.2069091796875","1.0190777778625488","1.0190777778625488","1.0190777778625488","81.26231384277344","81.26231384277344","81.26231384277344","2.455659866333008","2.455659866333008","2.455659866333008","100.740234375","100.740234375","100.740234375","2.4623680114746094","2.4623680114746094","2.4623680114746094","81.08012390136719","81.08012390136719","81.08012390136719"
"6239","0.4789888262748718","0.4789888262748718","0.4789888262748718","62.10680389404297","62.10680389404297","62.10680389404297","0.462575763463974","0.462575763463974","0.462575763463974","48.69418716430664","48.69418716430664","48.69418716430664","1.0643870830535889","1.0643870830535889","1.0643870830535889","62.567440032958984","62.567440032958984","62.567440032958984","1.0669163465499878","1.0669163465499878","1.0669163465499878","48.60749053955078","48.60749053955078","48.60749053955078"
"6269","1.1422581672668457","1.1422581672668457","1.1422581672668457","64.806884765625","64.806884765625","64.806884765625","1.3555423021316528","1.3555423021316528","1.3555423021316528","51.07278060913086","51.07278060913086","51.07278060913086","2.226261854171753","2.226261854171753","2.226261854171753","65.01220703125","65.01220703125","65.01220703125","2.041766881942749","2.041766881942749","2.041766881942749","50.97896957397461","50.97896957397461","50.97896957397461"
"6299","0.8451241850852966","0.8451241850852966","0.8451241850852966","62.06181335449219","62.06181335449219","62.06181335449219","0.8370838761329651","0.8370838761329651","0.8370838761329651","49.674949645996094","49.674949645996094","49.674949645996094","1.433802604675293","1.433802604675293","1.433802604675293","61.93328094482422","61.93328094482422","61.93328094482422","1.4052592515945435","1.4052592515945435","1.4052592515945435","49.65156936645508","49.65156936645508","49.65156936645508"
"6329","0.8235857486724854","0.8235857486724854","0.8235857486724854","95.76933288574219","95.76933288574219","95.76933288574219","0.7907150387763977","0.7907150387763977","0.7907150387763977","76.87088012695312","76.87088012695312","76.87088012695312","2.0951626300811768","2.0951626300811768","2.0951626300811768","95.1735610961914","95.1735610961914","95.1735610961914","2.0824179649353027","2.0824179649353027","2.0824179649353027","77.10682678222656","77.10682678222656","77.10682678222656"
"6359","2.168168544769287","2.168168544769287","2.168168544769287","67.0978775024414","67.0978775024414","67.0978775024414","1.4526455402374268","1.4526455402374268","1.4526455402374268","53.07794189453125","53.07794189453125","53.07794189453125","4.182377338409424","4.182377338409424","4.182377338409424","67.41177368164062","67.41177368164062","67.41177368164062","3.8204128742218018","3.8204128742218018","3.8204128742218018","53.00010681152344","53.00010681152344","53.00010681152344"
"6389","0.38799017667770386","0.38799017667770386","0.38799017667770386","60.13418197631836","60.13418197631836","60.13418197631836","0.4055286943912506","0.4055286943912506","0.4055286943912506","48.660526275634766","48.660526275634766","48.660526275634766","0.9787612557411194","0.9787612557411194","0.9787612557411194","60.55522155761719","60.55522155761719","60.55522155761719","0.9765449166297913","0.9765449166297913","0.9765449166297913","48.59107208251953","48.59107208251953","48.59107208251953"
"6419","0.6207055449485779","0.6207055449485779","0.6207055449485779","67.84648132324219","67.84648132324219","67.84648132324219","0.6367471814155579","0.6367471814155579","0.6367471814155579","54.801971435546875","54.801971435546875","54.801971435546875","1.0832414627075195","1.0832414627075195","1.0832414627075195","68.97408294677734","68.97408294677734","68.97408294677734","1.172661542892456","1.172661542892456","1.172661542892456","54.870018005371094","54.870018005371094","54.870018005371094"
"6449","0.37002936005592346","0.37002936005592346","0.37002936005592346","56.12329864501953","56.12329864501953","56.12329864501953","0.4383537173271179","0.4383537173271179","0.4383537173271179","45.91533279418945","45.91533279418945","45.91533279418945","0.8219496011734009","0.8219496011734009","0.8219496011734009","55.79621124267578","55.79621124267578","55.79621124267578","0.8271065950393677","0.8271065950393677","0.8271065950393677","45.870262145996094","45.870262145996094","45.870262145996094"
"6479","0.6481448411941528","0.6481448411941528","0.6481448411941528","56.30944061279297","56.30944061279297","56.30944061279297","0.743434727191925","0.743434727191925","0.743434727191925","43.427982330322266","43.427982330322266","43.427982330322266","0.8526660799980164","0.8526660799980164","0.8526660799980164","56.37765884399414","56.37765884399414","56.37765884399414","0.7809620499610901","0.7809620499610901","0.7809620499610901","43.45574188232422","43.45574188232422","43.45574188232422"
"6509","0.7901575565338135","0.7901575565338135","0.7901575565338135","91.1689224243164","91.1689224243164","91.1689224243164","1.1414707899093628","1.1414707899093628","1.1414707899093628","69.34697723388672","69.34697723388672","69.34697723388672","1.8740991353988647","1.8740991353988647","1.8740991353988647","91.48554229736328","91.48554229736328","91.48554229736328","1.9975074529647827","1.9975074529647827","1.9975074529647827","69.65438079833984","69.65438079833984","69.65438079833984"
"6539","0.4266553819179535","0.4266553819179535","0.4266553819179535","61.44369125366211","61.44369125366211","61.44369125366211","0.4276905357837677","0.4276905357837677","0.4276905357837677","48.17201614379883","48.17201614379883","48.17201614379883","0.9357558488845825","0.9357558488845825","0.9357558488845825","61.606258392333984","61.606258392333984","61.606258392333984","0.960267186164856","0.960267186164856","0.960267186164856","48.225624084472656","48.225624084472656","48.225624084472656"
"6569","0.6637318134307861","0.6637318134307861","0.6637318134307861","64.47500610351562","64.47500610351562","64.47500610351562","0.678085446357727","0.678085446357727","0.678085446357727","50.11968994140625","50.11968994140625","50.11968994140625","1.4941205978393555","1.4941205978393555","1.4941205978393555","64.73090362548828","64.73090362548828","64.73090362548828","1.7916251420974731","1.7916251420974731","1.7916251420974731","50.17203903198242","50.17203903198242","50.17203903198242"
"6599","0.38245391845703125","0.38245391845703125","0.38245391845703125","63.11857223510742","63.11857223510742","63.11857223510742","0.6219254732131958","0.6219254732131958","0.6219254732131958","47.885711669921875","47.885711669921875","47.885711669921875","0.9399985074996948","0.9399985074996948","0.9399985074996948","62.80011749267578","62.80011749267578","62.80011749267578","0.9606765508651733","0.9606765508651733","0.9606765508651733","47.90614318847656","47.90614318847656","47.90614318847656"
"6629","0.4371786117553711","0.4371786117553711","0.4371786117553711","53.238494873046875","53.238494873046875","53.238494873046875","0.5524976849555969","0.5524976849555969","0.5524976849555969","43.42237091064453","43.42237091064453","43.42237091064453","0.8391991853713989","0.8391991853713989","0.8391991853713989","53.51027297973633","53.51027297973633","53.51027297973633","0.8690478205680847","0.8690478205680847","0.8690478205680847","43.3524055480957","43.3524055480957","43.3524055480957"
"6659","0.5791655778884888","0.5791655778884888","0.5791655778884888","76.39142608642578","76.39142608642578","76.39142608642578","0.6041813492774963","0.6041813492774963","0.6041813492774963","64.53190612792969","64.53190612792969","64.53190612792969","1.5133404731750488","1.5133404731750488","1.5133404731750488","75.83868408203125","75.83868408203125","75.83868408203125","1.5982236862182617","1.5982236862182617","1.5982236862182617","64.58502960205078","64.58502960205078","64.58502960205078"
"6689","0.34793776273727417","0.34793776273727417","0.34793776273727417","58.58203125","58.58203125","58.58203125","0.33541956543922424","0.33541956543922424","0.33541956543922424","45.525794982910156","45.525794982910156","45.525794982910156","0.8100477457046509","0.8100477457046509","0.8100477457046509","59.18951416015625","59.18951416015625","59.18951416015625","0.8222155570983887","0.8222155570983887","0.8222155570983887","45.38657760620117","45.38657760620117","45.38657760620117"
"6719","0.43987753987312317","0.43987753987312317","0.43987753987312317","63.83351516723633","63.83351516723633","63.83351516723633","0.3592064678668976","0.3592064678668976","0.3592064678668976","51.5246467590332","51.5246467590332","51.5246467590332","0.9149883985519409","0.9149883985519409","0.9149883985519409","63.96826171875","63.96826171875","63.96826171875","0.8898405432701111","0.8898405432701111","0.8898405432701111","51.52982711791992","51.52982711791992","51.52982711791992"
"6749","0.7513493895530701","0.7513493895530701","0.7513493895530701","71.57501983642578","71.57501983642578","71.57501983642578","0.7123212814331055","0.7123212814331055","0.7123212814331055","56.88440704345703","56.88440704345703","56.88440704345703","1.3762218952178955","1.3762218952178955","1.3762218952178955","72.16870880126953","72.16870880126953","72.16870880126953","1.351549506187439","1.351549506187439","1.351549506187439","56.802268981933594","56.802268981933594","56.802268981933594"
"6779","0.7945603728294373","0.7945603728294373","0.7945603728294373","100.76255798339844","100.76255798339844","100.76255798339844","0.8034988045692444","0.8034988045692444","0.8034988045692444","78.22181701660156","78.22181701660156","78.22181701660156","1.98860502243042","1.98860502243042","1.98860502243042","99.71942138671875","99.71942138671875","99.71942138671875","2.083595037460327","2.083595037460327","2.083595037460327","78.7162857055664","78.7162857055664","78.7162857055664"
"6809","0.5213162302970886","0.5213162302970886","0.5213162302970886","59.3707275390625","59.3707275390625","59.3707275390625","0.6555910110473633","0.6555910110473633","0.6555910110473633","49.08700180053711","49.08700180053711","49.08700180053711","0.8855284452438354","0.8855284452438354","0.8855284452438354","59.39127731323242","59.39127731323242","59.39127731323242","0.8683121800422668","0.8683121800422668","0.8683121800422668","49.1199951171875","49.1199951171875","49.1199951171875"
"6839","1.0610129833221436","1.0610129833221436","1.0610129833221436","64.6732406616211","64.6732406616211","64.6732406616211","0.9632218480110168","0.9632218480110168","0.9632218480110168","53.39350509643555","53.39350509643555","53.39350509643555","1.7739781141281128","1.7739781141281128","1.7739781141281128","64.5759506225586","64.5759506225586","64.5759506225586","1.2626699209213257","1.2626699209213257","1.2626699209213257","53.549217224121094","53.549217224121094","53.549217224121094"
"6869","0.367031991481781","0.367031991481781","0.367031991481781","53.27896499633789","53.27896499633789","53.27896499633789","0.44809600710868835","0.44809600710868835","0.44809600710868835","45.01301193237305","45.01301193237305","45.01301193237305","0.8377317786216736","0.8377317786216736","0.8377317786216736","53.45290756225586","53.45290756225586","53.45290756225586","0.879520833492279","0.879520833492279","0.879520833492279","44.867244720458984","44.867244720458984","44.867244720458984"
"6899","1.4423998594284058","1.4423998594284058","1.4423998594284058","62.66553497314453","62.66553497314453","62.66553497314453","1.0712682008743286","1.0712682008743286","1.0712682008743286","51.82278060913086","51.82278060913086","51.82278060913086","7.6632232666015625","7.6632232666015625","7.6632232666015625","62.771240234375","62.771240234375","62.771240234375","3.680969715118408","3.680969715118408","3.680969715118408","51.09341812133789","51.09341812133789","51.09341812133789"
"6929","0.2946930527687073","0.2946930527687073","0.2946930527687073","62.318939208984375","62.318939208984375","62.318939208984375","0.3194146156311035","0.3194146156311035","0.3194146156311035","52.22822189331055","52.22822189331055","52.22822189331055","0.8516025543212891","0.8516025543212891","0.8516025543212891","62.191219329833984","62.191219329833984","62.191219329833984","0.8518953323364258","0.8518953323364258","0.8518953323364258","52.04041290283203","52.04041290283203","52.04041290283203"
"6959","0.5232136249542236","0.5232136249542236","0.5232136249542236","54.99687194824219","54.99687194824219","54.99687194824219","0.808897078037262","0.808897078037262","0.808897078037262","46.19727325439453","46.19727325439453","46.19727325439453","1.048588514328003","1.048588514328003","1.048588514328003","54.92380142211914","54.92380142211914","54.92380142211914","0.7593739032745361","0.7593739032745361","0.7593739032745361","46.05517578125","46.05517578125","46.05517578125"
"6989","0.29071173071861267","0.29071173071861267","0.29071173071861267","52.03926467895508","52.03926467895508","52.03926467895508","0.8040750026702881","0.8040750026702881","0.8040750026702881","43.22593688964844","43.22593688964844","43.22593688964844","0.6160092949867249","0.6160092949867249","0.6160092949867249","52.293025970458984","52.293025970458984","52.293025970458984","0.6208080053329468","0.6208080053329468","0.6208080053329468","43.15628433227539","43.15628433227539","43.15628433227539"
"7019","0.47197240591049194","0.47197240591049194","0.47197240591049194","53.141029357910156","53.141029357910156","53.141029357910156","0.6343668103218079","0.6343668103218079","0.6343668103218079","45.4308967590332","45.4308967590332","45.4308967590332","0.893288254737854","0.893288254737854","0.893288254737854","53.27574157714844","53.27574157714844","53.27574157714844","0.9692957997322083","0.9692957997322083","0.9692957997322083","45.33054733276367","45.33054733276367","45.33054733276367"
"7049","0.35708853602409363","0.35708853602409363","0.35708853602409363","61.72803497314453","61.72803497314453","61.72803497314453","0.3257390856742859","0.3257390856742859","0.3257390856742859","53.32610321044922","53.32610321044922","53.32610321044922","0.782562255859375","0.782562255859375","0.782562255859375","61.37520217895508","61.37520217895508","61.37520217895508","0.8155726194381714","0.8155726194381714","0.8155726194381714","53.30952835083008","53.30952835083008","53.30952835083008"
"7079","0.44811540842056274","0.44811540842056274","0.44811540842056274","56.69243621826172","56.69243621826172","56.69243621826172","0.48331281542778015","0.48331281542778015","0.48331281542778015","48.16505432128906","48.16505432128906","48.16505432128906","0.7461279034614563","0.7461279034614563","0.7461279034614563","57.2326545715332","57.2326545715332","57.2326545715332","0.7510553002357483","0.7510553002357483","0.7510553002357483","48.187347412109375","48.187347412109375","48.187347412109375"
"7109","0.7470608353614807","0.7470608353614807","0.7470608353614807","54.073299407958984","54.073299407958984","54.073299407958984","0.6425381898880005","0.6425381898880005","0.6425381898880005","46.29161834716797","46.29161834716797","46.29161834716797","1.2946182489395142","1.2946182489395142","1.2946182489395142","54.13232421875","54.13232421875","54.13232421875","0.8727854490280151","0.8727854490280151","0.8727854490280151","46.0059700012207","46.0059700012207","46.0059700012207"
"7139","0.47759902477264404","0.47759902477264404","0.47759902477264404","51.03769302368164","51.03769302368164","51.03769302368164","0.3769127428531647","0.3769127428531647","0.3769127428531647","44.559051513671875","44.559051513671875","44.559051513671875","0.6538407802581787","0.6538407802581787","0.6538407802581787","51.059814453125","51.059814453125","51.059814453125","0.6348786950111389","0.6348786950111389","0.6348786950111389","44.58004379272461","44.58004379272461","44.58004379272461"
"7169","0.4229672849178314","0.4229672849178314","0.4229672849178314","56.18464660644531","56.18464660644531","56.18464660644531","0.527165412902832","0.527165412902832","0.527165412902832","47.61689758300781","47.61689758300781","47.61689758300781","0.8088417053222656","0.8088417053222656","0.8088417053222656","56.161922454833984","56.161922454833984","56.161922454833984","0.8299203515052795","0.8299203515052795","0.8299203515052795","47.61128616333008","47.61128616333008","47.61128616333008"
"7199","0.3310161530971527","0.3310161530971527","0.3310161530971527","58.40627670288086","58.40627670288086","58.40627670288086","0.3607340157032013","0.3607340157032013","0.3607340157032013","49.78240966796875","49.78240966796875","49.78240966796875","0.6366487145423889","0.6366487145423889","0.6366487145423889","58.466064453125","58.466064453125","58.466064453125","0.5759361386299133","0.5759361386299133","0.5759361386299133","49.839080810546875","49.839080810546875","49.839080810546875"
"7229","0.42695116996765137","0.42695116996765137","0.42695116996765137","48.771728515625","48.771728515625","48.771728515625","0.3746269941329956","0.3746269941329956","0.3746269941329956","43.35295486450195","43.35295486450195","43.35295486450195","0.6227959394454956","0.6227959394454956","0.6227959394454956","48.89356231689453","48.89356231689453","48.89356231689453","0.6196743845939636","0.6196743845939636","0.6196743845939636","43.34853744506836","43.34853744506836","43.34853744506836"
"7259","3.1076364517211914","3.1076364517211914","3.1076364517211914","94.49415588378906","94.49415588378906","94.49415588378906","3.9090023040771484","3.9090023040771484","3.9090023040771484","83.39649200439453","83.39649200439453","83.39649200439453","4.369542598724365","4.369542598724365","4.369542598724365","95.25360870361328","95.25360870361328","95.25360870361328","6.2077813148498535","6.2077813148498535","6.2077813148498535","83.34211730957031","83.34211730957031","83.34211730957031"
"7289","0.6230117678642273","0.6230117678642273","0.6230117678642273","54.613826751708984","54.613826751708984","54.613826751708984","0.30860769748687744","0.30860769748687744","0.30860769748687744","46.65194320678711","46.65194320678711","46.65194320678711","0.7751541137695312","0.7751541137695312","0.7751541137695312","55.0308723449707","55.0308723449707","55.0308723449707","0.7863104343414307","0.7863104343414307","0.7863104343414307","46.64167022705078","46.64167022705078","46.64167022705078"
"7319","0.349913090467453","0.349913090467453","0.349913090467453","57.676883697509766","57.676883697509766","57.676883697509766","0.2904041111469269","0.2904041111469269","0.2904041111469269","49.52177810668945","49.52177810668945","49.52177810668945","0.71535325050354","0.71535325050354","0.71535325050354","57.85171890258789","57.85171890258789","57.85171890258789","0.664852499961853","0.664852499961853","0.664852499961853","49.57697296142578","49.57697296142578","49.57697296142578"
"7349","0.6492849588394165","0.6492849588394165","0.6492849588394165","56.839324951171875","56.839324951171875","56.839324951171875","0.5623630285263062","0.5623630285263062","0.5623630285263062","49.95249938964844","49.95249938964844","49.95249938964844","0.7980486750602722","0.7980486750602722","0.7980486750602722","56.78364181518555","56.78364181518555","56.78364181518555","0.80667644739151","0.80667644739151","0.80667644739151","49.91488265991211","49.91488265991211","49.91488265991211"
"7379","0.45475050806999207","0.45475050806999207","0.45475050806999207","55.55421829223633","55.55421829223633","55.55421829223633","0.3582901656627655","0.3582901656627655","0.3582901656627655","48.19700622558594","48.19700622558594","48.19700622558594","0.688136100769043","0.688136100769043","0.688136100769043","55.971736907958984","55.971736907958984","55.971736907958984","0.6374037265777588","0.6374037265777588","0.6374037265777588","48.14622497558594","48.14622497558594","48.14622497558594"
"7409","0.29311561584472656","0.29311561584472656","0.29311561584472656","45.18815231323242","45.18815231323242","45.18815231323242","0.2965162992477417","0.2965162992477417","0.2965162992477417","41.237937927246094","41.237937927246094","41.237937927246094","0.6172057390213013","0.6172057390213013","0.6172057390213013","45.46861267089844","45.46861267089844","45.46861267089844","0.4793891906738281","0.4793891906738281","0.4793891906738281","41.11244201660156","41.11244201660156","41.11244201660156"
"7439","0.5997000932693481","0.5997000932693481","0.5997000932693481","51.06072998046875","51.06072998046875","51.06072998046875","0.5473279356956482","0.5473279356956482","0.5473279356956482","45.508811950683594","45.508811950683594","45.508811950683594","0.8745415210723877","0.8745415210723877","0.8745415210723877","51.136474609375","51.136474609375","51.136474609375","0.7261514067649841","0.7261514067649841","0.7261514067649841","45.51850509643555","45.51850509643555","45.51850509643555"
"7469","0.996593177318573","0.996593177318573","0.996593177318573","50.70836639404297","50.70836639404297","50.70836639404297","0.5193355083465576","0.5193355083465576","0.5193355083465576","45.22842788696289","45.22842788696289","45.22842788696289","0.7148830890655518","0.7148830890655518","0.7148830890655518","50.851318359375","50.851318359375","50.851318359375","0.6592957377433777","0.6592957377433777","0.6592957377433777","45.22857666015625","45.22857666015625","45.22857666015625"
"7499","0.2874431610107422","0.2874431610107422","0.2874431610107422","52.42068862915039","52.42068862915039","52.42068862915039","0.2733941078186035","0.2733941078186035","0.2733941078186035","45.82710266113281","45.82710266113281","45.82710266113281","0.6140609383583069","0.6140609383583069","0.6140609383583069","52.99317932128906","52.99317932128906","52.99317932128906","0.5575751662254333","0.5575751662254333","0.5575751662254333","45.729248046875","45.729248046875","45.729248046875"
"7529","0.3119129240512848","0.3119129240512848","0.3119129240512848","39.90179443359375","39.90179443359375","39.90179443359375","0.30727142095565796","0.30727142095565796","0.30727142095565796","37.818115234375","37.818115234375","37.818115234375","0.4544101357460022","0.4544101357460022","0.4544101357460022","39.94477844238281","39.94477844238281","39.94477844238281","0.45204252004623413","0.45204252004623413","0.45204252004623413","37.77510452270508","37.77510452270508","37.77510452270508"
"7559","0.29347795248031616","0.29347795248031616","0.29347795248031616","48.70515441894531","48.70515441894531","48.70515441894531","0.38867461681365967","0.38867461681365967","0.38867461681365967","45.09787368774414","45.09787368774414","45.09787368774414","0.6382389664649963","0.6382389664649963","0.6382389664649963","48.74846649169922","48.74846649169922","48.74846649169922","0.6178086996078491","0.6178086996078491","0.6178086996078491","44.87713623046875","44.87713623046875","44.87713623046875"
"7589","0.42142295837402344","0.42142295837402344","0.42142295837402344","52.511844635009766","52.511844635009766","52.511844635009766","0.8186196684837341","0.8186196684837341","0.8186196684837341","47.15702438354492","47.15702438354492","47.15702438354492","0.637261152267456","0.637261152267456","0.637261152267456","52.6989631652832","52.6989631652832","52.6989631652832","0.6340926289558411","0.6340926289558411","0.6340926289558411","47.28097915649414","47.28097915649414","47.28097915649414"
"7619","0.41284337639808655","0.41284337639808655","0.41284337639808655","60.46785354614258","60.46785354614258","60.46785354614258","0.6142270565032959","0.6142270565032959","0.6142270565032959","56.41069030761719","56.41069030761719","56.41069030761719","0.7592610120773315","0.7592610120773315","0.7592610120773315","61.275760650634766","61.275760650634766","61.275760650634766","0.8202027082443237","0.8202027082443237","0.8202027082443237","56.30364227294922","56.30364227294922","56.30364227294922"
"7649","0.2885894477367401","0.2885894477367401","0.2885894477367401","50.28523635864258","50.28523635864258","50.28523635864258","0.22265058755874634","0.22265058755874634","0.22265058755874634","44.99000930786133","44.99000930786133","44.99000930786133","0.5085464715957642","0.5085464715957642","0.5085464715957642","49.54976272583008","49.54976272583008","49.54976272583008","0.5088855624198914","0.5088855624198914","0.5088855624198914","44.88534927368164","44.88534927368164","44.88534927368164"
"7679","0.2911279797554016","0.2911279797554016","0.2911279797554016","51.43093490600586","51.43093490600586","51.43093490600586","0.2775903046131134","0.2775903046131134","0.2775903046131134","45.09560775756836","45.09560775756836","45.09560775756836","0.7245591282844543","0.7245591282844543","0.7245591282844543","51.556209564208984","51.556209564208984","51.556209564208984","0.6806719899177551","0.6806719899177551","0.6806719899177551","45.22565460205078","45.22565460205078","45.22565460205078"
"7709","0.23481610417366028","0.23481610417366028","0.23481610417366028","51.500732421875","51.500732421875","51.500732421875","0.36663031578063965","0.36663031578063965","0.36663031578063965","47.94203186035156","47.94203186035156","47.94203186035156","0.612878680229187","0.612878680229187","0.612878680229187","51.49250030517578","51.49250030517578","51.49250030517578","0.5846571922302246","0.5846571922302246","0.5846571922302246","47.92898941040039","47.92898941040039","47.92898941040039"
"7739","0.3202100396156311","0.3202100396156311","0.3202100396156311","51.35946273803711","51.35946273803711","51.35946273803711","0.34016355872154236","0.34016355872154236","0.34016355872154236","46.91437530517578","46.91437530517578","46.91437530517578","0.6444706320762634","0.6444706320762634","0.6444706320762634","51.3456916809082","51.3456916809082","51.3456916809082","0.6353912949562073","0.6353912949562073","0.6353912949562073","46.896209716796875","46.896209716796875","46.896209716796875"
"7769","0.29532381892204285","0.29532381892204285","0.29532381892204285","51.64260482788086","51.64260482788086","51.64260482788086","0.2573304772377014","0.2573304772377014","0.2573304772377014","46.57622146606445","46.57622146606445","46.57622146606445","0.5136134028434753","0.5136134028434753","0.5136134028434753","51.291664123535156","51.291664123535156","51.291664123535156","0.4922311007976532","0.4922311007976532","0.4922311007976532","46.47907638549805","46.47907638549805","46.47907638549805"
"7799","0.32364362478256226","0.32364362478256226","0.32364362478256226","56.50263595581055","56.50263595581055","56.50263595581055","0.412769615650177","0.412769615650177","0.412769615650177","48.725730895996094","48.725730895996094","48.725730895996094","0.6859051585197449","0.6859051585197449","0.6859051585197449","57.19800567626953","57.19800567626953","57.19800567626953","0.6147287487983704","0.6147287487983704","0.6147287487983704","48.870243072509766","48.870243072509766","48.870243072509766"
"7829","1.050679326057434","1.050679326057434","1.050679326057434","51.72307586669922","51.72307586669922","51.72307586669922","1.4451836347579956","1.4451836347579956","1.4451836347579956","48.56385803222656","48.56385803222656","48.56385803222656","3.62797212600708","3.62797212600708","3.62797212600708","51.75626754760742","51.75626754760742","51.75626754760742","4.249767780303955","4.249767780303955","4.249767780303955","48.55112075805664","48.55112075805664","48.55112075805664"
"7859","0.26874229311943054","0.26874229311943054","0.26874229311943054","49.02973556518555","49.02973556518555","49.02973556518555","0.2913067042827606","0.2913067042827606","0.2913067042827606","45.366268157958984","45.366268157958984","45.366268157958984","0.5278654098510742","0.5278654098510742","0.5278654098510742","49.40290832519531","49.40290832519531","49.40290832519531","0.5657235980033875","0.5657235980033875","0.5657235980033875","45.40111541748047","45.40111541748047","45.40111541748047"
"7889","0.4286998212337494","0.4286998212337494","0.4286998212337494","52.83448028564453","52.83448028564453","52.83448028564453","0.4983921945095062","0.4983921945095062","0.4983921945095062","48.00022888183594","48.00022888183594","48.00022888183594","0.6476538777351379","0.6476538777351379","0.6476538777351379","52.90176773071289","52.90176773071289","52.90176773071289","0.6414228081703186","0.6414228081703186","0.6414228081703186","47.9970703125","47.9970703125","47.9970703125"
"7919","0.20576739311218262","0.20576739311218262","0.20576739311218262","47.51808547973633","47.51808547973633","47.51808547973633","0.23450689017772675","0.23450689017772675","0.23450689017772675","45.067176818847656","45.067176818847656","45.067176818847656","0.4253557622432709","0.4253557622432709","0.4253557622432709","48.256858825683594","48.256858825683594","48.256858825683594","0.4093194901943207","0.4093194901943207","0.4093194901943207","45.06931686401367","45.06931686401367","45.06931686401367"
"7949","0.39201584458351135","0.39201584458351135","0.39201584458351135","47.43669509887695","47.43669509887695","47.43669509887695","0.3050535023212433","0.3050535023212433","0.3050535023212433","43.320350646972656","43.320350646972656","43.320350646972656","0.48948997259140015","0.48948997259140015","0.48948997259140015","47.15692138671875","47.15692138671875","47.15692138671875","0.6431247591972351","0.6431247591972351","0.6431247591972351","43.17726516723633","43.17726516723633","43.17726516723633"
"7979","0.46049174666404724","0.46049174666404724","0.46049174666404724","53.03306579589844","53.03306579589844","53.03306579589844","0.40117567777633667","0.40117567777633667","0.40117567777633667","48.02628707885742","48.02628707885742","48.02628707885742","0.6010961532592773","0.6010961532592773","0.6010961532592773","52.50126647949219","52.50126647949219","52.50126647949219","0.5600388050079346","0.5600388050079346","0.5600388050079346","48.122840881347656","48.122840881347656","48.122840881347656"
"8009","0.766986072063446","0.766986072063446","0.766986072063446","48.793724060058594","48.793724060058594","48.793724060058594","1.8081488609313965","1.8081488609313965","1.8081488609313965","45.06290054321289","45.06290054321289","45.06290054321289","1.2532967329025269","1.2532967329025269","1.2532967329025269","48.90465545654297","48.90465545654297","48.90465545654297","0.7805620431900024","0.7805620431900024","0.7805620431900024","44.86941146850586","44.86941146850586","44.86941146850586"
"8039","0.5458738803863525","0.5458738803863525","0.5458738803863525","51.885868072509766","51.885868072509766","51.885868072509766","0.5623001456260681","0.5623001456260681","0.5623001456260681","47.00211715698242","47.00211715698242","47.00211715698242","0.6204841136932373","0.6204841136932373","0.6204841136932373","51.71424865722656","51.71424865722656","51.71424865722656","0.5427775382995605","0.5427775382995605","0.5427775382995605","46.90488052368164","46.90488052368164","46.90488052368164"
"8069","0.2595165967941284","0.2595165967941284","0.2595165967941284","55.3619384765625","55.3619384765625","55.3619384765625","0.2360430210828781","0.2360430210828781","0.2360430210828781","50.49641036987305","50.49641036987305","50.49641036987305","0.5044595003128052","0.5044595003128052","0.5044595003128052","55.56351089477539","55.56351089477539","55.56351089477539","0.5002604722976685","0.5002604722976685","0.5002604722976685","50.55417251586914","50.55417251586914","50.55417251586914"
"8099","0.4594697058200836","0.4594697058200836","0.4594697058200836","46.789974212646484","46.789974212646484","46.789974212646484","0.25560104846954346","0.25560104846954346","0.25560104846954346","43.11634826660156","43.11634826660156","43.11634826660156","0.49480634927749634","0.49480634927749634","0.49480634927749634","46.29585647583008","46.29585647583008","46.29585647583008","0.40616437792778015","0.40616437792778015","0.40616437792778015","43.0875244140625","43.0875244140625","43.0875244140625"
"8129","0.33722198009490967","0.33722198009490967","0.33722198009490967","54.8332405090332","54.8332405090332","54.8332405090332","0.49664512276649475","0.49664512276649475","0.49664512276649475","50.41633605957031","50.41633605957031","50.41633605957031","0.6457974314689636","0.6457974314689636","0.6457974314689636","55.05632781982422","55.05632781982422","55.05632781982422","0.5961631536483765","0.5961631536483765","0.5961631536483765","50.32120895385742","50.32120895385742","50.32120895385742"
"8159","0.2885552644729614","0.2885552644729614","0.2885552644729614","44.521209716796875","44.521209716796875","44.521209716796875","0.3094727396965027","0.3094727396965027","0.3094727396965027","40.86825180053711","40.86825180053711","40.86825180053711","0.615920901298523","0.615920901298523","0.615920901298523","44.73588943481445","44.73588943481445","44.73588943481445","0.5818418264389038","0.5818418264389038","0.5818418264389038","40.786888122558594","40.786888122558594","40.786888122558594"
"8189","1.7721368074417114","1.7721368074417114","1.7721368074417114","51.3657112121582","51.3657112121582","51.3657112121582","0.880429744720459","0.880429744720459","0.880429744720459","48.543701171875","48.543701171875","48.543701171875","1.3821635246276855","1.3821635246276855","1.3821635246276855","51.71908950805664","51.71908950805664","51.71908950805664","1.3180396556854248","1.3180396556854248","1.3180396556854248","49.04499053955078","49.04499053955078","49.04499053955078"
"8219","1.497365117073059","1.497365117073059","1.497365117073059","47.255165100097656","47.255165100097656","47.255165100097656","1.0533640384674072","1.0533640384674072","1.0533640384674072","44.70296859741211","44.70296859741211","44.70296859741211","1.3497004508972168","1.3497004508972168","1.3497004508972168","47.1829833984375","47.1829833984375","47.1829833984375","1.4178134202957153","1.4178134202957153","1.4178134202957153","44.6689338684082","44.6689338684082","44.6689338684082"
"8249","0.3086995482444763","0.3086995482444763","0.3086995482444763","52.05298614501953","52.05298614501953","52.05298614501953","0.3554244041442871","0.3554244041442871","0.3554244041442871","49.57557678222656","49.57557678222656","49.57557678222656","0.5944581627845764","0.5944581627845764","0.5944581627845764","51.748924255371094","51.748924255371094","51.748924255371094","0.6890311241149902","0.6890311241149902","0.6890311241149902","49.703338623046875","49.703338623046875","49.703338623046875"
"8279","0.5806220769882202","0.5806220769882202","0.5806220769882202","52.370731353759766","52.370731353759766","52.370731353759766","0.3328571915626526","0.3328571915626526","0.3328571915626526","49.68960189819336","49.68960189819336","49.68960189819336","0.6368765234947205","0.6368765234947205","0.6368765234947205","52.903812408447266","52.903812408447266","52.903812408447266","0.5199881792068481","0.5199881792068481","0.5199881792068481","49.88821029663086","49.88821029663086","49.88821029663086"
"8309","1.4935485124588013","1.4935485124588013","1.4935485124588013","50.081565856933594","50.081565856933594","50.081565856933594","0.361234188079834","0.361234188079834","0.361234188079834","46.403343200683594","46.403343200683594","46.403343200683594","0.4883595108985901","0.4883595108985901","0.4883595108985901","50.039764404296875","50.039764404296875","50.039764404296875","0.46824994683265686","0.46824994683265686","0.46824994683265686","46.24308395385742","46.24308395385742","46.24308395385742"
"8339","0.45281273126602173","0.45281273126602173","0.45281273126602173","48.516990661621094","48.516990661621094","48.516990661621094","0.46881288290023804","0.46881288290023804","0.46881288290023804","46.27729415893555","46.27729415893555","46.27729415893555","0.7605364918708801","0.7605364918708801","0.7605364918708801","48.35887145996094","48.35887145996094","48.35887145996094","0.5239115953445435","0.5239115953445435","0.5239115953445435","46.218406677246094","46.218406677246094","46.218406677246094"
"8369","0.8456266522407532","0.8456266522407532","0.8456266522407532","44.13267135620117","44.13267135620117","44.13267135620117","0.4554811716079712","0.4554811716079712","0.4554811716079712","41.72406005859375","41.72406005859375","41.72406005859375","0.7469061017036438","0.7469061017036438","0.7469061017036438","44.0544319152832","44.0544319152832","44.0544319152832","1.5223331451416016","1.5223331451416016","1.5223331451416016","41.656585693359375","41.656585693359375","41.656585693359375"
"8399","0.475064754486084","0.475064754486084","0.475064754486084","49.967674255371094","49.967674255371094","49.967674255371094","0.33234724402427673","0.33234724402427673","0.33234724402427673","46.46471405029297","46.46471405029297","46.46471405029297","0.5387794971466064","0.5387794971466064","0.5387794971466064","49.327449798583984","49.327449798583984","49.327449798583984","0.6243849992752075","0.6243849992752075","0.6243849992752075","46.52871322631836","46.52871322631836","46.52871322631836"
"8429","8.5460786819458","8.5460786819458","8.5460786819458","50.67618179321289","50.67618179321289","50.67618179321289","6.477763652801514","6.477763652801514","6.477763652801514","50.170867919921875","50.170867919921875","50.170867919921875","1.0075410604476929","1.0075410604476929","1.0075410604476929","50.10354995727539","50.10354995727539","50.10354995727539","1.7936755418777466","1.7936755418777466","1.7936755418777466","50.20397186279297","50.20397186279297","50.20397186279297"
"8459","0.266289085149765","0.266289085149765","0.266289085149765","49.420902252197266","49.420902252197266","49.420902252197266","0.2704707980155945","0.2704707980155945","0.2704707980155945","47.593406677246094","47.593406677246094","47.593406677246094","0.39149191975593567","0.39149191975593567","0.39149191975593567","49.691776275634766","49.691776275634766","49.691776275634766","0.4085319936275482","0.4085319936275482","0.4085319936275482","47.64910125732422","47.64910125732422","47.64910125732422"
"8489","0.2801332175731659","0.2801332175731659","0.2801332175731659","56.37549591064453","56.37549591064453","56.37549591064453","0.304974764585495","0.304974764585495","0.304974764585495","50.17074203491211","50.17074203491211","50.17074203491211","0.6098679900169373","0.6098679900169373","0.6098679900169373","56.114715576171875","56.114715576171875","56.114715576171875","0.6798973083496094","0.6798973083496094","0.6798973083496094","50.25267028808594","50.25267028808594","50.25267028808594"
"8519","1.0642852783203125","1.0642852783203125","1.0642852783203125","50.45294952392578","50.45294952392578","50.45294952392578","2.4233226776123047","2.4233226776123047","2.4233226776123047","46.33708953857422","46.33708953857422","46.33708953857422","0.919836699962616","0.919836699962616","0.919836699962616","50.38827896118164","50.38827896118164","50.38827896118164","0.833412230014801","0.833412230014801","0.833412230014801","46.52021789550781","46.52021789550781","46.52021789550781"
"8549","0.24315093457698822","0.24315093457698822","0.24315093457698822","48.38031005859375","48.38031005859375","48.38031005859375","0.2004339098930359","0.2004339098930359","0.2004339098930359","46.350067138671875","46.350067138671875","46.350067138671875","0.41331276297569275","0.41331276297569275","0.41331276297569275","47.67625427246094","47.67625427246094","47.67625427246094","0.36714041233062744","0.36714041233062744","0.36714041233062744","46.400291442871094","46.400291442871094","46.400291442871094"
"8579","1.9084997177124023","1.9084997177124023","1.9084997177124023","46.81951141357422","46.81951141357422","46.81951141357422","0.8941201567649841","0.8941201567649841","0.8941201567649841","44.895042419433594","44.895042419433594","44.895042419433594","2.9359350204467773","2.9359350204467773","2.9359350204467773","46.89234161376953","46.89234161376953","46.89234161376953","1.584877848625183","1.584877848625183","1.584877848625183","44.90073013305664","44.90073013305664","44.90073013305664"
"8609","0.21390941739082336","0.21390941739082336","0.21390941739082336","42.95823287963867","42.95823287963867","42.95823287963867","0.2602251470088959","0.2602251470088959","0.2602251470088959","42.390472412109375","42.390472412109375","42.390472412109375","0.4298802614212036","0.4298802614212036","0.4298802614212036","42.772186279296875","42.772186279296875","42.772186279296875","0.43087074160575867","0.43087074160575867","0.43087074160575867","42.31802749633789","42.31802749633789","42.31802749633789"
"8639","0.39940446615219116","0.39940446615219116","0.39940446615219116","46.421600341796875","46.421600341796875","46.421600341796875","0.3273814022541046","0.3273814022541046","0.3273814022541046","42.99680709838867","42.99680709838867","42.99680709838867","0.4223557114601135","0.4223557114601135","0.4223557114601135","46.185604095458984","46.185604095458984","46.185604095458984","0.46056196093559265","0.46056196093559265","0.46056196093559265","42.9489631652832","42.9489631652832","42.9489631652832"
"8669","0.26246172189712524","0.26246172189712524","0.26246172189712524","49.420291900634766","49.420291900634766","49.420291900634766","0.2666976749897003","0.2666976749897003","0.2666976749897003","47.96528244018555","47.96528244018555","47.96528244018555","0.47730180621147156","0.47730180621147156","0.47730180621147156","49.89046096801758","49.89046096801758","49.89046096801758","0.45686253905296326","0.45686253905296326","0.45686253905296326","47.90048599243164","47.90048599243164","47.90048599243164"
"8699","0.2919482886791229","0.2919482886791229","0.2919482886791229","44.85179138183594","44.85179138183594","44.85179138183594","0.3891262114048004","0.3891262114048004","0.3891262114048004","43.9681396484375","43.9681396484375","43.9681396484375","0.44896605610847473","0.44896605610847473","0.44896605610847473","44.59668731689453","44.59668731689453","44.59668731689453","0.507707417011261","0.507707417011261","0.507707417011261","43.91032028198242","43.91032028198242","43.91032028198242"
"8729","0.7983464598655701","0.7983464598655701","0.7983464598655701","46.439735412597656","46.439735412597656","46.439735412597656","0.5702858567237854","0.5702858567237854","0.5702858567237854","43.59586715698242","43.59586715698242","43.59586715698242","0.7627326846122742","0.7627326846122742","0.7627326846122742","46.79566955566406","46.79566955566406","46.79566955566406","0.8047025203704834","0.8047025203704834","0.8047025203704834","43.60196304321289","43.60196304321289","43.60196304321289"
"8759","0.4008171856403351","0.4008171856403351","0.4008171856403351","45.91224670410156","45.91224670410156","45.91224670410156","0.3981352150440216","0.3981352150440216","0.3981352150440216","45.00544738769531","45.00544738769531","45.00544738769531","0.41447529196739197","0.41447529196739197","0.41447529196739197","46.06418991088867","46.06418991088867","46.06418991088867","0.36106330156326294","0.36106330156326294","0.36106330156326294","45.06871032714844","45.06871032714844","45.06871032714844"
"8789","4.082813739776611","4.082813739776611","4.082813739776611","42.02363204956055","42.02363204956055","42.02363204956055","1.9438989162445068","1.9438989162445068","1.9438989162445068","43.52212142944336","43.52212142944336","43.52212142944336","0.7193306088447571","0.7193306088447571","0.7193306088447571","41.79759979248047","41.79759979248047","41.79759979248047","1.1074905395507812","1.1074905395507812","1.1074905395507812","42.85436248779297","42.85436248779297","42.85436248779297"
"8819","0.34819138050079346","0.34819138050079346","0.34819138050079346","48.81130599975586","48.81130599975586","48.81130599975586","0.2285815179347992","0.2285815179347992","0.2285815179347992","45.671112060546875","45.671112060546875","45.671112060546875","0.37318891286849976","0.37318891286849976","0.37318891286849976","48.182010650634766","48.182010650634766","48.182010650634766","0.37139666080474854","0.37139666080474854","0.37139666080474854","45.60576248168945","45.60576248168945","45.60576248168945"
"8849","0.3144276440143585","0.3144276440143585","0.3144276440143585","44.32689666748047","44.32689666748047","44.32689666748047","0.308051198720932","0.308051198720932","0.308051198720932","44.824951171875","44.824951171875","44.824951171875","0.3819567859172821","0.3819567859172821","0.3819567859172821","44.13218307495117","44.13218307495117","44.13218307495117","0.3505183458328247","0.3505183458328247","0.3505183458328247","44.76820373535156","44.76820373535156","44.76820373535156"
"8879","0.36007338762283325","0.36007338762283325","0.36007338762283325","46.85591506958008","46.85591506958008","46.85591506958008","0.3748326897621155","0.3748326897621155","0.3748326897621155","46.39598083496094","46.39598083496094","46.39598083496094","0.4420069754123688","0.4420069754123688","0.4420069754123688","47.61526107788086","47.61526107788086","47.61526107788086","0.47187647223472595","0.47187647223472595","0.47187647223472595","46.567054748535156","46.567054748535156","46.567054748535156"
"8909","0.3137224018573761","0.3137224018573761","0.3137224018573761","51.9307861328125","51.9307861328125","51.9307861328125","0.6625446081161499","0.6625446081161499","0.6625446081161499","50.018890380859375","50.018890380859375","50.018890380859375","0.4587435722351074","0.4587435722351074","0.4587435722351074","51.989295959472656","51.989295959472656","51.989295959472656","0.4519839286804199","0.4519839286804199","0.4519839286804199","50.201576232910156","50.201576232910156","50.201576232910156"
"8939","0.30291324853897095","0.30291324853897095","0.30291324853897095","45.50061798095703","45.50061798095703","45.50061798095703","0.4324386417865753","0.4324386417865753","0.4324386417865753","45.874759674072266","45.874759674072266","45.874759674072266","0.5487083792686462","0.5487083792686462","0.5487083792686462","45.37882614135742","45.37882614135742","45.37882614135742","0.4206520617008209","0.4206520617008209","0.4206520617008209","45.90079116821289","45.90079116821289","45.90079116821289"
"8969","0.491280734539032","0.491280734539032","0.491280734539032","48.84237289428711","48.84237289428711","48.84237289428711","0.4602142572402954","0.4602142572402954","0.4602142572402954","47.37921905517578","47.37921905517578","47.37921905517578","0.3799653649330139","0.3799653649330139","0.3799653649330139","48.66815185546875","48.66815185546875","48.66815185546875","0.6076132655143738","0.6076132655143738","0.6076132655143738","47.543025970458984","47.543025970458984","47.543025970458984"
"8999","4.460057258605957","4.460057258605957","4.460057258605957","48.01981735229492","48.01981735229492","48.01981735229492","2.4451847076416016","2.4451847076416016","2.4451847076416016","44.85139465332031","44.85139465332031","44.85139465332031","0.621101975440979","0.621101975440979","0.621101975440979","46.3464241027832","46.3464241027832","46.3464241027832","0.7959333062171936","0.7959333062171936","0.7959333062171936","45.03916549682617","45.03916549682617","45.03916549682617"
"9029","0.5574069619178772","0.5574069619178772","0.5574069619178772","50.24835205078125","50.24835205078125","50.24835205078125","0.8607180714607239","0.8607180714607239","0.8607180714607239","47.947410583496094","47.947410583496094","47.947410583496094","0.45798859000205994","0.45798859000205994","0.45798859000205994","50.33308792114258","50.33308792114258","50.33308792114258","0.5050686001777649","0.5050686001777649","0.5050686001777649","47.82750701904297","47.82750701904297","47.82750701904297"
"9059","0.2518744468688965","0.2518744468688965","0.2518744468688965","47.8076171875","47.8076171875","47.8076171875","0.3309343755245209","0.3309343755245209","0.3309343755245209","44.88324737548828","44.88324737548828","44.88324737548828","0.7160378098487854","0.7160378098487854","0.7160378098487854","47.4371337890625","47.4371337890625","47.4371337890625","0.6966983675956726","0.6966983675956726","0.6966983675956726","44.79115676879883","44.79115676879883","44.79115676879883"
"9089","0.23027290403842926","0.23027290403842926","0.23027290403842926","42.58595657348633","42.58595657348633","42.58595657348633","0.23780295252799988","0.23780295252799988","0.23780295252799988","43.917083740234375","43.917083740234375","43.917083740234375","0.3185024857521057","0.3185024857521057","0.3185024857521057","42.92422866821289","42.92422866821289","42.92422866821289","0.3224562704563141","0.3224562704563141","0.3224562704563141","43.810203552246094","43.810203552246094","43.810203552246094"
"9119","0.19322922825813293","0.19322922825813293","0.19322922825813293","45.05109786987305","45.05109786987305","45.05109786987305","0.2599666118621826","0.2599666118621826","0.2599666118621826","44.00977325439453","44.00977325439453","44.00977325439453","0.3978559672832489","0.3978559672832489","0.3978559672832489","44.65902328491211","44.65902328491211","44.65902328491211","0.38106268644332886","0.38106268644332886","0.38106268644332886","43.97199630737305","43.97199630737305","43.97199630737305"
"9149","0.28328561782836914","0.28328561782836914","0.28328561782836914","45.15177536010742","45.15177536010742","45.15177536010742","0.27655157446861267","0.27655157446861267","0.27655157446861267","44.34177017211914","44.34177017211914","44.34177017211914","0.3309096097946167","0.3309096097946167","0.3309096097946167","45.029090881347656","45.029090881347656","45.029090881347656","0.4341985881328583","0.4341985881328583","0.4341985881328583","44.11703109741211","44.11703109741211","44.11703109741211"
"9179","0.2348102182149887","0.2348102182149887","0.2348102182149887","44.59195327758789","44.59195327758789","44.59195327758789","0.2682751715183258","0.2682751715183258","0.2682751715183258","45.115047454833984","45.115047454833984","45.115047454833984","0.32747843861579895","0.32747843861579895","0.32747843861579895","44.523807525634766","44.523807525634766","44.523807525634766","0.3700333833694458","0.3700333833694458","0.3700333833694458","45.080379486083984","45.080379486083984","45.080379486083984"
"9209","5.625309944152832","5.625309944152832","5.625309944152832","48.25568389892578","48.25568389892578","48.25568389892578","2.403850555419922","2.403850555419922","2.403850555419922","47.98461151123047","47.98461151123047","47.98461151123047","2.9663262367248535","2.9663262367248535","2.9663262367248535","49.048152923583984","49.048152923583984","49.048152923583984","1.835845947265625","1.835845947265625","1.835845947265625","48.59905242919922","48.59905242919922","48.59905242919922"
"9239","2.0257275104522705","2.0257275104522705","2.0257275104522705","41.32821273803711","41.32821273803711","41.32821273803711","1.0866732597351074","1.0866732597351074","1.0866732597351074","42.17099380493164","42.17099380493164","42.17099380493164","0.5842053294181824","0.5842053294181824","0.5842053294181824","41.541717529296875","41.541717529296875","41.541717529296875","0.4250999987125397","0.4250999987125397","0.4250999987125397","42.16078567504883","42.16078567504883","42.16078567504883"
"9269","0.7221809029579163","0.7221809029579163","0.7221809029579163","49.670570373535156","49.670570373535156","49.670570373535156","0.5574267506599426","0.5574267506599426","0.5574267506599426","50.220947265625","50.220947265625","50.220947265625","0.519148051738739","0.519148051738739","0.519148051738739","49.47853469848633","49.47853469848633","49.47853469848633","0.4752330780029297","0.4752330780029297","0.4752330780029297","49.93672561645508","49.93672561645508","49.93672561645508"
"9299","0.3020775020122528","0.3020775020122528","0.3020775020122528","46.97592544555664","46.97592544555664","46.97592544555664","0.483863890171051","0.483863890171051","0.483863890171051","46.45485305786133","46.45485305786133","46.45485305786133","0.3480701744556427","0.3480701744556427","0.3480701744556427","46.78927230834961","46.78927230834961","46.78927230834961","0.30280882120132446","0.30280882120132446","0.30280882120132446","46.51654052734375","46.51654052734375","46.51654052734375"
"9329","0.2078166902065277","0.2078166902065277","0.2078166902065277","46.21158218383789","46.21158218383789","46.21158218383789","0.24580584466457367","0.24580584466457367","0.24580584466457367","45.203617095947266","45.203617095947266","45.203617095947266","0.3177070617675781","0.3177070617675781","0.3177070617675781","45.91748809814453","45.91748809814453","45.91748809814453","0.3772275447845459","0.3772275447845459","0.3772275447845459","45.28061294555664","45.28061294555664","45.28061294555664"
"9359","0.25613632798194885","0.25613632798194885","0.25613632798194885","40.642112731933594","40.642112731933594","40.642112731933594","0.5313985347747803","0.5313985347747803","0.5313985347747803","42.00495910644531","42.00495910644531","42.00495910644531","0.409880131483078","0.409880131483078","0.409880131483078","40.04410171508789","40.04410171508789","40.04410171508789","0.42436811327934265","0.42436811327934265","0.42436811327934265","41.94358444213867","41.94358444213867","41.94358444213867"
"9389","0.2539668679237366","0.2539668679237366","0.2539668679237366","42.517147064208984","42.517147064208984","42.517147064208984","0.18534281849861145","0.18534281849861145","0.18534281849861145","43.13440704345703","43.13440704345703","43.13440704345703","0.34086868166923523","0.34086868166923523","0.34086868166923523","42.482635498046875","42.482635498046875","42.482635498046875","0.3177834749221802","0.3177834749221802","0.3177834749221802","43.26203918457031","43.26203918457031","43.26203918457031"
"9419","0.2782544493675232","0.2782544493675232","0.2782544493675232","45.89396286010742","45.89396286010742","45.89396286010742","0.32238930463790894","0.32238930463790894","0.32238930463790894","44.7608528137207","44.7608528137207","44.7608528137207","0.6300027370452881","0.6300027370452881","0.6300027370452881","45.342041015625","45.342041015625","45.342041015625","0.5484068393707275","0.5484068393707275","0.5484068393707275","44.69876480102539","44.69876480102539","44.69876480102539"
"9449","0.23642680048942566","0.23642680048942566","0.23642680048942566","45.07210159301758","45.07210159301758","45.07210159301758","0.2198006510734558","0.2198006510734558","0.2198006510734558","44.5258674621582","44.5258674621582","44.5258674621582","0.5189178586006165","0.5189178586006165","0.5189178586006165","44.38288116455078","44.38288116455078","44.38288116455078","0.31031471490859985","0.31031471490859985","0.31031471490859985","44.47224044799805","44.47224044799805","44.47224044799805"
"9479","0.20925815403461456","0.20925815403461456","0.20925815403461456","46.59071350097656","46.59071350097656","46.59071350097656","0.24087198078632355","0.24087198078632355","0.24087198078632355","47.02694320678711","47.02694320678711","47.02694320678711","0.3270435929298401","0.3270435929298401","0.3270435929298401","46.65679168701172","46.65679168701172","46.65679168701172","0.3298414647579193","0.3298414647579193","0.3298414647579193","46.96866989135742","46.96866989135742","46.96866989135742"
"9509","0.26332733035087585","0.26332733035087585","0.26332733035087585","47.53594207763672","47.53594207763672","47.53594207763672","0.45443740487098694","0.45443740487098694","0.45443740487098694","46.80421829223633","46.80421829223633","46.80421829223633","0.3083532154560089","0.3083532154560089","0.3083532154560089","47.209686279296875","47.209686279296875","47.209686279296875","0.28147849440574646","0.28147849440574646","0.28147849440574646","46.86333084106445","46.86333084106445","46.86333084106445"
"9539","0.2912851572036743","0.2912851572036743","0.2912851572036743","43.80706787109375","43.80706787109375","43.80706787109375","0.3471786081790924","0.3471786081790924","0.3471786081790924","44.78346252441406","44.78346252441406","44.78346252441406","0.33514705300331116","0.33514705300331116","0.33514705300331116","43.58226776123047","43.58226776123047","43.58226776123047","0.369677871465683","0.369677871465683","0.369677871465683","44.870361328125","44.870361328125","44.870361328125"
"9569","0.2863656282424927","0.2863656282424927","0.2863656282424927","44.62285232543945","44.62285232543945","44.62285232543945","0.5040953755378723","0.5040953755378723","0.5040953755378723","46.10161209106445","46.10161209106445","46.10161209106445","0.6144753694534302","0.6144753694534302","0.6144753694534302","44.28640365600586","44.28640365600586","44.28640365600586","0.37736549973487854","0.37736549973487854","0.37736549973487854","45.89564514160156","45.89564514160156","45.89564514160156"
"9599","0.460405558347702","0.460405558347702","0.460405558347702","47.95244216918945","47.95244216918945","47.95244216918945","0.25869020819664","0.25869020819664","0.25869020819664","48.6368408203125","48.6368408203125","48.6368408203125","0.28018540143966675","0.28018540143966675","0.28018540143966675","47.91351318359375","47.91351318359375","47.91351318359375","0.2932899296283722","0.2932899296283722","0.2932899296283722","48.63600540161133","48.63600540161133","48.63600540161133"
"9629","0.22596080601215363","0.22596080601215363","0.22596080601215363","48.88957977294922","48.88957977294922","48.88957977294922","0.2653239369392395","0.2653239369392395","0.2653239369392395","48.95563507080078","48.95563507080078","48.95563507080078","0.3465614318847656","0.3465614318847656","0.3465614318847656","48.683387756347656","48.683387756347656","48.683387756347656","0.35323408246040344","0.35323408246040344","0.35323408246040344","48.917327880859375","48.917327880859375","48.917327880859375"
"9659","0.29489395022392273","0.29489395022392273","0.29489395022392273","78.33906555175781","78.33906555175781","78.33906555175781","0.3637849688529968","0.3637849688529968","0.3637849688529968","80.86000061035156","80.86000061035156","80.86000061035156","0.48313698172569275","0.48313698172569275","0.48313698172569275","78.78079986572266","78.78079986572266","78.78079986572266","0.5508415699005127","0.5508415699005127","0.5508415699005127","81.25830841064453","81.25830841064453","81.25830841064453"
"9689","0.1809813231229782","0.1809813231229782","0.1809813231229782","44.09296417236328","44.09296417236328","44.09296417236328","0.19691616296768188","0.19691616296768188","0.19691616296768188","43.75568389892578","43.75568389892578","43.75568389892578","0.3665924072265625","0.3665924072265625","0.3665924072265625","44.03751754760742","44.03751754760742","44.03751754760742","0.371328741312027","0.371328741312027","0.371328741312027","43.67774200439453","43.67774200439453","43.67774200439453"
"9719","0.5713402628898621","0.5713402628898621","0.5713402628898621","38.1492919921875","38.1492919921875","38.1492919921875","0.3069397807121277","0.3069397807121277","0.3069397807121277","39.98481750488281","39.98481750488281","39.98481750488281","0.325208842754364","0.325208842754364","0.325208842754364","37.879241943359375","37.879241943359375","37.879241943359375","0.34759819507598877","0.34759819507598877","0.34759819507598877","40.06479263305664","40.06479263305664","40.06479263305664"
"9749","0.25659018754959106","0.25659018754959106","0.25659018754959106","50.70415115356445","50.70415115356445","50.70415115356445","0.37901267409324646","0.37901267409324646","0.37901267409324646","49.491058349609375","49.491058349609375","49.491058349609375","0.32621169090270996","0.32621169090270996","0.32621169090270996","50.12006378173828","50.12006378173828","50.12006378173828","0.37875449657440186","0.37875449657440186","0.37875449657440186","49.826908111572266","49.826908111572266","49.826908111572266"
"9779","0.2570817470550537","0.2570817470550537","0.2570817470550537","41.25978469848633","41.25978469848633","41.25978469848633","0.3367335796356201","0.3367335796356201","0.3367335796356201","43.99631118774414","43.99631118774414","43.99631118774414","0.3218301832675934","0.3218301832675934","0.3218301832675934","41.09138107299805","41.09138107299805","41.09138107299805","0.4042428433895111","0.4042428433895111","0.4042428433895111","43.94540023803711","43.94540023803711","43.94540023803711"
"9809","0.346112459897995","0.346112459897995","0.346112459897995","42.3290901184082","42.3290901184082","42.3290901184082","0.19073764979839325","0.19073764979839325","0.19073764979839325","42.90489959716797","42.90489959716797","42.90489959716797","0.24616557359695435","0.24616557359695435","0.24616557359695435","41.97425842285156","41.97425842285156","41.97425842285156","0.36497634649276733","0.36497634649276733","0.36497634649276733","43.02052307128906","43.02052307128906","43.02052307128906"
"9839","0.5073826909065247","0.5073826909065247","0.5073826909065247","46.87314987182617","46.87314987182617","46.87314987182617","0.3368437886238098","0.3368437886238098","0.3368437886238098","46.148006439208984","46.148006439208984","46.148006439208984","0.3374171257019043","0.3374171257019043","0.3374171257019043","46.45450210571289","46.45450210571289","46.45450210571289","0.40738189220428467","0.40738189220428467","0.40738189220428467","46.05970764160156","46.05970764160156","46.05970764160156"
"9869","0.7210313081741333","0.7210313081741333","0.7210313081741333","43.49773406982422","43.49773406982422","43.49773406982422","0.49059799313545227","0.49059799313545227","0.49059799313545227","43.75420379638672","43.75420379638672","43.75420379638672","1.8154168128967285","1.8154168128967285","1.8154168128967285","41.601863861083984","41.601863861083984","41.601863861083984","0.8768095374107361","0.8768095374107361","0.8768095374107361","43.67958450317383","43.67958450317383","43.67958450317383"
"9899","0.20315223932266235","0.20315223932266235","0.20315223932266235","45.375423431396484","45.375423431396484","45.375423431396484","0.26019287109375","0.26019287109375","0.26019287109375","45.62404251098633","45.62404251098633","45.62404251098633","0.308788925409317","0.308788925409317","0.308788925409317","45.79500198364258","45.79500198364258","45.79500198364258","0.3154342472553253","0.3154342472553253","0.3154342472553253","45.607181549072266","45.607181549072266","45.607181549072266"
"9929","0.45326822996139526","0.45326822996139526","0.45326822996139526","41.99299621582031","41.99299621582031","41.99299621582031","0.5225768685340881","0.5225768685340881","0.5225768685340881","42.490936279296875","42.490936279296875","42.490936279296875","0.5716981291770935","0.5716981291770935","0.5716981291770935","42.15800857543945","42.15800857543945","42.15800857543945","0.49527937173843384","0.49527937173843384","0.49527937173843384","42.5364875793457","42.5364875793457","42.5364875793457"
"9959","0.43945303559303284","0.43945303559303284","0.43945303559303284","41.36445617675781","41.36445617675781","41.36445617675781","0.3213098347187042","0.3213098347187042","0.3213098347187042","42.87562561035156","42.87562561035156","42.87562561035156","0.32158949971199036","0.32158949971199036","0.32158949971199036","41.137977600097656","41.137977600097656","41.137977600097656","0.26998287439346313","0.26998287439346313","0.26998287439346313","42.87720489501953","42.87720489501953","42.87720489501953"
"9989","0.49991393089294434","0.49991393089294434","0.49991393089294434","42.381317138671875","42.381317138671875","42.381317138671875","0.4392024278640747","0.4392024278640747","0.4392024278640747","44.060970306396484","44.060970306396484","44.060970306396484","0.277751088142395","0.277751088142395","0.277751088142395","41.94617462158203","41.94617462158203","41.94617462158203","0.5517479777336121","0.5517479777336121","0.5517479777336121","44.27516555786133","44.27516555786133","44.27516555786133"
"10019","0.9622814655303955","0.9622814655303955","0.9622814655303955","47.17905044555664","47.17905044555664","47.17905044555664","0.5225654244422913","0.5225654244422913","0.5225654244422913","48.081298828125","48.081298828125","48.081298828125","0.42200809717178345","0.42200809717178345","0.42200809717178345","46.80698776245117","46.80698776245117","46.80698776245117","0.3501347303390503","0.3501347303390503","0.3501347303390503","48.078163146972656","48.078163146972656","48.078163146972656"
"10049","0.4703594446182251","0.4703594446182251","0.4703594446182251","41.960750579833984","41.960750579833984","41.960750579833984","0.2949184477329254","0.2949184477329254","0.2949184477329254","43.73337936401367","43.73337936401367","43.73337936401367","0.52968829870224","0.52968829870224","0.52968829870224","41.80856704711914","41.80856704711914","41.80856704711914","0.6986907720565796","0.6986907720565796","0.6986907720565796","43.92377471923828","43.92377471923828","43.92377471923828"
"10079","0.2604438066482544","0.2604438066482544","0.2604438066482544","43.92815017700195","43.92815017700195","43.92815017700195","0.19473692774772644","0.19473692774772644","0.19473692774772644","44.78349685668945","44.78349685668945","44.78349685668945","0.2599802017211914","0.2599802017211914","0.2599802017211914","43.543914794921875","43.543914794921875","43.543914794921875","0.26835742592811584","0.26835742592811584","0.26835742592811584","44.894466400146484","44.894466400146484","44.894466400146484"
"10109","0.938086211681366","0.938086211681366","0.938086211681366","40.610660552978516","40.610660552978516","40.610660552978516","0.3686581254005432","0.3686581254005432","0.3686581254005432","41.657840728759766","41.657840728759766","41.657840728759766","0.4719676971435547","0.4719676971435547","0.4719676971435547","41.00615310668945","41.00615310668945","41.00615310668945","0.7882906794548035","0.7882906794548035","0.7882906794548035","41.58137512207031","41.58137512207031","41.58137512207031"
"10139","0.8824150562286377","0.8824150562286377","0.8824150562286377","46.687644958496094","46.687644958496094","46.687644958496094","2.129836082458496","2.129836082458496","2.129836082458496","46.13187789916992","46.13187789916992","46.13187789916992","0.9487773776054382","0.9487773776054382","0.9487773776054382","46.63666915893555","46.63666915893555","46.63666915893555","0.5361776351928711","0.5361776351928711","0.5361776351928711","45.81749725341797","45.81749725341797","45.81749725341797"
"10169","0.33836042881011963","0.33836042881011963","0.33836042881011963","44.65077209472656","44.65077209472656","44.65077209472656","0.4521114230155945","0.4521114230155945","0.4521114230155945","45.707420349121094","45.707420349121094","45.707420349121094","0.5131820440292358","0.5131820440292358","0.5131820440292358","44.57571029663086","44.57571029663086","44.57571029663086","0.47882190346717834","0.47882190346717834","0.47882190346717834","45.93425369262695","45.93425369262695","45.93425369262695"
"10199","0.1941305547952652","0.1941305547952652","0.1941305547952652","46.4955940246582","46.4955940246582","46.4955940246582","0.23405103385448456","0.23405103385448456","0.23405103385448456","47.38154983520508","47.38154983520508","47.38154983520508","0.3835456669330597","0.3835456669330597","0.3835456669330597","46.01752471923828","46.01752471923828","46.01752471923828","0.4745847284793854","0.4745847284793854","0.4745847284793854","47.356014251708984","47.356014251708984","47.356014251708984"
"10229","0.7268096804618835","0.7268096804618835","0.7268096804618835","42.280765533447266","42.280765533447266","42.280765533447266","0.7337834239006042","0.7337834239006042","0.7337834239006042","44.07032775878906","44.07032775878906","44.07032775878906","0.3041652739048004","0.3041652739048004","0.3041652739048004","42.103694915771484","42.103694915771484","42.103694915771484","0.5234717726707458","0.5234717726707458","0.5234717726707458","43.98879623413086","43.98879623413086","43.98879623413086"
"10259","0.3618520200252533","0.3618520200252533","0.3618520200252533","40.69487380981445","40.69487380981445","40.69487380981445","0.41743743419647217","0.41743743419647217","0.41743743419647217","42.4348030090332","42.4348030090332","42.4348030090332","0.4380864202976227","0.4380864202976227","0.4380864202976227","40.41852569580078","40.41852569580078","40.41852569580078","0.4015192687511444","0.4015192687511444","0.4015192687511444","42.404388427734375","42.404388427734375","42.404388427734375"
"10289","0.6177719831466675","0.6177719831466675","0.6177719831466675","40.26462173461914","40.26462173461914","40.26462173461914","0.9285032153129578","0.9285032153129578","0.9285032153129578","41.72874069213867","41.72874069213867","41.72874069213867","0.4079186022281647","0.4079186022281647","0.4079186022281647","40.20426940917969","40.20426940917969","40.20426940917969","0.505510151386261","0.505510151386261","0.505510151386261","41.56214904785156","41.56214904785156","41.56214904785156"
"10319","0.33355048298835754","0.33355048298835754","0.33355048298835754","42.08310317993164","42.08310317993164","42.08310317993164","0.5703471899032593","0.5703471899032593","0.5703471899032593","43.07843017578125","43.07843017578125","43.07843017578125","0.32316309213638306","0.32316309213638306","0.32316309213638306","42.131717681884766","42.131717681884766","42.131717681884766","0.4087487757205963","0.4087487757205963","0.4087487757205963","42.9797248840332","42.9797248840332","42.9797248840332"
"10349","0.38738539814949036","0.38738539814949036","0.38738539814949036","43.21944808959961","43.21944808959961","43.21944808959961","1.0459835529327393","1.0459835529327393","1.0459835529327393","44.55790328979492","44.55790328979492","44.55790328979492","0.6756669282913208","0.6756669282913208","0.6756669282913208","42.70395278930664","42.70395278930664","42.70395278930664","0.7959272861480713","0.7959272861480713","0.7959272861480713","44.42034912109375","44.42034912109375","44.42034912109375"
"10379","2.8798470497131348","2.8798470497131348","2.8798470497131348","46.737831115722656","46.737831115722656","46.737831115722656","1.1301463842391968","1.1301463842391968","1.1301463842391968","47.76101303100586","47.76101303100586","47.76101303100586","2.44673228263855","2.44673228263855","2.44673228263855","46.55100631713867","46.55100631713867","46.55100631713867","2.510378360748291","2.510378360748291","2.510378360748291","48.66035079956055","48.66035079956055","48.66035079956055"
"10409","0.16763117909431458","0.16763117909431458","0.16763117909431458","35.37199401855469","35.37199401855469","35.37199401855469","0.15782992541790009","0.15782992541790009","0.15782992541790009","38.32511520385742","38.32511520385742","38.32511520385742","0.2774219214916229","0.2774219214916229","0.2774219214916229","35.78986740112305","35.78986740112305","35.78986740112305","0.19147059321403503","0.19147059321403503","0.19147059321403503","38.34697723388672","38.34697723388672","38.34697723388672"
"10439","0.9985997080802917","0.9985997080802917","0.9985997080802917","41.064208984375","41.064208984375","41.064208984375","0.55447918176651","0.55447918176651","0.55447918176651","44.43273162841797","44.43273162841797","44.43273162841797","0.5554052591323853","0.5554052591323853","0.5554052591323853","40.79867172241211","40.79867172241211","40.79867172241211","0.6394985914230347","0.6394985914230347","0.6394985914230347","44.460819244384766","44.460819244384766","44.460819244384766"
"10469","4.428623199462891","4.428623199462891","4.428623199462891","37.65004348754883","37.65004348754883","37.65004348754883","1.4853191375732422","1.4853191375732422","1.4853191375732422","40.5841064453125","40.5841064453125","40.5841064453125","2.038297414779663","2.038297414779663","2.038297414779663","47.42958450317383","47.42958450317383","47.42958450317383","2.39538836479187","2.39538836479187","2.39538836479187","40.65064239501953","40.65064239501953","40.65064239501953"
"10499","0.3320176601409912","0.3320176601409912","0.3320176601409912","36.68486404418945","36.68486404418945","36.68486404418945","0.20795494318008423","0.20795494318008423","0.20795494318008423","39.60405731201172","39.60405731201172","39.60405731201172","0.2855040729045868","0.2855040729045868","0.2855040729045868","36.8387336730957","36.8387336730957","36.8387336730957","0.3054395914077759","0.3054395914077759","0.3054395914077759","39.57154083251953","39.57154083251953","39.57154083251953"
"10529","0.32614272832870483","0.32614272832870483","0.32614272832870483","45.545433044433594","45.545433044433594","45.545433044433594","0.3517155349254608","0.3517155349254608","0.3517155349254608","50.97277069091797","50.97277069091797","50.97277069091797","0.46254369616508484","0.46254369616508484","0.46254369616508484","45.653499603271484","45.653499603271484","45.653499603271484","0.5324711799621582","0.5324711799621582","0.5324711799621582","50.73897171020508","50.73897171020508","50.73897171020508"
"10559","0.23609118163585663","0.23609118163585663","0.23609118163585663","41.37380599975586","41.37380599975586","41.37380599975586","0.27146482467651367","0.27146482467651367","0.27146482467651367","42.97407150268555","42.97407150268555","42.97407150268555","0.33172619342803955","0.33172619342803955","0.33172619342803955","41.55187225341797","41.55187225341797","41.55187225341797","0.47439059615135193","0.47439059615135193","0.47439059615135193","43.089500427246094","43.089500427246094","43.089500427246094"
"10589","0.2678837478160858","0.2678837478160858","0.2678837478160858","36.646202087402344","36.646202087402344","36.646202087402344","0.36801162362098694","0.36801162362098694","0.36801162362098694","39.46961975097656","39.46961975097656","39.46961975097656","0.30605170130729675","0.30605170130729675","0.30605170130729675","36.57537078857422","36.57537078857422","36.57537078857422","0.30244144797325134","0.30244144797325134","0.30244144797325134","39.62142562866211","39.62142562866211","39.62142562866211"
"10619","0.777699887752533","0.777699887752533","0.777699887752533","40.59347915649414","40.59347915649414","40.59347915649414","0.17854881286621094","0.17854881286621094","0.17854881286621094","42.412776947021484","42.412776947021484","42.412776947021484","0.2693018317222595","0.2693018317222595","0.2693018317222595","40.32920455932617","40.32920455932617","40.32920455932617","0.27134546637535095","0.27134546637535095","0.27134546637535095","42.50364303588867","42.50364303588867","42.50364303588867"
"10649","1.1804101467132568","1.1804101467132568","1.1804101467132568","45.87173080444336","45.87173080444336","45.87173080444336","0.8141947984695435","0.8141947984695435","0.8141947984695435","50.26264572143555","50.26264572143555","50.26264572143555","0.8665139675140381","0.8665139675140381","0.8665139675140381","46.25654983520508","46.25654983520508","46.25654983520508","0.4370313286781311","0.4370313286781311","0.4370313286781311","50.16743850708008","50.16743850708008","50.16743850708008"
"10679","0.22574813663959503","0.22574813663959503","0.22574813663959503","42.99138641357422","42.99138641357422","42.99138641357422","0.25236594676971436","0.25236594676971436","0.25236594676971436","46.60979461669922","46.60979461669922","46.60979461669922","0.3426387310028076","0.3426387310028076","0.3426387310028076","43.09440994262695","43.09440994262695","43.09440994262695","0.273023396730423","0.273023396730423","0.273023396730423","46.53444290161133","46.53444290161133","46.53444290161133"
"10709","0.6122576594352722","0.6122576594352722","0.6122576594352722","44.611473083496094","44.611473083496094","44.611473083496094","0.3132132887840271","0.3132132887840271","0.3132132887840271","46.567283630371094","46.567283630371094","46.567283630371094","0.6212661862373352","0.6212661862373352","0.6212661862373352","45.33747100830078","45.33747100830078","45.33747100830078","0.5786650776863098","0.5786650776863098","0.5786650776863098","46.63042068481445","46.63042068481445","46.63042068481445"
"10739","0.2785985469818115","0.2785985469818115","0.2785985469818115","47.07309341430664","47.07309341430664","47.07309341430664","0.1628522276878357","0.1628522276878357","0.1628522276878357","48.34644317626953","48.34644317626953","48.34644317626953","0.3668377697467804","0.3668377697467804","0.3668377697467804","46.22323226928711","46.22323226928711","46.22323226928711","0.35287177562713623","0.35287177562713623","0.35287177562713623","48.312591552734375","48.312591552734375","48.312591552734375"
"10769","0.40467193722724915","0.40467193722724915","0.40467193722724915","44.04173278808594","44.04173278808594","44.04173278808594","0.33674898743629456","0.33674898743629456","0.33674898743629456","46.650917053222656","46.650917053222656","46.650917053222656","0.3428093194961548","0.3428093194961548","0.3428093194961548","43.53271484375","43.53271484375","43.53271484375","0.38560423254966736","0.38560423254966736","0.38560423254966736","46.60525131225586","46.60525131225586","46.60525131225586"
"10799","0.5571593642234802","0.5571593642234802","0.5571593642234802","36.96184539794922","36.96184539794922","36.96184539794922","0.22425410151481628","0.22425410151481628","0.22425410151481628","38.986907958984375","38.986907958984375","38.986907958984375","0.2376440018415451","0.2376440018415451","0.2376440018415451","36.63637161254883","36.63637161254883","36.63637161254883","0.37254950404167175","0.37254950404167175","0.37254950404167175","39.13177490234375","39.13177490234375","39.13177490234375"
"10829","0.2132083773612976","0.2132083773612976","0.2132083773612976","42.73447036743164","42.73447036743164","42.73447036743164","0.2723657488822937","0.2723657488822937","0.2723657488822937","44.54795455932617","44.54795455932617","44.54795455932617","0.2872674763202667","0.2872674763202667","0.2872674763202667","42.05019760131836","42.05019760131836","42.05019760131836","0.2826881408691406","0.2826881408691406","0.2826881408691406","44.489627838134766","44.489627838134766","44.489627838134766"
"10859","0.16501782834529877","0.16501782834529877","0.16501782834529877","41.21707534790039","41.21707534790039","41.21707534790039","0.24144043028354645","0.24144043028354645","0.24144043028354645","44.96642303466797","44.96642303466797","44.96642303466797","0.18677325546741486","0.18677325546741486","0.18677325546741486","41.090423583984375","41.090423583984375","41.090423583984375","0.19985097646713257","0.19985097646713257","0.19985097646713257","44.92427444458008","44.92427444458008","44.92427444458008"
"10889","2.8458547592163086","2.8458547592163086","2.8458547592163086","40.89552688598633","40.89552688598633","40.89552688598633","3.67844557762146","3.67844557762146","3.67844557762146","44.27134704589844","44.27134704589844","44.27134704589844","2.7904045581817627","2.7904045581817627","2.7904045581817627","39.81057357788086","39.81057357788086","39.81057357788086","3.720404624938965","3.720404624938965","3.720404624938965","43.24002456665039","43.24002456665039","43.24002456665039"
"10919","7.354093551635742","7.354093551635742","7.354093551635742","48.1068000793457","48.1068000793457","48.1068000793457","5.078556060791016","5.078556060791016","5.078556060791016","49.98863983154297","49.98863983154297","49.98863983154297","4.540353298187256","4.540353298187256","4.540353298187256","46.14545822143555","46.14545822143555","46.14545822143555","7.042664051055908","7.042664051055908","7.042664051055908","48.34341812133789","48.34341812133789","48.34341812133789"
"10949","0.23011058568954468","0.23011058568954468","0.23011058568954468","40.810306549072266","40.810306549072266","40.810306549072266","0.1866120547056198","0.1866120547056198","0.1866120547056198","42.964481353759766","42.964481353759766","42.964481353759766","0.21646612882614136","0.21646612882614136","0.21646612882614136","40.626564025878906","40.626564025878906","40.626564025878906","0.30502280592918396","0.30502280592918396","0.30502280592918396","43.021484375","43.021484375","43.021484375"
"10979","0.20936724543571472","0.20936724543571472","0.20936724543571472","40.27326965332031","40.27326965332031","40.27326965332031","0.20907853543758392","0.20907853543758392","0.20907853543758392","44.11550521850586","44.11550521850586","44.11550521850586","0.2098613679409027","0.2098613679409027","0.2098613679409027","40.075836181640625","40.075836181640625","40.075836181640625","0.31955063343048096","0.31955063343048096","0.31955063343048096","44.05195236206055","44.05195236206055","44.05195236206055"
"11009","0.3236309885978699","0.3236309885978699","0.3236309885978699","42.51496124267578","42.51496124267578","42.51496124267578","0.2951759397983551","0.2951759397983551","0.2951759397983551","45.308162689208984","45.308162689208984","45.308162689208984","0.6417070627212524","0.6417070627212524","0.6417070627212524","42.23928451538086","42.23928451538086","42.23928451538086","0.30786457657814026","0.30786457657814026","0.30786457657814026","45.14704513549805","45.14704513549805","45.14704513549805"
"11039","0.6102903485298157","0.6102903485298157","0.6102903485298157","36.129878997802734","36.129878997802734","36.129878997802734","0.564531683921814","0.564531683921814","0.564531683921814","38.61270523071289","38.61270523071289","38.61270523071289","0.4318372309207916","0.4318372309207916","0.4318372309207916","36.05522537231445","36.05522537231445","36.05522537231445","0.46347254514694214","0.46347254514694214","0.46347254514694214","38.59503936767578","38.59503936767578","38.59503936767578"
"11069","0.2993601858615875","0.2993601858615875","0.2993601858615875","38.23940658569336","38.23940658569336","38.23940658569336","0.31343021988868713","0.31343021988868713","0.31343021988868713","40.39555740356445","40.39555740356445","40.39555740356445","0.46707481145858765","0.46707481145858765","0.46707481145858765","37.71870422363281","37.71870422363281","37.71870422363281","0.7128050327301025","0.7128050327301025","0.7128050327301025","40.27474594116211","40.27474594116211","40.27474594116211"
"11099","0.24948237836360931","0.24948237836360931","0.24948237836360931","42.27001953125","42.27001953125","42.27001953125","0.26232337951660156","0.26232337951660156","0.26232337951660156","44.431175231933594","44.431175231933594","44.431175231933594","0.34447675943374634","0.34447675943374634","0.34447675943374634","42.19504165649414","42.19504165649414","42.19504165649414","0.44299155473709106","0.44299155473709106","0.44299155473709106","44.49129104614258","44.49129104614258","44.49129104614258"
"11129","0.9172616600990295","0.9172616600990295","0.9172616600990295","44.658103942871094","44.658103942871094","44.658103942871094","0.303456574678421","0.303456574678421","0.303456574678421","46.75537109375","46.75537109375","46.75537109375","0.2732371985912323","0.2732371985912323","0.2732371985912323","44.35655212402344","44.35655212402344","44.35655212402344","0.3264424204826355","0.3264424204826355","0.3264424204826355","46.71207046508789","46.71207046508789","46.71207046508789"
"11159","0.3009393811225891","0.3009393811225891","0.3009393811225891","40.39196014404297","40.39196014404297","40.39196014404297","0.2426578849554062","0.2426578849554062","0.2426578849554062","43.0480842590332","43.0480842590332","43.0480842590332","0.3206544518470764","0.3206544518470764","0.3206544518470764","40.359222412109375","40.359222412109375","40.359222412109375","0.3443935215473175","0.3443935215473175","0.3443935215473175","42.99553298950195","42.99553298950195","42.99553298950195"
"11189","5.703438758850098","5.703438758850098","5.703438758850098","45.746952056884766","45.746952056884766","45.746952056884766","1.9767168760299683","1.9767168760299683","1.9767168760299683","47.355506896972656","47.355506896972656","47.355506896972656","8.890031814575195","8.890031814575195","8.890031814575195","45.54106521606445","45.54106521606445","45.54106521606445","4.299542427062988","4.299542427062988","4.299542427062988","47.85802459716797","47.85802459716797","47.85802459716797"
"11219","0.3161618411540985","0.3161618411540985","0.3161618411540985","43.09945297241211","43.09945297241211","43.09945297241211","0.216318741440773","0.216318741440773","0.216318741440773","45.0522346496582","45.0522346496582","45.0522346496582","0.3510883152484894","0.3510883152484894","0.3510883152484894","43.14960861206055","43.14960861206055","43.14960861206055","0.27554190158843994","0.27554190158843994","0.27554190158843994","45.09186553955078","45.09186553955078","45.09186553955078"
"11249","0.238239124417305","0.238239124417305","0.238239124417305","36.23234176635742","36.23234176635742","36.23234176635742","0.24198104441165924","0.24198104441165924","0.24198104441165924","39.48951721191406","39.48951721191406","39.48951721191406","0.5785230994224548","0.5785230994224548","0.5785230994224548","36.150875091552734","36.150875091552734","36.150875091552734","0.26151102781295776","0.26151102781295776","0.26151102781295776","39.48666763305664","39.48666763305664","39.48666763305664"
"11279","0.45873942971229553","0.45873942971229553","0.45873942971229553","38.7607421875","38.7607421875","38.7607421875","0.5287397503852844","0.5287397503852844","0.5287397503852844","43.10765075683594","43.10765075683594","43.10765075683594","0.8454424142837524","0.8454424142837524","0.8454424142837524","38.58786392211914","38.58786392211914","38.58786392211914","0.44359418749809265","0.44359418749809265","0.44359418749809265","43.45833969116211","43.45833969116211","43.45833969116211"
"11309","0.6407814025878906","0.6407814025878906","0.6407814025878906","43.50726318359375","43.50726318359375","43.50726318359375","0.6234688758850098","0.6234688758850098","0.6234688758850098","45.4930305480957","45.4930305480957","45.4930305480957","0.5208595395088196","0.5208595395088196","0.5208595395088196","43.17228317260742","43.17228317260742","43.17228317260742","0.5396632552146912","0.5396632552146912","0.5396632552146912","45.58734130859375","45.58734130859375","45.58734130859375"
"11339","0.19610175490379333","0.19610175490379333","0.19610175490379333","42.95716094970703","42.95716094970703","42.95716094970703","0.21639220416545868","0.21639220416545868","0.21639220416545868","44.98189163208008","44.98189163208008","44.98189163208008","0.3129839599132538","0.3129839599132538","0.3129839599132538","42.83846664428711","42.83846664428711","42.83846664428711","0.24431639909744263","0.24431639909744263","0.24431639909744263","44.912986755371094","44.912986755371094","44.912986755371094"
"11369","0.35566645860671997","0.35566645860671997","0.35566645860671997","43.7347297668457","43.7347297668457","43.7347297668457","0.2740996479988098","0.2740996479988098","0.2740996479988098","46.53877639770508","46.53877639770508","46.53877639770508","0.27106142044067383","0.27106142044067383","0.27106142044067383","43.696224212646484","43.696224212646484","43.696224212646484","0.28233715891838074","0.28233715891838074","0.28233715891838074","46.53631591796875","46.53631591796875","46.53631591796875"
"11399","0.2712208926677704","0.2712208926677704","0.2712208926677704","37.63214111328125","37.63214111328125","37.63214111328125","0.22317351400852203","0.22317351400852203","0.22317351400852203","41.74397277832031","41.74397277832031","41.74397277832031","0.27511247992515564","0.27511247992515564","0.27511247992515564","37.54450988769531","37.54450988769531","37.54450988769531","0.46527501940727234","0.46527501940727234","0.46527501940727234","41.76531219482422","41.76531219482422","41.76531219482422"
"11429","5.396207809448242","5.396207809448242","5.396207809448242","42.16490173339844","42.16490173339844","42.16490173339844","3.4214065074920654","3.4214065074920654","3.4214065074920654","46.69458770751953","46.69458770751953","46.69458770751953","1.2187072038650513","1.2187072038650513","1.2187072038650513","41.74671936035156","41.74671936035156","41.74671936035156","1.7566161155700684","1.7566161155700684","1.7566161155700684","44.71913146972656","44.71913146972656","44.71913146972656"
"11459","0.3206374943256378","0.3206374943256378","0.3206374943256378","44.089744567871094","44.089744567871094","44.089744567871094","0.5476512312889099","0.5476512312889099","0.5476512312889099","47.54988098144531","47.54988098144531","47.54988098144531","0.41801390051841736","0.41801390051841736","0.41801390051841736","44.520076751708984","44.520076751708984","44.520076751708984","0.3302391767501831","0.3302391767501831","0.3302391767501831","47.27656555175781","47.27656555175781","47.27656555175781"
"11489","0.3740558922290802","0.3740558922290802","0.3740558922290802","41.666648864746094","41.666648864746094","41.666648864746094","0.28860342502593994","0.28860342502593994","0.28860342502593994","43.18369674682617","43.18369674682617","43.18369674682617","0.34743624925613403","0.34743624925613403","0.34743624925613403","41.788780212402344","41.788780212402344","41.788780212402344","0.5363170504570007","0.5363170504570007","0.5363170504570007","43.14287185668945","43.14287185668945","43.14287185668945"
"11519","0.27787622809410095","0.27787622809410095","0.27787622809410095","39.918182373046875","39.918182373046875","39.918182373046875","0.2717134356498718","0.2717134356498718","0.2717134356498718","42.16335678100586","42.16335678100586","42.16335678100586","0.4368523955345154","0.4368523955345154","0.4368523955345154","39.86735916137695","39.86735916137695","39.86735916137695","0.4319378137588501","0.4319378137588501","0.4319378137588501","42.23146438598633","42.23146438598633","42.23146438598633"
"11549","0.23853926360607147","0.23853926360607147","0.23853926360607147","38.07086944580078","38.07086944580078","38.07086944580078","0.21795742213726044","0.21795742213726044","0.21795742213726044","40.4910888671875","40.4910888671875","40.4910888671875","0.37548384070396423","0.37548384070396423","0.37548384070396423","37.928070068359375","37.928070068359375","37.928070068359375","0.3455302119255066","0.3455302119255066","0.3455302119255066","40.418617248535156","40.418617248535156","40.418617248535156"
"11579","1.367669701576233","1.367669701576233","1.367669701576233","38.24497985839844","38.24497985839844","38.24497985839844","2.0176279544830322","2.0176279544830322","2.0176279544830322","41.54875564575195","41.54875564575195","41.54875564575195","1.4650018215179443","1.4650018215179443","1.4650018215179443","38.035247802734375","38.035247802734375","38.035247802734375","3.751176118850708","3.751176118850708","3.751176118850708","42.40536117553711","42.40536117553711","42.40536117553711"
"11609","0.24871768057346344","0.24871768057346344","0.24871768057346344","38.94643783569336","38.94643783569336","38.94643783569336","0.25707927346229553","0.25707927346229553","0.25707927346229553","43.42002487182617","43.42002487182617","43.42002487182617","0.20210643112659454","0.20210643112659454","0.20210643112659454","39.03933334350586","39.03933334350586","39.03933334350586","0.25036224722862244","0.25036224722862244","0.25036224722862244","43.337284088134766","43.337284088134766","43.337284088134766"
"11639","0.48352378606796265","0.48352378606796265","0.48352378606796265","40.55998611450195","40.55998611450195","40.55998611450195","0.3560732305049896","0.3560732305049896","0.3560732305049896","42.3531379699707","42.3531379699707","42.3531379699707","0.59527188539505","0.59527188539505","0.59527188539505","39.99231719970703","39.99231719970703","39.99231719970703","0.7737879753112793","0.7737879753112793","0.7737879753112793","42.13102340698242","42.13102340698242","42.13102340698242"
"11669","0.3151296079158783","0.3151296079158783","0.3151296079158783","37.28221130371094","37.28221130371094","37.28221130371094","0.22325412929058075","0.22325412929058075","0.22325412929058075","40.7535285949707","40.7535285949707","40.7535285949707","0.3112204968929291","0.3112204968929291","0.3112204968929291","37.02735137939453","37.02735137939453","37.02735137939453","0.2967132329940796","0.2967132329940796","0.2967132329940796","40.60941696166992","40.60941696166992","40.60941696166992"
"11699","0.9345930218696594","0.9345930218696594","0.9345930218696594","43.00720977783203","43.00720977783203","43.00720977783203","3.2624545097351074","3.2624545097351074","3.2624545097351074","45.85599899291992","45.85599899291992","45.85599899291992","1.0913622379302979","1.0913622379302979","1.0913622379302979","43.51084518432617","43.51084518432617","43.51084518432617","2.009026050567627","2.009026050567627","2.009026050567627","46.17441177368164","46.17441177368164","46.17441177368164"
"11729","0.188265860080719","0.188265860080719","0.188265860080719","36.6931266784668","36.6931266784668","36.6931266784668","0.25432026386260986","0.25432026386260986","0.25432026386260986","42.3131103515625","42.3131103515625","42.3131103515625","0.26430365443229675","0.26430365443229675","0.26430365443229675","36.56256866455078","36.56256866455078","36.56256866455078","0.47442427277565","0.47442427277565","0.47442427277565","42.34305953979492","42.34305953979492","42.34305953979492"
"11759","0.1761000156402588","0.1761000156402588","0.1761000156402588","32.16413497924805","32.16413497924805","32.16413497924805","0.22552302479743958","0.22552302479743958","0.22552302479743958","36.85503005981445","36.85503005981445","36.85503005981445","0.33697670698165894","0.33697670698165894","0.33697670698165894","32.02585220336914","32.02585220336914","32.02585220336914","0.48840364813804626","0.48840364813804626","0.48840364813804626","36.87943649291992","36.87943649291992","36.87943649291992"
"11789","0.30280300974845886","0.30280300974845886","0.30280300974845886","36.84063720703125","36.84063720703125","36.84063720703125","0.2680475413799286","0.2680475413799286","0.2680475413799286","41.32709884643555","41.32709884643555","41.32709884643555","0.25204306840896606","0.25204306840896606","0.25204306840896606","36.543113708496094","36.543113708496094","36.543113708496094","0.24678568542003632","0.24678568542003632","0.24678568542003632","41.214317321777344","41.214317321777344","41.214317321777344"
"11819","0.3149273097515106","0.3149273097515106","0.3149273097515106","38.51763916015625","38.51763916015625","38.51763916015625","0.3753189146518707","0.3753189146518707","0.3753189146518707","43.15473175048828","43.15473175048828","43.15473175048828","0.8948338627815247","0.8948338627815247","0.8948338627815247","38.33409881591797","38.33409881591797","38.33409881591797","0.4208008050918579","0.4208008050918579","0.4208008050918579","43.139984130859375","43.139984130859375","43.139984130859375"
"11849","0.18986694514751434","0.18986694514751434","0.18986694514751434","36.65962219238281","36.65962219238281","36.65962219238281","0.17954616248607635","0.17954616248607635","0.17954616248607635","40.23162078857422","40.23162078857422","40.23162078857422","0.22013606131076813","0.22013606131076813","0.22013606131076813","36.48829650878906","36.48829650878906","36.48829650878906","0.26580673456192017","0.26580673456192017","0.26580673456192017","40.22373962402344","40.22373962402344","40.22373962402344"
"11879","0.3823234438896179","0.3823234438896179","0.3823234438896179","44.65119934082031","44.65119934082031","44.65119934082031","0.31873372197151184","0.31873372197151184","0.31873372197151184","46.7371711730957","46.7371711730957","46.7371711730957","0.325895756483078","0.325895756483078","0.325895756483078","44.5146484375","44.5146484375","44.5146484375","0.3180367648601532","0.3180367648601532","0.3180367648601532","46.77156066894531","46.77156066894531","46.77156066894531"
"11909","0.770382285118103","0.770382285118103","0.770382285118103","35.729530334472656","35.729530334472656","35.729530334472656","0.8279424905776978","0.8279424905776978","0.8279424905776978","38.59275436401367","38.59275436401367","38.59275436401367","0.491357684135437","0.491357684135437","0.491357684135437","35.3387336730957","35.3387336730957","35.3387336730957","0.5678430795669556","0.5678430795669556","0.5678430795669556","38.66990280151367","38.66990280151367","38.66990280151367"
"11939","0.26872822642326355","0.26872822642326355","0.26872822642326355","35.44859313964844","35.44859313964844","35.44859313964844","0.26970434188842773","0.26970434188842773","0.26970434188842773","39.88282775878906","39.88282775878906","39.88282775878906","0.3099427819252014","0.3099427819252014","0.3099427819252014","34.89994430541992","34.89994430541992","34.89994430541992","0.26839956641197205","0.26839956641197205","0.26839956641197205","39.883872985839844","39.883872985839844","39.883872985839844"
"11969","0.20951354503631592","0.20951354503631592","0.20951354503631592","41.187538146972656","41.187538146972656","41.187538146972656","0.7557035088539124","0.7557035088539124","0.7557035088539124","43.98041915893555","43.98041915893555","43.98041915893555","0.8341473340988159","0.8341473340988159","0.8341473340988159","41.20295715332031","41.20295715332031","41.20295715332031","0.6215373277664185","0.6215373277664185","0.6215373277664185","44.0842170715332","44.0842170715332","44.0842170715332"
"11999","0.6221218109130859","0.6221218109130859","0.6221218109130859","39.82651138305664","39.82651138305664","39.82651138305664","1.0555403232574463","1.0555403232574463","1.0555403232574463","40.320743560791016","40.320743560791016","40.320743560791016","0.9275285005569458","0.9275285005569458","0.9275285005569458","36.738609313964844","36.738609313964844","36.738609313964844","1.0138849020004272","1.0138849020004272","1.0138849020004272","41.358314514160156","41.358314514160156","41.358314514160156"
"12029","0.6000335812568665","0.6000335812568665","0.6000335812568665","33.933956146240234","33.933956146240234","33.933956146240234","0.3814074993133545","0.3814074993133545","0.3814074993133545","38.210784912109375","38.210784912109375","38.210784912109375","0.3413964509963989","0.3413964509963989","0.3413964509963989","33.21950912475586","33.21950912475586","33.21950912475586","0.8128103613853455","0.8128103613853455","0.8128103613853455","38.16535949707031","38.16535949707031","38.16535949707031"
"12059","0.3173193037509918","0.3173193037509918","0.3173193037509918","39.417301177978516","39.417301177978516","39.417301177978516","0.23000778257846832","0.23000778257846832","0.23000778257846832","44.03233337402344","44.03233337402344","44.03233337402344","0.23481100797653198","0.23481100797653198","0.23481100797653198","39.75617980957031","39.75617980957031","39.75617980957031","0.26844680309295654","0.26844680309295654","0.26844680309295654","43.92420196533203","43.92420196533203","43.92420196533203"
"12089","0.2007400095462799","0.2007400095462799","0.2007400095462799","41.88132858276367","41.88132858276367","41.88132858276367","0.17390872538089752","0.17390872538089752","0.17390872538089752","46.167724609375","46.167724609375","46.167724609375","0.3125707805156708","0.3125707805156708","0.3125707805156708","41.48716354370117","41.48716354370117","41.48716354370117","0.23300433158874512","0.23300433158874512","0.23300433158874512","46.061161041259766","46.061161041259766","46.061161041259766"
"12119","3.1337459087371826","3.1337459087371826","3.1337459087371826","42.626731872558594","42.626731872558594","42.626731872558594","2.281872272491455","2.281872272491455","2.281872272491455","51.94416046142578","51.94416046142578","51.94416046142578","6.4761199951171875","6.4761199951171875","6.4761199951171875","41.397056579589844","41.397056579589844","41.397056579589844","5.686861038208008","5.686861038208008","5.686861038208008","51.77721405029297","51.77721405029297","51.77721405029297"
"12149","0.15176114439964294","0.15176114439964294","0.15176114439964294","37.29024887084961","37.29024887084961","37.29024887084961","0.2743661403656006","0.2743661403656006","0.2743661403656006","41.70248794555664","41.70248794555664","41.70248794555664","0.32078123092651367","0.32078123092651367","0.32078123092651367","37.09206008911133","37.09206008911133","37.09206008911133","0.31412678956985474","0.31412678956985474","0.31412678956985474","41.7619514465332","41.7619514465332","41.7619514465332"
"12179","0.22442635893821716","0.22442635893821716","0.22442635893821716","41.18330001831055","41.18330001831055","41.18330001831055","0.22773043811321259","0.22773043811321259","0.22773043811321259","45.992977142333984","45.992977142333984","45.992977142333984","0.26698270440101624","0.26698270440101624","0.26698270440101624","41.5297737121582","41.5297737121582","41.5297737121582","0.19299869239330292","0.19299869239330292","0.19299869239330292","45.85188293457031","45.85188293457031","45.85188293457031"
"12209","0.6819401383399963","0.6819401383399963","0.6819401383399963","36.315513610839844","36.315513610839844","36.315513610839844","0.36299949884414673","0.36299949884414673","0.36299949884414673","41.58491134643555","41.58491134643555","41.58491134643555","0.5108569264411926","0.5108569264411926","0.5108569264411926","35.94484329223633","35.94484329223633","35.94484329223633","0.38987815380096436","0.38987815380096436","0.38987815380096436","41.70652389526367","41.70652389526367","41.70652389526367"
"12239","2.1768667697906494","2.1768667697906494","2.1768667697906494","38.37284469604492","38.37284469604492","38.37284469604492","0.5035161972045898","0.5035161972045898","0.5035161972045898","42.01005935668945","42.01005935668945","42.01005935668945","1.5238784551620483","1.5238784551620483","1.5238784551620483","38.228694915771484","38.228694915771484","38.228694915771484","1.303313970565796","1.303313970565796","1.303313970565796","42.201087951660156","42.201087951660156","42.201087951660156"
"12269","0.3001854121685028","0.3001854121685028","0.3001854121685028","34.5565299987793","34.5565299987793","34.5565299987793","0.14239925146102905","0.14239925146102905","0.14239925146102905","38.4195442199707","38.4195442199707","38.4195442199707","0.24332384765148163","0.24332384765148163","0.24332384765148163","34.21330261230469","34.21330261230469","34.21330261230469","0.21700797975063324","0.21700797975063324","0.21700797975063324","38.305355072021484","38.305355072021484","38.305355072021484"
"12299","0.25169628858566284","0.25169628858566284","0.25169628858566284","41.16082000732422","41.16082000732422","41.16082000732422","0.21337543427944183","0.21337543427944183","0.21337543427944183","46.17738342285156","46.17738342285156","46.17738342285156","0.34563300013542175","0.34563300013542175","0.34563300013542175","41.84650421142578","41.84650421142578","41.84650421142578","0.32690566778182983","0.32690566778182983","0.32690566778182983","46.400390625","46.400390625","46.400390625"
"12329","0.3468623161315918","0.3468623161315918","0.3468623161315918","44.39959716796875","44.39959716796875","44.39959716796875","0.23178516328334808","0.23178516328334808","0.23178516328334808","49.1132698059082","49.1132698059082","49.1132698059082","0.31849852204322815","0.31849852204322815","0.31849852204322815","44.58438491821289","44.58438491821289","44.58438491821289","0.3307008147239685","0.3307008147239685","0.3307008147239685","48.98297882080078","48.98297882080078","48.98297882080078"
"12359","0.24815016984939575","0.24815016984939575","0.24815016984939575","35.83802795410156","35.83802795410156","35.83802795410156","0.5511971116065979","0.5511971116065979","0.5511971116065979","36.91315841674805","36.91315841674805","36.91315841674805","0.3176099359989166","0.3176099359989166","0.3176099359989166","34.290077209472656","34.290077209472656","34.290077209472656","0.5090219974517822","0.5090219974517822","0.5090219974517822","36.7875862121582","36.7875862121582","36.7875862121582"
"12389","0.5961562991142273","0.5961562991142273","0.5961562991142273","37.38255310058594","37.38255310058594","37.38255310058594","0.34839850664138794","0.34839850664138794","0.34839850664138794","41.39387130737305","41.39387130737305","41.39387130737305","0.4198610484600067","0.4198610484600067","0.4198610484600067","37.48149490356445","37.48149490356445","37.48149490356445","0.5096754431724548","0.5096754431724548","0.5096754431724548","41.19053268432617","41.19053268432617","41.19053268432617"
"12419","0.25340309739112854","0.25340309739112854","0.25340309739112854","41.62620544433594","41.62620544433594","41.62620544433594","0.2947400212287903","0.2947400212287903","0.2947400212287903","46.1949348449707","46.1949348449707","46.1949348449707","0.22183284163475037","0.22183284163475037","0.22183284163475037","41.694541931152344","41.694541931152344","41.694541931152344","0.24216850101947784","0.24216850101947784","0.24216850101947784","46.35980224609375","46.35980224609375","46.35980224609375"
"12449","0.32138845324516296","0.32138845324516296","0.32138845324516296","37.851036071777344","37.851036071777344","37.851036071777344","0.5187850594520569","0.5187850594520569","0.5187850594520569","39.563987731933594","39.563987731933594","39.563987731933594","0.3347768783569336","0.3347768783569336","0.3347768783569336","36.24449920654297","36.24449920654297","36.24449920654297","0.5137438774108887","0.5137438774108887","0.5137438774108887","39.76644515991211","39.76644515991211","39.76644515991211"
"12479","2.034059524536133","2.034059524536133","2.034059524536133","40.115203857421875","40.115203857421875","40.115203857421875","3.9714012145996094","3.9714012145996094","3.9714012145996094","43.23204803466797","43.23204803466797","43.23204803466797","4.895877361297607","4.895877361297607","4.895877361297607","39.4481086730957","39.4481086730957","39.4481086730957","8.015563011169434","8.015563011169434","8.015563011169434","43.587242126464844","43.587242126464844","43.587242126464844"
"12509","0.4464563727378845","0.4464563727378845","0.4464563727378845","41.60517120361328","41.60517120361328","41.60517120361328","0.5423225164413452","0.5423225164413452","0.5423225164413452","44.3276252746582","44.3276252746582","44.3276252746582","0.8090425133705139","0.8090425133705139","0.8090425133705139","41.36666488647461","41.36666488647461","41.36666488647461","2.0588152408599854","2.0588152408599854","2.0588152408599854","44.00098419189453","44.00098419189453","44.00098419189453"
"12539","0.5157891511917114","0.5157891511917114","0.5157891511917114","43.17701721191406","43.17701721191406","43.17701721191406","0.4129936099052429","0.4129936099052429","0.4129936099052429","47.03538513183594","47.03538513183594","47.03538513183594","0.33803510665893555","0.33803510665893555","0.33803510665893555","43.07493209838867","43.07493209838867","43.07493209838867","0.47146478295326233","0.47146478295326233","0.47146478295326233","46.888572692871094","46.888572692871094","46.888572692871094"
"12569","0.21275493502616882","0.21275493502616882","0.21275493502616882","36.4898567199707","36.4898567199707","36.4898567199707","0.19963820278644562","0.19963820278644562","0.19963820278644562","40.00237274169922","40.00237274169922","40.00237274169922","0.23642580211162567","0.23642580211162567","0.23642580211162567","36.84429931640625","36.84429931640625","36.84429931640625","0.2390122413635254","0.2390122413635254","0.2390122413635254","39.950443267822266","39.950443267822266","39.950443267822266"
"12599","0.25863784551620483","0.25863784551620483","0.25863784551620483","34.01174545288086","34.01174545288086","34.01174545288086","0.25634220242500305","0.25634220242500305","0.25634220242500305","39.1076545715332","39.1076545715332","39.1076545715332","0.29783833026885986","0.29783833026885986","0.29783833026885986","33.65472412109375","33.65472412109375","33.65472412109375","0.29435011744499207","0.29435011744499207","0.29435011744499207","39.2813720703125","39.2813720703125","39.2813720703125"
"12629","0.13146409392356873","0.13146409392356873","0.13146409392356873","38.28354263305664","38.28354263305664","38.28354263305664","0.12085899710655212","0.12085899710655212","0.12085899710655212","42.84117126464844","42.84117126464844","42.84117126464844","0.2159024029970169","0.2159024029970169","0.2159024029970169","38.03099822998047","38.03099822998047","38.03099822998047","0.20433829724788666","0.20433829724788666","0.20433829724788666","42.81850814819336","42.81850814819336","42.81850814819336"
"12659","0.5853224396705627","0.5853224396705627","0.5853224396705627","40.31499481201172","40.31499481201172","40.31499481201172","0.28573569655418396","0.28573569655418396","0.28573569655418396","43.516517639160156","43.516517639160156","43.516517639160156","0.7130735516548157","0.7130735516548157","0.7130735516548157","40.134910583496094","40.134910583496094","40.134910583496094","1.00559663772583","1.00559663772583","1.00559663772583","43.52020263671875","43.52020263671875","43.52020263671875"
"12689","0.17692799866199493","0.17692799866199493","0.17692799866199493","38.9951171875","38.9951171875","38.9951171875","0.229981929063797","0.229981929063797","0.229981929063797","42.072959899902344","42.072959899902344","42.072959899902344","0.2375798225402832","0.2375798225402832","0.2375798225402832","39.15960693359375","39.15960693359375","39.15960693359375","0.2592380940914154","0.2592380940914154","0.2592380940914154","42.1259651184082","42.1259651184082","42.1259651184082"
"12719","0.26123878359794617","0.26123878359794617","0.26123878359794617","34.45527648925781","34.45527648925781","34.45527648925781","0.1576797217130661","0.1576797217130661","0.1576797217130661","40.54071044921875","40.54071044921875","40.54071044921875","0.22955499589443207","0.22955499589443207","0.22955499589443207","34.71863555908203","34.71863555908203","34.71863555908203","0.20854833722114563","0.20854833722114563","0.20854833722114563","40.251766204833984","40.251766204833984","40.251766204833984"
"12749","0.33770859241485596","0.33770859241485596","0.33770859241485596","35.81056213378906","35.81056213378906","35.81056213378906","0.26025745272636414","0.26025745272636414","0.26025745272636414","40.32172775268555","40.32172775268555","40.32172775268555","0.3274582326412201","0.3274582326412201","0.3274582326412201","36.17580795288086","36.17580795288086","36.17580795288086","0.20034122467041016","0.20034122467041016","0.20034122467041016","40.3409423828125","40.3409423828125","40.3409423828125"
"12779","0.18041545152664185","0.18041545152664185","0.18041545152664185","38.440025329589844","38.440025329589844","38.440025329589844","0.1775984764099121","0.1775984764099121","0.1775984764099121","43.50246810913086","43.50246810913086","43.50246810913086","0.20075872540473938","0.20075872540473938","0.20075872540473938","38.57368087768555","38.57368087768555","38.57368087768555","0.23525524139404297","0.23525524139404297","0.23525524139404297","43.40311050415039","43.40311050415039","43.40311050415039"
"12809","0.17576885223388672","0.17576885223388672","0.17576885223388672","35.926849365234375","35.926849365234375","35.926849365234375","0.231368288397789","0.231368288397789","0.231368288397789","41.619197845458984","41.619197845458984","41.619197845458984","0.20882977545261383","0.20882977545261383","0.20882977545261383","36.03877258300781","36.03877258300781","36.03877258300781","0.23764671385288239","0.23764671385288239","0.23764671385288239","41.48892593383789","41.48892593383789","41.48892593383789"
"12839","0.468770295381546","0.468770295381546","0.468770295381546","35.55120086669922","35.55120086669922","35.55120086669922","0.5089518427848816","0.5089518427848816","0.5089518427848816","39.50077438354492","39.50077438354492","39.50077438354492","0.36459872126579285","0.36459872126579285","0.36459872126579285","35.59526824951172","35.59526824951172","35.59526824951172","0.37212392687797546","0.37212392687797546","0.37212392687797546","39.61595916748047","39.61595916748047","39.61595916748047"
"12869","0.43407636880874634","0.43407636880874634","0.43407636880874634","44.7245979309082","44.7245979309082","44.7245979309082","0.3565457761287689","0.3565457761287689","0.3565457761287689","48.54562759399414","48.54562759399414","48.54562759399414","0.370985746383667","0.370985746383667","0.370985746383667","44.62424850463867","44.62424850463867","44.62424850463867","0.3173719048500061","0.3173719048500061","0.3173719048500061","48.67953109741211","48.67953109741211","48.67953109741211"
"12899","0.17333288490772247","0.17333288490772247","0.17333288490772247","33.68586349487305","33.68586349487305","33.68586349487305","0.19588038325309753","0.19588038325309753","0.19588038325309753","38.23495864868164","38.23495864868164","38.23495864868164","0.5325772166252136","0.5325772166252136","0.5325772166252136","33.731956481933594","33.731956481933594","33.731956481933594","0.2317141741514206","0.2317141741514206","0.2317141741514206","38.42768096923828","38.42768096923828","38.42768096923828"
"12929","0.3720420002937317","0.3720420002937317","0.3720420002937317","36.90776824951172","36.90776824951172","36.90776824951172","0.2193264365196228","0.2193264365196228","0.2193264365196228","43.008079528808594","43.008079528808594","43.008079528808594","0.21757833659648895","0.21757833659648895","0.21757833659648895","37.02644729614258","37.02644729614258","37.02644729614258","0.2800080180168152","0.2800080180168152","0.2800080180168152","42.80363082885742","42.80363082885742","42.80363082885742"
"12959","1.5992200374603271","1.5992200374603271","1.5992200374603271","36.28001022338867","36.28001022338867","36.28001022338867","1.1991329193115234","1.1991329193115234","1.1991329193115234","40.01303482055664","40.01303482055664","40.01303482055664","0.8022303581237793","0.8022303581237793","0.8022303581237793","33.91194152832031","33.91194152832031","33.91194152832031","0.414732426404953","0.414732426404953","0.414732426404953","39.77573013305664","39.77573013305664","39.77573013305664"
"12989","0.5320889353752136","0.5320889353752136","0.5320889353752136","33.83753204345703","33.83753204345703","33.83753204345703","0.312368243932724","0.312368243932724","0.312368243932724","39.99430465698242","39.99430465698242","39.99430465698242","0.1884174942970276","0.1884174942970276","0.1884174942970276","34.3039665222168","34.3039665222168","34.3039665222168","0.19916965067386627","0.19916965067386627","0.19916965067386627","39.865257263183594","39.865257263183594","39.865257263183594"
"13019","0.232880637049675","0.232880637049675","0.232880637049675","37.19632339477539","37.19632339477539","37.19632339477539","0.15718236565589905","0.15718236565589905","0.15718236565589905","43.085594177246094","43.085594177246094","43.085594177246094","0.20896586775779724","0.20896586775779724","0.20896586775779724","36.99494552612305","36.99494552612305","36.99494552612305","0.35320788621902466","0.35320788621902466","0.35320788621902466","43.10972595214844","43.10972595214844","43.10972595214844"
"13049","0.3696466386318207","0.3696466386318207","0.3696466386318207","42.28852462768555","42.28852462768555","42.28852462768555","0.4534834921360016","0.4534834921360016","0.4534834921360016","46.98848342895508","46.98848342895508","46.98848342895508","0.49507787823677063","0.49507787823677063","0.49507787823677063","42.335594177246094","42.335594177246094","42.335594177246094","0.4704434871673584","0.4704434871673584","0.4704434871673584","46.82379913330078","46.82379913330078","46.82379913330078"
"13079","0.26074033975601196","0.26074033975601196","0.26074033975601196","31.78715705871582","31.78715705871582","31.78715705871582","0.5250377655029297","0.5250377655029297","0.5250377655029297","36.91445541381836","36.91445541381836","36.91445541381836","0.28211960196495056","0.28211960196495056","0.28211960196495056","31.634033203125","31.634033203125","31.634033203125","0.37530505657196045","0.37530505657196045","0.37530505657196045","36.88876724243164","36.88876724243164","36.88876724243164"
"13109","0.20420998334884644","0.20420998334884644","0.20420998334884644","43.21878433227539","43.21878433227539","43.21878433227539","0.19212602078914642","0.19212602078914642","0.19212602078914642","46.84565734863281","46.84565734863281","46.84565734863281","0.3059200942516327","0.3059200942516327","0.3059200942516327","42.897708892822266","42.897708892822266","42.897708892822266","0.3201426565647125","0.3201426565647125","0.3201426565647125","46.90755081176758","46.90755081176758","46.90755081176758"
"13139","0.677865207195282","0.677865207195282","0.677865207195282","42.22706985473633","42.22706985473633","42.22706985473633","0.602897047996521","0.602897047996521","0.602897047996521","47.45119857788086","47.45119857788086","47.45119857788086","2.241940975189209","2.241940975189209","2.241940975189209","41.89918899536133","41.89918899536133","41.89918899536133","1.0609911680221558","1.0609911680221558","1.0609911680221558","46.94274139404297","46.94274139404297","46.94274139404297"
"13169","0.14293135702610016","0.14293135702610016","0.14293135702610016","32.86286926269531","32.86286926269531","32.86286926269531","0.17094509303569794","0.17094509303569794","0.17094509303569794","39.46994400024414","39.46994400024414","39.46994400024414","0.32828497886657715","0.32828497886657715","0.32828497886657715","32.83525085449219","32.83525085449219","32.83525085449219","0.225663423538208","0.225663423538208","0.225663423538208","39.375389099121094","39.375389099121094","39.375389099121094"
"13199","0.394538551568985","0.394538551568985","0.394538551568985","39.37538528442383","39.37538528442383","39.37538528442383","0.30341461300849915","0.30341461300849915","0.30341461300849915","45.19183349609375","45.19183349609375","45.19183349609375","0.27731117606163025","0.27731117606163025","0.27731117606163025","38.878089904785156","38.878089904785156","38.878089904785156","0.2352186143398285","0.2352186143398285","0.2352186143398285","45.53386688232422","45.53386688232422","45.53386688232422"
"13229","0.21622593700885773","0.21622593700885773","0.21622593700885773","38.20067596435547","38.20067596435547","38.20067596435547","0.20064295828342438","0.20064295828342438","0.20064295828342438","43.0157470703125","43.0157470703125","43.0157470703125","0.23832862079143524","0.23832862079143524","0.23832862079143524","37.78123092651367","37.78123092651367","37.78123092651367","0.243010014295578","0.243010014295578","0.243010014295578","43.164268493652344","43.164268493652344","43.164268493652344"
"13259","0.3663395643234253","0.3663395643234253","0.3663395643234253","36.31157302856445","36.31157302856445","36.31157302856445","0.18869224190711975","0.18869224190711975","0.18869224190711975","41.67890548706055","41.67890548706055","41.67890548706055","0.3263636827468872","0.3263636827468872","0.3263636827468872","36.16481399536133","36.16481399536133","36.16481399536133","0.3190499544143677","0.3190499544143677","0.3190499544143677","41.74631118774414","41.74631118774414","41.74631118774414"
"13289","0.22492669522762299","0.22492669522762299","0.22492669522762299","37.63587188720703","37.63587188720703","37.63587188720703","0.19447778165340424","0.19447778165340424","0.19447778165340424","43.01982498168945","43.01982498168945","43.01982498168945","0.2718345522880554","0.2718345522880554","0.2718345522880554","37.802040100097656","37.802040100097656","37.802040100097656","0.2246856391429901","0.2246856391429901","0.2246856391429901","43.09075927734375","43.09075927734375","43.09075927734375"
"13319","1.191591739654541","1.191591739654541","1.191591739654541","37.49694061279297","37.49694061279297","37.49694061279297","0.6823064088821411","0.6823064088821411","0.6823064088821411","43.32911682128906","43.32911682128906","43.32911682128906","0.42451271414756775","0.42451271414756775","0.42451271414756775","37.672523498535156","37.672523498535156","37.672523498535156","0.4650297462940216","0.4650297462940216","0.4650297462940216","43.340126037597656","43.340126037597656","43.340126037597656"
"13349","0.17963336408138275","0.17963336408138275","0.17963336408138275","34.30595779418945","34.30595779418945","34.30595779418945","0.1633063405752182","0.1633063405752182","0.1633063405752182","39.61567306518555","39.61567306518555","39.61567306518555","0.3597346842288971","0.3597346842288971","0.3597346842288971","34.1302375793457","34.1302375793457","34.1302375793457","0.2412516176700592","0.2412516176700592","0.2412516176700592","39.65827178955078","39.65827178955078","39.65827178955078"
"13379","0.4301581382751465","0.4301581382751465","0.4301581382751465","37.091285705566406","37.091285705566406","37.091285705566406","0.274821937084198","0.274821937084198","0.274821937084198","42.20445251464844","42.20445251464844","42.20445251464844","0.26494595408439636","0.26494595408439636","0.26494595408439636","37.08052062988281","37.08052062988281","37.08052062988281","0.2797197997570038","0.2797197997570038","0.2797197997570038","42.301029205322266","42.301029205322266","42.301029205322266"
"13409","0.2420956790447235","0.2420956790447235","0.2420956790447235","35.14425277709961","35.14425277709961","35.14425277709961","0.19456951320171356","0.19456951320171356","0.19456951320171356","41.0734748840332","41.0734748840332","41.0734748840332","0.2363145798444748","0.2363145798444748","0.2363145798444748","35.277950286865234","35.277950286865234","35.277950286865234","0.2426573932170868","0.2426573932170868","0.2426573932170868","40.96672821044922","40.96672821044922","40.96672821044922"
"13439","0.296659380197525","0.296659380197525","0.296659380197525","43.00336456298828","43.00336456298828","43.00336456298828","0.19915221631526947","0.19915221631526947","0.19915221631526947","51.43967819213867","51.43967819213867","51.43967819213867","0.3169018030166626","0.3169018030166626","0.3169018030166626","42.72478103637695","42.72478103637695","42.72478103637695","0.368579238653183","0.368579238653183","0.368579238653183","51.44776916503906","51.44776916503906","51.44776916503906"
"13469","0.35111403465270996","0.35111403465270996","0.35111403465270996","39.52544021606445","39.52544021606445","39.52544021606445","0.3709458112716675","0.3709458112716675","0.3709458112716675","44.858734130859375","44.858734130859375","44.858734130859375","0.3051263988018036","0.3051263988018036","0.3051263988018036","39.24592590332031","39.24592590332031","39.24592590332031","0.41619017720222473","0.41619017720222473","0.41619017720222473","44.6655158996582","44.6655158996582","44.6655158996582"
"13499","0.30733630061149597","0.30733630061149597","0.30733630061149597","36.04018783569336","36.04018783569336","36.04018783569336","0.16629798710346222","0.16629798710346222","0.16629798710346222","41.655574798583984","41.655574798583984","41.655574798583984","0.4779413640499115","0.4779413640499115","0.4779413640499115","36.0353889465332","36.0353889465332","36.0353889465332","0.3634692430496216","0.3634692430496216","0.3634692430496216","41.70442199707031","41.70442199707031","41.70442199707031"
"13529","0.22275559604167938","0.22275559604167938","0.22275559604167938","36.43911361694336","36.43911361694336","36.43911361694336","0.2508218586444855","0.2508218586444855","0.2508218586444855","43.74574279785156","43.74574279785156","43.74574279785156","0.2442050725221634","0.2442050725221634","0.2442050725221634","36.092281341552734","36.092281341552734","36.092281341552734","0.3443457782268524","0.3443457782268524","0.3443457782268524","43.85942840576172","43.85942840576172","43.85942840576172"
"13559","0.16968730092048645","0.16968730092048645","0.16968730092048645","39.813724517822266","39.813724517822266","39.813724517822266","0.3432568609714508","0.3432568609714508","0.3432568609714508","44.763954162597656","44.763954162597656","44.763954162597656","0.27165713906288147","0.27165713906288147","0.27165713906288147","39.40582275390625","39.40582275390625","39.40582275390625","0.48032400012016296","0.48032400012016296","0.48032400012016296","44.881385803222656","44.881385803222656","44.881385803222656"
"13589","0.27340853214263916","0.27340853214263916","0.27340853214263916","36.2995491027832","36.2995491027832","36.2995491027832","0.5038618445396423","0.5038618445396423","0.5038618445396423","42.3185920715332","42.3185920715332","42.3185920715332","0.2743658721446991","0.2743658721446991","0.2743658721446991","36.362876892089844","36.362876892089844","36.362876892089844","0.20518429577350616","0.20518429577350616","0.20518429577350616","42.37939453125","42.37939453125","42.37939453125"
"13619","1.0601319074630737","1.0601319074630737","1.0601319074630737","40.01750183105469","40.01750183105469","40.01750183105469","0.836633026599884","0.836633026599884","0.836633026599884","45.66050720214844","45.66050720214844","45.66050720214844","1.3521798849105835","1.3521798849105835","1.3521798849105835","40.24390411376953","40.24390411376953","40.24390411376953","0.8473382592201233","0.8473382592201233","0.8473382592201233","45.59981155395508","45.59981155395508","45.59981155395508"
"13649","0.5038297176361084","0.5038297176361084","0.5038297176361084","35.66638946533203","35.66638946533203","35.66638946533203","0.4186871349811554","0.4186871349811554","0.4186871349811554","40.100975036621094","40.100975036621094","40.100975036621094","0.3468928933143616","0.3468928933143616","0.3468928933143616","35.36559295654297","35.36559295654297","35.36559295654297","0.3525625765323639","0.3525625765323639","0.3525625765323639","40.197811126708984","40.197811126708984","40.197811126708984"
"13679","0.19861163198947906","0.19861163198947906","0.19861163198947906","35.52175521850586","35.52175521850586","35.52175521850586","0.3883625268936157","0.3883625268936157","0.3883625268936157","40.40719223022461","40.40719223022461","40.40719223022461","0.19742096960544586","0.19742096960544586","0.19742096960544586","35.2806510925293","35.2806510925293","35.2806510925293","0.4590279161930084","0.4590279161930084","0.4590279161930084","40.52701187133789","40.52701187133789","40.52701187133789"
"13709","0.6658162474632263","0.6658162474632263","0.6658162474632263","37.3340950012207","37.3340950012207","37.3340950012207","0.32869651913642883","0.32869651913642883","0.32869651913642883","41.35696792602539","41.35696792602539","41.35696792602539","0.47803613543510437","0.47803613543510437","0.47803613543510437","38.371055603027344","38.371055603027344","38.371055603027344","0.30340775847435","0.30340775847435","0.30340775847435","41.462825775146484","41.462825775146484","41.462825775146484"
"13739","0.34585487842559814","0.34585487842559814","0.34585487842559814","35.7431526184082","35.7431526184082","35.7431526184082","0.26005133986473083","0.26005133986473083","0.26005133986473083","41.97675704956055","41.97675704956055","41.97675704956055","0.2854263186454773","0.2854263186454773","0.2854263186454773","35.695098876953125","35.695098876953125","35.695098876953125","0.20544147491455078","0.20544147491455078","0.20544147491455078","41.911258697509766","41.911258697509766","41.911258697509766"
"13769","0.36205118894577026","0.36205118894577026","0.36205118894577026","37.33045196533203","37.33045196533203","37.33045196533203","0.3301505446434021","0.3301505446434021","0.3301505446434021","41.875450134277344","41.875450134277344","41.875450134277344","0.238188698887825","0.238188698887825","0.238188698887825","37.28647232055664","37.28647232055664","37.28647232055664","0.21206355094909668","0.21206355094909668","0.21206355094909668","41.783084869384766","41.783084869384766","41.783084869384766"
"13799","0.36936652660369873","0.36936652660369873","0.36936652660369873","37.29434585571289","37.29434585571289","37.29434585571289","0.26229211688041687","0.26229211688041687","0.26229211688041687","41.981773376464844","41.981773376464844","41.981773376464844","0.3146449029445648","0.3146449029445648","0.3146449029445648","37.241172790527344","37.241172790527344","37.241172790527344","0.3467687666416168","0.3467687666416168","0.3467687666416168","42.02117156982422","42.02117156982422","42.02117156982422"
"13829","0.6640933156013489","0.6640933156013489","0.6640933156013489","36.285457611083984","36.285457611083984","36.285457611083984","0.46133795380592346","0.46133795380592346","0.46133795380592346","41.69152069091797","41.69152069091797","41.69152069091797","0.27117615938186646","0.27117615938186646","0.27117615938186646","36.36349868774414","36.36349868774414","36.36349868774414","0.2565469741821289","0.2565469741821289","0.2565469741821289","41.662376403808594","41.662376403808594","41.662376403808594"
"13859","0.3518596291542053","0.3518596291542053","0.3518596291542053","41.99136734008789","41.99136734008789","41.99136734008789","0.30400291085243225","0.30400291085243225","0.30400291085243225","46.19507598876953","46.19507598876953","46.19507598876953","0.7959428429603577","0.7959428429603577","0.7959428429603577","41.598514556884766","41.598514556884766","41.598514556884766","0.44701194763183594","0.44701194763183594","0.44701194763183594","46.25008773803711","46.25008773803711","46.25008773803711"
"13889","0.13958525657653809","0.13958525657653809","0.13958525657653809","37.81249237060547","37.81249237060547","37.81249237060547","0.2488098293542862","0.2488098293542862","0.2488098293542862","43.43336868286133","43.43336868286133","43.43336868286133","0.2591628134250641","0.2591628134250641","0.2591628134250641","37.82151412963867","37.82151412963867","37.82151412963867","0.194759801030159","0.194759801030159","0.194759801030159","43.56766128540039","43.56766128540039","43.56766128540039"
"13919","0.20229068398475647","0.20229068398475647","0.20229068398475647","35.41020202636719","35.41020202636719","35.41020202636719","0.2292306274175644","0.2292306274175644","0.2292306274175644","41.34083557128906","41.34083557128906","41.34083557128906","0.21831001341342926","0.21831001341342926","0.21831001341342926","35.25582504272461","35.25582504272461","35.25582504272461","0.27307772636413574","0.27307772636413574","0.27307772636413574","41.301151275634766","41.301151275634766","41.301151275634766"
"13949","0.15803325176239014","0.15803325176239014","0.15803325176239014","34.18672180175781","34.18672180175781","34.18672180175781","0.2849753797054291","0.2849753797054291","0.2849753797054291","40.082942962646484","40.082942962646484","40.082942962646484","0.2053607851266861","0.2053607851266861","0.2053607851266861","34.11834716796875","34.11834716796875","34.11834716796875","0.22426925599575043","0.22426925599575043","0.22426925599575043","39.899017333984375","39.899017333984375","39.899017333984375"
"13979","0.26297158002853394","0.26297158002853394","0.26297158002853394","36.58292770385742","36.58292770385742","36.58292770385742","0.19673703610897064","0.19673703610897064","0.19673703610897064","42.76351547241211","42.76351547241211","42.76351547241211","0.23363563418388367","0.23363563418388367","0.23363563418388367","37.239749908447266","37.239749908447266","37.239749908447266","0.21151313185691833","0.21151313185691833","0.21151313185691833","42.86575698852539","42.86575698852539","42.86575698852539"
"14009","0.6715914607048035","0.6715914607048035","0.6715914607048035","32.00971221923828","32.00971221923828","32.00971221923828","0.33715876936912537","0.33715876936912537","0.33715876936912537","38.3295783996582","38.3295783996582","38.3295783996582","0.3367237150669098","0.3367237150669098","0.3367237150669098","32.40275955200195","32.40275955200195","32.40275955200195","0.3551076352596283","0.3551076352596283","0.3551076352596283","38.468223571777344","38.468223571777344","38.468223571777344"
"14039","0.17686420679092407","0.17686420679092407","0.17686420679092407","34.74004364013672","34.74004364013672","34.74004364013672","0.10893859714269638","0.10893859714269638","0.10893859714269638","39.39765548706055","39.39765548706055","39.39765548706055","0.18643032014369965","0.18643032014369965","0.18643032014369965","34.52010726928711","34.52010726928711","34.52010726928711","0.21118001639842987","0.21118001639842987","0.21118001639842987","39.30435562133789","39.30435562133789","39.30435562133789"
"14069","0.7606207728385925","0.7606207728385925","0.7606207728385925","34.040340423583984","34.040340423583984","34.040340423583984","0.49698421359062195","0.49698421359062195","0.49698421359062195","40.389442443847656","40.389442443847656","40.389442443847656","0.3363487124443054","0.3363487124443054","0.3363487124443054","33.8012580871582","33.8012580871582","33.8012580871582","0.38822752237319946","0.38822752237319946","0.38822752237319946","40.51976776123047","40.51976776123047","40.51976776123047"
"14099","0.1941550374031067","0.1941550374031067","0.1941550374031067","32.11463928222656","32.11463928222656","32.11463928222656","0.30137673020362854","0.30137673020362854","0.30137673020362854","38.906455993652344","38.906455993652344","38.906455993652344","0.3713553845882416","0.3713553845882416","0.3713553845882416","32.7870979309082","32.7870979309082","32.7870979309082","0.2765910029411316","0.2765910029411316","0.2765910029411316","38.868743896484375","38.868743896484375","38.868743896484375"
"14129","0.27453503012657166","0.27453503012657166","0.27453503012657166","34.7690315246582","34.7690315246582","34.7690315246582","0.20786696672439575","0.20786696672439575","0.20786696672439575","42.7738037109375","42.7738037109375","42.7738037109375","0.21905513107776642","0.21905513107776642","0.21905513107776642","34.701839447021484","34.701839447021484","34.701839447021484","0.2161172777414322","0.2161172777414322","0.2161172777414322","42.738582611083984","42.738582611083984","42.738582611083984"
"14159","0.27482759952545166","0.27482759952545166","0.27482759952545166","37.66912841796875","37.66912841796875","37.66912841796875","0.6785804033279419","0.6785804033279419","0.6785804033279419","44.882694244384766","44.882694244384766","44.882694244384766","0.9575837254524231","0.9575837254524231","0.9575837254524231","38.451568603515625","38.451568603515625","38.451568603515625","0.4450955092906952","0.4450955092906952","0.4450955092906952","44.72897720336914","44.72897720336914","44.72897720336914"
"14189","0.3979814350605011","0.3979814350605011","0.3979814350605011","35.1714973449707","35.1714973449707","35.1714973449707","0.38289985060691833","0.38289985060691833","0.38289985060691833","40.6822509765625","40.6822509765625","40.6822509765625","0.20469920337200165","0.20469920337200165","0.20469920337200165","35.44625473022461","35.44625473022461","35.44625473022461","0.2516515552997589","0.2516515552997589","0.2516515552997589","40.57559585571289","40.57559585571289","40.57559585571289"
"14219","0.33871614933013916","0.33871614933013916","0.33871614933013916","36.55352783203125","36.55352783203125","36.55352783203125","0.3109534680843353","0.3109534680843353","0.3109534680843353","41.9384765625","41.9384765625","41.9384765625","0.46256759762763977","0.46256759762763977","0.46256759762763977","36.150794982910156","36.150794982910156","36.150794982910156","0.22866645455360413","0.22866645455360413","0.22866645455360413","42.288387298583984","42.288387298583984","42.288387298583984"
"14249","0.1711183488368988","0.1711183488368988","0.1711183488368988","37.675235748291016","37.675235748291016","37.675235748291016","0.24219326674938202","0.24219326674938202","0.24219326674938202","41.788543701171875","41.788543701171875","41.788543701171875","0.2265157699584961","0.2265157699584961","0.2265157699584961","37.397743225097656","37.397743225097656","37.397743225097656","0.25040721893310547","0.25040721893310547","0.25040721893310547","41.72842025756836","41.72842025756836","41.72842025756836"
"14279","0.33265021443367004","0.33265021443367004","0.33265021443367004","32.78472900390625","32.78472900390625","32.78472900390625","0.2713329493999481","0.2713329493999481","0.2713329493999481","39.65504837036133","39.65504837036133","39.65504837036133","0.2136806696653366","0.2136806696653366","0.2136806696653366","32.89423751831055","32.89423751831055","32.89423751831055","0.24250735342502594","0.24250735342502594","0.24250735342502594","39.63533020019531","39.63533020019531","39.63533020019531"
"14309","0.4971528649330139","0.4971528649330139","0.4971528649330139","41.251922607421875","41.251922607421875","41.251922607421875","0.6138933897018433","0.6138933897018433","0.6138933897018433","46.11351776123047","46.11351776123047","46.11351776123047","0.4898846745491028","0.4898846745491028","0.4898846745491028","41.03681182861328","41.03681182861328","41.03681182861328","0.41234320402145386","0.41234320402145386","0.41234320402145386","46.09503936767578","46.09503936767578","46.09503936767578"
"14339","0.3560900390148163","0.3560900390148163","0.3560900390148163","38.21022033691406","38.21022033691406","38.21022033691406","0.3829389214515686","0.3829389214515686","0.3829389214515686","44.93378448486328","44.93378448486328","44.93378448486328","0.39603790640830994","0.39603790640830994","0.39603790640830994","37.87739944458008","37.87739944458008","37.87739944458008","0.5215787291526794","0.5215787291526794","0.5215787291526794","44.87382888793945","44.87382888793945","44.87382888793945"
"14369","0.35870087146759033","0.35870087146759033","0.35870087146759033","38.4713134765625","38.4713134765625","38.4713134765625","0.2650837302207947","0.2650837302207947","0.2650837302207947","43.57823181152344","43.57823181152344","43.57823181152344","0.3197256028652191","0.3197256028652191","0.3197256028652191","38.570438385009766","38.570438385009766","38.570438385009766","0.3630009889602661","0.3630009889602661","0.3630009889602661","43.58141326904297","43.58141326904297","43.58141326904297"
"14399","0.19055341184139252","0.19055341184139252","0.19055341184139252","39.00261306762695","39.00261306762695","39.00261306762695","0.19458690285682678","0.19458690285682678","0.19458690285682678","43.917198181152344","43.917198181152344","43.917198181152344","0.2712310254573822","0.2712310254573822","0.2712310254573822","39.50151443481445","39.50151443481445","39.50151443481445","0.22515136003494263","0.22515136003494263","0.22515136003494263","43.85100173950195","43.85100173950195","43.85100173950195"
"14429","0.22425144910812378","0.22425144910812378","0.22425144910812378","37.96151351928711","37.96151351928711","37.96151351928711","0.29032447934150696","0.29032447934150696","0.29032447934150696","44.26709747314453","44.26709747314453","44.26709747314453","0.25209301710128784","0.25209301710128784","0.25209301710128784","37.63642120361328","37.63642120361328","37.63642120361328","0.2511339783668518","0.2511339783668518","0.2511339783668518","44.39780044555664","44.39780044555664","44.39780044555664"
"14459","0.18579432368278503","0.18579432368278503","0.18579432368278503","33.84761428833008","33.84761428833008","33.84761428833008","0.19107109308242798","0.19107109308242798","0.19107109308242798","38.997982025146484","38.997982025146484","38.997982025146484","0.33531653881073","0.33531653881073","0.33531653881073","33.639591217041016","33.639591217041016","33.639591217041016","0.39418792724609375","0.39418792724609375","0.39418792724609375","39.09053039550781","39.09053039550781","39.09053039550781"
"14489","0.22004885971546173","0.22004885971546173","0.22004885971546173","31.211050033569336","31.211050033569336","31.211050033569336","0.280530720949173","0.280530720949173","0.280530720949173","38.09981918334961","38.09981918334961","38.09981918334961","0.49716058373451233","0.49716058373451233","0.49716058373451233","31.384862899780273","31.384862899780273","31.384862899780273","0.6978392004966736","0.6978392004966736","0.6978392004966736","38.0706901550293","38.0706901550293","38.0706901550293"
"14519","0.34068259596824646","0.34068259596824646","0.34068259596824646","30.261117935180664","30.261117935180664","30.261117935180664","0.3817395567893982","0.3817395567893982","0.3817395567893982","36.588104248046875","36.588104248046875","36.588104248046875","0.2880658805370331","0.2880658805370331","0.2880658805370331","30.45758628845215","30.45758628845215","30.45758628845215","0.31024107336997986","0.31024107336997986","0.31024107336997986","36.643611907958984","36.643611907958984","36.643611907958984"
"14549","0.25974041223526","0.25974041223526","0.25974041223526","36.26412582397461","36.26412582397461","36.26412582397461","0.3515041172504425","0.3515041172504425","0.3515041172504425","42.913299560546875","42.913299560546875","42.913299560546875","0.2836974263191223","0.2836974263191223","0.2836974263191223","36.320926666259766","36.320926666259766","36.320926666259766","0.40937340259552","0.40937340259552","0.40937340259552","42.78697967529297","42.78697967529297","42.78697967529297"
"14579","0.6533517837524414","0.6533517837524414","0.6533517837524414","34.550899505615234","34.550899505615234","34.550899505615234","0.3827191889286041","0.3827191889286041","0.3827191889286041","41.90647506713867","41.90647506713867","41.90647506713867","1.0939792394638062","1.0939792394638062","1.0939792394638062","34.583988189697266","34.583988189697266","34.583988189697266","1.4992809295654297","1.4992809295654297","1.4992809295654297","41.86293029785156","41.86293029785156","41.86293029785156"
"14609","0.22711937129497528","0.22711937129497528","0.22711937129497528","32.863197326660156","32.863197326660156","32.863197326660156","0.17976844310760498","0.17976844310760498","0.17976844310760498","38.909446716308594","38.909446716308594","38.909446716308594","0.24012592434883118","0.24012592434883118","0.24012592434883118","32.382015228271484","32.382015228271484","32.382015228271484","0.22478201985359192","0.22478201985359192","0.22478201985359192","38.93489074707031","38.93489074707031","38.93489074707031"
"14639","0.24610793590545654","0.24610793590545654","0.24610793590545654","44.42856979370117","44.42856979370117","44.42856979370117","0.3410781919956207","0.3410781919956207","0.3410781919956207","50.45594024658203","50.45594024658203","50.45594024658203","0.28350114822387695","0.28350114822387695","0.28350114822387695","44.58474349975586","44.58474349975586","44.58474349975586","0.2688112258911133","0.2688112258911133","0.2688112258911133","50.28007125854492","50.28007125854492","50.28007125854492"
"14669","0.16806647181510925","0.16806647181510925","0.16806647181510925","30.69625473022461","30.69625473022461","30.69625473022461","0.23518024384975433","0.23518024384975433","0.23518024384975433","38.011165618896484","38.011165618896484","38.011165618896484","0.30111005902290344","0.30111005902290344","0.30111005902290344","30.642005920410156","30.642005920410156","30.642005920410156","0.24010927975177765","0.24010927975177765","0.24010927975177765","38.03715896606445","38.03715896606445","38.03715896606445"
"14699","0.16164728999137878","0.16164728999137878","0.16164728999137878","34.77618408203125","34.77618408203125","34.77618408203125","0.32786375284194946","0.32786375284194946","0.32786375284194946","41.47380828857422","41.47380828857422","41.47380828857422","0.35376277565956116","0.35376277565956116","0.35376277565956116","35.21501159667969","35.21501159667969","35.21501159667969","0.20462176203727722","0.20462176203727722","0.20462176203727722","41.501991271972656","41.501991271972656","41.501991271972656"
"14729","0.5037732720375061","0.5037732720375061","0.5037732720375061","31.876039505004883","31.876039505004883","31.876039505004883","0.5792763233184814","0.5792763233184814","0.5792763233184814","38.305198669433594","38.305198669433594","38.305198669433594","0.6627295613288879","0.6627295613288879","0.6627295613288879","32.074241638183594","32.074241638183594","32.074241638183594","0.9594651460647583","0.9594651460647583","0.9594651460647583","38.54682922363281","38.54682922363281","38.54682922363281"
"14759","0.17999866604804993","0.17999866604804993","0.17999866604804993","34.1999626159668","34.1999626159668","34.1999626159668","0.1345585584640503","0.1345585584640503","0.1345585584640503","39.610145568847656","39.610145568847656","39.610145568847656","0.1992003470659256","0.1992003470659256","0.1992003470659256","34.318275451660156","34.318275451660156","34.318275451660156","0.295804500579834","0.295804500579834","0.295804500579834","39.69369888305664","39.69369888305664","39.69369888305664"
"14789","0.2872287631034851","0.2872287631034851","0.2872287631034851","38.8797607421875","38.8797607421875","38.8797607421875","0.30010783672332764","0.30010783672332764","0.30010783672332764","44.502933502197266","44.502933502197266","44.502933502197266","0.21184909343719482","0.21184909343719482","0.21184909343719482","38.64356994628906","38.64356994628906","38.64356994628906","0.17981421947479248","0.17981421947479248","0.17981421947479248","44.37562942504883","44.37562942504883","44.37562942504883"
"14819","0.19350582361221313","0.19350582361221313","0.19350582361221313","28.735328674316406","28.735328674316406","28.735328674316406","0.25331202149391174","0.25331202149391174","0.25331202149391174","34.86483383178711","34.86483383178711","34.86483383178711","0.14510613679885864","0.14510613679885864","0.14510613679885864","28.637556076049805","28.637556076049805","28.637556076049805","0.17928649485111237","0.17928649485111237","0.17928649485111237","34.844871520996094","34.844871520996094","34.844871520996094"
"14849","0.23737159371376038","0.23737159371376038","0.23737159371376038","34.878047943115234","34.878047943115234","34.878047943115234","0.3035372197628021","0.3035372197628021","0.3035372197628021","40.77302169799805","40.77302169799805","40.77302169799805","0.24601584672927856","0.24601584672927856","0.24601584672927856","34.83076477050781","34.83076477050781","34.83076477050781","0.19938525557518005","0.19938525557518005","0.19938525557518005","40.65066909790039","40.65066909790039","40.65066909790039"
"14879","0.7121822834014893","0.7121822834014893","0.7121822834014893","37.80310821533203","37.80310821533203","37.80310821533203","0.4098431169986725","0.4098431169986725","0.4098431169986725","43.63381576538086","43.63381576538086","43.63381576538086","0.49678435921669006","0.49678435921669006","0.49678435921669006","37.59095764160156","37.59095764160156","37.59095764160156","0.28916147351264954","0.28916147351264954","0.28916147351264954","43.78859329223633","43.78859329223633","43.78859329223633"
"14909","0.4028290808200836","0.4028290808200836","0.4028290808200836","36.26832962036133","36.26832962036133","36.26832962036133","0.24587012827396393","0.24587012827396393","0.24587012827396393","42.67893600463867","42.67893600463867","42.67893600463867","0.5913805365562439","0.5913805365562439","0.5913805365562439","35.77952194213867","35.77952194213867","35.77952194213867","0.30211082100868225","0.30211082100868225","0.30211082100868225","42.68302536010742","42.68302536010742","42.68302536010742"
"14939","8.546892166137695","8.546892166137695","8.546892166137695","34.4362678527832","34.4362678527832","34.4362678527832","4.306555271148682","4.306555271148682","4.306555271148682","39.34281921386719","39.34281921386719","39.34281921386719","2.97973370552063","2.97973370552063","2.97973370552063","34.302337646484375","34.302337646484375","34.302337646484375","5.778706073760986","5.778706073760986","5.778706073760986","39.736351013183594","39.736351013183594","39.736351013183594"
"14969","0.20775562524795532","0.20775562524795532","0.20775562524795532","35.02386474609375","35.02386474609375","35.02386474609375","0.2335662543773651","0.2335662543773651","0.2335662543773651","41.809814453125","41.809814453125","41.809814453125","0.23986907303333282","0.23986907303333282","0.23986907303333282","34.94395446777344","34.94395446777344","34.94395446777344","0.2995660603046417","0.2995660603046417","0.2995660603046417","41.802303314208984","41.802303314208984","41.802303314208984"
"14999","0.19881018996238708","0.19881018996238708","0.19881018996238708","37.63457489013672","37.63457489013672","37.63457489013672","0.248544842004776","0.248544842004776","0.248544842004776","44.54011535644531","44.54011535644531","44.54011535644531","0.23953936994075775","0.23953936994075775","0.23953936994075775","37.94838333129883","37.94838333129883","37.94838333129883","0.27132996916770935","0.27132996916770935","0.27132996916770935","44.63194274902344","44.63194274902344","44.63194274902344"
"15029","0.377780556678772","0.377780556678772","0.377780556678772","37.44708251953125","37.44708251953125","37.44708251953125","0.28276076912879944","0.28276076912879944","0.28276076912879944","43.94640350341797","43.94640350341797","43.94640350341797","0.4269377887248993","0.4269377887248993","0.4269377887248993","37.4029426574707","37.4029426574707","37.4029426574707","0.2458057850599289","0.2458057850599289","0.2458057850599289","43.76246643066406","43.76246643066406","43.76246643066406"
"15059","0.18306013941764832","0.18306013941764832","0.18306013941764832","34.870731353759766","34.870731353759766","34.870731353759766","0.262896329164505","0.262896329164505","0.262896329164505","41.658294677734375","41.658294677734375","41.658294677734375","0.41231662034988403","0.41231662034988403","0.41231662034988403","34.9273567199707","34.9273567199707","34.9273567199707","0.21274296939373016","0.21274296939373016","0.21274296939373016","41.65584945678711","41.65584945678711","41.65584945678711"
"15089","0.23796825110912323","0.23796825110912323","0.23796825110912323","27.649173736572266","27.649173736572266","27.649173736572266","0.347974956035614","0.347974956035614","0.347974956035614","34.89085388183594","34.89085388183594","34.89085388183594","0.30327698588371277","0.30327698588371277","0.30327698588371277","27.697364807128906","27.697364807128906","27.697364807128906","0.28159961104393005","0.28159961104393005","0.28159961104393005","34.90060806274414","34.90060806274414","34.90060806274414"
"15119","1.165115475654602","1.165115475654602","1.165115475654602","31.75107192993164","31.75107192993164","31.75107192993164","0.24431954324245453","0.24431954324245453","0.24431954324245453","38.36557388305664","38.36557388305664","38.36557388305664","0.2905673086643219","0.2905673086643219","0.2905673086643219","31.97334098815918","31.97334098815918","31.97334098815918","0.5195910334587097","0.5195910334587097","0.5195910334587097","38.42133712768555","38.42133712768555","38.42133712768555"
"15149","0.1990956813097","0.1990956813097","0.1990956813097","33.77442169189453","33.77442169189453","33.77442169189453","0.2120610624551773","0.2120610624551773","0.2120610624551773","40.135719299316406","40.135719299316406","40.135719299316406","0.2738015055656433","0.2738015055656433","0.2738015055656433","33.71670150756836","33.71670150756836","33.71670150756836","0.3596535921096802","0.3596535921096802","0.3596535921096802","40.01139450073242","40.01139450073242","40.01139450073242"
"15179","0.2599625885486603","0.2599625885486603","0.2599625885486603","34.99491500854492","34.99491500854492","34.99491500854492","0.22782409191131592","0.22782409191131592","0.22782409191131592","42.60704040527344","42.60704040527344","42.60704040527344","0.1829526424407959","0.1829526424407959","0.1829526424407959","35.11003494262695","35.11003494262695","35.11003494262695","0.1762072592973709","0.1762072592973709","0.1762072592973709","42.585533142089844","42.585533142089844","42.585533142089844"
"15209","0.20882193744182587","0.20882193744182587","0.20882193744182587","36.20411682128906","36.20411682128906","36.20411682128906","0.2098727971315384","0.2098727971315384","0.2098727971315384","42.59341812133789","42.59341812133789","42.59341812133789","0.326169490814209","0.326169490814209","0.326169490814209","36.39837646484375","36.39837646484375","36.39837646484375","0.2634587287902832","0.2634587287902832","0.2634587287902832","42.6779670715332","42.6779670715332","42.6779670715332"
"15239","0.20624788105487823","0.20624788105487823","0.20624788105487823","31.93424415588379","31.93424415588379","31.93424415588379","0.43565604090690613","0.43565604090690613","0.43565604090690613","37.231441497802734","37.231441497802734","37.231441497802734","0.5177170038223267","0.5177170038223267","0.5177170038223267","31.574560165405273","31.574560165405273","31.574560165405273","0.2589512765407562","0.2589512765407562","0.2589512765407562","37.23627853393555","37.23627853393555","37.23627853393555"
"15269","1.044285535812378","1.044285535812378","1.044285535812378","35.56903076171875","35.56903076171875","35.56903076171875","0.48531150817871094","0.48531150817871094","0.48531150817871094","41.615638732910156","41.615638732910156","41.615638732910156","0.6278689503669739","0.6278689503669739","0.6278689503669739","35.370361328125","35.370361328125","35.370361328125","0.33311018347740173","0.33311018347740173","0.33311018347740173","41.451473236083984","41.451473236083984","41.451473236083984"
"15299","0.2454252541065216","0.2454252541065216","0.2454252541065216","35.53691482543945","35.53691482543945","35.53691482543945","0.2731412649154663","0.2731412649154663","0.2731412649154663","40.40017318725586","40.40017318725586","40.40017318725586","0.27930960059165955","0.27930960059165955","0.27930960059165955","35.331153869628906","35.331153869628906","35.331153869628906","0.3182929456233978","0.3182929456233978","0.3182929456233978","40.26372528076172","40.26372528076172","40.26372528076172"
"15329","0.28284427523612976","0.28284427523612976","0.28284427523612976","31.23661994934082","31.23661994934082","31.23661994934082","0.20930255949497223","0.20930255949497223","0.20930255949497223","39.05561828613281","39.05561828613281","39.05561828613281","0.25507932901382446","0.25507932901382446","0.25507932901382446","31.676298141479492","31.676298141479492","31.676298141479492","0.5409829020500183","0.5409829020500183","0.5409829020500183","38.89862823486328","38.89862823486328","38.89862823486328"
"15359","0.27030113339424133","0.27030113339424133","0.27030113339424133","35.47715759277344","35.47715759277344","35.47715759277344","0.1959390789270401","0.1959390789270401","0.1959390789270401","42.82051086425781","42.82051086425781","42.82051086425781","0.25103041529655457","0.25103041529655457","0.25103041529655457","35.43474197387695","35.43474197387695","35.43474197387695","0.42418336868286133","0.42418336868286133","0.42418336868286133","42.782283782958984","42.782283782958984","42.782283782958984"
"15389","0.26165732741355896","0.26165732741355896","0.26165732741355896","33.89645767211914","33.89645767211914","33.89645767211914","0.13933239877223969","0.13933239877223969","0.13933239877223969","40.56196975708008","40.56196975708008","40.56196975708008","0.3368886411190033","0.3368886411190033","0.3368886411190033","33.50021743774414","33.50021743774414","33.50021743774414","0.27914878726005554","0.27914878726005554","0.27914878726005554","40.72880172729492","40.72880172729492","40.72880172729492"
"15419","0.18637101352214813","0.18637101352214813","0.18637101352214813","31.881526947021484","31.881526947021484","31.881526947021484","0.2458757758140564","0.2458757758140564","0.2458757758140564","39.20259094238281","39.20259094238281","39.20259094238281","0.3009607195854187","0.3009607195854187","0.3009607195854187","32.0445556640625","32.0445556640625","32.0445556640625","0.23504222929477692","0.23504222929477692","0.23504222929477692","38.935302734375","38.935302734375","38.935302734375"
"15449","0.6590709686279297","0.6590709686279297","0.6590709686279297","31.719318389892578","31.719318389892578","31.719318389892578","0.9968652129173279","0.9968652129173279","0.9968652129173279","37.75592041015625","37.75592041015625","37.75592041015625","0.33849069476127625","0.33849069476127625","0.33849069476127625","32.12197494506836","32.12197494506836","32.12197494506836","0.43343284726142883","0.43343284726142883","0.43343284726142883","37.873504638671875","37.873504638671875","37.873504638671875"
"15479","0.187529057264328","0.187529057264328","0.187529057264328","35.422733306884766","35.422733306884766","35.422733306884766","0.22383946180343628","0.22383946180343628","0.22383946180343628","43.60996627807617","43.60996627807617","43.60996627807617","0.4039726257324219","0.4039726257324219","0.4039726257324219","35.88236999511719","35.88236999511719","35.88236999511719","0.34728139638900757","0.34728139638900757","0.34728139638900757","43.65081787109375","43.65081787109375","43.65081787109375"
"15509","0.29907554388046265","0.29907554388046265","0.29907554388046265","38.87421417236328","38.87421417236328","38.87421417236328","0.4727816581726074","0.4727816581726074","0.4727816581726074","44.58747100830078","44.58747100830078","44.58747100830078","0.4138217568397522","0.4138217568397522","0.4138217568397522","38.66473388671875","38.66473388671875","38.66473388671875","0.3155524432659149","0.3155524432659149","0.3155524432659149","44.375144958496094","44.375144958496094","44.375144958496094"
"15539","0.1581614464521408","0.1581614464521408","0.1581614464521408","38.10773849487305","38.10773849487305","38.10773849487305","0.21649369597434998","0.21649369597434998","0.21649369597434998","45.905311584472656","45.905311584472656","45.905311584472656","0.28594309091567993","0.28594309091567993","0.28594309091567993","38.38113784790039","38.38113784790039","38.38113784790039","0.2916949689388275","0.2916949689388275","0.2916949689388275","46.004608154296875","46.004608154296875","46.004608154296875"
"15569","4.283821105957031","4.283821105957031","4.283821105957031","30.713266372680664","30.713266372680664","30.713266372680664","1.930398941040039","1.930398941040039","1.930398941040039","40.07421875","40.07421875","40.07421875","0.8093985319137573","0.8093985319137573","0.8093985319137573","31.214584350585938","31.214584350585938","31.214584350585938","1.2090905904769897","1.2090905904769897","1.2090905904769897","39.51708221435547","39.51708221435547","39.51708221435547"
"15599","0.15462984144687653","0.15462984144687653","0.15462984144687653","31.670488357543945","31.670488357543945","31.670488357543945","0.21731413900852203","0.21731413900852203","0.21731413900852203","39.63801193237305","39.63801193237305","39.63801193237305","0.1635967195034027","0.1635967195034027","0.1635967195034027","31.76213264465332","31.76213264465332","31.76213264465332","0.22582142055034637","0.22582142055034637","0.22582142055034637","39.42899703979492","39.42899703979492","39.42899703979492"
"15629","0.1847590208053589","0.1847590208053589","0.1847590208053589","34.549137115478516","34.549137115478516","34.549137115478516","0.17520524561405182","0.17520524561405182","0.17520524561405182","41.37375259399414","41.37375259399414","41.37375259399414","0.2697831392288208","0.2697831392288208","0.2697831392288208","34.48264694213867","34.48264694213867","34.48264694213867","0.2383624166250229","0.2383624166250229","0.2383624166250229","41.3718147277832","41.3718147277832","41.3718147277832"
"15659","0.3643006384372711","0.3643006384372711","0.3643006384372711","35.42922592163086","35.42922592163086","35.42922592163086","0.26228535175323486","0.26228535175323486","0.26228535175323486","42.99993133544922","42.99993133544922","42.99993133544922","0.2433399111032486","0.2433399111032486","0.2433399111032486","35.613033294677734","35.613033294677734","35.613033294677734","0.5075356960296631","0.5075356960296631","0.5075356960296631","42.912322998046875","42.912322998046875","42.912322998046875"
"15689","0.31194570660591125","0.31194570660591125","0.31194570660591125","30.770675659179688","30.770675659179688","30.770675659179688","0.3182392716407776","0.3182392716407776","0.3182392716407776","38.47754669189453","38.47754669189453","38.47754669189453","0.3100612759590149","0.3100612759590149","0.3100612759590149","30.98991584777832","30.98991584777832","30.98991584777832","0.3636896312236786","0.3636896312236786","0.3636896312236786","38.444339752197266","38.444339752197266","38.444339752197266"
"15719","0.609551727771759","0.609551727771759","0.609551727771759","34.8029670715332","34.8029670715332","34.8029670715332","0.23777411878108978","0.23777411878108978","0.23777411878108978","41.9672737121582","41.9672737121582","41.9672737121582","0.3418576121330261","0.3418576121330261","0.3418576121330261","35.36185073852539","35.36185073852539","35.36185073852539","0.7018561959266663","0.7018561959266663","0.7018561959266663","42.02809143066406","42.02809143066406","42.02809143066406"
"15749","0.35273826122283936","0.35273826122283936","0.35273826122283936","38.65839385986328","38.65839385986328","38.65839385986328","0.2916862368583679","0.2916862368583679","0.2916862368583679","45.34334182739258","45.34334182739258","45.34334182739258","0.32013580203056335","0.32013580203056335","0.32013580203056335","38.952205657958984","38.952205657958984","38.952205657958984","0.29882633686065674","0.29882633686065674","0.29882633686065674","45.217567443847656","45.217567443847656","45.217567443847656"
"15779","0.5415030121803284","0.5415030121803284","0.5415030121803284","38.98222732543945","38.98222732543945","38.98222732543945","0.6079881191253662","0.6079881191253662","0.6079881191253662","44.961273193359375","44.961273193359375","44.961273193359375","0.27822354435920715","0.27822354435920715","0.27822354435920715","39.23005676269531","39.23005676269531","39.23005676269531","0.24728430807590485","0.24728430807590485","0.24728430807590485","45.34572219848633","45.34572219848633","45.34572219848633"
"15809","0.3673165440559387","0.3673165440559387","0.3673165440559387","33.095943450927734","33.095943450927734","33.095943450927734","0.3558869957923889","0.3558869957923889","0.3558869957923889","40.08826446533203","40.08826446533203","40.08826446533203","0.5584800839424133","0.5584800839424133","0.5584800839424133","32.98874282836914","32.98874282836914","32.98874282836914","0.3391774594783783","0.3391774594783783","0.3391774594783783","40.05915069580078","40.05915069580078","40.05915069580078"
"15839","0.5719403028488159","0.5719403028488159","0.5719403028488159","32.974735260009766","32.974735260009766","32.974735260009766","0.4545406997203827","0.4545406997203827","0.4545406997203827","40.11426544189453","40.11426544189453","40.11426544189453","0.460650235414505","0.460650235414505","0.460650235414505","32.94953155517578","32.94953155517578","32.94953155517578","0.29856404662132263","0.29856404662132263","0.29856404662132263","39.98316955566406","39.98316955566406","39.98316955566406"
"15869","0.21916498243808746","0.21916498243808746","0.21916498243808746","35.020565032958984","35.020565032958984","35.020565032958984","0.19527938961982727","0.19527938961982727","0.19527938961982727","42.996150970458984","42.996150970458984","42.996150970458984","0.3476308286190033","0.3476308286190033","0.3476308286190033","35.090126037597656","35.090126037597656","35.090126037597656","0.20816382765769958","0.20816382765769958","0.20816382765769958","42.93832015991211","42.93832015991211","42.93832015991211"
"15899","0.3180970847606659","0.3180970847606659","0.3180970847606659","33.210514068603516","33.210514068603516","33.210514068603516","0.20334476232528687","0.20334476232528687","0.20334476232528687","39.61219024658203","39.61219024658203","39.61219024658203","0.21725547313690186","0.21725547313690186","0.21725547313690186","32.8961181640625","32.8961181640625","32.8961181640625","0.22914937138557434","0.22914937138557434","0.22914937138557434","39.39144515991211","39.39144515991211","39.39144515991211"
"15929","0.7176653146743774","0.7176653146743774","0.7176653146743774","36.896873474121094","36.896873474121094","36.896873474121094","1.6843019723892212","1.6843019723892212","1.6843019723892212","42.7787971496582","42.7787971496582","42.7787971496582","1.0731487274169922","1.0731487274169922","1.0731487274169922","36.923580169677734","36.923580169677734","36.923580169677734","1.3452755212783813","1.3452755212783813","1.3452755212783813","42.814022064208984","42.814022064208984","42.814022064208984"
"15959","0.23633506894111633","0.23633506894111633","0.23633506894111633","32.59915542602539","32.59915542602539","32.59915542602539","0.1786438673734665","0.1786438673734665","0.1786438673734665","38.931739807128906","38.931739807128906","38.931739807128906","0.1963798850774765","0.1963798850774765","0.1963798850774765","32.357051849365234","32.357051849365234","32.357051849365234","0.20374374091625214","0.20374374091625214","0.20374374091625214","38.98809051513672","38.98809051513672","38.98809051513672"
"15989","0.17928573489189148","0.17928573489189148","0.17928573489189148","30.99012565612793","30.99012565612793","30.99012565612793","0.45033523440361023","0.45033523440361023","0.45033523440361023","37.59457015991211","37.59457015991211","37.59457015991211","0.4050368666648865","0.4050368666648865","0.4050368666648865","30.98174476623535","30.98174476623535","30.98174476623535","0.4183327853679657","0.4183327853679657","0.4183327853679657","37.605384826660156","37.605384826660156","37.605384826660156"
"16019","0.1646716296672821","0.1646716296672821","0.1646716296672821","37.72311782836914","37.72311782836914","37.72311782836914","0.18581938743591309","0.18581938743591309","0.18581938743591309","44.90223693847656","44.90223693847656","44.90223693847656","0.43358421325683594","0.43358421325683594","0.43358421325683594","37.86806106567383","37.86806106567383","37.86806106567383","0.30088308453559875","0.30088308453559875","0.30088308453559875","45.03803634643555","45.03803634643555","45.03803634643555"
"16049","0.3783175051212311","0.3783175051212311","0.3783175051212311","37.150047302246094","37.150047302246094","37.150047302246094","0.5431652665138245","0.5431652665138245","0.5431652665138245","42.960994720458984","42.960994720458984","42.960994720458984","0.2919713258743286","0.2919713258743286","0.2919713258743286","37.413753509521484","37.413753509521484","37.413753509521484","0.33246415853500366","0.33246415853500366","0.33246415853500366","43.056697845458984","43.056697845458984","43.056697845458984"
"16079","0.2982489764690399","0.2982489764690399","0.2982489764690399","30.571212768554688","30.571212768554688","30.571212768554688","0.20154020190238953","0.20154020190238953","0.20154020190238953","37.9454231262207","37.9454231262207","37.9454231262207","0.2992713153362274","0.2992713153362274","0.2992713153362274","30.81584358215332","30.81584358215332","30.81584358215332","0.21715110540390015","0.21715110540390015","0.21715110540390015","37.96946716308594","37.96946716308594","37.96946716308594"
"16109","0.32188472151756287","0.32188472151756287","0.32188472151756287","34.143123626708984","34.143123626708984","34.143123626708984","0.4357660710811615","0.4357660710811615","0.4357660710811615","41.07355499267578","41.07355499267578","41.07355499267578","0.6740586757659912","0.6740586757659912","0.6740586757659912","34.077552795410156","34.077552795410156","34.077552795410156","0.7073255777359009","0.7073255777359009","0.7073255777359009","41.20286178588867","41.20286178588867","41.20286178588867"
"16139","0.2403772622346878","0.2403772622346878","0.2403772622346878","32.9151496887207","32.9151496887207","32.9151496887207","0.6355857849121094","0.6355857849121094","0.6355857849121094","41.595272064208984","41.595272064208984","41.595272064208984","0.18509520590305328","0.18509520590305328","0.18509520590305328","33.13783264160156","33.13783264160156","33.13783264160156","0.17590808868408203","0.17590808868408203","0.17590808868408203","41.64716339111328","41.64716339111328","41.64716339111328"
"16169","0.1808343082666397","0.1808343082666397","0.1808343082666397","31.540388107299805","31.540388107299805","31.540388107299805","0.1677602380514145","0.1677602380514145","0.1677602380514145","39.63136291503906","39.63136291503906","39.63136291503906","0.1870293915271759","0.1870293915271759","0.1870293915271759","31.50196647644043","31.50196647644043","31.50196647644043","0.22568194568157196","0.22568194568157196","0.22568194568157196","39.70344161987305","39.70344161987305","39.70344161987305"
"16199","0.15513981878757477","0.15513981878757477","0.15513981878757477","30.31319808959961","30.31319808959961","30.31319808959961","0.18869058787822723","0.18869058787822723","0.18869058787822723","39.08774948120117","39.08774948120117","39.08774948120117","0.2467229664325714","0.2467229664325714","0.2467229664325714","30.153961181640625","30.153961181640625","30.153961181640625","0.2127801477909088","0.2127801477909088","0.2127801477909088","39.00706100463867","39.00706100463867","39.00706100463867"
"16229","0.218743696808815","0.218743696808815","0.218743696808815","28.853116989135742","28.853116989135742","28.853116989135742","0.3700368404388428","0.3700368404388428","0.3700368404388428","35.991668701171875","35.991668701171875","35.991668701171875","0.5792911648750305","0.5792911648750305","0.5792911648750305","28.2471923828125","28.2471923828125","28.2471923828125","0.6002388596534729","0.6002388596534729","0.6002388596534729","35.93043518066406","35.93043518066406","35.93043518066406"
"16259","0.6438770890235901","0.6438770890235901","0.6438770890235901","35.85205078125","35.85205078125","35.85205078125","0.3169075846672058","0.3169075846672058","0.3169075846672058","42.43325424194336","42.43325424194336","42.43325424194336","0.5348270535469055","0.5348270535469055","0.5348270535469055","34.599727630615234","34.599727630615234","34.599727630615234","1.1692206859588623","1.1692206859588623","1.1692206859588623","42.609657287597656","42.609657287597656","42.609657287597656"
"16289","0.36372750997543335","0.36372750997543335","0.36372750997543335","29.490514755249023","29.490514755249023","29.490514755249023","0.3037336766719818","0.3037336766719818","0.3037336766719818","37.40214920043945","37.40214920043945","37.40214920043945","0.3206610679626465","0.3206610679626465","0.3206610679626465","29.33469581604004","29.33469581604004","29.33469581604004","0.12995734810829163","0.12995734810829163","0.12995734810829163","37.39665985107422","37.39665985107422","37.39665985107422"
"16319","0.22803623974323273","0.22803623974323273","0.22803623974323273","36.21287155151367","36.21287155151367","36.21287155151367","0.160218745470047","0.160218745470047","0.160218745470047","45.71076965332031","45.71076965332031","45.71076965332031","0.22080379724502563","0.22080379724502563","0.22080379724502563","36.394046783447266","36.394046783447266","36.394046783447266","0.21284228563308716","0.21284228563308716","0.21284228563308716","45.87742233276367","45.87742233276367","45.87742233276367"
"16349","0.9445904493331909","0.9445904493331909","0.9445904493331909","33.86552810668945","33.86552810668945","33.86552810668945","1.0088223218917847","1.0088223218917847","1.0088223218917847","38.67190933227539","38.67190933227539","38.67190933227539","1.3607109785079956","1.3607109785079956","1.3607109785079956","33.48005294799805","33.48005294799805","33.48005294799805","0.7136222720146179","0.7136222720146179","0.7136222720146179","38.827964782714844","38.827964782714844","38.827964782714844"
"16379","0.18933844566345215","0.18933844566345215","0.18933844566345215","31.378875732421875","31.378875732421875","31.378875732421875","0.2998369038105011","0.2998369038105011","0.2998369038105011","39.62213897705078","39.62213897705078","39.62213897705078","0.3038221001625061","0.3038221001625061","0.3038221001625061","32.086849212646484","32.086849212646484","32.086849212646484","0.34999915957450867","0.34999915957450867","0.34999915957450867","39.539485931396484","39.539485931396484","39.539485931396484"
"16409","0.3332226574420929","0.3332226574420929","0.3332226574420929","32.868167877197266","32.868167877197266","32.868167877197266","0.19289720058441162","0.19289720058441162","0.19289720058441162","40.23453140258789","40.23453140258789","40.23453140258789","0.21113723516464233","0.21113723516464233","0.21113723516464233","33.10780715942383","33.10780715942383","33.10780715942383","0.36144018173217773","0.36144018173217773","0.36144018173217773","40.254966735839844","40.254966735839844","40.254966735839844"
"16439","0.38079947233200073","0.38079947233200073","0.38079947233200073","33.96134948730469","33.96134948730469","33.96134948730469","0.21325962245464325","0.21325962245464325","0.21325962245464325","42.89935302734375","42.89935302734375","42.89935302734375","0.23758360743522644","0.23758360743522644","0.23758360743522644","34.21579360961914","34.21579360961914","34.21579360961914","0.3004087507724762","0.3004087507724762","0.3004087507724762","43.04005813598633","43.04005813598633","43.04005813598633"
"16469","0.6365759968757629","0.6365759968757629","0.6365759968757629","31.424100875854492","31.424100875854492","31.424100875854492","0.38757869601249695","0.38757869601249695","0.38757869601249695","38.22808074951172","38.22808074951172","38.22808074951172","0.47792235016822815","0.47792235016822815","0.47792235016822815","31.359106063842773","31.359106063842773","31.359106063842773","0.73841392993927","0.73841392993927","0.73841392993927","38.030845642089844","38.030845642089844","38.030845642089844"
"16499","0.4781184196472168","0.4781184196472168","0.4781184196472168","33.592796325683594","33.592796325683594","33.592796325683594","0.5064628720283508","0.5064628720283508","0.5064628720283508","41.210716247558594","41.210716247558594","41.210716247558594","0.23339428007602692","0.23339428007602692","0.23339428007602692","33.4020881652832","33.4020881652832","33.4020881652832","0.43884140253067017","0.43884140253067017","0.43884140253067017","41.07074737548828","41.07074737548828","41.07074737548828"
"16529","0.2987207770347595","0.2987207770347595","0.2987207770347595","35.2119140625","35.2119140625","35.2119140625","0.27858564257621765","0.27858564257621765","0.27858564257621765","42.14213180541992","42.14213180541992","42.14213180541992","0.297884464263916","0.297884464263916","0.297884464263916","35.42505645751953","35.42505645751953","35.42505645751953","0.24417906999588013","0.24417906999588013","0.24417906999588013","41.85431671142578","41.85431671142578","41.85431671142578"
"16559","0.4482419490814209","0.4482419490814209","0.4482419490814209","36.41311264038086","36.41311264038086","36.41311264038086","0.5325160622596741","0.5325160622596741","0.5325160622596741","45.27730941772461","45.27730941772461","45.27730941772461","0.5752227902412415","0.5752227902412415","0.5752227902412415","36.360374450683594","36.360374450683594","36.360374450683594","0.32338201999664307","0.32338201999664307","0.32338201999664307","45.02759552001953","45.02759552001953","45.02759552001953"
"16589","0.20737653970718384","0.20737653970718384","0.20737653970718384","27.48796272277832","27.48796272277832","27.48796272277832","0.184442400932312","0.184442400932312","0.184442400932312","35.17774963378906","35.17774963378906","35.17774963378906","0.20910358428955078","0.20910358428955078","0.20910358428955078","27.30223274230957","27.30223274230957","27.30223274230957","0.19539950788021088","0.19539950788021088","0.19539950788021088","35.10549545288086","35.10549545288086","35.10549545288086"
"16619","0.3487406373023987","0.3487406373023987","0.3487406373023987","33.92097473144531","33.92097473144531","33.92097473144531","0.5803564190864563","0.5803564190864563","0.5803564190864563","41.8708381652832","41.8708381652832","41.8708381652832","0.7783132195472717","0.7783132195472717","0.7783132195472717","33.646175384521484","33.646175384521484","33.646175384521484","0.9598220586776733","0.9598220586776733","0.9598220586776733","41.831748962402344","41.831748962402344","41.831748962402344"
"16649","0.19530616700649261","0.19530616700649261","0.19530616700649261","32.62899398803711","32.62899398803711","32.62899398803711","0.39949825406074524","0.39949825406074524","0.39949825406074524","40.24555587768555","40.24555587768555","40.24555587768555","0.2170817255973816","0.2170817255973816","0.2170817255973816","32.586063385009766","32.586063385009766","32.586063385009766","0.2646258473396301","0.2646258473396301","0.2646258473396301","40.164730072021484","40.164730072021484","40.164730072021484"
"16679","1.3584809303283691","1.3584809303283691","1.3584809303283691","33.429561614990234","33.429561614990234","33.429561614990234","1.6760289669036865","1.6760289669036865","1.6760289669036865","40.09481430053711","40.09481430053711","40.09481430053711","1.004073143005371","1.004073143005371","1.004073143005371","33.617286682128906","33.617286682128906","33.617286682128906","0.668068528175354","0.668068528175354","0.668068528175354","40.23509979248047","40.23509979248047","40.23509979248047"
"16709","0.2612501382827759","0.2612501382827759","0.2612501382827759","31.67362403869629","31.67362403869629","31.67362403869629","0.28596216440200806","0.28596216440200806","0.28596216440200806","38.45292282104492","38.45292282104492","38.45292282104492","0.1817905455827713","0.1817905455827713","0.1817905455827713","31.39632797241211","31.39632797241211","31.39632797241211","0.15918318927288055","0.15918318927288055","0.15918318927288055","38.51287841796875","38.51287841796875","38.51287841796875"
"16739","0.36965513229370117","0.36965513229370117","0.36965513229370117","35.194026947021484","35.194026947021484","35.194026947021484","0.3839623034000397","0.3839623034000397","0.3839623034000397","42.89397430419922","42.89397430419922","42.89397430419922","0.3270849585533142","0.3270849585533142","0.3270849585533142","35.11488342285156","35.11488342285156","35.11488342285156","0.41522252559661865","0.41522252559661865","0.41522252559661865","43.05186462402344","43.05186462402344","43.05186462402344"
"16769","0.7558831572532654","0.7558831572532654","0.7558831572532654","29.54970932006836","29.54970932006836","29.54970932006836","0.3051920533180237","0.3051920533180237","0.3051920533180237","37.853572845458984","37.853572845458984","37.853572845458984","0.2659110724925995","0.2659110724925995","0.2659110724925995","29.47853660583496","29.47853660583496","29.47853660583496","0.19765478372573853","0.19765478372573853","0.19765478372573853","37.819236755371094","37.819236755371094","37.819236755371094"
"16799","0.37121954560279846","0.37121954560279846","0.37121954560279846","38.72308349609375","38.72308349609375","38.72308349609375","0.2817600667476654","0.2817600667476654","0.2817600667476654","45.4156494140625","45.4156494140625","45.4156494140625","0.3507145643234253","0.3507145643234253","0.3507145643234253","38.917701721191406","38.917701721191406","38.917701721191406","0.2544340491294861","0.2544340491294861","0.2544340491294861","45.44124984741211","45.44124984741211","45.44124984741211"
"16829","0.16673043370246887","0.16673043370246887","0.16673043370246887","34.79315185546875","34.79315185546875","34.79315185546875","0.15835198760032654","0.15835198760032654","0.15835198760032654","43.40888977050781","43.40888977050781","43.40888977050781","0.2678799331188202","0.2678799331188202","0.2678799331188202","34.93346405029297","34.93346405029297","34.93346405029297","0.48375749588012695","0.48375749588012695","0.48375749588012695","43.45866012573242","43.45866012573242","43.45866012573242"
"16859","0.3224606513977051","0.3224606513977051","0.3224606513977051","33.201576232910156","33.201576232910156","33.201576232910156","0.19530625641345978","0.19530625641345978","0.19530625641345978","41.12126922607422","41.12126922607422","41.12126922607422","0.3154059648513794","0.3154059648513794","0.3154059648513794","33.21205139160156","33.21205139160156","33.21205139160156","0.4244694411754608","0.4244694411754608","0.4244694411754608","41.46438980102539","41.46438980102539","41.46438980102539"
"16889","2.3246495723724365","2.3246495723724365","2.3246495723724365","40.54438400268555","40.54438400268555","40.54438400268555","4.3781962394714355","4.3781962394714355","4.3781962394714355","45.92617416381836","45.92617416381836","45.92617416381836","7.475862979888916","7.475862979888916","7.475862979888916","40.68270492553711","40.68270492553711","40.68270492553711","4.840876579284668","4.840876579284668","4.840876579284668","54.298065185546875","54.298065185546875","54.298065185546875"
"16919","1.5075596570968628","1.5075596570968628","1.5075596570968628","36.52838134765625","36.52838134765625","36.52838134765625","0.9074767231941223","0.9074767231941223","0.9074767231941223","43.928104400634766","43.928104400634766","43.928104400634766","1.07584547996521","1.07584547996521","1.07584547996521","37.065364837646484","37.065364837646484","37.065364837646484","1.0048078298568726","1.0048078298568726","1.0048078298568726","43.95561981201172","43.95561981201172","43.95561981201172"
"16949","0.20063258707523346","0.20063258707523346","0.20063258707523346","32.060691833496094","32.060691833496094","32.060691833496094","0.178434818983078","0.178434818983078","0.178434818983078","40.94981384277344","40.94981384277344","40.94981384277344","0.23215937614440918","0.23215937614440918","0.23215937614440918","32.372154235839844","32.372154235839844","32.372154235839844","0.4897168278694153","0.4897168278694153","0.4897168278694153","40.966758728027344","40.966758728027344","40.966758728027344"
"16979","0.5667784214019775","0.5667784214019775","0.5667784214019775","33.32400894165039","33.32400894165039","33.32400894165039","0.4562074542045593","0.4562074542045593","0.4562074542045593","41.90845489501953","41.90845489501953","41.90845489501953","0.3135460615158081","0.3135460615158081","0.3135460615158081","33.2291374206543","33.2291374206543","33.2291374206543","0.3158969283103943","0.3158969283103943","0.3158969283103943","42.244651794433594","42.244651794433594","42.244651794433594"
"17009","0.205078125","0.205078125","0.205078125","31.294715881347656","31.294715881347656","31.294715881347656","0.20787158608436584","0.20787158608436584","0.20787158608436584","39.79140090942383","39.79140090942383","39.79140090942383","0.17019464075565338","0.17019464075565338","0.17019464075565338","31.591957092285156","31.591957092285156","31.591957092285156","0.20433738827705383","0.20433738827705383","0.20433738827705383","39.738460540771484","39.738460540771484","39.738460540771484"
"17039","0.22175012528896332","0.22175012528896332","0.22175012528896332","33.27523422241211","33.27523422241211","33.27523422241211","0.22670550644397736","0.22670550644397736","0.22670550644397736","41.53281021118164","41.53281021118164","41.53281021118164","0.1693413108587265","0.1693413108587265","0.1693413108587265","32.65713119506836","32.65713119506836","32.65713119506836","0.21665635704994202","0.21665635704994202","0.21665635704994202","41.56754684448242","41.56754684448242","41.56754684448242"
"17069","1.015889048576355","1.015889048576355","1.015889048576355","32.94540786743164","32.94540786743164","32.94540786743164","0.6344456076622009","0.6344456076622009","0.6344456076622009","40.96084976196289","40.96084976196289","40.96084976196289","0.4111425578594208","0.4111425578594208","0.4111425578594208","32.956947326660156","32.956947326660156","32.956947326660156","0.5248876810073853","0.5248876810073853","0.5248876810073853","40.672996520996094","40.672996520996094","40.672996520996094"
"17099","0.22725516557693481","0.22725516557693481","0.22725516557693481","31.968019485473633","31.968019485473633","31.968019485473633","0.1679813414812088","0.1679813414812088","0.1679813414812088","39.339378356933594","39.339378356933594","39.339378356933594","0.1833334118127823","0.1833334118127823","0.1833334118127823","32.00468826293945","32.00468826293945","32.00468826293945","0.2102120965719223","0.2102120965719223","0.2102120965719223","39.29689025878906","39.29689025878906","39.29689025878906"
"17129","0.22031651437282562","0.22031651437282562","0.22031651437282562","35.33094787597656","35.33094787597656","35.33094787597656","0.5530218482017517","0.5530218482017517","0.5530218482017517","42.61098861694336","42.61098861694336","42.61098861694336","0.282029390335083","0.282029390335083","0.282029390335083","35.37131881713867","35.37131881713867","35.37131881713867","0.2271936982870102","0.2271936982870102","0.2271936982870102","42.93964385986328","42.93964385986328","42.93964385986328"
"17159","0.7428392767906189","0.7428392767906189","0.7428392767906189","28.66353988647461","28.66353988647461","28.66353988647461","1.1018321514129639","1.1018321514129639","1.1018321514129639","36.130027770996094","36.130027770996094","36.130027770996094","0.24319468438625336","0.24319468438625336","0.24319468438625336","28.880537033081055","28.880537033081055","28.880537033081055","0.5278986692428589","0.5278986692428589","0.5278986692428589","36.22935104370117","36.22935104370117","36.22935104370117"
"17189","0.485137939453125","0.485137939453125","0.485137939453125","35.52043914794922","35.52043914794922","35.52043914794922","0.2973385453224182","0.2973385453224182","0.2973385453224182","44.17418670654297","44.17418670654297","44.17418670654297","0.4869551658630371","0.4869551658630371","0.4869551658630371","35.72684860229492","35.72684860229492","35.72684860229492","0.2415841966867447","0.2415841966867447","0.2415841966867447","44.12186050415039","44.12186050415039","44.12186050415039"
"17219","0.4205021858215332","0.4205021858215332","0.4205021858215332","33.743160247802734","33.743160247802734","33.743160247802734","0.36809393763542175","0.36809393763542175","0.36809393763542175","41.54045486450195","41.54045486450195","41.54045486450195","0.2894833981990814","0.2894833981990814","0.2894833981990814","33.32828140258789","33.32828140258789","33.32828140258789","0.37384796142578125","0.37384796142578125","0.37384796142578125","41.45423889160156","41.45423889160156","41.45423889160156"
"17249","0.23459461331367493","0.23459461331367493","0.23459461331367493","34.04023742675781","34.04023742675781","34.04023742675781","0.19216346740722656","0.19216346740722656","0.19216346740722656","41.7254524230957","41.7254524230957","41.7254524230957","0.40724074840545654","0.40724074840545654","0.40724074840545654","33.98587417602539","33.98587417602539","33.98587417602539","0.2550012767314911","0.2550012767314911","0.2550012767314911","41.697879791259766","41.697879791259766","41.697879791259766"
"17279","0.30062806606292725","0.30062806606292725","0.30062806606292725","34.91718673706055","34.91718673706055","34.91718673706055","0.1780276894569397","0.1780276894569397","0.1780276894569397","42.13957595825195","42.13957595825195","42.13957595825195","0.2918676733970642","0.2918676733970642","0.2918676733970642","35.10272216796875","35.10272216796875","35.10272216796875","0.3144245743751526","0.3144245743751526","0.3144245743751526","42.16872787475586","42.16872787475586","42.16872787475586"
"17309","0.22243748605251312","0.22243748605251312","0.22243748605251312","35.827720642089844","35.827720642089844","35.827720642089844","0.2775880694389343","0.2775880694389343","0.2775880694389343","42.92164993286133","42.92164993286133","42.92164993286133","0.297961950302124","0.297961950302124","0.297961950302124","35.493568420410156","35.493568420410156","35.493568420410156","0.20186500251293182","0.20186500251293182","0.20186500251293182","43.278079986572266","43.278079986572266","43.278079986572266"
"17339","0.28227394819259644","0.28227394819259644","0.28227394819259644","32.141963958740234","32.141963958740234","32.141963958740234","0.20238223671913147","0.20238223671913147","0.20238223671913147","40.70939254760742","40.70939254760742","40.70939254760742","0.2259470820426941","0.2259470820426941","0.2259470820426941","32.60169982910156","32.60169982910156","32.60169982910156","0.32049810886383057","0.32049810886383057","0.32049810886383057","40.779422760009766","40.779422760009766","40.779422760009766"
"17369","0.19731687009334564","0.19731687009334564","0.19731687009334564","32.48738479614258","32.48738479614258","32.48738479614258","0.21976341307163239","0.21976341307163239","0.21976341307163239","39.818851470947266","39.818851470947266","39.818851470947266","0.24356044828891754","0.24356044828891754","0.24356044828891754","32.650726318359375","32.650726318359375","32.650726318359375","0.2569136321544647","0.2569136321544647","0.2569136321544647","39.68701934814453","39.68701934814453","39.68701934814453"
"17399","0.43920210003852844","0.43920210003852844","0.43920210003852844","34.39878463745117","34.39878463745117","34.39878463745117","0.31736770272254944","0.31736770272254944","0.31736770272254944","41.96947479248047","41.96947479248047","41.96947479248047","0.5222253799438477","0.5222253799438477","0.5222253799438477","34.653621673583984","34.653621673583984","34.653621673583984","0.38998833298683167","0.38998833298683167","0.38998833298683167","41.934051513671875","41.934051513671875","41.934051513671875"
"17429","0.3655035197734833","0.3655035197734833","0.3655035197734833","37.7984504699707","37.7984504699707","37.7984504699707","0.6116499304771423","0.6116499304771423","0.6116499304771423","46.81031036376953","46.81031036376953","46.81031036376953","0.6126483678817749","0.6126483678817749","0.6126483678817749","37.99112319946289","37.99112319946289","37.99112319946289","0.30954861640930176","0.30954861640930176","0.30954861640930176","46.82927322387695","46.82927322387695","46.82927322387695"
"17459","0.2901417911052704","0.2901417911052704","0.2901417911052704","30.240018844604492","30.240018844604492","30.240018844604492","0.27893924713134766","0.27893924713134766","0.27893924713134766","37.5961799621582","37.5961799621582","37.5961799621582","0.25419023633003235","0.25419023633003235","0.25419023633003235","30.848278045654297","30.848278045654297","30.848278045654297","0.27985236048698425","0.27985236048698425","0.27985236048698425","37.41741180419922","37.41741180419922","37.41741180419922"
"17489","1.1970593929290771","1.1970593929290771","1.1970593929290771","28.74485206604004","28.74485206604004","28.74485206604004","1.481269359588623","1.481269359588623","1.481269359588623","38.336265563964844","38.336265563964844","38.336265563964844","2.379424571990967","2.379424571990967","2.379424571990967","28.880687713623047","28.880687713623047","28.880687713623047","3.049273729324341","3.049273729324341","3.049273729324341","37.88913345336914","37.88913345336914","37.88913345336914"
"17519","0.21458129584789276","0.21458129584789276","0.21458129584789276","26.554325103759766","26.554325103759766","26.554325103759766","0.26307016611099243","0.26307016611099243","0.26307016611099243","35.5025634765625","35.5025634765625","35.5025634765625","0.18382380902767181","0.18382380902767181","0.18382380902767181","26.90166664123535","26.90166664123535","26.90166664123535","0.37120118737220764","0.37120118737220764","0.37120118737220764","35.573768615722656","35.573768615722656","35.573768615722656"
"17549","0.25929030776023865","0.25929030776023865","0.25929030776023865","29.643346786499023","29.643346786499023","29.643346786499023","0.26711687445640564","0.26711687445640564","0.26711687445640564","37.416446685791016","37.416446685791016","37.416446685791016","0.26552504301071167","0.26552504301071167","0.26552504301071167","29.875282287597656","29.875282287597656","29.875282287597656","0.2393147200345993","0.2393147200345993","0.2393147200345993","37.755191802978516","37.755191802978516","37.755191802978516"
"17579","0.17370198667049408","0.17370198667049408","0.17370198667049408","30.14291000366211","30.14291000366211","30.14291000366211","0.16662974655628204","0.16662974655628204","0.16662974655628204","38.267948150634766","38.267948150634766","38.267948150634766","0.34855887293815613","0.34855887293815613","0.34855887293815613","30.16155242919922","30.16155242919922","30.16155242919922","0.3205287754535675","0.3205287754535675","0.3205287754535675","38.38732147216797","38.38732147216797","38.38732147216797"
"17609","0.2457653135061264","0.2457653135061264","0.2457653135061264","34.64712142944336","34.64712142944336","34.64712142944336","0.4165034890174866","0.4165034890174866","0.4165034890174866","42.91164779663086","42.91164779663086","42.91164779663086","0.1941700577735901","0.1941700577735901","0.1941700577735901","35.271305084228516","35.271305084228516","35.271305084228516","0.23095767199993134","0.23095767199993134","0.23095767199993134","43.093563079833984","43.093563079833984","43.093563079833984"
"17639","0.14122231304645538","0.14122231304645538","0.14122231304645538","38.27172088623047","38.27172088623047","38.27172088623047","0.22662965953350067","0.22662965953350067","0.22662965953350067","46.62487030029297","46.62487030029297","46.62487030029297","0.30198127031326294","0.30198127031326294","0.30198127031326294","38.60479736328125","38.60479736328125","38.60479736328125","0.2660905122756958","0.2660905122756958","0.2660905122756958","46.48772430419922","46.48772430419922","46.48772430419922"
"17669","0.24615290760993958","0.24615290760993958","0.24615290760993958","34.678279876708984","34.678279876708984","34.678279876708984","0.2894608676433563","0.2894608676433563","0.2894608676433563","42.80669021606445","42.80669021606445","42.80669021606445","0.3362474739551544","0.3362474739551544","0.3362474739551544","34.92694091796875","34.92694091796875","34.92694091796875","0.20768767595291138","0.20768767595291138","0.20768767595291138","42.755008697509766","42.755008697509766","42.755008697509766"
"17699","0.4756452143192291","0.4756452143192291","0.4756452143192291","35.361907958984375","35.361907958984375","35.361907958984375","0.5399625301361084","0.5399625301361084","0.5399625301361084","41.697566986083984","41.697566986083984","41.697566986083984","1.3985848426818848","1.3985848426818848","1.3985848426818848","35.55342102050781","35.55342102050781","35.55342102050781","0.5248510837554932","0.5248510837554932","0.5248510837554932","41.697509765625","41.697509765625","41.697509765625"
"17729","0.4643363356590271","0.4643363356590271","0.4643363356590271","31.882850646972656","31.882850646972656","31.882850646972656","0.430942177772522","0.430942177772522","0.430942177772522","41.14446258544922","41.14446258544922","41.14446258544922","0.33260592818260193","0.33260592818260193","0.33260592818260193","31.93648338317871","31.93648338317871","31.93648338317871","0.2406417429447174","0.2406417429447174","0.2406417429447174","41.06964874267578","41.06964874267578","41.06964874267578"
"17759","0.18309682607650757","0.18309682607650757","0.18309682607650757","32.079307556152344","32.079307556152344","32.079307556152344","0.26283392310142517","0.26283392310142517","0.26283392310142517","40.41527557373047","40.41527557373047","40.41527557373047","0.2102210521697998","0.2102210521697998","0.2102210521697998","32.44942855834961","32.44942855834961","32.44942855834961","0.20328590273857117","0.20328590273857117","0.20328590273857117","40.64126968383789","40.64126968383789","40.64126968383789"
"17789","0.19319045543670654","0.19319045543670654","0.19319045543670654","35.30084228515625","35.30084228515625","35.30084228515625","0.1437840461730957","0.1437840461730957","0.1437840461730957","43.44340896606445","43.44340896606445","43.44340896606445","0.2461375743150711","0.2461375743150711","0.2461375743150711","35.12575912475586","35.12575912475586","35.12575912475586","0.20428211987018585","0.20428211987018585","0.20428211987018585","43.33979415893555","43.33979415893555","43.33979415893555"
"17819","0.3104170858860016","0.3104170858860016","0.3104170858860016","34.87283706665039","34.87283706665039","34.87283706665039","0.3908708095550537","0.3908708095550537","0.3908708095550537","42.672298431396484","42.672298431396484","42.672298431396484","0.2948974370956421","0.2948974370956421","0.2948974370956421","34.45431900024414","34.45431900024414","34.45431900024414","0.39082077145576477","0.39082077145576477","0.39082077145576477","42.68646240234375","42.68646240234375","42.68646240234375"
"17849","0.1338261216878891","0.1338261216878891","0.1338261216878891","29.32622528076172","29.32622528076172","29.32622528076172","0.219538614153862","0.219538614153862","0.219538614153862","37.099483489990234","37.099483489990234","37.099483489990234","0.29764044284820557","0.29764044284820557","0.29764044284820557","29.02311897277832","29.02311897277832","29.02311897277832","0.35926735401153564","0.35926735401153564","0.35926735401153564","37.02817153930664","37.02817153930664","37.02817153930664"
"17879","0.23619107902050018","0.23619107902050018","0.23619107902050018","37.77790069580078","37.77790069580078","37.77790069580078","0.3750625550746918","0.3750625550746918","0.3750625550746918","46.97856521606445","46.97856521606445","46.97856521606445","0.3150913417339325","0.3150913417339325","0.3150913417339325","37.88223648071289","37.88223648071289","37.88223648071289","0.24929790198802948","0.24929790198802948","0.24929790198802948","46.94160079956055","46.94160079956055","46.94160079956055"
"17909","0.67083340883255","0.67083340883255","0.67083340883255","33.119686126708984","33.119686126708984","33.119686126708984","1.064723014831543","1.064723014831543","1.064723014831543","41.52585983276367","41.52585983276367","41.52585983276367","0.9503966569900513","0.9503966569900513","0.9503966569900513","33.25649642944336","33.25649642944336","33.25649642944336","0.6268447637557983","0.6268447637557983","0.6268447637557983","41.26570129394531","41.26570129394531","41.26570129394531"
"17939","0.44677504897117615","0.44677504897117615","0.44677504897117615","30.466449737548828","30.466449737548828","30.466449737548828","0.5506076216697693","0.5506076216697693","0.5506076216697693","37.801631927490234","37.801631927490234","37.801631927490234","0.45296457409858704","0.45296457409858704","0.45296457409858704","30.64728355407715","30.64728355407715","30.64728355407715","0.7855303883552551","0.7855303883552551","0.7855303883552551","37.81344985961914","37.81344985961914","37.81344985961914"
"17969","0.194369375705719","0.194369375705719","0.194369375705719","30.23870277404785","30.23870277404785","30.23870277404785","0.20312964916229248","0.20312964916229248","0.20312964916229248","38.458641052246094","38.458641052246094","38.458641052246094","0.2702733278274536","0.2702733278274536","0.2702733278274536","30.196561813354492","30.196561813354492","30.196561813354492","0.2938365340232849","0.2938365340232849","0.2938365340232849","38.511112213134766","38.511112213134766","38.511112213134766"
"17999","0.6486819982528687","0.6486819982528687","0.6486819982528687","32.52431106567383","32.52431106567383","32.52431106567383","0.7886559963226318","0.7886559963226318","0.7886559963226318","40.101844787597656","40.101844787597656","40.101844787597656","0.5670493245124817","0.5670493245124817","0.5670493245124817","32.6907958984375","32.6907958984375","32.6907958984375","0.8729267120361328","0.8729267120361328","0.8729267120361328","40.09995651245117","40.09995651245117","40.09995651245117"
"18029","0.45473092794418335","0.45473092794418335","0.45473092794418335","33.360469818115234","33.360469818115234","33.360469818115234","0.3675498962402344","0.3675498962402344","0.3675498962402344","43.84220504760742","43.84220504760742","43.84220504760742","0.24465732276439667","0.24465732276439667","0.24465732276439667","33.08896255493164","33.08896255493164","33.08896255493164","0.4522920250892639","0.4522920250892639","0.4522920250892639","43.819541931152344","43.819541931152344","43.819541931152344"
"18059","0.5326108336448669","0.5326108336448669","0.5326108336448669","33.662845611572266","33.662845611572266","33.662845611572266","0.208840474486351","0.208840474486351","0.208840474486351","41.9820442199707","41.9820442199707","41.9820442199707","0.6137931942939758","0.6137931942939758","0.6137931942939758","33.704044342041016","33.704044342041016","33.704044342041016","0.5188970565795898","0.5188970565795898","0.5188970565795898","41.88282012939453","41.88282012939453","41.88282012939453"
"18089","0.31582319736480713","0.31582319736480713","0.31582319736480713","34.132442474365234","34.132442474365234","34.132442474365234","0.4408659338951111","0.4408659338951111","0.4408659338951111","43.56593704223633","43.56593704223633","43.56593704223633","0.3089906573295593","0.3089906573295593","0.3089906573295593","34.238834381103516","34.238834381103516","34.238834381103516","0.3908495008945465","0.3908495008945465","0.3908495008945465","43.47176742553711","43.47176742553711","43.47176742553711"
"18119","0.7604559659957886","0.7604559659957886","0.7604559659957886","31.3834171295166","31.3834171295166","31.3834171295166","0.3600330650806427","0.3600330650806427","0.3600330650806427","40.56140899658203","40.56140899658203","40.56140899658203","1.4590548276901245","1.4590548276901245","1.4590548276901245","31.43526268005371","31.43526268005371","31.43526268005371","0.36015936732292175","0.36015936732292175","0.36015936732292175","40.294883728027344","40.294883728027344","40.294883728027344"
"18149","0.14661219716072083","0.14661219716072083","0.14661219716072083","30.63197898864746","30.63197898864746","30.63197898864746","0.375669002532959","0.375669002532959","0.375669002532959","38.86922836303711","38.86922836303711","38.86922836303711","0.2748351991176605","0.2748351991176605","0.2748351991176605","30.24947738647461","30.24947738647461","30.24947738647461","0.22455258667469025","0.22455258667469025","0.22455258667469025","39.05017852783203","39.05017852783203","39.05017852783203"
"18179","0.22105489671230316","0.22105489671230316","0.22105489671230316","33.14076232910156","33.14076232910156","33.14076232910156","0.29627031087875366","0.29627031087875366","0.29627031087875366","43.204795837402344","43.204795837402344","43.204795837402344","0.4277603030204773","0.4277603030204773","0.4277603030204773","32.784339904785156","32.784339904785156","32.784339904785156","0.35703036189079285","0.35703036189079285","0.35703036189079285","43.30971145629883","43.30971145629883","43.30971145629883"
"18209","0.699093222618103","0.699093222618103","0.699093222618103","37.66455841064453","37.66455841064453","37.66455841064453","1.2184890508651733","1.2184890508651733","1.2184890508651733","45.5048713684082","45.5048713684082","45.5048713684082","1.2319495677947998","1.2319495677947998","1.2319495677947998","37.30410385131836","37.30410385131836","37.30410385131836","1.8253846168518066","1.8253846168518066","1.8253846168518066","46.96522903442383","46.96522903442383","46.96522903442383"
"18239","0.4131118059158325","0.4131118059158325","0.4131118059158325","33.40847396850586","33.40847396850586","33.40847396850586","0.23780743777751923","0.23780743777751923","0.23780743777751923","43.23996353149414","43.23996353149414","43.23996353149414","0.2550083100795746","0.2550083100795746","0.2550083100795746","33.49763488769531","33.49763488769531","33.49763488769531","0.30899858474731445","0.30899858474731445","0.30899858474731445","43.17803192138672","43.17803192138672","43.17803192138672"
"18269","0.5601536631584167","0.5601536631584167","0.5601536631584167","42.55568313598633","42.55568313598633","42.55568313598633","0.27778759598731995","0.27778759598731995","0.27778759598731995","50.46058654785156","50.46058654785156","50.46058654785156","0.3530309200286865","0.3530309200286865","0.3530309200286865","42.316619873046875","42.316619873046875","42.316619873046875","0.2749834954738617","0.2749834954738617","0.2749834954738617","50.64893341064453","50.64893341064453","50.64893341064453"
"18299","0.30963653326034546","0.30963653326034546","0.30963653326034546","31.561386108398438","31.561386108398438","31.561386108398438","0.27486854791641235","0.27486854791641235","0.27486854791641235","40.90378952026367","40.90378952026367","40.90378952026367","0.3627120852470398","0.3627120852470398","0.3627120852470398","31.729867935180664","31.729867935180664","31.729867935180664","0.24860705435276031","0.24860705435276031","0.24860705435276031","40.98965072631836","40.98965072631836","40.98965072631836"
"18329","0.14814172685146332","0.14814172685146332","0.14814172685146332","27.324384689331055","27.324384689331055","27.324384689331055","0.18059684336185455","0.18059684336185455","0.18059684336185455","36.78666305541992","36.78666305541992","36.78666305541992","0.485002726316452","0.485002726316452","0.485002726316452","27.874286651611328","27.874286651611328","27.874286651611328","0.17726777493953705","0.17726777493953705","0.17726777493953705","36.67745590209961","36.67745590209961","36.67745590209961"
"18359","0.33721935749053955","0.33721935749053955","0.33721935749053955","30.325836181640625","30.325836181640625","30.325836181640625","0.3963300883769989","0.3963300883769989","0.3963300883769989","37.80009078979492","37.80009078979492","37.80009078979492","0.47840192914009094","0.47840192914009094","0.47840192914009094","29.848583221435547","29.848583221435547","29.848583221435547","0.3375301659107208","0.3375301659107208","0.3375301659107208","37.75956344604492","37.75956344604492","37.75956344604492"
"18389","0.3771212697029114","0.3771212697029114","0.3771212697029114","32.55914306640625","32.55914306640625","32.55914306640625","0.22340025007724762","0.22340025007724762","0.22340025007724762","42.47134780883789","42.47134780883789","42.47134780883789","0.3885735273361206","0.3885735273361206","0.3885735273361206","32.49271774291992","32.49271774291992","32.49271774291992","0.43307173252105713","0.43307173252105713","0.43307173252105713","42.47599411010742","42.47599411010742","42.47599411010742"
"18419","0.21364383399486542","0.21364383399486542","0.21364383399486542","34.58740234375","34.58740234375","34.58740234375","0.17347759008407593","0.17347759008407593","0.17347759008407593","43.63069152832031","43.63069152832031","43.63069152832031","0.19653098285198212","0.19653098285198212","0.19653098285198212","34.33328628540039","34.33328628540039","34.33328628540039","0.1852993220090866","0.1852993220090866","0.1852993220090866","43.58897399902344","43.58897399902344","43.58897399902344"
"18449","0.36183759570121765","0.36183759570121765","0.36183759570121765","35.774513244628906","35.774513244628906","35.774513244628906","0.27535349130630493","0.27535349130630493","0.27535349130630493","44.82076644897461","44.82076644897461","44.82076644897461","0.502052903175354","0.502052903175354","0.502052903175354","35.79181671142578","35.79181671142578","35.79181671142578","0.329172819852829","0.329172819852829","0.329172819852829","45.096473693847656","45.096473693847656","45.096473693847656"
"18479","0.444356232881546","0.444356232881546","0.444356232881546","31.782054901123047","31.782054901123047","31.782054901123047","0.505548894405365","0.505548894405365","0.505548894405365","39.03254699707031","39.03254699707031","39.03254699707031","0.8745743632316589","0.8745743632316589","0.8745743632316589","31.882680892944336","31.882680892944336","31.882680892944336","0.6118423938751221","0.6118423938751221","0.6118423938751221","39.33515548706055","39.33515548706055","39.33515548706055"
"18509","0.7180946469306946","0.7180946469306946","0.7180946469306946","28.081504821777344","28.081504821777344","28.081504821777344","0.24785172939300537","0.24785172939300537","0.24785172939300537","36.60806655883789","36.60806655883789","36.60806655883789","0.20141665637493134","0.20141665637493134","0.20141665637493134","28.489702224731445","28.489702224731445","28.489702224731445","0.5296820998191833","0.5296820998191833","0.5296820998191833","36.935829162597656","36.935829162597656","36.935829162597656"
"18539","0.237447127699852","0.237447127699852","0.237447127699852","31.147836685180664","31.147836685180664","31.147836685180664","0.21979932487010956","0.21979932487010956","0.21979932487010956","39.165977478027344","39.165977478027344","39.165977478027344","0.23226523399353027","0.23226523399353027","0.23226523399353027","31.560583114624023","31.560583114624023","31.560583114624023","0.43542173504829407","0.43542173504829407","0.43542173504829407","39.46369552612305","39.46369552612305","39.46369552612305"
"18569","0.46224457025527954","0.46224457025527954","0.46224457025527954","35.73076629638672","35.73076629638672","35.73076629638672","0.16084803640842438","0.16084803640842438","0.16084803640842438","44.439090728759766","44.439090728759766","44.439090728759766","0.39297378063201904","0.39297378063201904","0.39297378063201904","35.79608917236328","35.79608917236328","35.79608917236328","0.2630596458911896","0.2630596458911896","0.2630596458911896","44.3969612121582","44.3969612121582","44.3969612121582"
"18599","0.4743153154850006","0.4743153154850006","0.4743153154850006","27.31562042236328","27.31562042236328","27.31562042236328","0.16639113426208496","0.16639113426208496","0.16639113426208496","36.3043212890625","36.3043212890625","36.3043212890625","0.4739154279232025","0.4739154279232025","0.4739154279232025","27.306171417236328","27.306171417236328","27.306171417236328","0.44054365158081055","0.44054365158081055","0.44054365158081055","36.47917938232422","36.47917938232422","36.47917938232422"
"18629","0.17366859316825867","0.17366859316825867","0.17366859316825867","32.23225402832031","32.23225402832031","32.23225402832031","0.15973679721355438","0.15973679721355438","0.15973679721355438","41.38475036621094","41.38475036621094","41.38475036621094","0.25824981927871704","0.25824981927871704","0.25824981927871704","32.31641387939453","32.31641387939453","32.31641387939453","0.18209201097488403","0.18209201097488403","0.18209201097488403","41.066429138183594","41.066429138183594","41.066429138183594"
"18659","1.8094384670257568","1.8094384670257568","1.8094384670257568","29.530981063842773","29.530981063842773","29.530981063842773","1.0999075174331665","1.0999075174331665","1.0999075174331665","38.30333709716797","38.30333709716797","38.30333709716797","2.8819057941436768","2.8819057941436768","2.8819057941436768","29.723102569580078","29.723102569580078","29.723102569580078","1.0425622463226318","1.0425622463226318","1.0425622463226318","38.70414352416992","38.70414352416992","38.70414352416992"
"18689","0.20701217651367188","0.20701217651367188","0.20701217651367188","30.787137985229492","30.787137985229492","30.787137985229492","0.38459575176239014","0.38459575176239014","0.38459575176239014","39.016117095947266","39.016117095947266","39.016117095947266","0.32117959856987","0.32117959856987","0.32117959856987","30.631547927856445","30.631547927856445","30.631547927856445","0.2728351354598999","0.2728351354598999","0.2728351354598999","38.678775787353516","38.678775787353516","38.678775787353516"
"18719","0.16146396100521088","0.16146396100521088","0.16146396100521088","31.03712272644043","31.03712272644043","31.03712272644043","0.2524659037590027","0.2524659037590027","0.2524659037590027","40.341766357421875","40.341766357421875","40.341766357421875","0.20400510728359222","0.20400510728359222","0.20400510728359222","30.666276931762695","30.666276931762695","30.666276931762695","0.2505982220172882","0.2505982220172882","0.2505982220172882","40.12337875366211","40.12337875366211","40.12337875366211"
"18749","0.31903430819511414","0.31903430819511414","0.31903430819511414","32.07872009277344","32.07872009277344","32.07872009277344","0.22264230251312256","0.22264230251312256","0.22264230251312256","42.33081817626953","42.33081817626953","42.33081817626953","0.21132689714431763","0.21132689714431763","0.21132689714431763","32.548954010009766","32.548954010009766","32.548954010009766","0.17338332533836365","0.17338332533836365","0.17338332533836365","42.63267517089844","42.63267517089844","42.63267517089844"
"18779","0.460316002368927","0.460316002368927","0.460316002368927","30.097318649291992","30.097318649291992","30.097318649291992","0.5040531158447266","0.5040531158447266","0.5040531158447266","37.865440368652344","37.865440368652344","37.865440368652344","0.3702504336833954","0.3702504336833954","0.3702504336833954","30.225399017333984","30.225399017333984","30.225399017333984","0.2199808955192566","0.2199808955192566","0.2199808955192566","37.92375946044922","37.92375946044922","37.92375946044922"
"18809","0.15040980279445648","0.15040980279445648","0.15040980279445648","25.519916534423828","25.519916534423828","25.519916534423828","0.288778156042099","0.288778156042099","0.288778156042099","34.92555236816406","34.92555236816406","34.92555236816406","0.20748485624790192","0.20748485624790192","0.20748485624790192","25.502111434936523","25.502111434936523","25.502111434936523","0.43047967553138733","0.43047967553138733","0.43047967553138733","34.82228469848633","34.82228469848633","34.82228469848633"
"18839","1.752850890159607","1.752850890159607","1.752850890159607","32.44781494140625","32.44781494140625","32.44781494140625","1.5649791955947876","1.5649791955947876","1.5649791955947876","41.36507797241211","41.36507797241211","41.36507797241211","0.5758854150772095","0.5758854150772095","0.5758854150772095","32.61336898803711","32.61336898803711","32.61336898803711","0.5583934783935547","0.5583934783935547","0.5583934783935547","41.53351593017578","41.53351593017578","41.53351593017578"
"18869","0.16563861072063446","0.16563861072063446","0.16563861072063446","35.18001937866211","35.18001937866211","35.18001937866211","0.19635257124900818","0.19635257124900818","0.19635257124900818","44.13835525512695","44.13835525512695","44.13835525512695","0.16939103603363037","0.16939103603363037","0.16939103603363037","35.1622314453125","35.1622314453125","35.1622314453125","0.2478964924812317","0.2478964924812317","0.2478964924812317","44.06028366088867","44.06028366088867","44.06028366088867"
"18899","0.19038182497024536","0.19038182497024536","0.19038182497024536","29.321876525878906","29.321876525878906","29.321876525878906","0.15739771723747253","0.15739771723747253","0.15739771723747253","38.20439529418945","38.20439529418945","38.20439529418945","0.1905064582824707","0.1905064582824707","0.1905064582824707","29.2839298248291","29.2839298248291","29.2839298248291","0.27879443764686584","0.27879443764686584","0.27879443764686584","38.14896011352539","38.14896011352539","38.14896011352539"
"18929","1.4636820554733276","1.4636820554733276","1.4636820554733276","34.254844665527344","34.254844665527344","34.254844665527344","0.6984482407569885","0.6984482407569885","0.6984482407569885","44.450531005859375","44.450531005859375","44.450531005859375","1.013637900352478","1.013637900352478","1.013637900352478","34.642704010009766","34.642704010009766","34.642704010009766","0.8340979814529419","0.8340979814529419","0.8340979814529419","44.637908935546875","44.637908935546875","44.637908935546875"
"18959","0.2549158036708832","0.2549158036708832","0.2549158036708832","31.877531051635742","31.877531051635742","31.877531051635742","0.12194684892892838","0.12194684892892838","0.12194684892892838","40.46226501464844","40.46226501464844","40.46226501464844","0.28177696466445923","0.28177696466445923","0.28177696466445923","31.85040283203125","31.85040283203125","31.85040283203125","0.40313616394996643","0.40313616394996643","0.40313616394996643","40.72780227661133","40.72780227661133","40.72780227661133"
"18989","0.4578513503074646","0.4578513503074646","0.4578513503074646","28.88161277770996","28.88161277770996","28.88161277770996","0.30299362540245056","0.30299362540245056","0.30299362540245056","37.47440719604492","37.47440719604492","37.47440719604492","0.4010140895843506","0.4010140895843506","0.4010140895843506","29.244823455810547","29.244823455810547","29.244823455810547","0.2187894731760025","0.2187894731760025","0.2187894731760025","37.63814163208008","37.63814163208008","37.63814163208008"
"19019","0.26921364665031433","0.26921364665031433","0.26921364665031433","30.826337814331055","30.826337814331055","30.826337814331055","0.2875112295150757","0.2875112295150757","0.2875112295150757","39.53945541381836","39.53945541381836","39.53945541381836","0.31686699390411377","0.31686699390411377","0.31686699390411377","31.82120132446289","31.82120132446289","31.82120132446289","0.367849200963974","0.367849200963974","0.367849200963974","39.57101821899414","39.57101821899414","39.57101821899414"
"19049","0.5361075401306152","0.5361075401306152","0.5361075401306152","34.270469665527344","34.270469665527344","34.270469665527344","0.512773871421814","0.512773871421814","0.512773871421814","42.79958724975586","42.79958724975586","42.79958724975586","0.43632906675338745","0.43632906675338745","0.43632906675338745","34.20499038696289","34.20499038696289","34.20499038696289","0.2800765037536621","0.2800765037536621","0.2800765037536621","43.02061080932617","43.02061080932617","43.02061080932617"
"19079","0.1821960210800171","0.1821960210800171","0.1821960210800171","31.913530349731445","31.913530349731445","31.913530349731445","0.15184667706489563","0.15184667706489563","0.15184667706489563","39.50575256347656","39.50575256347656","39.50575256347656","0.2366931438446045","0.2366931438446045","0.2366931438446045","31.859140396118164","31.859140396118164","31.859140396118164","0.3088921010494232","0.3088921010494232","0.3088921010494232","39.2145881652832","39.2145881652832","39.2145881652832"
"19109","0.8020558953285217","0.8020558953285217","0.8020558953285217","31.08237648010254","31.08237648010254","31.08237648010254","0.9046226143836975","0.9046226143836975","0.9046226143836975","40.57880783081055","40.57880783081055","40.57880783081055","0.7397332787513733","0.7397332787513733","0.7397332787513733","31.256439208984375","31.256439208984375","31.256439208984375","1.506229043006897","1.506229043006897","1.506229043006897","40.87666702270508","40.87666702270508","40.87666702270508"
"19139","0.4464591145515442","0.4464591145515442","0.4464591145515442","28.82798194885254","28.82798194885254","28.82798194885254","0.25970351696014404","0.25970351696014404","0.25970351696014404","38.08897018432617","38.08897018432617","38.08897018432617","0.33176466822624207","0.33176466822624207","0.33176466822624207","29.464303970336914","29.464303970336914","29.464303970336914","0.19333940744400024","0.19333940744400024","0.19333940744400024","38.10042953491211","38.10042953491211","38.10042953491211"
"19169","0.3607091009616852","0.3607091009616852","0.3607091009616852","32.73405075073242","32.73405075073242","32.73405075073242","0.21546603739261627","0.21546603739261627","0.21546603739261627","41.96522521972656","41.96522521972656","41.96522521972656","0.2776172459125519","0.2776172459125519","0.2776172459125519","32.750057220458984","32.750057220458984","32.750057220458984","0.5999541282653809","0.5999541282653809","0.5999541282653809","42.01992416381836","42.01992416381836","42.01992416381836"
"19199","0.4848332107067108","0.4848332107067108","0.4848332107067108","30.726781845092773","30.726781845092773","30.726781845092773","0.6695731282234192","0.6695731282234192","0.6695731282234192","38.16181945800781","38.16181945800781","38.16181945800781","0.20067398250102997","0.20067398250102997","0.20067398250102997","30.5650634765625","30.5650634765625","30.5650634765625","0.2991059124469757","0.2991059124469757","0.2991059124469757","38.22441864013672","38.22441864013672","38.22441864013672"
"19229","0.3991052806377411","0.3991052806377411","0.3991052806377411","33.82078170776367","33.82078170776367","33.82078170776367","0.1835436224937439","0.1835436224937439","0.1835436224937439","42.521934509277344","42.521934509277344","42.521934509277344","0.18617385625839233","0.18617385625839233","0.18617385625839233","34.053504943847656","34.053504943847656","34.053504943847656","0.23375166952610016","0.23375166952610016","0.23375166952610016","42.6096076965332","42.6096076965332","42.6096076965332"
"19259","0.3756501376628876","0.3756501376628876","0.3756501376628876","31.675521850585938","31.675521850585938","31.675521850585938","0.11269816011190414","0.11269816011190414","0.11269816011190414","42.245418548583984","42.245418548583984","42.245418548583984","0.34489119052886963","0.34489119052886963","0.34489119052886963","31.808650970458984","31.808650970458984","31.808650970458984","0.2308119535446167","0.2308119535446167","0.2308119535446167","42.33794021606445","42.33794021606445","42.33794021606445"
"19289","0.26037338376045227","0.26037338376045227","0.26037338376045227","34.304443359375","34.304443359375","34.304443359375","0.19403399527072906","0.19403399527072906","0.19403399527072906","43.04523468017578","43.04523468017578","43.04523468017578","0.18284158408641815","0.18284158408641815","0.18284158408641815","34.39056396484375","34.39056396484375","34.39056396484375","0.23503310978412628","0.23503310978412628","0.23503310978412628","43.238914489746094","43.238914489746094","43.238914489746094"
"19319","0.2785997688770294","0.2785997688770294","0.2785997688770294","35.34869384765625","35.34869384765625","35.34869384765625","0.23105573654174805","0.23105573654174805","0.23105573654174805","43.58246994018555","43.58246994018555","43.58246994018555","0.4717322289943695","0.4717322289943695","0.4717322289943695","35.483184814453125","35.483184814453125","35.483184814453125","0.5017552971839905","0.5017552971839905","0.5017552971839905","43.57826232910156","43.57826232910156","43.57826232910156"
"19349","0.24981971085071564","0.24981971085071564","0.24981971085071564","34.334678649902344","34.334678649902344","34.334678649902344","0.576481282711029","0.576481282711029","0.576481282711029","43.31698226928711","43.31698226928711","43.31698226928711","0.3438807725906372","0.3438807725906372","0.3438807725906372","34.47306442260742","34.47306442260742","34.47306442260742","0.40057840943336487","0.40057840943336487","0.40057840943336487","43.36724090576172","43.36724090576172","43.36724090576172"
"19379","0.26143714785575867","0.26143714785575867","0.26143714785575867","30.63214683532715","30.63214683532715","30.63214683532715","0.21564368903636932","0.21564368903636932","0.21564368903636932","41.39006805419922","41.39006805419922","41.39006805419922","0.203385591506958","0.203385591506958","0.203385591506958","30.829252243041992","30.829252243041992","30.829252243041992","0.21094562113285065","0.21094562113285065","0.21094562113285065","40.989830017089844","40.989830017089844","40.989830017089844"
"19409","0.3653075695037842","0.3653075695037842","0.3653075695037842","27.645429611206055","27.645429611206055","27.645429611206055","0.29278406500816345","0.29278406500816345","0.29278406500816345","38.48390197753906","38.48390197753906","38.48390197753906","0.6278572082519531","0.6278572082519531","0.6278572082519531","27.775203704833984","27.775203704833984","27.775203704833984","0.21331700682640076","0.21331700682640076","0.21331700682640076","38.4288330078125","38.4288330078125","38.4288330078125"
"19439","0.2064482867717743","0.2064482867717743","0.2064482867717743","31.68116569519043","31.68116569519043","31.68116569519043","0.1725560873746872","0.1725560873746872","0.1725560873746872","40.1790771484375","40.1790771484375","40.1790771484375","0.177771657705307","0.177771657705307","0.177771657705307","31.60576057434082","31.60576057434082","31.60576057434082","0.221087247133255","0.221087247133255","0.221087247133255","40.00035858154297","40.00035858154297","40.00035858154297"
"19469","0.3007688522338867","0.3007688522338867","0.3007688522338867","29.84825897216797","29.84825897216797","29.84825897216797","0.44904470443725586","0.44904470443725586","0.44904470443725586","39.213706970214844","39.213706970214844","39.213706970214844","0.7175206542015076","0.7175206542015076","0.7175206542015076","30.06402015686035","30.06402015686035","30.06402015686035","0.502723217010498","0.502723217010498","0.502723217010498","38.82176208496094","38.82176208496094","38.82176208496094"
"19499","0.22507117688655853","0.22507117688655853","0.22507117688655853","30.847225189208984","30.847225189208984","30.847225189208984","0.1927323043346405","0.1927323043346405","0.1927323043346405","39.92394256591797","39.92394256591797","39.92394256591797","0.21947108209133148","0.21947108209133148","0.21947108209133148","30.634130477905273","30.634130477905273","30.634130477905273","0.15979599952697754","0.15979599952697754","0.15979599952697754","39.52260971069336","39.52260971069336","39.52260971069336"
"19529","0.18650497496128082","0.18650497496128082","0.18650497496128082","35.12611389160156","35.12611389160156","35.12611389160156","0.4048139750957489","0.4048139750957489","0.4048139750957489","44.66286087036133","44.66286087036133","44.66286087036133","0.20568034052848816","0.20568034052848816","0.20568034052848816","35.151023864746094","35.151023864746094","35.151023864746094","0.2236093133687973","0.2236093133687973","0.2236093133687973","44.83431625366211","44.83431625366211","44.83431625366211"
"19559","0.13478322327136993","0.13478322327136993","0.13478322327136993","31.241024017333984","31.241024017333984","31.241024017333984","0.27001944184303284","0.27001944184303284","0.27001944184303284","40.56905746459961","40.56905746459961","40.56905746459961","0.23819783329963684","0.23819783329963684","0.23819783329963684","31.357328414916992","31.357328414916992","31.357328414916992","0.28763601183891296","0.28763601183891296","0.28763601183891296","40.885406494140625","40.885406494140625","40.885406494140625"
"19589","0.6603103280067444","0.6603103280067444","0.6603103280067444","24.44257354736328","24.44257354736328","24.44257354736328","0.49117347598075867","0.49117347598075867","0.49117347598075867","34.059906005859375","34.059906005859375","34.059906005859375","0.23896227777004242","0.23896227777004242","0.23896227777004242","24.534746170043945","24.534746170043945","24.534746170043945","0.5801103711128235","0.5801103711128235","0.5801103711128235","34.03894805908203","34.03894805908203","34.03894805908203"
"19619","0.16354644298553467","0.16354644298553467","0.16354644298553467","30.744203567504883","30.744203567504883","30.744203567504883","0.20522929728031158","0.20522929728031158","0.20522929728031158","40.35572052001953","40.35572052001953","40.35572052001953","0.24788658320903778","0.24788658320903778","0.24788658320903778","31.134565353393555","31.134565353393555","31.134565353393555","0.24676288664340973","0.24676288664340973","0.24676288664340973","40.209835052490234","40.209835052490234","40.209835052490234"
"19649","0.2577917277812958","0.2577917277812958","0.2577917277812958","30.236793518066406","30.236793518066406","30.236793518066406","0.3286222815513611","0.3286222815513611","0.3286222815513611","38.751487731933594","38.751487731933594","38.751487731933594","0.32888147234916687","0.32888147234916687","0.32888147234916687","30.518999099731445","30.518999099731445","30.518999099731445","0.31064513325691223","0.31064513325691223","0.31064513325691223","39.170379638671875","39.170379638671875","39.170379638671875"
"19679","0.22684505581855774","0.22684505581855774","0.22684505581855774","33.40324783325195","33.40324783325195","33.40324783325195","0.28276509046554565","0.28276509046554565","0.28276509046554565","42.835655212402344","42.835655212402344","42.835655212402344","0.5953872799873352","0.5953872799873352","0.5953872799873352","33.43965148925781","33.43965148925781","33.43965148925781","0.24078185856342316","0.24078185856342316","0.24078185856342316","43.02204132080078","43.02204132080078","43.02204132080078"
"19709","0.7469899654388428","0.7469899654388428","0.7469899654388428","32.559879302978516","32.559879302978516","32.559879302978516","0.9454967379570007","0.9454967379570007","0.9454967379570007","39.90705871582031","39.90705871582031","39.90705871582031","0.4795612096786499","0.4795612096786499","0.4795612096786499","32.23542022705078","32.23542022705078","32.23542022705078","1.3693912029266357","1.3693912029266357","1.3693912029266357","40.22127151489258","40.22127151489258","40.22127151489258"
"19739","0.21097323298454285","0.21097323298454285","0.21097323298454285","31.006696701049805","31.006696701049805","31.006696701049805","0.14717362821102142","0.14717362821102142","0.14717362821102142","39.51951599121094","39.51951599121094","39.51951599121094","0.2536647915840149","0.2536647915840149","0.2536647915840149","31.167449951171875","31.167449951171875","31.167449951171875","0.22244197130203247","0.22244197130203247","0.22244197130203247","39.79100799560547","39.79100799560547","39.79100799560547"
"19769","0.3622317314147949","0.3622317314147949","0.3622317314147949","37.37405014038086","37.37405014038086","37.37405014038086","0.1811455637216568","0.1811455637216568","0.1811455637216568","47.287776947021484","47.287776947021484","47.287776947021484","0.20241720974445343","0.20241720974445343","0.20241720974445343","37.07577133178711","37.07577133178711","37.07577133178711","0.3464380204677582","0.3464380204677582","0.3464380204677582","47.334754943847656","47.334754943847656","47.334754943847656"
"19799","0.19668437540531158","0.19668437540531158","0.19668437540531158","30.71612548828125","30.71612548828125","30.71612548828125","0.12942062318325043","0.12942062318325043","0.12942062318325043","39.32708740234375","39.32708740234375","39.32708740234375","0.3304208219051361","0.3304208219051361","0.3304208219051361","30.783510208129883","30.783510208129883","30.783510208129883","0.2113935649394989","0.2113935649394989","0.2113935649394989","39.47587203979492","39.47587203979492","39.47587203979492"
"19829","1.0884870290756226","1.0884870290756226","1.0884870290756226","29.333263397216797","29.333263397216797","29.333263397216797","1.0513203144073486","1.0513203144073486","1.0513203144073486","38.50784683227539","38.50784683227539","38.50784683227539","0.7560966610908508","0.7560966610908508","0.7560966610908508","29.482196807861328","29.482196807861328","29.482196807861328","1.18813955783844","1.18813955783844","1.18813955783844","38.58777618408203","38.58777618408203","38.58777618408203"
"19859","0.2053043246269226","0.2053043246269226","0.2053043246269226","32.233421325683594","32.233421325683594","32.233421325683594","0.3030984699726105","0.3030984699726105","0.3030984699726105","41.24039840698242","41.24039840698242","41.24039840698242","0.30074185132980347","0.30074185132980347","0.30074185132980347","31.94016456604004","31.94016456604004","31.94016456604004","0.2753664255142212","0.2753664255142212","0.2753664255142212","41.20002365112305","41.20002365112305","41.20002365112305"
"19889","0.29009440541267395","0.29009440541267395","0.29009440541267395","30.969682693481445","30.969682693481445","30.969682693481445","0.2095899134874344","0.2095899134874344","0.2095899134874344","39.58389663696289","39.58389663696289","39.58389663696289","0.2892457842826843","0.2892457842826843","0.2892457842826843","30.759017944335938","30.759017944335938","30.759017944335938","0.19973628222942352","0.19973628222942352","0.19973628222942352","39.843772888183594","39.843772888183594","39.843772888183594"
"19919","2.614703416824341","2.614703416824341","2.614703416824341","30.613134384155273","30.613134384155273","30.613134384155273","3.4138002395629883","3.4138002395629883","3.4138002395629883","40.239376068115234","40.239376068115234","40.239376068115234","3.427497386932373","3.427497386932373","3.427497386932373","30.57798194885254","30.57798194885254","30.57798194885254","4.106131076812744","4.106131076812744","4.106131076812744","39.42512512207031","39.42512512207031","39.42512512207031"
"19949","0.45708662271499634","0.45708662271499634","0.45708662271499634","28.88737678527832","28.88737678527832","28.88737678527832","0.27669715881347656","0.27669715881347656","0.27669715881347656","38.89896011352539","38.89896011352539","38.89896011352539","0.29449450969696045","0.29449450969696045","0.29449450969696045","29.116151809692383","29.116151809692383","29.116151809692383","0.328336238861084","0.328336238861084","0.328336238861084","38.64796447753906","38.64796447753906","38.64796447753906"
"19979","0.23307445645332336","0.23307445645332336","0.23307445645332336","33.579505920410156","33.579505920410156","33.579505920410156","0.2867901921272278","0.2867901921272278","0.2867901921272278","43.42392349243164","43.42392349243164","43.42392349243164","0.21885117888450623","0.21885117888450623","0.21885117888450623","33.40553665161133","33.40553665161133","33.40553665161133","0.20275315642356873","0.20275315642356873","0.20275315642356873","43.584354400634766","43.584354400634766","43.584354400634766"