"Step","layer_10_hook_resid_mid_gpt2_standard_fisher_true_project_Devign - losses/fisher_reg_term","layer_10_hook_resid_mid_gpt2_standard_fisher_true_project_Devign - losses/fisher_reg_term__MIN","layer_10_hook_resid_mid_gpt2_standard_fisher_true_project_Devign - losses/fisher_reg_term__MAX","layer_5_hook_resid_mid_gpt2_standard_fisher_true_project_Devign - losses/fisher_reg_term","layer_5_hook_resid_mid_gpt2_standard_fisher_true_project_Devign - losses/fisher_reg_term__MIN","layer_5_hook_resid_mid_gpt2_standard_fisher_true_project_Devign - losses/fisher_reg_term__MAX","layer_0_hook_resid_mid_gpt2_standard_fisher_true_project_Devign - losses/fisher_reg_term","layer_0_hook_resid_mid_gpt2_standard_fisher_true_project_Devign - losses/fisher_reg_term__MIN","layer_0_hook_resid_mid_gpt2_standard_fisher_true_project_Devign - losses/fisher_reg_term__MAX"
"29","22.9265079498291","22.9265079498291","22.9265079498291","22.817184448242188","22.817184448242188","22.817184448242188","22.514789581298828","22.514789581298828","22.514789581298828"
"59","21.40167999267578","21.40167999267578","21.40167999267578","15.399750709533691","15.399750709533691","15.399750709533691","26.572423934936523","26.572423934936523","26.572423934936523"
"89","16.489730834960938","16.489730834960938","16.489730834960938","11.321755409240723","11.321755409240723","11.321755409240723","20.988855361938477","20.988855361938477","20.988855361938477"
"119","12.838862419128418","12.838862419128418","12.838862419128418","9.631230354309082","9.631230354309082","9.631230354309082","17.075571060180664","17.075571060180664","17.075571060180664"
"149","39.368309020996094","39.368309020996094","39.368309020996094","50.84904098510742","50.84904098510742","50.84904098510742","14.823847770690918","14.823847770690918","14.823847770690918"
"179","41.38115310668945","41.38115310668945","41.38115310668945","52.57887649536133","52.57887649536133","52.57887649536133","12.902515411376953","12.902515411376953","12.902515411376953"
"209","10.115987777709961","10.115987777709961","10.115987777709961","8.241460800170898","8.241460800170898","8.241460800170898","12.290793418884277","12.290793418884277","12.290793418884277"
"239","10.454949378967285","10.454949378967285","10.454949378967285","7.236234664916992","7.236234664916992","7.236234664916992","10.694021224975586","10.694021224975586","10.694021224975586"
"269","10.55916976928711","10.55916976928711","10.55916976928711","7.4316277503967285","7.4316277503967285","7.4316277503967285","10.298910140991211","10.298910140991211","10.298910140991211"
"299","8.333857536315918","8.333857536315918","8.333857536315918","6.463793754577637","6.463793754577637","6.463793754577637","8.855765342712402","8.855765342712402","8.855765342712402"
"329","64.4773941040039","64.4773941040039","64.4773941040039","35.82282638549805","35.82282638549805","35.82282638549805","9.080284118652344","9.080284118652344","9.080284118652344"
"359","60.90373992919922","60.90373992919922","60.90373992919922","29.18629264831543","29.18629264831543","29.18629264831543","8.538392066955566","8.538392066955566","8.538392066955566"
"389","49.97257614135742","49.97257614135742","49.97257614135742","24.999589920043945","24.999589920043945","24.999589920043945","8.210545539855957","8.210545539855957","8.210545539855957"
"419","53.47710418701172","53.47710418701172","53.47710418701172","25.021989822387695","25.021989822387695","25.021989822387695","7.559413909912109","7.559413909912109","7.559413909912109"
"449","52.095428466796875","52.095428466796875","52.095428466796875","21.9970703125","21.9970703125","21.9970703125","8.135363578796387","8.135363578796387","8.135363578796387"
"479","50.04239273071289","50.04239273071289","50.04239273071289","20.179656982421875","20.179656982421875","20.179656982421875","6.766111850738525","6.766111850738525","6.766111850738525"
"509","50.50765609741211","50.50765609741211","50.50765609741211","20.75142478942871","20.75142478942871","20.75142478942871","7.091258525848389","7.091258525848389","7.091258525848389"
"539","40.169734954833984","40.169734954833984","40.169734954833984","42.71385955810547","42.71385955810547","42.71385955810547","6.402202129364014","6.402202129364014","6.402202129364014"
"569","44.43891525268555","44.43891525268555","44.43891525268555","19.051025390625","19.051025390625","19.051025390625","6.448282718658447","6.448282718658447","6.448282718658447"
"599","52.42460632324219","52.42460632324219","52.42460632324219","19.41242790222168","19.41242790222168","19.41242790222168","6.146049499511719","6.146049499511719","6.146049499511719"
"629","45.75664138793945","45.75664138793945","45.75664138793945","19.41730499267578","19.41730499267578","19.41730499267578","6.0815863609313965","6.0815863609313965","6.0815863609313965"
"659","51.63563919067383","51.63563919067383","51.63563919067383","21.1329345703125","21.1329345703125","21.1329345703125","5.783157825469971","5.783157825469971","5.783157825469971"
"689","56.14788055419922","56.14788055419922","56.14788055419922","54.99462890625","54.99462890625","54.99462890625","5.607574462890625","5.607574462890625","5.607574462890625"
"719","48.44744110107422","48.44744110107422","48.44744110107422","18.628034591674805","18.628034591674805","18.628034591674805","6.002050876617432","6.002050876617432","6.002050876617432"
"749","45.56407165527344","45.56407165527344","45.56407165527344","17.55177116394043","17.55177116394043","17.55177116394043","5.351437091827393","5.351437091827393","5.351437091827393"
"779","45.56663131713867","45.56663131713867","45.56663131713867","18.071044921875","18.071044921875","18.071044921875","4.997589111328125","4.997589111328125","4.997589111328125"
"809","54.83489227294922","54.83489227294922","54.83489227294922","53.91718673706055","53.91718673706055","53.91718673706055","5.036924839019775","5.036924839019775","5.036924839019775"
"839","46.29290771484375","46.29290771484375","46.29290771484375","19.45274543762207","19.45274543762207","19.45274543762207","5.410749912261963","5.410749912261963","5.410749912261963"
"869","53.32120132446289","53.32120132446289","53.32120132446289","53.24851989746094","53.24851989746094","53.24851989746094","4.951431751251221","4.951431751251221","4.951431751251221"
"899","45.1096076965332","45.1096076965332","45.1096076965332","17.016857147216797","17.016857147216797","17.016857147216797","5.166439533233643","5.166439533233643","5.166439533233643"
"929","44.31460952758789","44.31460952758789","44.31460952758789","17.516008377075195","17.516008377075195","17.516008377075195","4.752730846405029","4.752730846405029","4.752730846405029"
"959","34.25828170776367","34.25828170776367","34.25828170776367","38.822288513183594","38.822288513183594","38.822288513183594","4.829148292541504","4.829148292541504","4.829148292541504"
"989","53.80644226074219","53.80644226074219","53.80644226074219","18.066049575805664","18.066049575805664","18.066049575805664","4.858366966247559","4.858366966247559","4.858366966247559"
"1019","57.39375686645508","57.39375686645508","57.39375686645508","53.8755989074707","53.8755989074707","53.8755989074707","5.173455715179443","5.173455715179443","5.173455715179443"
"1049","48.62907791137695","48.62907791137695","48.62907791137695","16.583885192871094","16.583885192871094","16.583885192871094","4.491574764251709","4.491574764251709","4.491574764251709"
"1079","45.35663986206055","45.35663986206055","45.35663986206055","18.575788497924805","18.575788497924805","18.575788497924805","4.872827053070068","4.872827053070068","4.872827053070068"
"1109","55.747684478759766","55.747684478759766","55.747684478759766","52.35459899902344","52.35459899902344","52.35459899902344","4.568204402923584","4.568204402923584","4.568204402923584"
"1139","42.40953826904297","42.40953826904297","42.40953826904297","16.256879806518555","16.256879806518555","16.256879806518555","4.778664588928223","4.778664588928223","4.778664588928223"
"1169","42.58944320678711","42.58944320678711","42.58944320678711","14.848532676696777","14.848532676696777","14.848532676696777","4.460894584655762","4.460894584655762","4.460894584655762"
"1199","38.12144088745117","38.12144088745117","38.12144088745117","14.055908203125","14.055908203125","14.055908203125","4.302931308746338","4.302931308746338","4.302931308746338"
"1229","56.30357360839844","56.30357360839844","56.30357360839844","53.117088317871094","53.117088317871094","53.117088317871094","4.9982829093933105","4.9982829093933105","4.9982829093933105"
"1259","44.14017105102539","44.14017105102539","44.14017105102539","16.41524887084961","16.41524887084961","16.41524887084961","4.671591281890869","4.671591281890869","4.671591281890869"
"1289","43.68653106689453","43.68653106689453","43.68653106689453","13.578168869018555","13.578168869018555","13.578168869018555","4.201608657836914","4.201608657836914","4.201608657836914"
"1319","37.67791748046875","37.67791748046875","37.67791748046875","40.73661422729492","40.73661422729492","40.73661422729492","4.134779453277588","4.134779453277588","4.134779453277588"
"1349","42.767967224121094","42.767967224121094","42.767967224121094","16.20244026184082","16.20244026184082","16.20244026184082","4.522105693817139","4.522105693817139","4.522105693817139"
"1379","38.38481521606445","38.38481521606445","38.38481521606445","15.65117359161377","15.65117359161377","15.65117359161377","4.217013359069824","4.217013359069824","4.217013359069824"
"1409","38.10395431518555","38.10395431518555","38.10395431518555","14.238123893737793","14.238123893737793","14.238123893737793","4.337571144104004","4.337571144104004","4.337571144104004"
"1439","36.905120849609375","36.905120849609375","36.905120849609375","13.341471672058105","13.341471672058105","13.341471672058105","4.410803318023682","4.410803318023682","4.410803318023682"
"1469","34.50086212158203","34.50086212158203","34.50086212158203","12.882758140563965","12.882758140563965","12.882758140563965","4.544616222381592","4.544616222381592","4.544616222381592"
"1499","39.8619270324707","39.8619270324707","39.8619270324707","13.726985931396484","13.726985931396484","13.726985931396484","4.042303562164307","4.042303562164307","4.042303562164307"
"1529","38.353477478027344","38.353477478027344","38.353477478027344","12.89462947845459","12.89462947845459","12.89462947845459","4.205446243286133","4.205446243286133","4.205446243286133"
"1559","37.672000885009766","37.672000885009766","37.672000885009766","12.108800888061523","12.108800888061523","12.108800888061523","3.8495934009552","3.8495934009552","3.8495934009552"
"1589","38.136474609375","38.136474609375","38.136474609375","13.198514938354492","13.198514938354492","13.198514938354492","4.022872447967529","4.022872447967529","4.022872447967529"
"1619","35.505882263183594","35.505882263183594","35.505882263183594","36.0963020324707","36.0963020324707","36.0963020324707","4.1285223960876465","4.1285223960876465","4.1285223960876465"
"1649","38.22456741333008","38.22456741333008","38.22456741333008","39.393768310546875","39.393768310546875","39.393768310546875","3.910909414291382","3.910909414291382","3.910909414291382"
"1679","29.413890838623047","29.413890838623047","29.413890838623047","11.985182762145996","11.985182762145996","11.985182762145996","4.034031391143799","4.034031391143799","4.034031391143799"
"1709","36.383365631103516","36.383365631103516","36.383365631103516","11.762483596801758","11.762483596801758","11.762483596801758","3.8011326789855957","3.8011326789855957","3.8011326789855957"
"1739","36.980506896972656","36.980506896972656","36.980506896972656","11.277006149291992","11.277006149291992","11.277006149291992","3.969193696975708","3.969193696975708","3.969193696975708"
"1769","30.05189323425293","30.05189323425293","30.05189323425293","11.56682014465332","11.56682014465332","11.56682014465332","3.9462673664093018","3.9462673664093018","3.9462673664093018"
"1799","32.904239654541016","32.904239654541016","32.904239654541016","10.734781265258789","10.734781265258789","10.734781265258789","3.701761484146118","3.701761484146118","3.701761484146118"
"1829","34.532920837402344","34.532920837402344","34.532920837402344","12.288960456848145","12.288960456848145","12.288960456848145","3.766378402709961","3.766378402709961","3.766378402709961"
"1859","31.76108169555664","31.76108169555664","31.76108169555664","10.900641441345215","10.900641441345215","10.900641441345215","3.8151204586029053","3.8151204586029053","3.8151204586029053"
"1889","33.9144287109375","33.9144287109375","33.9144287109375","10.772809028625488","10.772809028625488","10.772809028625488","3.778958559036255","3.778958559036255","3.778958559036255"
"1919","33.573890686035156","33.573890686035156","33.573890686035156","36.74083709716797","36.74083709716797","36.74083709716797","3.8811118602752686","3.8811118602752686","3.8811118602752686"
"1949","29.646915435791016","29.646915435791016","29.646915435791016","11.159524917602539","11.159524917602539","11.159524917602539","3.775840997695923","3.775840997695923","3.775840997695923"
"1979","33.57543182373047","33.57543182373047","33.57543182373047","11.696199417114258","11.696199417114258","11.696199417114258","3.7828822135925293","3.7828822135925293","3.7828822135925293"
"2009","32.01765060424805","32.01765060424805","32.01765060424805","9.869962692260742","9.869962692260742","9.869962692260742","3.509664297103882","3.509664297103882","3.509664297103882"
"2039","34.90919876098633","34.90919876098633","34.90919876098633","10.904120445251465","10.904120445251465","10.904120445251465","3.7955172061920166","3.7955172061920166","3.7955172061920166"
"2069","29.7254638671875","29.7254638671875","29.7254638671875","10.183619499206543","10.183619499206543","10.183619499206543","3.695770740509033","3.695770740509033","3.695770740509033"
"2099","27.295806884765625","27.295806884765625","27.295806884765625","11.050031661987305","11.050031661987305","11.050031661987305","3.69516658782959","3.69516658782959","3.69516658782959"
"2129","28.466590881347656","28.466590881347656","28.466590881347656","9.810284614562988","9.810284614562988","9.810284614562988","3.742692232131958","3.742692232131958","3.742692232131958"
"2159","26.96477508544922","26.96477508544922","26.96477508544922","8.092724800109863","8.092724800109863","8.092724800109863","3.475371837615967","3.475371837615967","3.475371837615967"
"2189","28.859519958496094","28.859519958496094","28.859519958496094","10.00318431854248","10.00318431854248","10.00318431854248","3.413058280944824","3.413058280944824","3.413058280944824"
"2219","27.20035171508789","27.20035171508789","27.20035171508789","9.499892234802246","9.499892234802246","9.499892234802246","3.7121293544769287","3.7121293544769287","3.7121293544769287"
"2249","27.08323860168457","27.08323860168457","27.08323860168457","9.097456932067871","9.097456932067871","9.097456932067871","3.4189260005950928","3.4189260005950928","3.4189260005950928"
"2279","212.69923400878906","212.69923400878906","212.69923400878906","110.50335693359375","110.50335693359375","110.50335693359375","57.86787796020508","57.86787796020508","57.86787796020508"
"2309","29.271484375","29.271484375","29.271484375","10.248940467834473","10.248940467834473","10.248940467834473","3.555129289627075","3.555129289627075","3.555129289627075"
"2339","31.96257209777832","31.96257209777832","31.96257209777832","34.99291229248047","34.99291229248047","34.99291229248047","3.473074197769165","3.473074197769165","3.473074197769165"
"2369","32.553794860839844","32.553794860839844","32.553794860839844","37.026302337646484","37.026302337646484","37.026302337646484","3.6498637199401855","3.6498637199401855","3.6498637199401855"
"2399","29.915767669677734","29.915767669677734","29.915767669677734","34.04366683959961","34.04366683959961","34.04366683959961","3.532942533493042","3.532942533493042","3.532942533493042"
"2429","21.075042724609375","21.075042724609375","21.075042724609375","7.079182147979736","7.079182147979736","7.079182147979736","3.1647512912750244","3.1647512912750244","3.1647512912750244"
"2459","25.461273193359375","25.461273193359375","25.461273193359375","8.643545150756836","8.643545150756836","8.643545150756836","3.4922499656677246","3.4922499656677246","3.4922499656677246"
"2489","26.0736026763916","26.0736026763916","26.0736026763916","8.990764617919922","8.990764617919922","8.990764617919922","3.3057289123535156","3.3057289123535156","3.3057289123535156"
"2519","24.991989135742188","24.991989135742188","24.991989135742188","7.986382961273193","7.986382961273193","7.986382961273193","3.3639140129089355","3.3639140129089355","3.3639140129089355"
"2549","24.8685302734375","24.8685302734375","24.8685302734375","8.882818222045898","8.882818222045898","8.882818222045898","3.153337240219116","3.153337240219116","3.153337240219116"
"2579","28.621700286865234","28.621700286865234","28.621700286865234","32.68909454345703","32.68909454345703","32.68909454345703","3.248569965362549","3.248569965362549","3.248569965362549"
"2609","23.85409164428711","23.85409164428711","23.85409164428711","8.002680778503418","8.002680778503418","8.002680778503418","3.213721752166748","3.213721752166748","3.213721752166748"
"2639","22.31526756286621","22.31526756286621","22.31526756286621","5.20410680770874","5.20410680770874","5.20410680770874","3.21097469329834","3.21097469329834","3.21097469329834"
"2669","21.763553619384766","21.763553619384766","21.763553619384766","7.838519096374512","7.838519096374512","7.838519096374512","3.316976308822632","3.316976308822632","3.316976308822632"
"2699","24.556509017944336","24.556509017944336","24.556509017944336","9.388163566589355","9.388163566589355","9.388163566589355","3.2374229431152344","3.2374229431152344","3.2374229431152344"
"2729","24.56224822998047","24.56224822998047","24.56224822998047","9.90434455871582","9.90434455871582","9.90434455871582","3.271770477294922","3.271770477294922","3.271770477294922"
"2759","20.018474578857422","20.018474578857422","20.018474578857422","6.726792335510254","6.726792335510254","6.726792335510254","3.2951345443725586","3.2951345443725586","3.2951345443725586"
"2789","22.380050659179688","22.380050659179688","22.380050659179688","6.398246765136719","6.398246765136719","6.398246765136719","3.4153032302856445","3.4153032302856445","3.4153032302856445"
"2819","22.308406829833984","22.308406829833984","22.308406829833984","7.071043968200684","7.071043968200684","7.071043968200684","3.1613616943359375","3.1613616943359375","3.1613616943359375"
"2849","22.212533950805664","22.212533950805664","22.212533950805664","9.083966255187988","9.083966255187988","9.083966255187988","3.2404558658599854","3.2404558658599854","3.2404558658599854"
"2879","24.922502517700195","24.922502517700195","24.922502517700195","31.208499908447266","31.208499908447266","31.208499908447266","2.9556825160980225","2.9556825160980225","2.9556825160980225"
"2909","21.3809757232666","21.3809757232666","21.3809757232666","6.21073579788208","6.21073579788208","6.21073579788208","2.950023651123047","2.950023651123047","2.950023651123047"
"2939","14.80682373046875","14.80682373046875","14.80682373046875","4.88894510269165","4.88894510269165","4.88894510269165","2.974294900894165","2.974294900894165","2.974294900894165"
"2969","26.63372039794922","26.63372039794922","26.63372039794922","31.226234436035156","31.226234436035156","31.226234436035156","2.977539539337158","2.977539539337158","2.977539539337158"
"2999","15.238041877746582","15.238041877746582","15.238041877746582","4.775824546813965","4.775824546813965","4.775824546813965","2.734659433364868","2.734659433364868","2.734659433364868"
"3029","28.4366455078125","28.4366455078125","28.4366455078125","33.46503829956055","33.46503829956055","33.46503829956055","3.0073840618133545","3.0073840618133545","3.0073840618133545"
"3059","20.491655349731445","20.491655349731445","20.491655349731445","7.077517986297607","7.077517986297607","7.077517986297607","2.8749709129333496","2.8749709129333496","2.8749709129333496"
"3089","14.055686950683594","14.055686950683594","14.055686950683594","5.196040630340576","5.196040630340576","5.196040630340576","2.809627056121826","2.809627056121826","2.809627056121826"
"3119","17.633007049560547","17.633007049560547","17.633007049560547","6.337174415588379","6.337174415588379","6.337174415588379","2.85124135017395","2.85124135017395","2.85124135017395"
"3149","11.639970779418945","11.639970779418945","11.639970779418945","4.599001884460449","4.599001884460449","4.599001884460449","2.732059955596924","2.732059955596924","2.732059955596924"
"3179","13.386391639709473","13.386391639709473","13.386391639709473","5.125566482543945","5.125566482543945","5.125566482543945","2.788907051086426","2.788907051086426","2.788907051086426"
"3209","19.21253204345703","19.21253204345703","19.21253204345703","7.274580955505371","7.274580955505371","7.274580955505371","2.7977678775787354","2.7977678775787354","2.7977678775787354"
"3239","16.569122314453125","16.569122314453125","16.569122314453125","6.283102989196777","6.283102989196777","6.283102989196777","3.0119645595550537","3.0119645595550537","3.0119645595550537"
"3269","18.639978408813477","18.639978408813477","18.639978408813477","6.508026123046875","6.508026123046875","6.508026123046875","2.800816535949707","2.800816535949707","2.800816535949707"
"3299","16.552324295043945","16.552324295043945","16.552324295043945","6.1769700050354","6.1769700050354","6.1769700050354","2.9676854610443115","2.9676854610443115","2.9676854610443115"
"3329","20.227153778076172","20.227153778076172","20.227153778076172","6.491910457611084","6.491910457611084","6.491910457611084","2.7403194904327393","2.7403194904327393","2.7403194904327393"
"3359","17.086894989013672","17.086894989013672","17.086894989013672","5.491751194000244","5.491751194000244","5.491751194000244","2.713144540786743","2.713144540786743","2.713144540786743"
"3389","8.13618278503418","8.13618278503418","8.13618278503418","4.088749885559082","4.088749885559082","4.088749885559082","2.697016477584839","2.697016477584839","2.697016477584839"
"3419","16.66378402709961","16.66378402709961","16.66378402709961","5.33525276184082","5.33525276184082","5.33525276184082","2.7160983085632324","2.7160983085632324","2.7160983085632324"
"3449","12.58713150024414","12.58713150024414","12.58713150024414","5.091707229614258","5.091707229614258","5.091707229614258","2.964513063430786","2.964513063430786","2.964513063430786"
"3479","14.894423484802246","14.894423484802246","14.894423484802246","5.853446006774902","5.853446006774902","5.853446006774902","2.9172377586364746","2.9172377586364746","2.9172377586364746"
"3509","21.652145385742188","21.652145385742188","21.652145385742188","28.122743606567383","28.122743606567383","28.122743606567383","2.709765672683716","2.709765672683716","2.709765672683716"
"3539","16.89067840576172","16.89067840576172","16.89067840576172","6.160416126251221","6.160416126251221","6.160416126251221","2.586987257003784","2.586987257003784","2.586987257003784"
"3569","17.18269157409668","17.18269157409668","17.18269157409668","4.790503025054932","4.790503025054932","4.790503025054932","2.611091136932373","2.611091136932373","2.611091136932373"
"3599","14.23205280303955","14.23205280303955","14.23205280303955","4.427638530731201","4.427638530731201","4.427638530731201","2.6382603645324707","2.6382603645324707","2.6382603645324707"
"3629","7.538053035736084","7.538053035736084","7.538053035736084","4.030906677246094","4.030906677246094","4.030906677246094","2.80733585357666","2.80733585357666","2.80733585357666"
"3659","20.522768020629883","20.522768020629883","20.522768020629883","27.839691162109375","27.839691162109375","27.839691162109375","2.5064709186553955","2.5064709186553955","2.5064709186553955"
"3689","4.222365856170654","4.222365856170654","4.222365856170654","3.060018301010132","3.060018301010132","3.060018301010132","2.4647467136383057","2.4647467136383057","2.4647467136383057"
"3719","9.661799430847168","9.661799430847168","9.661799430847168","4.201446056365967","4.201446056365967","4.201446056365967","2.6239709854125977","2.6239709854125977","2.6239709854125977"
"3749","4.747452735900879","4.747452735900879","4.747452735900879","3.429918050765991","3.429918050765991","3.429918050765991","2.671085834503174","2.671085834503174","2.671085834503174"
"3779","11.141097068786621","11.141097068786621","11.141097068786621","4.258942604064941","4.258942604064941","4.258942604064941","2.5525708198547363","2.5525708198547363","2.5525708198547363"
"3809","11.73969554901123","11.73969554901123","11.73969554901123","5.1274824142456055","5.1274824142456055","5.1274824142456055","2.6638829708099365","2.6638829708099365","2.6638829708099365"
"3839","16.89637565612793","16.89637565612793","16.89637565612793","5.93109655380249","5.93109655380249","5.93109655380249","3.0175890922546387","3.0175890922546387","3.0175890922546387"
"3869","21.245983123779297","21.245983123779297","21.245983123779297","26.605506896972656","26.605506896972656","26.605506896972656","2.547292709350586","2.547292709350586","2.547292709350586"
"3899","14.664831161499023","14.664831161499023","14.664831161499023","5.138892650604248","5.138892650604248","5.138892650604248","2.4686288833618164","2.4686288833618164","2.4686288833618164"
"3929","6.637938022613525","6.637938022613525","6.637938022613525","3.512544870376587","3.512544870376587","3.512544870376587","2.6252293586730957","2.6252293586730957","2.6252293586730957"
"3959","8.208292007446289","8.208292007446289","8.208292007446289","3.7766058444976807","3.7766058444976807","3.7766058444976807","2.629730463027954","2.629730463027954","2.629730463027954"
"3989","9.4061279296875","9.4061279296875","9.4061279296875","4.284948825836182","4.284948825836182","4.284948825836182","2.552460193634033","2.552460193634033","2.552460193634033"
"4019","15.44286060333252","15.44286060333252","15.44286060333252","25.889041900634766","25.889041900634766","25.889041900634766","2.4556422233581543","2.4556422233581543","2.4556422233581543"
"4049","11.117773056030273","11.117773056030273","11.117773056030273","3.67887020111084","3.67887020111084","3.67887020111084","2.30069899559021","2.30069899559021","2.30069899559021"
"4079","15.99294376373291","15.99294376373291","15.99294376373291","5.398047924041748","5.398047924041748","5.398047924041748","2.6569859981536865","2.6569859981536865","2.6569859981536865"
"4109","13.774922370910645","13.774922370910645","13.774922370910645","5.2143096923828125","5.2143096923828125","5.2143096923828125","2.518522024154663","2.518522024154663","2.518522024154663"
"4139","17.805688858032227","17.805688858032227","17.805688858032227","7.840936183929443","7.840936183929443","7.840936183929443","2.645423173904419","2.645423173904419","2.645423173904419"
"4169","15.237177848815918","15.237177848815918","15.237177848815918","4.7083258628845215","4.7083258628845215","4.7083258628845215","2.402808427810669","2.402808427810669","2.402808427810669"
"4199","6.643057823181152","6.643057823181152","6.643057823181152","3.2527318000793457","3.2527318000793457","3.2527318000793457","2.277277708053589","2.277277708053589","2.277277708053589"
"4229","18.77411651611328","18.77411651611328","18.77411651611328","6.736622333526611","6.736622333526611","6.736622333526611","2.3034799098968506","2.3034799098968506","2.3034799098968506"
"4259","3.755302906036377","3.755302906036377","3.755302906036377","3.0583293437957764","3.0583293437957764","3.0583293437957764","2.389472484588623","2.389472484588623","2.389472484588623"
"4289","4.06870174407959","4.06870174407959","4.06870174407959","3.3038899898529053","3.3038899898529053","3.3038899898529053","2.5425310134887695","2.5425310134887695","2.5425310134887695"
"4319","3.8385555744171143","3.8385555744171143","3.8385555744171143","3.2251458168029785","3.2251458168029785","3.2251458168029785","2.5202627182006836","2.5202627182006836","2.5202627182006836"
"4349","3.2103657722473145","3.2103657722473145","3.2103657722473145","2.8806259632110596","2.8806259632110596","2.8806259632110596","2.2757315635681152","2.2757315635681152","2.2757315635681152"
"4379","13.933656692504883","13.933656692504883","13.933656692504883","24.963205337524414","24.963205337524414","24.963205337524414","2.515746593475342","2.515746593475342","2.515746593475342"
"4409","3.6807713508605957","3.6807713508605957","3.6807713508605957","3.0213732719421387","3.0213732719421387","3.0213732719421387","2.3004531860351562","2.3004531860351562","2.3004531860351562"
"4439","5.127109050750732","5.127109050750732","5.127109050750732","3.29129695892334","3.29129695892334","3.29129695892334","2.35563063621521","2.35563063621521","2.35563063621521"
"4469","3.6115996837615967","3.6115996837615967","3.6115996837615967","3.11576771736145","3.11576771736145","3.11576771736145","2.44163179397583","2.44163179397583","2.44163179397583"
"4499","14.643166542053223","14.643166542053223","14.643166542053223","24.33301544189453","24.33301544189453","24.33301544189453","2.2677955627441406","2.2677955627441406","2.2677955627441406"
"4529","9.81835651397705","9.81835651397705","9.81835651397705","4.203433036804199","4.203433036804199","4.203433036804199","2.407151460647583","2.407151460647583","2.407151460647583"
"4559","12.412463188171387","12.412463188171387","12.412463188171387","3.7742936611175537","3.7742936611175537","3.7742936611175537","2.343385934829712","2.343385934829712","2.343385934829712"
"4589","3.365182399749756","3.365182399749756","3.365182399749756","2.9043917655944824","2.9043917655944824","2.9043917655944824","2.2659685611724854","2.2659685611724854","2.2659685611724854"
"4619","3.4681854248046875","3.4681854248046875","3.4681854248046875","2.907843589782715","2.907843589782715","2.907843589782715","2.2231431007385254","2.2231431007385254","2.2231431007385254"
"4649","10.76641845703125","10.76641845703125","10.76641845703125","24.312143325805664","24.312143325805664","24.312143325805664","2.4114816188812256","2.4114816188812256","2.4114816188812256"
"4679","7.605595588684082","7.605595588684082","7.605595588684082","3.4373857975006104","3.4373857975006104","3.4373857975006104","2.280863046646118","2.280863046646118","2.280863046646118"
"4709","10.576888084411621","10.576888084411621","10.576888084411621","5.228731632232666","5.228731632232666","5.228731632232666","2.3467135429382324","2.3467135429382324","2.3467135429382324"
"4739","16.31593132019043","16.31593132019043","16.31593132019043","6.089216232299805","6.089216232299805","6.089216232299805","2.3656234741210938","2.3656234741210938","2.3656234741210938"
"4769","11.809282302856445","11.809282302856445","11.809282302856445","5.654974460601807","5.654974460601807","5.654974460601807","2.2825067043304443","2.2825067043304443","2.2825067043304443"
"4799","11.240710258483887","11.240710258483887","11.240710258483887","4.9615092277526855","4.9615092277526855","4.9615092277526855","2.3670766353607178","2.3670766353607178","2.3670766353607178"
"4829","6.107700824737549","6.107700824737549","6.107700824737549","3.559288263320923","3.559288263320923","3.559288263320923","2.2212111949920654","2.2212111949920654","2.2212111949920654"
"4859","3.4363341331481934","3.4363341331481934","3.4363341331481934","3.133305788040161","3.133305788040161","3.133305788040161","2.333117723464966","2.333117723464966","2.333117723464966"
"4889","3.2000226974487305","3.2000226974487305","3.2000226974487305","2.8155009746551514","2.8155009746551514","2.8155009746551514","2.2400002479553223","2.2400002479553223","2.2400002479553223"
"4919","11.080353736877441","11.080353736877441","11.080353736877441","22.632352828979492","22.632352828979492","22.632352828979492","2.228879690170288","2.228879690170288","2.228879690170288"
"4949","3.0731475353240967","3.0731475353240967","3.0731475353240967","2.761817455291748","2.761817455291748","2.761817455291748","2.0595452785491943","2.0595452785491943","2.0595452785491943"
"4979","2.9671545028686523","2.9671545028686523","2.9671545028686523","2.7158331871032715","2.7158331871032715","2.7158331871032715","2.068254232406616","2.068254232406616","2.068254232406616"
"5009","3.184404134750366","3.184404134750366","3.184404134750366","2.975978374481201","2.975978374481201","2.975978374481201","2.215547800064087","2.215547800064087","2.215547800064087"
"5039","3.208322048187256","3.208322048187256","3.208322048187256","3.031925678253174","3.031925678253174","3.031925678253174","2.297856092453003","2.297856092453003","2.297856092453003"
"5069","3.0121288299560547","3.0121288299560547","3.0121288299560547","2.7156941890716553","2.7156941890716553","2.7156941890716553","2.0687255859375","2.0687255859375","2.0687255859375"
"5099","3.257267951965332","3.257267951965332","3.257267951965332","2.9615907669067383","2.9615907669067383","2.9615907669067383","2.275181531906128","2.275181531906128","2.275181531906128"
"5129","3.0407214164733887","3.0407214164733887","3.0407214164733887","2.838430166244507","2.838430166244507","2.838430166244507","2.1030383110046387","2.1030383110046387","2.1030383110046387"
"5159","17.144493103027344","17.144493103027344","17.144493103027344","6.402281284332275","6.402281284332275","6.402281284332275","2.309264898300171","2.309264898300171","2.309264898300171"
"5189","3.26987361907959","3.26987361907959","3.26987361907959","2.955188274383545","2.955188274383545","2.955188274383545","2.286308765411377","2.286308765411377","2.286308765411377"
"5219","8.365833282470703","8.365833282470703","8.365833282470703","21.656234741210938","21.656234741210938","21.656234741210938","2.0372512340545654","2.0372512340545654","2.0372512340545654"
"5249","2.9772515296936035","2.9772515296936035","2.9772515296936035","2.822101354598999","2.822101354598999","2.822101354598999","2.1123526096343994","2.1123526096343994","2.1123526096343994"
"5279","7.926527500152588","7.926527500152588","7.926527500152588","21.077978134155273","21.077978134155273","21.077978134155273","1.9610934257507324","1.9610934257507324","1.9610934257507324"
"5309","7.983048915863037","7.983048915863037","7.983048915863037","21.158260345458984","21.158260345458984","21.158260345458984","2.1197776794433594","2.1197776794433594","2.1197776794433594"
"5339","8.097444534301758","8.097444534301758","8.097444534301758","21.410367965698242","21.410367965698242","21.410367965698242","2.230534553527832","2.230534553527832","2.230534553527832"
"5369","10.748430252075195","10.748430252075195","10.748430252075195","3.852018356323242","3.852018356323242","3.852018356323242","2.1480069160461426","2.1480069160461426","2.1480069160461426"
"5399","3.0838842391967773","3.0838842391967773","3.0838842391967773","2.858262300491333","2.858262300491333","2.858262300491333","2.0840961933135986","2.0840961933135986","2.0840961933135986"
"5429","2.924474000930786","2.924474000930786","2.924474000930786","2.7312045097351074","2.7312045097351074","2.7312045097351074","2.044268846511841","2.044268846511841","2.044268846511841"
"5459","7.780510902404785","7.780510902404785","7.780510902404785","20.746986389160156","20.746986389160156","20.746986389160156","2.1107726097106934","2.1107726097106934","2.1107726097106934"
"5489","3.0099284648895264","3.0099284648895264","3.0099284648895264","2.8586113452911377","2.8586113452911377","2.8586113452911377","2.1476941108703613","2.1476941108703613","2.1476941108703613"
"5519","3.2166388034820557","3.2166388034820557","3.2166388034820557","2.9569499492645264","2.9569499492645264","2.9569499492645264","2.17246413230896","2.17246413230896","2.17246413230896"
"5549","2.8570635318756104","2.8570635318756104","2.8570635318756104","2.7422196865081787","2.7422196865081787","2.7422196865081787","1.9896191358566284","1.9896191358566284","1.9896191358566284"
"5579","9.493487358093262","9.493487358093262","9.493487358093262","4.085516452789307","4.085516452789307","4.085516452789307","1.999253511428833","1.999253511428833","1.999253511428833"
"5609","7.451138973236084","7.451138973236084","7.451138973236084","20.240795135498047","20.240795135498047","20.240795135498047","2.083726167678833","2.083726167678833","2.083726167678833"
"5639","2.9241414070129395","2.9241414070129395","2.9241414070129395","2.8700618743896484","2.8700618743896484","2.8700618743896484","2.0769057273864746","2.0769057273864746","2.0769057273864746"
"5669","2.7924952507019043","2.7924952507019043","2.7924952507019043","2.7177751064300537","2.7177751064300537","2.7177751064300537","2.045499324798584","2.045499324798584","2.045499324798584"
"5699","7.216310977935791","7.216310977935791","7.216310977935791","3.193448305130005","3.193448305130005","3.193448305130005","2.0141513347625732","2.0141513347625732","2.0141513347625732"
"5729","2.6758816242218018","2.6758816242218018","2.6758816242218018","2.718045711517334","2.718045711517334","2.718045711517334","1.967608094215393","1.967608094215393","1.967608094215393"
"5759","2.788452625274658","2.788452625274658","2.788452625274658","2.800100564956665","2.800100564956665","2.800100564956665","2.065078020095825","2.065078020095825","2.065078020095825"
"5789","2.799177408218384","2.799177408218384","2.799177408218384","2.664858102798462","2.664858102798462","2.664858102798462","1.9171183109283447","1.9171183109283447","1.9171183109283447"
"5819","2.6779990196228027","2.6779990196228027","2.6779990196228027","2.8578076362609863","2.8578076362609863","2.8578076362609863","2.0599966049194336","2.0599966049194336","2.0599966049194336"
"5849","2.6311869621276855","2.6311869621276855","2.6311869621276855","2.5934436321258545","2.5934436321258545","2.5934436321258545","1.8920223712921143","1.8920223712921143","1.8920223712921143"
"5879","2.8043270111083984","2.8043270111083984","2.8043270111083984","2.8222789764404297","2.8222789764404297","2.8222789764404297","2.0952861309051514","2.0952861309051514","2.0952861309051514"
"5909","2.813748359680176","2.813748359680176","2.813748359680176","2.8861119747161865","2.8861119747161865","2.8861119747161865","2.1388700008392334","2.1388700008392334","2.1388700008392334"
"5939","13.117562294006348","13.117562294006348","13.117562294006348","3.826603651046753","3.826603651046753","3.826603651046753","1.8600552082061768","1.8600552082061768","1.8600552082061768"
"5969","2.665459632873535","2.665459632873535","2.665459632873535","2.509523630142212","2.509523630142212","2.509523630142212","1.8048924207687378","1.8048924207687378","1.8048924207687378"
"5999","2.669464588165283","2.669464588165283","2.669464588165283","2.7484865188598633","2.7484865188598633","2.7484865188598633","1.969288945198059","1.969288945198059","1.969288945198059"
"6029","2.5731279850006104","2.5731279850006104","2.5731279850006104","2.6248106956481934","2.6248106956481934","2.6248106956481934","1.9577449560165405","1.9577449560165405","1.9577449560165405"
"6059","11.430472373962402","11.430472373962402","11.430472373962402","4.778916358947754","4.778916358947754","4.778916358947754","2.018292188644409","2.018292188644409","2.018292188644409"
"6089","2.560851573944092","2.560851573944092","2.560851573944092","2.5974068641662598","2.5974068641662598","2.5974068641662598","1.8912805318832397","1.8912805318832397","1.8912805318832397"
"6119","6.623594760894775","6.623594760894775","6.623594760894775","19.070295333862305","19.070295333862305","19.070295333862305","1.9344621896743774","1.9344621896743774","1.9344621896743774"
"6149","2.7241601943969727","2.7241601943969727","2.7241601943969727","2.7728166580200195","2.7728166580200195","2.7728166580200195","1.9134695529937744","1.9134695529937744","1.9134695529937744"
"6179","2.6099395751953125","2.6099395751953125","2.6099395751953125","2.840571641921997","2.840571641921997","2.840571641921997","2.081052541732788","2.081052541732788","2.081052541732788"
"6209","13.224651336669922","13.224651336669922","13.224651336669922","5.433892726898193","5.433892726898193","5.433892726898193","2.012089729309082","2.012089729309082","2.012089729309082"
"6239","2.577455759048462","2.577455759048462","2.577455759048462","2.7168493270874023","2.7168493270874023","2.7168493270874023","1.9490923881530762","1.9490923881530762","1.9490923881530762"
"6269","2.5950429439544678","2.5950429439544678","2.5950429439544678","2.7085869312286377","2.7085869312286377","2.7085869312286377","1.873929738998413","1.873929738998413","1.873929738998413"
"6299","2.668027400970459","2.668027400970459","2.668027400970459","2.572972297668457","2.572972297668457","2.572972297668457","1.8329397439956665","1.8329397439956665","1.8329397439956665"
"6329","11.61112117767334","11.61112117767334","11.61112117767334","4.022432327270508","4.022432327270508","4.022432327270508","1.868025302886963","1.868025302886963","1.868025302886963"
"6359","6.21317720413208","6.21317720413208","6.21317720413208","18.427631378173828","18.427631378173828","18.427631378173828","1.7520173788070679","1.7520173788070679","1.7520173788070679"
"6389","2.514777183532715","2.514777183532715","2.514777183532715","2.691936492919922","2.691936492919922","2.691936492919922","1.8602052927017212","1.8602052927017212","1.8602052927017212"
"6419","2.4395575523376465","2.4395575523376465","2.4395575523376465","2.6169466972351074","2.6169466972351074","2.6169466972351074","1.7841509580612183","1.7841509580612183","1.7841509580612183"
"6449","2.5045833587646484","2.5045833587646484","2.5045833587646484","2.68441104888916","2.68441104888916","2.68441104888916","1.8862162828445435","1.8862162828445435","1.8862162828445435"
"6479","2.8094146251678467","2.8094146251678467","2.8094146251678467","3.0199456214904785","3.0199456214904785","3.0199456214904785","2.1302402019500732","2.1302402019500732","2.1302402019500732"
"6509","10.033320426940918","10.033320426940918","10.033320426940918","4.111952304840088","4.111952304840088","4.111952304840088","1.8617624044418335","1.8617624044418335","1.8617624044418335"
"6539","2.4885776042938232","2.4885776042938232","2.4885776042938232","2.5171377658843994","2.5171377658843994","2.5171377658843994","1.7824898958206177","1.7824898958206177","1.7824898958206177"
"6569","2.5161571502685547","2.5161571502685547","2.5161571502685547","2.5845439434051514","2.5845439434051514","2.5845439434051514","1.7983051538467407","1.7983051538467407","1.7983051538467407"
"6599","2.5415921211242676","2.5415921211242676","2.5415921211242676","2.6318163871765137","2.6318163871765137","2.6318163871765137","1.865358591079712","1.865358591079712","1.865358591079712"
"6629","2.591540575027466","2.591540575027466","2.591540575027466","2.7323238849639893","2.7323238849639893","2.7323238849639893","1.884830117225647","1.884830117225647","1.884830117225647"
"6659","14.25444221496582","14.25444221496582","14.25444221496582","4.696783542633057","4.696783542633057","4.696783542633057","1.743406057357788","1.743406057357788","1.743406057357788"
"6689","2.399260997772217","2.399260997772217","2.399260997772217","2.7154977321624756","2.7154977321624756","2.7154977321624756","1.9112548828125","1.9112548828125","1.9112548828125"
"6719","2.506547212600708","2.506547212600708","2.506547212600708","2.721776008605957","2.721776008605957","2.721776008605957","1.8194857835769653","1.8194857835769653","1.8194857835769653"
"6749","10.747005462646484","10.747005462646484","10.747005462646484","3.713679313659668","3.713679313659668","3.713679313659668","1.8953734636306763","1.8953734636306763","1.8953734636306763"
"6779","13.622053146362305","13.622053146362305","13.622053146362305","6.4948015213012695","6.4948015213012695","6.4948015213012695","1.8449630737304688","1.8449630737304688","1.8449630737304688"
"6809","2.39418625831604","2.39418625831604","2.39418625831604","2.556004524230957","2.556004524230957","2.556004524230957","1.8054730892181396","1.8054730892181396","1.8054730892181396"
"6839","8.928462982177734","8.928462982177734","8.928462982177734","3.2093112468719482","3.2093112468719482","3.2093112468719482","1.7577641010284424","1.7577641010284424","1.7577641010284424"
"6869","2.4774513244628906","2.4774513244628906","2.4774513244628906","2.6990013122558594","2.6990013122558594","2.6990013122558594","1.8444515466690063","1.8444515466690063","1.8444515466690063"
"6899","6.453958511352539","6.453958511352539","6.453958511352539","19.047576904296875","19.047576904296875","19.047576904296875","1.7835274934768677","1.7835274934768677","1.7835274934768677"
"6929","2.451838254928589","2.451838254928589","2.451838254928589","2.5712382793426514","2.5712382793426514","2.5712382793426514","1.8059420585632324","1.8059420585632324","1.8059420585632324"
"6959","2.4510855674743652","2.4510855674743652","2.4510855674743652","2.7178096771240234","2.7178096771240234","2.7178096771240234","1.9940615892410278","1.9940615892410278","1.9940615892410278"
"6989","2.4327709674835205","2.4327709674835205","2.4327709674835205","2.6875548362731934","2.6875548362731934","2.6875548362731934","1.8233875036239624","1.8233875036239624","1.8233875036239624"
"7019","2.486325979232788","2.486325979232788","2.486325979232788","2.713934898376465","2.713934898376465","2.713934898376465","1.8372808694839478","1.8372808694839478","1.8372808694839478"
"7049","10.231521606445312","10.231521606445312","10.231521606445312","3.388314723968506","3.388314723968506","3.388314723968506","1.6622213125228882","1.6622213125228882","1.6622213125228882"
"7079","2.4837188720703125","2.4837188720703125","2.4837188720703125","2.6023831367492676","2.6023831367492676","2.6023831367492676","1.742814302444458","1.742814302444458","1.742814302444458"
"7109","2.438190460205078","2.438190460205078","2.438190460205078","2.834712505340576","2.834712505340576","2.834712505340576","1.940591812133789","1.940591812133789","1.940591812133789"
"7139","2.437173366546631","2.437173366546631","2.437173366546631","2.698580503463745","2.698580503463745","2.698580503463745","1.8004755973815918","1.8004755973815918","1.8004755973815918"
"7169","2.4488413333892822","2.4488413333892822","2.4488413333892822","2.6811482906341553","2.6811482906341553","2.6811482906341553","1.873163104057312","1.873163104057312","1.873163104057312"
"7199","2.2658588886260986","2.2658588886260986","2.2658588886260986","2.6780028343200684","2.6780028343200684","2.6780028343200684","1.8513555526733398","1.8513555526733398","1.8513555526733398"
"7229","2.4415340423583984","2.4415340423583984","2.4415340423583984","2.7324023246765137","2.7324023246765137","2.7324023246765137","1.8206307888031006","1.8206307888031006","1.8206307888031006"
"7259","10.119333267211914","10.119333267211914","10.119333267211914","16.832134246826172","16.832134246826172","16.832134246826172","1.7517778873443604","1.7517778873443604","1.7517778873443604"
"7289","2.4811148643493652","2.4811148643493652","2.4811148643493652","2.635573625564575","2.635573625564575","2.635573625564575","1.7640020847320557","1.7640020847320557","1.7640020847320557"
"7319","2.3810718059539795","2.3810718059539795","2.3810718059539795","2.5112242698669434","2.5112242698669434","2.5112242698669434","1.772249460220337","1.772249460220337","1.772249460220337"
"7349","2.3663203716278076","2.3663203716278076","2.3663203716278076","2.6000730991363525","2.6000730991363525","2.6000730991363525","1.708691120147705","1.708691120147705","1.708691120147705"
"7379","2.2499454021453857","2.2499454021453857","2.2499454021453857","2.4729912281036377","2.4729912281036377","2.4729912281036377","1.6719716787338257","1.6719716787338257","1.6719716787338257"
"7409","2.3991875648498535","2.3991875648498535","2.3991875648498535","2.754354476928711","2.754354476928711","2.754354476928711","1.8826905488967896","1.8826905488967896","1.8826905488967896"
"7439","2.418970823287964","2.418970823287964","2.418970823287964","2.8355531692504883","2.8355531692504883","2.8355531692504883","1.9539273977279663","1.9539273977279663","1.9539273977279663"
"7469","5.330298900604248","5.330298900604248","5.330298900604248","15.98653793334961","15.98653793334961","15.98653793334961","1.6798336505889893","1.6798336505889893","1.6798336505889893"
"7499","2.243933916091919","2.243933916091919","2.243933916091919","2.5405595302581787","2.5405595302581787","2.5405595302581787","1.6508077383041382","1.6508077383041382","1.6508077383041382"
"7529","2.5354976654052734","2.5354976654052734","2.5354976654052734","2.978909492492676","2.978909492492676","2.978909492492676","1.9610048532485962","1.9610048532485962","1.9610048532485962"
"7559","2.3098196983337402","2.3098196983337402","2.3098196983337402","2.5965194702148438","2.5965194702148438","2.5965194702148438","1.7722715139389038","1.7722715139389038","1.7722715139389038"
"7589","2.3644964694976807","2.3644964694976807","2.3644964694976807","2.6242339611053467","2.6242339611053467","2.6242339611053467","1.7427418231964111","1.7427418231964111","1.7427418231964111"
"7619","13.09946346282959","13.09946346282959","13.09946346282959","3.6353907585144043","3.6353907585144043","3.6353907585144043","1.7334673404693604","1.7334673404693604","1.7334673404693604"
"7649","2.289323329925537","2.289323329925537","2.289323329925537","2.5350825786590576","2.5350825786590576","2.5350825786590576","1.7077291011810303","1.7077291011810303","1.7077291011810303"
"7679","2.360799551010132","2.360799551010132","2.360799551010132","2.739091157913208","2.739091157913208","2.739091157913208","1.7849334478378296","1.7849334478378296","1.7849334478378296"
"7709","2.3692336082458496","2.3692336082458496","2.3692336082458496","2.6470632553100586","2.6470632553100586","2.6470632553100586","1.7404650449752808","1.7404650449752808","1.7404650449752808"
"7739","2.339463710784912","2.339463710784912","2.339463710784912","2.6312341690063477","2.6312341690063477","2.6312341690063477","1.7054678201675415","1.7054678201675415","1.7054678201675415"
"7769","2.251676082611084","2.251676082611084","2.251676082611084","2.6060805320739746","2.6060805320739746","2.6060805320739746","1.714365839958191","1.714365839958191","1.714365839958191"
"7799","2.2218995094299316","2.2218995094299316","2.2218995094299316","2.5988917350769043","2.5988917350769043","2.5988917350769043","1.698232650756836","1.698232650756836","1.698232650756836"
"7829","5.03522253036499","5.03522253036499","5.03522253036499","15.592948913574219","15.592948913574219","15.592948913574219","1.6981258392333984","1.6981258392333984","1.6981258392333984"
"7859","2.255613327026367","2.255613327026367","2.255613327026367","2.5956532955169678","2.5956532955169678","2.5956532955169678","1.6817220449447632","1.6817220449447632","1.6817220449447632"
"7889","2.184307813644409","2.184307813644409","2.184307813644409","2.4931671619415283","2.4931671619415283","2.4931671619415283","1.6863399744033813","1.6863399744033813","1.6863399744033813"
"7919","2.2763445377349854","2.2763445377349854","2.2763445377349854","2.5665924549102783","2.5665924549102783","2.5665924549102783","1.6671525239944458","1.6671525239944458","1.6671525239944458"
"7949","2.345691442489624","2.345691442489624","2.345691442489624","2.611922025680542","2.611922025680542","2.611922025680542","1.6630467176437378","1.6630467176437378","1.6630467176437378"
"7979","2.2667970657348633","2.2667970657348633","2.2667970657348633","2.5195682048797607","2.5195682048797607","2.5195682048797607","1.6280547380447388","1.6280547380447388","1.6280547380447388"
"8009","4.883397579193115","4.883397579193115","4.883397579193115","15.15523910522461","15.15523910522461","15.15523910522461","1.5611482858657837","1.5611482858657837","1.5611482858657837"
"8039","2.1279122829437256","2.1279122829437256","2.1279122829437256","2.4842495918273926","2.4842495918273926","2.4842495918273926","1.6339516639709473","1.6339516639709473","1.6339516639709473"
"8069","2.102169990539551","2.102169990539551","2.102169990539551","2.394928455352783","2.394928455352783","2.394928455352783","1.5986180305480957","1.5986180305480957","1.5986180305480957"
"8099","2.196497678756714","2.196497678756714","2.196497678756714","2.6447763442993164","2.6447763442993164","2.6447763442993164","1.7146358489990234","1.7146358489990234","1.7146358489990234"
"8129","2.174146890640259","2.174146890640259","2.174146890640259","2.425206184387207","2.425206184387207","2.425206184387207","1.7112230062484741","1.7112230062484741","1.7112230062484741"
"8159","2.2718422412872314","2.2718422412872314","2.2718422412872314","2.6984241008758545","2.6984241008758545","2.6984241008758545","1.71956467628479","1.71956467628479","1.71956467628479"
"8189","4.84778356552124","4.84778356552124","4.84778356552124","14.886491775512695","14.886491775512695","14.886491775512695","1.680387258529663","1.680387258529663","1.680387258529663"
"8219","4.824624538421631","4.824624538421631","4.824624538421631","14.88839340209961","14.88839340209961","14.88839340209961","1.584589958190918","1.584589958190918","1.584589958190918"
"8249","2.1514337062835693","2.1514337062835693","2.1514337062835693","2.5669915676116943","2.5669915676116943","2.5669915676116943","1.6854227781295776","1.6854227781295776","1.6854227781295776"
"8279","2.1487627029418945","2.1487627029418945","2.1487627029418945","2.4504666328430176","2.4504666328430176","2.4504666328430176","1.5398837327957153","1.5398837327957153","1.5398837327957153"
"8309","2.3732519149780273","2.3732519149780273","2.3732519149780273","2.648099422454834","2.648099422454834","2.648099422454834","1.6835119724273682","1.6835119724273682","1.6835119724273682"
"8339","2.189051389694214","2.189051389694214","2.189051389694214","2.4922478199005127","2.4922478199005127","2.4922478199005127","1.6110693216323853","1.6110693216323853","1.6110693216323853"
"8369","4.79248046875","4.79248046875","4.79248046875","14.686359405517578","14.686359405517578","14.686359405517578","1.6511019468307495","1.6511019468307495","1.6511019468307495"
"8399","2.19923996925354","2.19923996925354","2.19923996925354","2.526421070098877","2.526421070098877","2.526421070098877","1.6149182319641113","1.6149182319641113","1.6149182319641113"
"8429","4.641544342041016","4.641544342041016","4.641544342041016","14.64113712310791","14.64113712310791","14.64113712310791","1.6098626852035522","1.6098626852035522","1.6098626852035522"
"8459","2.0869553089141846","2.0869553089141846","2.0869553089141846","2.494904041290283","2.494904041290283","2.494904041290283","1.5832362174987793","1.5832362174987793","1.5832362174987793"
"8489","2.327935218811035","2.327935218811035","2.327935218811035","2.580507516860962","2.580507516860962","2.580507516860962","1.6502325534820557","1.6502325534820557","1.6502325534820557"
"8519","4.539154052734375","4.539154052734375","4.539154052734375","14.43560791015625","14.43560791015625","14.43560791015625","1.6237996816635132","1.6237996816635132","1.6237996816635132"
"8549","2.1122705936431885","2.1122705936431885","2.1122705936431885","2.6659631729125977","2.6659631729125977","2.6659631729125977","1.6524399518966675","1.6524399518966675","1.6524399518966675"
"8579","4.553242206573486","4.553242206573486","4.553242206573486","14.47635269165039","14.47635269165039","14.47635269165039","1.626941204071045","1.626941204071045","1.626941204071045"
"8609","2.270890474319458","2.270890474319458","2.270890474319458","2.59946608543396","2.59946608543396","2.59946608543396","1.5957618951797485","1.5957618951797485","1.5957618951797485"
"8639","2.2087478637695312","2.2087478637695312","2.2087478637695312","2.5729691982269287","2.5729691982269287","2.5729691982269287","1.5817559957504272","1.5817559957504272","1.5817559957504272"
"8669","2.2026541233062744","2.2026541233062744","2.2026541233062744","2.5343878269195557","2.5343878269195557","2.5343878269195557","1.6577749252319336","1.6577749252319336","1.6577749252319336"
"8699","2.2678139209747314","2.2678139209747314","2.2678139209747314","2.65390682220459","2.65390682220459","2.65390682220459","1.606520175933838","1.606520175933838","1.606520175933838"
"8729","2.1856753826141357","2.1856753826141357","2.1856753826141357","2.506936550140381","2.506936550140381","2.506936550140381","1.5950340032577515","1.5950340032577515","1.5950340032577515"
"8759","2.2477307319641113","2.2477307319641113","2.2477307319641113","2.6099278926849365","2.6099278926849365","2.6099278926849365","1.620289921760559","1.620289921760559","1.620289921760559"
"8789","4.942455291748047","4.942455291748047","4.942455291748047","15.723420143127441","15.723420143127441","15.723420143127441","1.5611093044281006","1.5611093044281006","1.5611093044281006"
"8819","2.163832664489746","2.163832664489746","2.163832664489746","2.4810149669647217","2.4810149669647217","2.4810149669647217","1.5787185430526733","1.5787185430526733","1.5787185430526733"
"8849","2.1268787384033203","2.1268787384033203","2.1268787384033203","2.552807331085205","2.552807331085205","2.552807331085205","1.6417481899261475","1.6417481899261475","1.6417481899261475"
"8879","2.1384499073028564","2.1384499073028564","2.1384499073028564","2.6036651134490967","2.6036651134490967","2.6036651134490967","1.5632214546203613","1.5632214546203613","1.5632214546203613"
"8909","2.119781494140625","2.119781494140625","2.119781494140625","2.5135498046875","2.5135498046875","2.5135498046875","1.5817245244979858","1.5817245244979858","1.5817245244979858"
"8939","2.0866057872772217","2.0866057872772217","2.0866057872772217","2.4497947692871094","2.4497947692871094","2.4497947692871094","1.5660914182662964","1.5660914182662964","1.5660914182662964"
"8969","2.114619016647339","2.114619016647339","2.114619016647339","2.541239023208618","2.541239023208618","2.541239023208618","1.641074299812317","1.641074299812317","1.641074299812317"
"8999","4.298303127288818","4.298303127288818","4.298303127288818","13.731773376464844","13.731773376464844","13.731773376464844","1.589428424835205","1.589428424835205","1.589428424835205"
"9029","2.081155300140381","2.081155300140381","2.081155300140381","2.4161224365234375","2.4161224365234375","2.4161224365234375","1.4518498182296753","1.4518498182296753","1.4518498182296753"
"9059","2.1605594158172607","2.1605594158172607","2.1605594158172607","2.5144424438476562","2.5144424438476562","2.5144424438476562","1.5412397384643555","1.5412397384643555","1.5412397384643555"
"9089","2.2484371662139893","2.2484371662139893","2.2484371662139893","2.673065185546875","2.673065185546875","2.673065185546875","1.717705249786377","1.717705249786377","1.717705249786377"
"9119","2.2005720138549805","2.2005720138549805","2.2005720138549805","2.663538694381714","2.663538694381714","2.663538694381714","1.6527889966964722","1.6527889966964722","1.6527889966964722"
"9149","2.058716297149658","2.058716297149658","2.058716297149658","2.5260252952575684","2.5260252952575684","2.5260252952575684","1.576769232749939","1.576769232749939","1.576769232749939"
"9179","2.0735204219818115","2.0735204219818115","2.0735204219818115","2.5346107482910156","2.5346107482910156","2.5346107482910156","1.6148509979248047","1.6148509979248047","1.6148509979248047"
"9209","4.228311061859131","4.228311061859131","4.228311061859131","13.441019058227539","13.441019058227539","13.441019058227539","1.5101912021636963","1.5101912021636963","1.5101912021636963"
"9239","2.129254102706909","2.129254102706909","2.129254102706909","2.5372705459594727","2.5372705459594727","2.5372705459594727","1.5112206935882568","1.5112206935882568","1.5112206935882568"
"9269","1.99284827709198","1.99284827709198","1.99284827709198","2.400269031524658","2.400269031524658","2.400269031524658","1.4855493307113647","1.4855493307113647","1.4855493307113647"
"9299","1.9460272789001465","1.9460272789001465","1.9460272789001465","2.3922390937805176","2.3922390937805176","2.3922390937805176","1.4662411212921143","1.4662411212921143","1.4662411212921143"
"9329","2.1485490798950195","2.1485490798950195","2.1485490798950195","2.509526014328003","2.509526014328003","2.509526014328003","1.5513943433761597","1.5513943433761597","1.5513943433761597"
"9359","2.1101291179656982","2.1101291179656982","2.1101291179656982","2.582631826400757","2.582631826400757","2.582631826400757","1.5870569944381714","1.5870569944381714","1.5870569944381714"
"9389","2.02702260017395","2.02702260017395","2.02702260017395","2.3934855461120605","2.3934855461120605","2.3934855461120605","1.510315179824829","1.510315179824829","1.510315179824829"
"9419","2.1074604988098145","2.1074604988098145","2.1074604988098145","2.483703136444092","2.483703136444092","2.483703136444092","1.5547492504119873","1.5547492504119873","1.5547492504119873"
"9449","2.0786361694335938","2.0786361694335938","2.0786361694335938","2.5254263877868652","2.5254263877868652","2.5254263877868652","1.5406146049499512","1.5406146049499512","1.5406146049499512"
"9479","2.0536999702453613","2.0536999702453613","2.0536999702453613","2.5092825889587402","2.5092825889587402","2.5092825889587402","1.5588996410369873","1.5588996410369873","1.5588996410369873"
"9509","2.066790819168091","2.066790819168091","2.066790819168091","2.452219009399414","2.452219009399414","2.452219009399414","1.511865258216858","1.511865258216858","1.511865258216858"
"9539","2.0928032398223877","2.0928032398223877","2.0928032398223877","2.5765438079833984","2.5765438079833984","2.5765438079833984","1.6059048175811768","1.6059048175811768","1.6059048175811768"
"9569","2.0248522758483887","2.0248522758483887","2.0248522758483887","2.379330635070801","2.379330635070801","2.379330635070801","1.4607524871826172","1.4607524871826172","1.4607524871826172"
"9599","2.00658917427063","2.00658917427063","2.00658917427063","2.3614511489868164","2.3614511489868164","2.3614511489868164","1.4167553186416626","1.4167553186416626","1.4167553186416626"
"9629","2.0755562782287598","2.0755562782287598","2.0755562782287598","2.4217026233673096","2.4217026233673096","2.4217026233673096","1.4679948091506958","1.4679948091506958","1.4679948091506958"
"9659","20.927223205566406","20.927223205566406","20.927223205566406","4.077943801879883","4.077943801879883","4.077943801879883","1.4257522821426392","1.4257522821426392","1.4257522821426392"
"9689","2.036210775375366","2.036210775375366","2.036210775375366","2.397294521331787","2.397294521331787","2.397294521331787","1.431915044784546","1.431915044784546","1.431915044784546"
"9719","2.0208444595336914","2.0208444595336914","2.0208444595336914","2.4539124965667725","2.4539124965667725","2.4539124965667725","1.468360424041748","1.468360424041748","1.468360424041748"
"9749","1.9039666652679443","1.9039666652679443","1.9039666652679443","2.2640013694763184","2.2640013694763184","2.2640013694763184","1.4234806299209595","1.4234806299209595","1.4234806299209595"
"9779","2.1918587684631348","2.1918587684631348","2.1918587684631348","2.557124376296997","2.557124376296997","2.557124376296997","1.5474517345428467","1.5474517345428467","1.5474517345428467"
"9809","2.0428826808929443","2.0428826808929443","2.0428826808929443","2.536231517791748","2.536231517791748","2.536231517791748","1.5014828443527222","1.5014828443527222","1.5014828443527222"
"9839","2.1352357864379883","2.1352357864379883","2.1352357864379883","2.4518814086914062","2.4518814086914062","2.4518814086914062","1.5171176195144653","1.5171176195144653","1.5171176195144653"
"9869","3.9691784381866455","3.9691784381866455","3.9691784381866455","12.65833568572998","12.65833568572998","12.65833568572998","1.485164761543274","1.485164761543274","1.485164761543274"
"9899","1.9432979822158813","1.9432979822158813","1.9432979822158813","2.3294224739074707","2.3294224739074707","2.3294224739074707","1.4443743228912354","1.4443743228912354","1.4443743228912354"
"9929","2.1108691692352295","2.1108691692352295","2.1108691692352295","2.517239570617676","2.517239570617676","2.517239570617676","1.5778849124908447","1.5778849124908447","1.5778849124908447"
"9959","2.120758056640625","2.120758056640625","2.120758056640625","2.5397207736968994","2.5397207736968994","2.5397207736968994","1.4917391538619995","1.4917391538619995","1.4917391538619995"
"9989","2.0537376403808594","2.0537376403808594","2.0537376403808594","2.5430421829223633","2.5430421829223633","2.5430421829223633","1.5553830862045288","1.5553830862045288","1.5553830862045288"
"10019","1.9580460786819458","1.9580460786819458","1.9580460786819458","2.3771228790283203","2.3771228790283203","2.3771228790283203","1.447235107421875","1.447235107421875","1.447235107421875"
"10049","2.114807605743408","2.114807605743408","2.114807605743408","2.568180799484253","2.568180799484253","2.568180799484253","1.522787094116211","1.522787094116211","1.522787094116211"
"10079","2.013721227645874","2.013721227645874","2.013721227645874","2.3704323768615723","2.3704323768615723","2.3704323768615723","1.4180597066879272","1.4180597066879272","1.4180597066879272"
"10109","2.1081955432891846","2.1081955432891846","2.1081955432891846","2.5610952377319336","2.5610952377319336","2.5610952377319336","1.4685338735580444","1.4685338735580444","1.4685338735580444"
"10139","2.0714926719665527","2.0714926719665527","2.0714926719665527","2.395738363265991","2.395738363265991","2.395738363265991","1.3930633068084717","1.3930633068084717","1.3930633068084717"
"10169","2.0408613681793213","2.0408613681793213","2.0408613681793213","2.5040571689605713","2.5040571689605713","2.5040571689605713","1.5229792594909668","1.5229792594909668","1.5229792594909668"
"10199","1.9892672300338745","1.9892672300338745","1.9892672300338745","2.311882734298706","2.311882734298706","2.311882734298706","1.4023873805999756","1.4023873805999756","1.4023873805999756"
"10229","1.9868404865264893","1.9868404865264893","1.9868404865264893","2.3818674087524414","2.3818674087524414","2.3818674087524414","1.43015456199646","1.43015456199646","1.43015456199646"
"10259","2.0522961616516113","2.0522961616516113","2.0522961616516113","2.470385789871216","2.470385789871216","2.470385789871216","1.505825161933899","1.505825161933899","1.505825161933899"
"10289","2.0880916118621826","2.0880916118621826","2.0880916118621826","2.557483196258545","2.557483196258545","2.557483196258545","1.4857436418533325","1.4857436418533325","1.4857436418533325"
"10319","2.024179697036743","2.024179697036743","2.024179697036743","2.5269007682800293","2.5269007682800293","2.5269007682800293","1.4891120195388794","1.4891120195388794","1.4891120195388794"
"10349","2.082024097442627","2.082024097442627","2.082024097442627","2.5838048458099365","2.5838048458099365","2.5838048458099365","1.566515326499939","1.566515326499939","1.566515326499939"
"10379","3.717639923095703","3.717639923095703","3.717639923095703","11.810717582702637","11.810717582702637","11.810717582702637","1.3691569566726685","1.3691569566726685","1.3691569566726685"
"10409","2.038231372833252","2.038231372833252","2.038231372833252","2.495576858520508","2.495576858520508","2.495576858520508","1.4650704860687256","1.4650704860687256","1.4650704860687256"
"10439","2.0512938499450684","2.0512938499450684","2.0512938499450684","2.5292651653289795","2.5292651653289795","2.5292651653289795","1.5898339748382568","1.5898339748382568","1.5898339748382568"
"10469","4.29246711730957","4.29246711730957","4.29246711730957","13.602954864501953","13.602954864501953","13.602954864501953","1.4879275560379028","1.4879275560379028","1.4879275560379028"
"10499","2.049314260482788","2.049314260482788","2.049314260482788","2.545522928237915","2.545522928237915","2.545522928237915","1.4938960075378418","1.4938960075378418","1.4938960075378418"
"10529","20.34932518005371","20.34932518005371","20.34932518005371","3.965733528137207","3.965733528137207","3.965733528137207","1.3531365394592285","1.3531365394592285","1.3531365394592285"
"10559","2.1097259521484375","2.1097259521484375","2.1097259521484375","2.5148725509643555","2.5148725509643555","2.5148725509643555","1.5259075164794922","1.5259075164794922","1.5259075164794922"
"10589","2.145030975341797","2.145030975341797","2.145030975341797","2.626047372817993","2.626047372817993","2.626047372817993","1.5103344917297363","1.5103344917297363","1.5103344917297363"
"10619","1.9629753828048706","1.9629753828048706","1.9629753828048706","2.395810842514038","2.395810842514038","2.395810842514038","1.3832746744155884","1.3832746744155884","1.3832746744155884"
"10649","2.0275795459747314","2.0275795459747314","2.0275795459747314","2.3775722980499268","2.3775722980499268","2.3775722980499268","1.362874150276184","1.362874150276184","1.362874150276184"
"10679","2.048588752746582","2.048588752746582","2.048588752746582","2.5618221759796143","2.5618221759796143","2.5618221759796143","1.5196996927261353","1.5196996927261353","1.5196996927261353"
"10709","3.6699330806732178","3.6699330806732178","3.6699330806732178","11.464096069335938","11.464096069335938","11.464096069335938","1.304589867591858","1.304589867591858","1.304589867591858"
"10739","1.9671950340270996","1.9671950340270996","1.9671950340270996","2.5276098251342773","2.5276098251342773","2.5276098251342773","1.488813042640686","1.488813042640686","1.488813042640686"
"10769","1.9461820125579834","1.9461820125579834","1.9461820125579834","2.411989688873291","2.411989688873291","2.411989688873291","1.4339529275894165","1.4339529275894165","1.4339529275894165"
"10799","2.09381103515625","2.09381103515625","2.09381103515625","2.5782127380371094","2.5782127380371094","2.5782127380371094","1.50713312625885","1.50713312625885","1.50713312625885"
"10829","2.022120952606201","2.022120952606201","2.022120952606201","2.5092968940734863","2.5092968940734863","2.5092968940734863","1.4059470891952515","1.4059470891952515","1.4059470891952515"
"10859","1.957729458808899","1.957729458808899","1.957729458808899","2.313810348510742","2.313810348510742","2.313810348510742","1.3286336660385132","1.3286336660385132","1.3286336660385132"
"10889","3.7291033267974854","3.7291033267974854","3.7291033267974854","11.479108810424805","11.479108810424805","11.479108810424805","1.3646228313446045","1.3646228313446045","1.3646228313446045"
"10919","3.635232448577881","3.635232448577881","3.635232448577881","11.386937141418457","11.386937141418457","11.386937141418457","1.3452318906784058","1.3452318906784058","1.3452318906784058"
"10949","2.06233286857605","2.06233286857605","2.06233286857605","2.4692800045013428","2.4692800045013428","2.4692800045013428","1.4663299322128296","1.4663299322128296","1.4663299322128296"
"10979","1.9992263317108154","1.9992263317108154","1.9992263317108154","2.430304527282715","2.430304527282715","2.430304527282715","1.399303913116455","1.399303913116455","1.399303913116455"
"11009","2.0033562183380127","2.0033562183380127","2.0033562183380127","2.446331262588501","2.446331262588501","2.446331262588501","1.4328811168670654","1.4328811168670654","1.4328811168670654"
"11039","1.9836345911026","1.9836345911026","1.9836345911026","2.4074714183807373","2.4074714183807373","2.4074714183807373","1.379504919052124","1.379504919052124","1.379504919052124"
"11069","2.044196844100952","2.044196844100952","2.044196844100952","2.5638506412506104","2.5638506412506104","2.5638506412506104","1.4978700876235962","1.4978700876235962","1.4978700876235962"
"11099","2.0164437294006348","2.0164437294006348","2.0164437294006348","2.44875431060791","2.44875431060791","2.44875431060791","1.4241267442703247","1.4241267442703247","1.4241267442703247"
"11129","1.9059886932373047","1.9059886932373047","1.9059886932373047","2.354386568069458","2.354386568069458","2.354386568069458","1.3807530403137207","1.3807530403137207","1.3807530403137207"
"11159","2.0246121883392334","2.0246121883392334","2.0246121883392334","2.512021541595459","2.512021541595459","2.512021541595459","1.4366230964660645","1.4366230964660645","1.4366230964660645"
"11189","4.014507293701172","4.014507293701172","4.014507293701172","12.70521354675293","12.70521354675293","12.70521354675293","1.3295559883117676","1.3295559883117676","1.3295559883117676"
"11219","1.951302409172058","1.951302409172058","1.951302409172058","2.2982635498046875","2.2982635498046875","2.2982635498046875","1.2937442064285278","1.2937442064285278","1.2937442064285278"
"11249","1.9915575981140137","1.9915575981140137","1.9915575981140137","2.4091238975524902","2.4091238975524902","2.4091238975524902","1.4292551279067993","1.4292551279067993","1.4292551279067993"
"11279","1.998130440711975","1.998130440711975","1.998130440711975","2.4604034423828125","2.4604034423828125","2.4604034423828125","1.4092649221420288","1.4092649221420288","1.4092649221420288"
"11309","3.627720355987549","3.627720355987549","3.627720355987549","11.3314208984375","11.3314208984375","11.3314208984375","1.4255504608154297","1.4255504608154297","1.4255504608154297"
"11339","2.1109187602996826","2.1109187602996826","2.1109187602996826","2.520932674407959","2.520932674407959","2.520932674407959","1.4336440563201904","1.4336440563201904","1.4336440563201904"
"11369","1.9180729389190674","1.9180729389190674","1.9180729389190674","2.3150711059570312","2.3150711059570312","2.3150711059570312","1.3553204536437988","1.3553204536437988","1.3553204536437988"
"11399","2.031587839126587","2.031587839126587","2.031587839126587","2.4596643447875977","2.4596643447875977","2.4596643447875977","1.4405920505523682","1.4405920505523682","1.4405920505523682"
"11429","3.535130500793457","3.535130500793457","3.535130500793457","11.117854118347168","11.117854118347168","11.117854118347168","1.3050997257232666","1.3050997257232666","1.3050997257232666"
"11459","1.9458836317062378","1.9458836317062378","1.9458836317062378","2.3895115852355957","2.3895115852355957","2.3895115852355957","1.3671119213104248","1.3671119213104248","1.3671119213104248"
"11489","2.073456287384033","2.073456287384033","2.073456287384033","2.401871919631958","2.401871919631958","2.401871919631958","1.3476409912109375","1.3476409912109375","1.3476409912109375"
"11519","1.9871455430984497","1.9871455430984497","1.9871455430984497","2.3557963371276855","2.3557963371276855","2.3557963371276855","1.3359029293060303","1.3359029293060303","1.3359029293060303"
"11549","2.0512189865112305","2.0512189865112305","2.0512189865112305","2.428265333175659","2.428265333175659","2.428265333175659","1.3935524225234985","1.3935524225234985","1.3935524225234985"
"11579","3.538792133331299","3.538792133331299","3.538792133331299","11.099909782409668","11.099909782409668","11.099909782409668","1.395141839981079","1.395141839981079","1.395141839981079"
"11609","2.003837823867798","2.003837823867798","2.003837823867798","2.415830135345459","2.415830135345459","2.415830135345459","1.3724383115768433","1.3724383115768433","1.3724383115768433"
"11639","3.5961546897888184","3.5961546897888184","3.5961546897888184","11.032289505004883","11.032289505004883","11.032289505004883","1.4439916610717773","1.4439916610717773","1.4439916610717773"
"11669","2.036036968231201","2.036036968231201","2.036036968231201","2.505048990249634","2.505048990249634","2.505048990249634","1.4371089935302734","1.4371089935302734","1.4371089935302734"
"11699","3.3459081649780273","3.3459081649780273","3.3459081649780273","10.69399642944336","10.69399642944336","10.69399642944336","1.231671690940857","1.231671690940857","1.231671690940857"
"11729","2.0901780128479004","2.0901780128479004","2.0901780128479004","2.513233184814453","2.513233184814453","2.513233184814453","1.3874797821044922","1.3874797821044922","1.3874797821044922"
"11759","2.0471129417419434","2.0471129417419434","2.0471129417419434","2.5158467292785645","2.5158467292785645","2.5158467292785645","1.3760740756988525","1.3760740756988525","1.3760740756988525"
"11789","1.9851888418197632","1.9851888418197632","1.9851888418197632","2.4514212608337402","2.4514212608337402","2.4514212608337402","1.3884713649749756","1.3884713649749756","1.3884713649749756"
"11819","1.9961953163146973","1.9961953163146973","1.9961953163146973","2.4743642807006836","2.4743642807006836","2.4743642807006836","1.347337007522583","1.347337007522583","1.347337007522583"
"11849","2.0360047817230225","2.0360047817230225","2.0360047817230225","2.4585533142089844","2.4585533142089844","2.4585533142089844","1.3526499271392822","1.3526499271392822","1.3526499271392822"
"11879","1.9355056285858154","1.9355056285858154","1.9355056285858154","2.4032018184661865","2.4032018184661865","2.4032018184661865","1.3297353982925415","1.3297353982925415","1.3297353982925415"
"11909","3.6434526443481445","3.6434526443481445","3.6434526443481445","10.94992446899414","10.94992446899414","10.94992446899414","1.4135301113128662","1.4135301113128662","1.4135301113128662"
"11939","2.0421805381774902","2.0421805381774902","2.0421805381774902","2.5048391819000244","2.5048391819000244","2.5048391819000244","1.4099093675613403","1.4099093675613403","1.4099093675613403"
"11969","1.9612066745758057","1.9612066745758057","1.9612066745758057","2.331953287124634","2.331953287124634","2.331953287124634","1.3094834089279175","1.3094834089279175","1.3094834089279175"
"11999","3.4616661071777344","3.4616661071777344","3.4616661071777344","10.609724044799805","10.609724044799805","10.609724044799805","1.2871202230453491","1.2871202230453491","1.2871202230453491"
"12029","3.551297187805176","3.551297187805176","3.551297187805176","10.745898246765137","10.745898246765137","10.745898246765137","1.3921624422073364","1.3921624422073364","1.3921624422073364"
"12059","2.0136804580688477","2.0136804580688477","2.0136804580688477","2.4384074211120605","2.4384074211120605","2.4384074211120605","1.3473200798034668","1.3473200798034668","1.3473200798034668"
"12089","1.9484816789627075","1.9484816789627075","1.9484816789627075","2.391019344329834","2.391019344329834","2.391019344329834","1.3138386011123657","1.3138386011123657","1.3138386011123657"
"12119","46.026527404785156","46.026527404785156","46.026527404785156","109.91871643066406","109.91871643066406","109.91871643066406","20.630306243896484","20.630306243896484","20.630306243896484"
"12149","1.9661009311676025","1.9661009311676025","1.9661009311676025","2.4862780570983887","2.4862780570983887","2.4862780570983887","1.4372994899749756","1.4372994899749756","1.4372994899749756"
"12179","1.938254714012146","1.938254714012146","1.938254714012146","2.3114044666290283","2.3114044666290283","2.3114044666290283","1.3182793855667114","1.3182793855667114","1.3182793855667114"
"12209","1.982418179512024","1.982418179512024","1.982418179512024","2.4343011379241943","2.4343011379241943","2.4343011379241943","1.3512853384017944","1.3512853384017944","1.3512853384017944"
"12239","2.0354182720184326","2.0354182720184326","2.0354182720184326","2.421248197555542","2.421248197555542","2.421248197555542","1.401594638824463","1.401594638824463","1.401594638824463"
"12269","2.1119534969329834","2.1119534969329834","2.1119534969329834","2.6521637439727783","2.6521637439727783","2.6521637439727783","1.4353580474853516","1.4353580474853516","1.4353580474853516"
"12299","1.9333032369613647","1.9333032369613647","1.9333032369613647","2.3387765884399414","2.3387765884399414","2.3387765884399414","1.3433128595352173","1.3433128595352173","1.3433128595352173"
"12329","1.931172490119934","1.931172490119934","1.931172490119934","2.4013845920562744","2.4013845920562744","2.4013845920562744","1.4072147607803345","1.4072147607803345","1.4072147607803345"
"12359","3.4777450561523438","3.4777450561523438","3.4777450561523438","10.488259315490723","10.488259315490723","10.488259315490723","1.3779897689819336","1.3779897689819336","1.3779897689819336"
"12389","1.9905576705932617","1.9905576705932617","1.9905576705932617","2.4792349338531494","2.4792349338531494","2.4792349338531494","1.371737003326416","1.371737003326416","1.371737003326416"
"12419","1.8982065916061401","1.8982065916061401","1.8982065916061401","2.274693250656128","2.274693250656128","2.274693250656128","1.2299929857254028","1.2299929857254028","1.2299929857254028"
"12449","3.331793785095215","3.331793785095215","3.331793785095215","10.293802261352539","10.293802261352539","10.293802261352539","1.2906140089035034","1.2906140089035034","1.2906140089035034"
"12479","3.40500545501709","3.40500545501709","3.40500545501709","10.322339057922363","10.322339057922363","10.322339057922363","1.3108307123184204","1.3108307123184204","1.3108307123184204"
"12509","3.3366572856903076","3.3366572856903076","3.3366572856903076","10.266462326049805","10.266462326049805","10.266462326049805","1.3054038286209106","1.3054038286209106","1.3054038286209106"
"12539","1.9402660131454468","1.9402660131454468","1.9402660131454468","2.2725439071655273","2.2725439071655273","2.2725439071655273","1.2295548915863037","1.2295548915863037","1.2295548915863037"
"12569","1.9478787183761597","1.9478787183761597","1.9478787183761597","2.2730727195739746","2.2730727195739746","2.2730727195739746","1.2412707805633545","1.2412707805633545","1.2412707805633545"
"12599","2.0565431118011475","2.0565431118011475","2.0565431118011475","2.587128162384033","2.587128162384033","2.587128162384033","1.4304182529449463","1.4304182529449463","1.4304182529449463"
"12629","1.925465703010559","1.925465703010559","1.925465703010559","2.354440212249756","2.354440212249756","2.354440212249756","1.2811124324798584","1.2811124324798584","1.2811124324798584"
"12659","1.946887493133545","1.946887493133545","1.946887493133545","2.32832670211792","2.32832670211792","2.32832670211792","1.3107037544250488","1.3107037544250488","1.3107037544250488"
"12689","1.9361305236816406","1.9361305236816406","1.9361305236816406","2.3047380447387695","2.3047380447387695","2.3047380447387695","1.2346256971359253","1.2346256971359253","1.2346256971359253"
"12719","2.0059001445770264","2.0059001445770264","2.0059001445770264","2.5034310817718506","2.5034310817718506","2.5034310817718506","1.4136937856674194","1.4136937856674194","1.4136937856674194"
"12749","1.9492378234863281","1.9492378234863281","1.9492378234863281","2.3804984092712402","2.3804984092712402","2.3804984092712402","1.3395217657089233","1.3395217657089233","1.3395217657089233"
"12779","1.9214881658554077","1.9214881658554077","1.9214881658554077","2.3292436599731445","2.3292436599731445","2.3292436599731445","1.3462166786193848","1.3462166786193848","1.3462166786193848"
"12809","1.964640498161316","1.964640498161316","1.964640498161316","2.3795292377471924","2.3795292377471924","2.3795292377471924","1.3119028806686401","1.3119028806686401","1.3119028806686401"
"12839","2.1724469661712646","2.1724469661712646","2.1724469661712646","2.499246835708618","2.499246835708618","2.499246835708618","1.4096676111221313","1.4096676111221313","1.4096676111221313"
"12869","2.1589953899383545","2.1589953899383545","2.1589953899383545","2.3344385623931885","2.3344385623931885","2.3344385623931885","1.3241724967956543","1.3241724967956543","1.3241724967956543"
"12899","2.1056511402130127","2.1056511402130127","2.1056511402130127","2.5116264820098877","2.5116264820098877","2.5116264820098877","1.4148921966552734","1.4148921966552734","1.4148921966552734"
"12929","1.9498960971832275","1.9498960971832275","1.9498960971832275","2.3699536323547363","2.3699536323547363","2.3699536323547363","1.286342740058899","1.286342740058899","1.286342740058899"
"12959","4.08779239654541","4.08779239654541","4.08779239654541","13.18352222442627","13.18352222442627","13.18352222442627","1.3612780570983887","1.3612780570983887","1.3612780570983887"
"12989","2.002535104751587","2.002535104751587","2.002535104751587","2.432647705078125","2.432647705078125","2.432647705078125","1.4048421382904053","1.4048421382904053","1.4048421382904053"
"13019","2.052966594696045","2.052966594696045","2.052966594696045","2.482384204864502","2.482384204864502","2.482384204864502","1.377755045890808","1.377755045890808","1.377755045890808"
"13049","1.87362539768219","1.87362539768219","1.87362539768219","2.250993251800537","2.250993251800537","2.250993251800537","1.2666988372802734","1.2666988372802734","1.2666988372802734"
"13079","2.00947642326355","2.00947642326355","2.00947642326355","2.519666910171509","2.519666910171509","2.519666910171509","1.3502318859100342","1.3502318859100342","1.3502318859100342"
"13109","1.8817315101623535","1.8817315101623535","1.8817315101623535","2.258788824081421","2.258788824081421","2.258788824081421","1.1953388452529907","1.1953388452529907","1.1953388452529907"
"13139","3.175901412963867","3.175901412963867","3.175901412963867","9.941765785217285","9.941765785217285","9.941765785217285","1.2445340156555176","1.2445340156555176","1.2445340156555176"
"13169","1.9939517974853516","1.9939517974853516","1.9939517974853516","2.4562928676605225","2.4562928676605225","2.4562928676605225","1.4086352586746216","1.4086352586746216","1.4086352586746216"
"13199","1.9576740264892578","1.9576740264892578","1.9576740264892578","2.2689332962036133","2.2689332962036133","2.2689332962036133","1.245557427406311","1.245557427406311","1.245557427406311"
"13229","1.962382435798645","1.962382435798645","1.962382435798645","2.435851573944092","2.435851573944092","2.435851573944092","1.2727978229522705","1.2727978229522705","1.2727978229522705"
"13259","2.1043319702148438","2.1043319702148438","2.1043319702148438","2.392038345336914","2.392038345336914","2.392038345336914","1.2880806922912598","1.2880806922912598","1.2880806922912598"
"13289","1.9042959213256836","1.9042959213256836","1.9042959213256836","2.305649995803833","2.305649995803833","2.305649995803833","1.2583979368209839","1.2583979368209839","1.2583979368209839"
"13319","2.1992297172546387","2.1992297172546387","2.1992297172546387","2.4138612747192383","2.4138612747192383","2.4138612747192383","1.3033992052078247","1.3033992052078247","1.3033992052078247"
"13349","2.111774206161499","2.111774206161499","2.111774206161499","2.565629243850708","2.565629243850708","2.565629243850708","1.3156359195709229","1.3156359195709229","1.3156359195709229"
"13379","1.9333823919296265","1.9333823919296265","1.9333823919296265","2.379969835281372","2.379969835281372","2.379969835281372","1.2840873003005981","1.2840873003005981","1.2840873003005981"
"13409","1.9851046800613403","1.9851046800613403","1.9851046800613403","2.491182804107666","2.491182804107666","2.491182804107666","1.3299543857574463","1.3299543857574463","1.3299543857574463"
"13439","1.9200398921966553","1.9200398921966553","1.9200398921966553","2.357187509536743","2.357187509536743","2.357187509536743","1.2962490320205688","1.2962490320205688","1.2962490320205688"
"13469","1.9249324798583984","1.9249324798583984","1.9249324798583984","2.3157739639282227","2.3157739639282227","2.3157739639282227","1.2181824445724487","1.2181824445724487","1.2181824445724487"
"13499","1.894251823425293","1.894251823425293","1.894251823425293","2.3486993312835693","2.3486993312835693","2.3486993312835693","1.2425408363342285","1.2425408363342285","1.2425408363342285"
"13529","1.9207656383514404","1.9207656383514404","1.9207656383514404","2.324815511703491","2.324815511703491","2.324815511703491","1.2520692348480225","1.2520692348480225","1.2520692348480225"
"13559","1.8787786960601807","1.8787786960601807","1.8787786960601807","2.2857916355133057","2.2857916355133057","2.2857916355133057","1.2440015077590942","1.2440015077590942","1.2440015077590942"
"13589","1.833809494972229","1.833809494972229","1.833809494972229","2.21889591217041","2.21889591217041","2.21889591217041","1.1521344184875488","1.1521344184875488","1.1521344184875488"
"13619","2.0308783054351807","2.0308783054351807","2.0308783054351807","2.2755203247070312","2.2755203247070312","2.2755203247070312","1.1762125492095947","1.1762125492095947","1.1762125492095947"
"13649","2.0827207565307617","2.0827207565307617","2.0827207565307617","2.3676884174346924","2.3676884174346924","2.3676884174346924","1.2253254652023315","1.2253254652023315","1.2253254652023315"
"13679","1.9463332891464233","1.9463332891464233","1.9463332891464233","2.295247793197632","2.295247793197632","2.295247793197632","1.249837875366211","1.249837875366211","1.249837875366211"
"13709","3.1935017108917236","3.1935017108917236","3.1935017108917236","9.625386238098145","9.625386238098145","9.625386238098145","1.211916446685791","1.211916446685791","1.211916446685791"
"13739","1.9595071077346802","1.9595071077346802","1.9595071077346802","2.338763952255249","2.338763952255249","2.338763952255249","1.2387140989303589","1.2387140989303589","1.2387140989303589"
"13769","1.9948731660842896","1.9948731660842896","1.9948731660842896","2.3724513053894043","2.3724513053894043","2.3724513053894043","1.3545598983764648","1.3545598983764648","1.3545598983764648"
"13799","1.9793777465820312","1.9793777465820312","1.9793777465820312","2.3839643001556396","2.3839643001556396","2.3839643001556396","1.3380502462387085","1.3380502462387085","1.3380502462387085"
"13829","1.903087854385376","1.903087854385376","1.903087854385376","2.354961633682251","2.354961633682251","2.354961633682251","1.3261536359786987","1.3261536359786987","1.3261536359786987"
"13859","1.8908807039260864","1.8908807039260864","1.8908807039260864","2.2861557006835938","2.2861557006835938","2.2861557006835938","1.1728276014328003","1.1728276014328003","1.1728276014328003"
"13889","1.9027903079986572","1.9027903079986572","1.9027903079986572","2.3037021160125732","2.3037021160125732","2.3037021160125732","1.2283443212509155","1.2283443212509155","1.2283443212509155"
"13919","1.9549404382705688","1.9549404382705688","1.9549404382705688","2.279514789581299","2.279514789581299","2.279514789581299","1.2454452514648438","1.2454452514648438","1.2454452514648438"
"13949","1.9650368690490723","1.9650368690490723","1.9650368690490723","2.321564197540283","2.321564197540283","2.321564197540283","1.2388041019439697","1.2388041019439697","1.2388041019439697"
"13979","1.9166314601898193","1.9166314601898193","1.9166314601898193","2.2653133869171143","2.2653133869171143","2.2653133869171143","1.2206324338912964","1.2206324338912964","1.2206324338912964"
"14009","2.0196683406829834","2.0196683406829834","2.0196683406829834","2.4663803577423096","2.4663803577423096","2.4663803577423096","1.34492027759552","1.34492027759552","1.34492027759552"
"14039","1.8785064220428467","1.8785064220428467","1.8785064220428467","2.2154135704040527","2.2154135704040527","2.2154135704040527","1.1986974477767944","1.1986974477767944","1.1986974477767944"
"14069","3.156522750854492","3.156522750854492","3.156522750854492","9.5702486038208","9.5702486038208","9.5702486038208","1.2654402256011963","1.2654402256011963","1.2654402256011963"
"14099","2.012489080429077","2.012489080429077","2.012489080429077","2.4834916591644287","2.4834916591644287","2.4834916591644287","1.383233904838562","1.383233904838562","1.383233904838562"
"14129","2.0774049758911133","2.0774049758911133","2.0774049758911133","2.4740092754364014","2.4740092754364014","2.4740092754364014","1.312398910522461","1.312398910522461","1.312398910522461"
"14159","1.9518523216247559","1.9518523216247559","1.9518523216247559","2.359534502029419","2.359534502029419","2.359534502029419","1.3390859365463257","1.3390859365463257","1.3390859365463257"
"14189","2.146709442138672","2.146709442138672","2.146709442138672","2.4435136318206787","2.4435136318206787","2.4435136318206787","1.2436978816986084","1.2436978816986084","1.2436978816986084"
"14219","1.9981387853622437","1.9981387853622437","1.9981387853622437","2.3977437019348145","2.3977437019348145","2.3977437019348145","1.300639033317566","1.300639033317566","1.300639033317566"
"14249","2.0716371536254883","2.0716371536254883","2.0716371536254883","2.4226787090301514","2.4226787090301514","2.4226787090301514","1.358623743057251","1.358623743057251","1.358623743057251"
"14279","2.099698781967163","2.099698781967163","2.099698781967163","2.49013352394104","2.49013352394104","2.49013352394104","1.3240656852722168","1.3240656852722168","1.3240656852722168"
"14309","1.9245655536651611","1.9245655536651611","1.9245655536651611","2.2771894931793213","2.2771894931793213","2.2771894931793213","1.1766613721847534","1.1766613721847534","1.1766613721847534"
"14339","1.9479931592941284","1.9479931592941284","1.9479931592941284","2.327402114868164","2.327402114868164","2.327402114868164","1.2283364534378052","1.2283364534378052","1.2283364534378052"
"14369","2.006565570831299","2.006565570831299","2.006565570831299","2.256890296936035","2.256890296936035","2.256890296936035","1.1836462020874023","1.1836462020874023","1.1836462020874023"
"14399","1.823037028312683","1.823037028312683","1.823037028312683","2.1901135444641113","2.1901135444641113","2.1901135444641113","1.1478599309921265","1.1478599309921265","1.1478599309921265"
"14429","1.9629528522491455","1.9629528522491455","1.9629528522491455","2.4110357761383057","2.4110357761383057","2.4110357761383057","1.28419029712677","1.28419029712677","1.28419029712677"
"14459","1.999708652496338","1.999708652496338","1.999708652496338","2.2508535385131836","2.2508535385131836","2.2508535385131836","1.2365543842315674","1.2365543842315674","1.2365543842315674"
"14489","1.9863643646240234","1.9863643646240234","1.9863643646240234","2.446228504180908","2.446228504180908","2.446228504180908","1.3108291625976562","1.3108291625976562","1.3108291625976562"
"14519","2.3344273567199707","2.3344273567199707","2.3344273567199707","2.555701494216919","2.555701494216919","2.555701494216919","1.3777581453323364","1.3777581453323364","1.3777581453323364"
"14549","2.001115560531616","2.001115560531616","2.001115560531616","2.498783588409424","2.498783588409424","2.498783588409424","1.2894829511642456","1.2894829511642456","1.2894829511642456"
"14579","1.9973520040512085","1.9973520040512085","1.9973520040512085","2.3548569679260254","2.3548569679260254","2.3548569679260254","1.301971673965454","1.301971673965454","1.301971673965454"
"14609","2.0893185138702393","2.0893185138702393","2.0893185138702393","2.4009790420532227","2.4009790420532227","2.4009790420532227","1.292651653289795","1.292651653289795","1.292651653289795"
"14639","1.865595817565918","1.865595817565918","1.865595817565918","2.2034912109375","2.2034912109375","2.2034912109375","1.141838550567627","1.141838550567627","1.141838550567627"
"14669","1.9827159643173218","1.9827159643173218","1.9827159643173218","2.3254029750823975","2.3254029750823975","2.3254029750823975","1.2688874006271362","1.2688874006271362","1.2688874006271362"
"14699","1.9548522233963013","1.9548522233963013","1.9548522233963013","2.315717935562134","2.315717935562134","2.315717935562134","1.2474392652511597","1.2474392652511597","1.2474392652511597"
"14729","2.114302396774292","2.114302396774292","2.114302396774292","2.577136754989624","2.577136754989624","2.577136754989624","1.3578121662139893","1.3578121662139893","1.3578121662139893"
"14759","2.009467840194702","2.009467840194702","2.009467840194702","2.32753849029541","2.32753849029541","2.32753849029541","1.2025935649871826","1.2025935649871826","1.2025935649871826"
"14789","1.8907824754714966","1.8907824754714966","1.8907824754714966","2.1981759071350098","2.1981759071350098","2.1981759071350098","1.1570388078689575","1.1570388078689575","1.1570388078689575"
"14819","1.9008960723876953","1.9008960723876953","1.9008960723876953","2.3488869667053223","2.3488869667053223","2.3488869667053223","1.2982239723205566","1.2982239723205566","1.2982239723205566"
"14849","2.1218442916870117","2.1218442916870117","2.1218442916870117","2.382983684539795","2.382983684539795","2.382983684539795","1.2890795469284058","1.2890795469284058","1.2890795469284058"
"14879","2.2275025844573975","2.2275025844573975","2.2275025844573975","2.4666037559509277","2.4666037559509277","2.4666037559509277","1.3286620378494263","1.3286620378494263","1.3286620378494263"
"14909","1.9495800733566284","1.9495800733566284","1.9495800733566284","2.3488054275512695","2.3488054275512695","2.3488054275512695","1.2566944360733032","1.2566944360733032","1.2566944360733032"
"14939","3.03066349029541","3.03066349029541","3.03066349029541","8.81124496459961","8.81124496459961","8.81124496459961","1.159267783164978","1.159267783164978","1.159267783164978"
"14969","2.0720787048339844","2.0720787048339844","2.0720787048339844","2.4012231826782227","2.4012231826782227","2.4012231826782227","1.2565702199935913","1.2565702199935913","1.2565702199935913"
"14999","1.9154648780822754","1.9154648780822754","1.9154648780822754","2.3036491870880127","2.3036491870880127","2.3036491870880127","1.2295540571212769","1.2295540571212769","1.2295540571212769"
"15029","1.9668856859207153","1.9668856859207153","1.9668856859207153","2.3996195793151855","2.3996195793151855","2.3996195793151855","1.2592060565948486","1.2592060565948486","1.2592060565948486"
"15059","1.9815423488616943","1.9815423488616943","1.9815423488616943","2.429774045944214","2.429774045944214","2.429774045944214","1.3080945014953613","1.3080945014953613","1.3080945014953613"
"15089","2.1053836345672607","2.1053836345672607","2.1053836345672607","2.699552059173584","2.699552059173584","2.699552059173584","1.3741841316223145","1.3741841316223145","1.3741841316223145"
"15119","1.9613038301467896","1.9613038301467896","1.9613038301467896","2.343872308731079","2.343872308731079","2.343872308731079","1.2032487392425537","1.2032487392425537","1.2032487392425537"
"15149","1.986267328262329","1.986267328262329","1.986267328262329","2.395984649658203","2.395984649658203","2.395984649658203","1.236794352531433","1.236794352531433","1.236794352531433"
"15179","2.0006566047668457","2.0006566047668457","2.0006566047668457","2.3959245681762695","2.3959245681762695","2.3959245681762695","1.2450944185256958","1.2450944185256958","1.2450944185256958"
"15209","1.9396499395370483","1.9396499395370483","1.9396499395370483","2.449039936065674","2.449039936065674","2.449039936065674","1.280652403831482","1.280652403831482","1.280652403831482"
"15239","1.990692377090454","1.990692377090454","1.990692377090454","2.472304105758667","2.472304105758667","2.472304105758667","1.2659491300582886","1.2659491300582886","1.2659491300582886"
"15269","1.985291600227356","1.985291600227356","1.985291600227356","2.4102675914764404","2.4102675914764404","2.4102675914764404","1.2513593435287476","1.2513593435287476","1.2513593435287476"
"15299","2.0362627506256104","2.0362627506256104","2.0362627506256104","2.3420157432556152","2.3420157432556152","2.3420157432556152","1.2467433214187622","1.2467433214187622","1.2467433214187622"
"15329","1.9077568054199219","1.9077568054199219","1.9077568054199219","2.291597366333008","2.291597366333008","2.291597366333008","1.202157974243164","1.202157974243164","1.202157974243164"
"15359","1.9107505083084106","1.9107505083084106","1.9107505083084106","2.15765643119812","2.15765643119812","2.15765643119812","1.111528992652893","1.111528992652893","1.111528992652893"
"15389","1.8719054460525513","1.8719054460525513","1.8719054460525513","2.322932004928589","2.322932004928589","2.322932004928589","1.1777198314666748","1.1777198314666748","1.1777198314666748"
"15419","1.934728980064392","1.934728980064392","1.934728980064392","2.2819113731384277","2.2819113731384277","2.2819113731384277","1.1619856357574463","1.1619856357574463","1.1619856357574463"
"15449","3.0293633937835693","3.0293633937835693","3.0293633937835693","8.700811386108398","8.700811386108398","8.700811386108398","1.211042046546936","1.211042046546936","1.211042046546936"
"15479","1.8608728647232056","1.8608728647232056","1.8608728647232056","2.276214122772217","2.276214122772217","2.276214122772217","1.1624321937561035","1.1624321937561035","1.1624321937561035"
"15509","1.8598147630691528","1.8598147630691528","1.8598147630691528","2.273261308670044","2.273261308670044","2.273261308670044","1.146885633468628","1.146885633468628","1.146885633468628"
"15539","1.8319562673568726","1.8319562673568726","1.8319562673568726","2.238917589187622","2.238917589187622","2.238917589187622","1.2038053274154663","1.2038053274154663","1.2038053274154663"
"15569","3.017191171646118","3.017191171646118","3.017191171646118","8.537549018859863","8.537549018859863","8.537549018859863","1.1702238321304321","1.1702238321304321","1.1702238321304321"
"15599","1.984777808189392","1.984777808189392","1.984777808189392","2.441159248352051","2.441159248352051","2.441159248352051","1.2674447298049927","1.2674447298049927","1.2674447298049927"
"15629","1.9687223434448242","1.9687223434448242","1.9687223434448242","2.4744157791137695","2.4744157791137695","2.4744157791137695","1.258849024772644","1.258849024772644","1.258849024772644"
"15659","1.8790825605392456","1.8790825605392456","1.8790825605392456","2.2654049396514893","2.2654049396514893","2.2654049396514893","1.190190076828003","1.190190076828003","1.190190076828003"
"15689","1.9876024723052979","1.9876024723052979","1.9876024723052979","2.427053928375244","2.427053928375244","2.427053928375244","1.27259361743927","1.27259361743927","1.27259361743927"
"15719","1.9178321361541748","1.9178321361541748","1.9178321361541748","2.3638505935668945","2.3638505935668945","2.3638505935668945","1.2212852239608765","1.2212852239608765","1.2212852239608765"
"15749","2.092837333679199","2.092837333679199","2.092837333679199","2.1800997257232666","2.1800997257232666","2.1800997257232666","1.145508050918579","1.145508050918579","1.145508050918579"
"15779","1.8710521459579468","1.8710521459579468","1.8710521459579468","2.1985433101654053","2.1985433101654053","2.1985433101654053","1.1245688199996948","1.1245688199996948","1.1245688199996948"
"15809","1.9122717380523682","1.9122717380523682","1.9122717380523682","2.304842472076416","2.304842472076416","2.304842472076416","1.1663068532943726","1.1663068532943726","1.1663068532943726"
"15839","1.8669543266296387","1.8669543266296387","1.8669543266296387","2.287170886993408","2.287170886993408","2.287170886993408","1.1241073608398438","1.1241073608398438","1.1241073608398438"
"15869","1.860569715499878","1.860569715499878","1.860569715499878","2.2389450073242188","2.2389450073242188","2.2389450073242188","1.1750926971435547","1.1750926971435547","1.1750926971435547"
"15899","2.0810964107513428","2.0810964107513428","2.0810964107513428","2.3502161502838135","2.3502161502838135","2.3502161502838135","1.1965328454971313","1.1965328454971313","1.1965328454971313"
"15929","2.94580340385437","2.94580340385437","2.94580340385437","8.471161842346191","8.471161842346191","8.471161842346191","1.1918668746948242","1.1918668746948242","1.1918668746948242"
"15959","1.932695746421814","1.932695746421814","1.932695746421814","2.3831090927124023","2.3831090927124023","2.3831090927124023","1.2012696266174316","1.2012696266174316","1.2012696266174316"
"15989","1.9721683263778687","1.9721683263778687","1.9721683263778687","2.263120174407959","2.263120174407959","2.263120174407959","1.1337511539459229","1.1337511539459229","1.1337511539459229"
"16019","1.8742061853408813","1.8742061853408813","1.8742061853408813","2.251082420349121","2.251082420349121","2.251082420349121","1.13338041305542","1.13338041305542","1.13338041305542"
"16049","1.8898884057998657","1.8898884057998657","1.8898884057998657","2.1887614727020264","2.1887614727020264","2.1887614727020264","1.1409838199615479","1.1409838199615479","1.1409838199615479"
"16079","1.9590163230895996","1.9590163230895996","1.9590163230895996","2.3986566066741943","2.3986566066741943","2.3986566066741943","1.22718346118927","1.22718346118927","1.22718346118927"
"16109","3.0472493171691895","3.0472493171691895","3.0472493171691895","8.546560287475586","8.546560287475586","8.546560287475586","1.2655190229415894","1.2655190229415894","1.2655190229415894"
"16139","1.8962111473083496","1.8962111473083496","1.8962111473083496","2.249603033065796","2.249603033065796","2.249603033065796","1.1642588376998901","1.1642588376998901","1.1642588376998901"
"16169","1.9283608198165894","1.9283608198165894","1.9283608198165894","2.3943428993225098","2.3943428993225098","2.3943428993225098","1.2150685787200928","1.2150685787200928","1.2150685787200928"
"16199","1.9803118705749512","1.9803118705749512","1.9803118705749512","2.438981533050537","2.438981533050537","2.438981533050537","1.2138537168502808","1.2138537168502808","1.2138537168502808"
"16229","2.0439064502716064","2.0439064502716064","2.0439064502716064","2.416097640991211","2.416097640991211","2.416097640991211","1.203086018562317","1.203086018562317","1.203086018562317"
"16259","2.910688638687134","2.910688638687134","2.910688638687134","8.255501747131348","8.255501747131348","8.255501747131348","1.167564868927002","1.167564868927002","1.167564868927002"
"16289","1.9232935905456543","1.9232935905456543","1.9232935905456543","2.381333827972412","2.381333827972412","2.381333827972412","1.2106730937957764","1.2106730937957764","1.2106730937957764"
"16319","1.9336963891983032","1.9336963891983032","1.9336963891983032","2.3642756938934326","2.3642756938934326","2.3642756938934326","1.213489294052124","1.213489294052124","1.213489294052124"
"16349","3.126232862472534","3.126232862472534","3.126232862472534","9.391073226928711","9.391073226928711","9.391073226928711","1.1330183744430542","1.1330183744430542","1.1330183744430542"
"16379","1.8997949361801147","1.8997949361801147","1.8997949361801147","2.251180648803711","2.251180648803711","2.251180648803711","1.1462395191192627","1.1462395191192627","1.1462395191192627"
"16409","1.9554775953292847","1.9554775953292847","1.9554775953292847","2.374387741088867","2.374387741088867","2.374387741088867","1.16483736038208","1.16483736038208","1.16483736038208"
"16439","1.8474390506744385","1.8474390506744385","1.8474390506744385","2.241201162338257","2.241201162338257","2.241201162338257","1.174360752105713","1.174360752105713","1.174360752105713"
"16469","1.976462721824646","1.976462721824646","1.976462721824646","2.3434770107269287","2.3434770107269287","2.3434770107269287","1.1828527450561523","1.1828527450561523","1.1828527450561523"
"16499","1.902574062347412","1.902574062347412","1.902574062347412","2.2642805576324463","2.2642805576324463","2.2642805576324463","1.1346484422683716","1.1346484422683716","1.1346484422683716"
"16529","1.900529384613037","1.900529384613037","1.900529384613037","2.2754909992218018","2.2754909992218018","2.2754909992218018","1.1572976112365723","1.1572976112365723","1.1572976112365723"
"16559","1.8845291137695312","1.8845291137695312","1.8845291137695312","2.23185658454895","2.23185658454895","2.23185658454895","1.1193385124206543","1.1193385124206543","1.1193385124206543"
"16589","2.029538869857788","2.029538869857788","2.029538869857788","2.501133441925049","2.501133441925049","2.501133441925049","1.2320764064788818","1.2320764064788818","1.2320764064788818"
"16619","1.9249701499938965","1.9249701499938965","1.9249701499938965","2.175266742706299","2.175266742706299","2.175266742706299","1.0899417400360107","1.0899417400360107","1.0899417400360107"
"16649","1.9027460813522339","1.9027460813522339","1.9027460813522339","2.319913387298584","2.319913387298584","2.319913387298584","1.1438978910446167","1.1438978910446167","1.1438978910446167"
"16679","2.900282621383667","2.900282621383667","2.900282621383667","8.061810493469238","8.061810493469238","8.061810493469238","1.174993872642517","1.174993872642517","1.174993872642517"
"16709","1.9094386100769043","1.9094386100769043","1.9094386100769043","2.263792037963867","2.263792037963867","2.263792037963867","1.1258753538131714","1.1258753538131714","1.1258753538131714"
"16739","1.912730097770691","1.912730097770691","1.912730097770691","2.2967991828918457","2.2967991828918457","2.2967991828918457","1.220317006111145","1.220317006111145","1.220317006111145"
"16769","1.9868927001953125","1.9868927001953125","1.9868927001953125","2.3941667079925537","2.3941667079925537","2.3941667079925537","1.2198811769485474","1.2198811769485474","1.2198811769485474"
"16799","1.8006420135498047","1.8006420135498047","1.8006420135498047","2.153596878051758","2.153596878051758","2.153596878051758","1.052646279335022","1.052646279335022","1.052646279335022"
"16829","1.9170328378677368","1.9170328378677368","1.9170328378677368","2.2298126220703125","2.2298126220703125","2.2298126220703125","1.1246798038482666","1.1246798038482666","1.1246798038482666"
"16859","1.8973084688186646","1.8973084688186646","1.8973084688186646","2.268397569656372","2.268397569656372","2.268397569656372","1.123679518699646","1.123679518699646","1.123679518699646"
"16889","3.3916516304016113","3.3916516304016113","3.3916516304016113","10.251025199890137","10.251025199890137","10.251025199890137","1.1745383739471436","1.1745383739471436","1.1745383739471436"
"16919","2.825974464416504","2.825974464416504","2.825974464416504","7.792089462280273","7.792089462280273","7.792089462280273","1.1011899709701538","1.1011899709701538","1.1011899709701538"
"16949","1.8863024711608887","1.8863024711608887","1.8863024711608887","2.2929012775421143","2.2929012775421143","2.2929012775421143","1.1819348335266113","1.1819348335266113","1.1819348335266113"
"16979","1.8553502559661865","1.8553502559661865","1.8553502559661865","2.2575857639312744","2.2575857639312744","2.2575857639312744","1.1039927005767822","1.1039927005767822","1.1039927005767822"
"17009","1.9430707693099976","1.9430707693099976","1.9430707693099976","2.288539171218872","2.288539171218872","2.288539171218872","1.140188217163086","1.140188217163086","1.140188217163086"
"17039","1.8966748714447021","1.8966748714447021","1.8966748714447021","2.2965869903564453","2.2965869903564453","2.2965869903564453","1.1518419981002808","1.1518419981002808","1.1518419981002808"
"17069","1.8705068826675415","1.8705068826675415","1.8705068826675415","2.1870174407958984","2.1870174407958984","2.1870174407958984","1.082517147064209","1.082517147064209","1.082517147064209"
"17099","1.9070712327957153","1.9070712327957153","1.9070712327957153","2.259089708328247","2.259089708328247","2.259089708328247","1.1337352991104126","1.1337352991104126","1.1337352991104126"
"17129","1.78756582736969","1.78756582736969","1.78756582736969","2.119256019592285","2.119256019592285","2.119256019592285","1.075124740600586","1.075124740600586","1.075124740600586"
"17159","2.014805316925049","2.014805316925049","2.014805316925049","2.44779896736145","2.44779896736145","2.44779896736145","1.2453029155731201","1.2453029155731201","1.2453029155731201"
"17189","1.8681148290634155","1.8681148290634155","1.8681148290634155","2.1907544136047363","2.1907544136047363","2.1907544136047363","1.0728662014007568","1.0728662014007568","1.0728662014007568"
"17219","1.8261507749557495","1.8261507749557495","1.8261507749557495","2.1329658031463623","2.1329658031463623","2.1329658031463623","1.04487144947052","1.04487144947052","1.04487144947052"
"17249","1.8284951448440552","1.8284951448440552","1.8284951448440552","2.243138074874878","2.243138074874878","2.243138074874878","1.1123695373535156","1.1123695373535156","1.1123695373535156"
"17279","1.8507399559020996","1.8507399559020996","1.8507399559020996","2.206855058670044","2.206855058670044","2.206855058670044","1.0670698881149292","1.0670698881149292","1.0670698881149292"
"17309","1.8307507038116455","1.8307507038116455","1.8307507038116455","2.213738203048706","2.213738203048706","2.213738203048706","1.0863304138183594","1.0863304138183594","1.0863304138183594"
"17339","1.8249261379241943","1.8249261379241943","1.8249261379241943","2.188891887664795","2.188891887664795","2.188891887664795","1.1171740293502808","1.1171740293502808","1.1171740293502808"
"17369","1.8869946002960205","1.8869946002960205","1.8869946002960205","2.364647150039673","2.364647150039673","2.364647150039673","1.1969704627990723","1.1969704627990723","1.1969704627990723"
"17399","1.991724967956543","1.991724967956543","1.991724967956543","2.3395516872406006","2.3395516872406006","2.3395516872406006","1.1738201379776","1.1738201379776","1.1738201379776"
"17429","2.7859771251678467","2.7859771251678467","2.7859771251678467","7.760018348693848","7.760018348693848","7.760018348693848","1.146997332572937","1.146997332572937","1.146997332572937"
"17459","1.8740005493164062","1.8740005493164062","1.8740005493164062","2.250627040863037","2.250627040863037","2.250627040863037","1.140120029449463","1.140120029449463","1.140120029449463"
"17489","2.9287021160125732","2.9287021160125732","2.9287021160125732","7.8044023513793945","7.8044023513793945","7.8044023513793945","1.1333200931549072","1.1333200931549072","1.1333200931549072"
"17519","2.0273988246917725","2.0273988246917725","2.0273988246917725","2.4544754028320312","2.4544754028320312","2.4544754028320312","1.2569700479507446","1.2569700479507446","1.2569700479507446"
"17549","1.9553889036178589","1.9553889036178589","1.9553889036178589","2.293818235397339","2.293818235397339","2.293818235397339","1.1329115629196167","1.1329115629196167","1.1329115629196167"
"17579","1.945742130279541","1.945742130279541","1.945742130279541","2.3441967964172363","2.3441967964172363","2.3441967964172363","1.161624550819397","1.161624550819397","1.161624550819397"
"17609","1.8858883380889893","1.8858883380889893","1.8858883380889893","2.1702115535736084","2.1702115535736084","2.1702115535736084","1.0607280731201172","1.0607280731201172","1.0607280731201172"
"17639","1.8011982440948486","1.8011982440948486","1.8011982440948486","2.1426496505737305","2.1426496505737305","2.1426496505737305","1.0394164323806763","1.0394164323806763","1.0394164323806763"
"17669","2.052568197250366","2.052568197250366","2.052568197250366","2.2554028034210205","2.2554028034210205","2.2554028034210205","1.1641846895217896","1.1641846895217896","1.1641846895217896"
"17699","1.9621511697769165","1.9621511697769165","1.9621511697769165","2.131211280822754","2.131211280822754","2.131211280822754","1.0317633152008057","1.0317633152008057","1.0317633152008057"
"17729","1.8922911882400513","1.8922911882400513","1.8922911882400513","2.208953857421875","2.208953857421875","2.208953857421875","1.0752129554748535","1.0752129554748535","1.0752129554748535"
"17759","1.9854655265808105","1.9854655265808105","1.9854655265808105","2.355104684829712","2.355104684829712","2.355104684829712","1.129819631576538","1.129819631576538","1.129819631576538"
"17789","1.9424962997436523","1.9424962997436523","1.9424962997436523","2.258863687515259","2.258863687515259","2.258863687515259","1.0631415843963623","1.0631415843963623","1.0631415843963623"
"17819","2.0078396797180176","2.0078396797180176","2.0078396797180176","2.3291800022125244","2.3291800022125244","2.3291800022125244","1.1035537719726562","1.1035537719726562","1.1035537719726562"
"17849","2.0638439655303955","2.0638439655303955","2.0638439655303955","2.422727584838867","2.422727584838867","2.422727584838867","1.1909879446029663","1.1909879446029663","1.1909879446029663"
"17879","1.8830770254135132","1.8830770254135132","1.8830770254135132","2.1804709434509277","2.1804709434509277","2.1804709434509277","1.0995820760726929","1.0995820760726929","1.0995820760726929"
"17909","2.735776901245117","2.735776901245117","2.735776901245117","7.405017375946045","7.405017375946045","7.405017375946045","1.026857852935791","1.026857852935791","1.026857852935791"
"17939","1.9714772701263428","1.9714772701263428","1.9714772701263428","2.311753273010254","2.311753273010254","2.311753273010254","1.123203992843628","1.123203992843628","1.123203992843628"
"17969","1.8850599527359009","1.8850599527359009","1.8850599527359009","2.2373037338256836","2.2373037338256836","2.2373037338256836","1.1255759000778198","1.1255759000778198","1.1255759000778198"
"17999","2.8011553287506104","2.8011553287506104","2.8011553287506104","7.513741493225098","7.513741493225098","7.513741493225098","1.0552937984466553","1.0552937984466553","1.0552937984466553"
"18029","1.905930995941162","1.905930995941162","1.905930995941162","2.3332250118255615","2.3332250118255615","2.3332250118255615","1.1207575798034668","1.1207575798034668","1.1207575798034668"
"18059","1.8265529870986938","1.8265529870986938","1.8265529870986938","2.09724760055542","2.09724760055542","2.09724760055542","1.022861123085022","1.022861123085022","1.022861123085022"
"18089","1.9008746147155762","1.9008746147155762","1.9008746147155762","2.2214174270629883","2.2214174270629883","2.2214174270629883","1.0966591835021973","1.0966591835021973","1.0966591835021973"
"18119","1.8893179893493652","1.8893179893493652","1.8893179893493652","2.287229061126709","2.287229061126709","2.287229061126709","1.1097220182418823","1.1097220182418823","1.1097220182418823"
"18149","1.9251797199249268","1.9251797199249268","1.9251797199249268","2.2795767784118652","2.2795767784118652","2.2795767784118652","1.1307817697525024","1.1307817697525024","1.1307817697525024"
"18179","1.9210128784179688","1.9210128784179688","1.9210128784179688","2.259690284729004","2.259690284729004","2.259690284729004","1.073326826095581","1.073326826095581","1.073326826095581"
"18209","2.969208240509033","2.969208240509033","2.969208240509033","8.538970947265625","8.538970947265625","8.538970947265625","1.0721887350082397","1.0721887350082397","1.0721887350082397"
"18239","1.9127352237701416","1.9127352237701416","1.9127352237701416","2.2638635635375977","2.2638635635375977","2.2638635635375977","1.0705420970916748","1.0705420970916748","1.0705420970916748"
"18269","1.9023760557174683","1.9023760557174683","1.9023760557174683","2.1323883533477783","2.1323883533477783","2.1323883533477783","1.0085456371307373","1.0085456371307373","1.0085456371307373"
"18299","2.799630641937256","2.799630641937256","2.799630641937256","7.517626762390137","7.517626762390137","7.517626762390137","1.1331230401992798","1.1331230401992798","1.1331230401992798"
"18329","1.967403769493103","1.967403769493103","1.967403769493103","2.3170166015625","2.3170166015625","2.3170166015625","1.1250568628311157","1.1250568628311157","1.1250568628311157"
"18359","2.8570492267608643","2.8570492267608643","2.8570492267608643","7.539358139038086","7.539358139038086","7.539358139038086","1.1711784601211548","1.1711784601211548","1.1711784601211548"
"18389","1.9510339498519897","1.9510339498519897","1.9510339498519897","2.277468204498291","2.277468204498291","2.277468204498291","1.1691784858703613","1.1691784858703613","1.1691784858703613"
"18419","1.9683562517166138","1.9683562517166138","1.9683562517166138","2.3053324222564697","2.3053324222564697","2.3053324222564697","1.1442725658416748","1.1442725658416748","1.1442725658416748"
"18449","1.905395746231079","1.905395746231079","1.905395746231079","2.2443623542785645","2.2443623542785645","2.2443623542785645","1.0664870738983154","1.0664870738983154","1.0664870738983154"
"18479","1.9548933506011963","1.9548933506011963","1.9548933506011963","2.3546338081359863","2.3546338081359863","2.3546338081359863","1.0941506624221802","1.0941506624221802","1.0941506624221802"
"18509","1.9469274282455444","1.9469274282455444","1.9469274282455444","2.2737104892730713","2.2737104892730713","2.2737104892730713","1.144850730895996","1.144850730895996","1.144850730895996"
"18539","1.9428380727767944","1.9428380727767944","1.9428380727767944","2.299727201461792","2.299727201461792","2.299727201461792","1.0923510789871216","1.0923510789871216","1.0923510789871216"
"18569","1.8916023969650269","1.8916023969650269","1.8916023969650269","2.212374210357666","2.212374210357666","2.212374210357666","1.081189513206482","1.081189513206482","1.081189513206482"
"18599","1.9406479597091675","1.9406479597091675","1.9406479597091675","2.34442138671875","2.34442138671875","2.34442138671875","1.0873420238494873","1.0873420238494873","1.0873420238494873"
"18629","1.91372811794281","1.91372811794281","1.91372811794281","2.343292236328125","2.343292236328125","2.343292236328125","1.1398030519485474","1.1398030519485474","1.1398030519485474"
"18659","2.912903308868408","2.912903308868408","2.912903308868408","7.567549228668213","7.567549228668213","7.567549228668213","1.1781787872314453","1.1781787872314453","1.1781787872314453"
"18689","1.9351485967636108","1.9351485967636108","1.9351485967636108","2.2779622077941895","2.2779622077941895","2.2779622077941895","1.0888633728027344","1.0888633728027344","1.0888633728027344"
"18719","1.937766671180725","1.937766671180725","1.937766671180725","2.3004262447357178","2.3004262447357178","2.3004262447357178","1.0640275478363037","1.0640275478363037","1.0640275478363037"
"18749","1.8865714073181152","1.8865714073181152","1.8865714073181152","2.242600917816162","2.242600917816162","2.242600917816162","1.11603844165802","1.11603844165802","1.11603844165802"
"18779","2.799443006515503","2.799443006515503","2.799443006515503","7.385708332061768","7.385708332061768","7.385708332061768","1.0391405820846558","1.0391405820846558","1.0391405820846558"
"18809","1.9830785989761353","1.9830785989761353","1.9830785989761353","2.3319923877716064","2.3319923877716064","2.3319923877716064","1.1183865070343018","1.1183865070343018","1.1183865070343018"
"18839","2.865473508834839","2.865473508834839","2.865473508834839","7.327234745025635","7.327234745025635","7.327234745025635","1.089351773262024","1.089351773262024","1.089351773262024"
"18869","1.848270058631897","1.848270058631897","1.848270058631897","2.1413919925689697","2.1413919925689697","2.1413919925689697","1.0385245084762573","1.0385245084762573","1.0385245084762573"
"18899","1.9111270904541016","1.9111270904541016","1.9111270904541016","2.2488348484039307","2.2488348484039307","2.2488348484039307","1.0850802659988403","1.0850802659988403","1.0850802659988403"
"18929","2.7341248989105225","2.7341248989105225","2.7341248989105225","7.369805335998535","7.369805335998535","7.369805335998535","1.1238209009170532","1.1238209009170532","1.1238209009170532"
"18959","1.9101922512054443","1.9101922512054443","1.9101922512054443","2.2054905891418457","2.2054905891418457","2.2054905891418457","1.106631875038147","1.106631875038147","1.106631875038147"
"18989","1.9207112789154053","1.9207112789154053","1.9207112789154053","2.2530300617218018","2.2530300617218018","2.2530300617218018","1.0427157878875732","1.0427157878875732","1.0427157878875732"
"19019","2.028169631958008","2.028169631958008","2.028169631958008","2.261502504348755","2.261502504348755","2.261502504348755","1.0915725231170654","1.0915725231170654","1.0915725231170654"
"19049","1.879690170288086","1.879690170288086","1.879690170288086","2.222827672958374","2.222827672958374","2.222827672958374","1.0103086233139038","1.0103086233139038","1.0103086233139038"
"19079","1.8779184818267822","1.8779184818267822","1.8779184818267822","2.196885585784912","2.196885585784912","2.196885585784912","1.069609522819519","1.069609522819519","1.069609522819519"
"19109","2.7779572010040283","2.7779572010040283","2.7779572010040283","7.359406471252441","7.359406471252441","7.359406471252441","1.081001877784729","1.081001877784729","1.081001877784729"
"19139","1.8766438961029053","1.8766438961029053","1.8766438961029053","2.2768423557281494","2.2768423557281494","2.2768423557281494","1.0413240194320679","1.0413240194320679","1.0413240194320679"
"19169","1.9007989168167114","1.9007989168167114","1.9007989168167114","2.2136282920837402","2.2136282920837402","2.2136282920837402","1.0678075551986694","1.0678075551986694","1.0678075551986694"
"19199","1.8290094137191772","1.8290094137191772","1.8290094137191772","2.15059232711792","2.15059232711792","2.15059232711792","1.026480793952942","1.026480793952942","1.026480793952942"
"19229","1.8598639965057373","1.8598639965057373","1.8598639965057373","2.137356758117676","2.137356758117676","2.137356758117676","1.0138624906539917","1.0138624906539917","1.0138624906539917"
"19259","1.9344518184661865","1.9344518184661865","1.9344518184661865","2.287045478820801","2.287045478820801","2.287045478820801","1.0998214483261108","1.0998214483261108","1.0998214483261108"
"19289","1.9059542417526245","1.9059542417526245","1.9059542417526245","2.134599447250366","2.134599447250366","2.134599447250366","1.0617244243621826","1.0617244243621826","1.0617244243621826"
"19319","1.8441475629806519","1.8441475629806519","1.8441475629806519","2.1624574661254883","2.1624574661254883","2.1624574661254883","1.0487786531448364","1.0487786531448364","1.0487786531448364"
"19349","1.824182391166687","1.824182391166687","1.824182391166687","2.29004168510437","2.29004168510437","2.29004168510437","1.1029003858566284","1.1029003858566284","1.1029003858566284"
"19379","1.9277886152267456","1.9277886152267456","1.9277886152267456","2.381864547729492","2.381864547729492","2.381864547729492","1.1547105312347412","1.1547105312347412","1.1547105312347412"
"19409","1.9486783742904663","1.9486783742904663","1.9486783742904663","2.402855157852173","2.402855157852173","2.402855157852173","1.1538923978805542","1.1538923978805542","1.1538923978805542"
"19439","1.8952922821044922","1.8952922821044922","1.8952922821044922","2.265671491622925","2.265671491622925","2.265671491622925","1.0957883596420288","1.0957883596420288","1.0957883596420288"
"19469","1.9215830564498901","1.9215830564498901","1.9215830564498901","2.206768274307251","2.206768274307251","2.206768274307251","1.0539737939834595","1.0539737939834595","1.0539737939834595"
"19499","1.8925930261611938","1.8925930261611938","1.8925930261611938","2.23179292678833","2.23179292678833","2.23179292678833","1.0843309164047241","1.0843309164047241","1.0843309164047241"
"19529","1.7946431636810303","1.7946431636810303","1.7946431636810303","2.0889885425567627","2.0889885425567627","2.0889885425567627","0.9804685711860657","0.9804685711860657","0.9804685711860657"
"19559","1.8736202716827393","1.8736202716827393","1.8736202716827393","2.2629387378692627","2.2629387378692627","2.2629387378692627","1.086821436882019","1.086821436882019","1.086821436882019"
"19589","2.0418474674224854","2.0418474674224854","2.0418474674224854","2.395627737045288","2.395627737045288","2.395627737045288","1.1703294515609741","1.1703294515609741","1.1703294515609741"
"19619","1.8470338582992554","1.8470338582992554","1.8470338582992554","2.297360897064209","2.297360897064209","2.297360897064209","1.073573112487793","1.073573112487793","1.073573112487793"
"19649","1.9305790662765503","1.9305790662765503","1.9305790662765503","2.2409257888793945","2.2409257888793945","2.2409257888793945","1.0793148279190063","1.0793148279190063","1.0793148279190063"
"19679","1.8132646083831787","1.8132646083831787","1.8132646083831787","2.085890531539917","2.085890531539917","2.085890531539917","0.9486674070358276","0.9486674070358276","0.9486674070358276"
"19709","2.730458974838257","2.730458974838257","2.730458974838257","7.077364921569824","7.077364921569824","7.077364921569824","1.0807466506958008","1.0807466506958008","1.0807466506958008"
"19739","1.884447693824768","1.884447693824768","1.884447693824768","2.2395503520965576","2.2395503520965576","2.2395503520965576","1.0451054573059082","1.0451054573059082","1.0451054573059082"
"19769","1.8059370517730713","1.8059370517730713","1.8059370517730713","2.1148290634155273","2.1148290634155273","2.1148290634155273","1.0014268159866333","1.0014268159866333","1.0014268159866333"
"19799","1.7919384241104126","1.7919384241104126","1.7919384241104126","2.128640651702881","2.128640651702881","2.128640651702881","1.0457067489624023","1.0457067489624023","1.0457067489624023"
"19829","2.786735773086548","2.786735773086548","2.786735773086548","7.201687335968018","7.201687335968018","7.201687335968018","1.1224617958068848","1.1224617958068848","1.1224617958068848"
"19859","1.9092047214508057","1.9092047214508057","1.9092047214508057","2.248288154602051","2.248288154602051","2.248288154602051","1.0195232629776","1.0195232629776","1.0195232629776"
"19889","1.823015809059143","1.823015809059143","1.823015809059143","2.1435742378234863","2.1435742378234863","2.1435742378234863","1.0671043395996094","1.0671043395996094","1.0671043395996094"
"19919","2.7544734477996826","2.7544734477996826","2.7544734477996826","7.218811988830566","7.218811988830566","7.218811988830566","1.0218902826309204","1.0218902826309204","1.0218902826309204"
"19949","1.8480699062347412","1.8480699062347412","1.8480699062347412","2.1672616004943848","2.1672616004943848","2.1672616004943848","1.0732934474945068","1.0732934474945068","1.0732934474945068"
"19979","1.9117273092269897","1.9117273092269897","1.9117273092269897","2.194952964782715","2.194952964782715","2.194952964782715","1.0358141660690308","1.0358141660690308","1.0358141660690308"