"Step","layer_10_hook_resid_mid_gpt2_gated_fisher_false_project_TheStackJava - losses/mse_loss","layer_10_hook_resid_mid_gpt2_gated_fisher_false_project_TheStackJava - losses/mse_loss__MIN","layer_10_hook_resid_mid_gpt2_gated_fisher_false_project_TheStackJava - losses/mse_loss__MAX","layer_5_hook_resid_mid_gpt2_gated_fisher_false_project_TheStackJava - losses/mse_loss","layer_5_hook_resid_mid_gpt2_gated_fisher_false_project_TheStackJava - losses/mse_loss__MIN","layer_5_hook_resid_mid_gpt2_gated_fisher_false_project_TheStackJava - losses/mse_loss__MAX","layer_0_hook_resid_mid_gpt2_gated_fisher_false_project_TheStackJava - losses/mse_loss","layer_0_hook_resid_mid_gpt2_gated_fisher_false_project_TheStackJava - losses/mse_loss__MIN","layer_0_hook_resid_mid_gpt2_gated_fisher_false_project_TheStackJava - losses/mse_loss__MAX","layer_10_hook_resid_mid_gpt2_gated_fisher_true_project_TheStackJava - losses/mse_loss","layer_10_hook_resid_mid_gpt2_gated_fisher_true_project_TheStackJava - losses/mse_loss__MIN","layer_10_hook_resid_mid_gpt2_gated_fisher_true_project_TheStackJava - losses/mse_loss__MAX","layer_5_hook_resid_mid_gpt2_gated_fisher_true_project_TheStackJava - losses/mse_loss","layer_5_hook_resid_mid_gpt2_gated_fisher_true_project_TheStackJava - losses/mse_loss__MIN","layer_5_hook_resid_mid_gpt2_gated_fisher_true_project_TheStackJava - losses/mse_loss__MAX","layer_0_hook_resid_mid_gpt2_gated_fisher_true_project_TheStackJava - losses/mse_loss","layer_0_hook_resid_mid_gpt2_gated_fisher_true_project_TheStackJava - losses/mse_loss__MIN","layer_0_hook_resid_mid_gpt2_gated_fisher_true_project_TheStackJava - losses/mse_loss__MAX"
"29","10404.0380859375","10404.0380859375","10404.0380859375","2534.529296875","2534.529296875","2534.529296875","596.0088500976562","596.0088500976562","596.0088500976562","10402.302734375","10402.302734375","10402.302734375","2533.862060546875","2533.862060546875","2533.862060546875","610.3399047851562","610.3399047851562","610.3399047851562"
"59","6877.8935546875","6877.8935546875","6877.8935546875","1772.22802734375","1772.22802734375","1772.22802734375","242.39407348632812","242.39407348632812","242.39407348632812","6873.982421875","6873.982421875","6873.982421875","1771.0224609375","1771.0224609375","1771.0224609375","262.1139221191406","262.1139221191406","262.1139221191406"
"89","5150.05419921875","5150.05419921875","5150.05419921875","1367.97119140625","1367.97119140625","1367.97119140625","128.50491333007812","128.50491333007812","128.50491333007812","5146.8544921875","5146.8544921875","5146.8544921875","1366.4771728515625","1366.4771728515625","1366.4771728515625","132.35267639160156","132.35267639160156","132.35267639160156"
"119","4517.46826171875","4517.46826171875","4517.46826171875","1133.14453125","1133.14453125","1133.14453125","101.06233215332031","101.06233215332031","101.06233215332031","4514.87744140625","4514.87744140625","4514.87744140625","1131.6082763671875","1131.6082763671875","1131.6082763671875","102.60749053955078","102.60749053955078","102.60749053955078"
"149","45045.28515625","45045.28515625","45045.28515625","35758.58984375","35758.58984375","35758.58984375","92.87246704101562","92.87246704101562","92.87246704101562","45040.09375","45040.09375","45040.09375","35747.328125","35747.328125","35747.328125","93.97001647949219","93.97001647949219","93.97001647949219"
"179","37603.92578125","37603.92578125","37603.92578125","28680.1015625","28680.1015625","28680.1015625","93.76847076416016","93.76847076416016","93.76847076416016","37598.3125","37598.3125","37598.3125","28666.841796875","28666.841796875","28666.841796875","93.58455657958984","93.58455657958984","93.58455657958984"
"209","3388.177001953125","3388.177001953125","3388.177001953125","838.7051391601562","838.7051391601562","838.7051391601562","74.08837127685547","74.08837127685547","74.08837127685547","3386.875244140625","3386.875244140625","3386.875244140625","837.9624633789062","837.9624633789062","837.9624633789062","73.51410675048828","73.51410675048828","73.51410675048828"
"239","3522.614501953125","3522.614501953125","3522.614501953125","888.3663330078125","888.3663330078125","888.3663330078125","73.13613891601562","73.13613891601562","73.13613891601562","3521.22607421875","3521.22607421875","3521.22607421875","887.2901611328125","887.2901611328125","887.2901611328125","71.97394561767578","71.97394561767578","71.97394561767578"
"269","3244.532958984375","3244.532958984375","3244.532958984375","813.5787353515625","813.5787353515625","813.5787353515625","70.8524169921875","70.8524169921875","70.8524169921875","3243.36376953125","3243.36376953125","3243.36376953125","812.6509399414062","812.6509399414062","812.6509399414062","69.24703216552734","69.24703216552734","69.24703216552734"
"299","3670.6875","3670.6875","3670.6875","978.2947998046875","978.2947998046875","978.2947998046875","82.63811492919922","82.63811492919922","82.63811492919922","3669.78564453125","3669.78564453125","3669.78564453125","977.4288940429688","977.4288940429688","977.4288940429688","80.37845611572266","80.37845611572266","80.37845611572266"
"329","1256.712646484375","1256.712646484375","1256.712646484375","346.6516418457031","346.6516418457031","346.6516418457031","50.218475341796875","50.218475341796875","50.218475341796875","1256.8065185546875","1256.8065185546875","1256.8065185546875","346.42626953125","346.42626953125","346.42626953125","48.88021469116211","48.88021469116211","48.88021469116211"
"359","1768.325439453125","1768.325439453125","1768.325439453125","517.1398315429688","517.1398315429688","517.1398315429688","55.54576110839844","55.54576110839844","55.54576110839844","1768.990234375","1768.990234375","1768.990234375","516.7583618164062","516.7583618164062","516.7583618164062","53.47193145751953","53.47193145751953","53.47193145751953"
"389","1596.595947265625","1596.595947265625","1596.595947265625","464.3246765136719","464.3246765136719","464.3246765136719","57.97434616088867","57.97434616088867","57.97434616088867","1597.5618896484375","1597.5618896484375","1597.5618896484375","464.23077392578125","464.23077392578125","464.23077392578125","55.991615295410156","55.991615295410156","55.991615295410156"
"419","1447.601806640625","1447.601806640625","1447.601806640625","425.3648376464844","425.3648376464844","425.3648376464844","53.66164779663086","53.66164779663086","53.66164779663086","1448.434814453125","1448.434814453125","1448.434814453125","425.240234375","425.240234375","425.240234375","51.96015930175781","51.96015930175781","51.96015930175781"
"449","1429.5123291015625","1429.5123291015625","1429.5123291015625","428.31451416015625","428.31451416015625","428.31451416015625","47.288368225097656","47.288368225097656","47.288368225097656","1430.447509765625","1430.447509765625","1430.447509765625","428.091552734375","428.091552734375","428.091552734375","45.499481201171875","45.499481201171875","45.499481201171875"
"479","1539.8209228515625","1539.8209228515625","1539.8209228515625","454.8309326171875","454.8309326171875","454.8309326171875","49.59795379638672","49.59795379638672","49.59795379638672","1540.533447265625","1540.533447265625","1540.533447265625","454.546875","454.546875","454.546875","47.76649475097656","47.76649475097656","47.76649475097656"
"509","1571.6258544921875","1571.6258544921875","1571.6258544921875","466.3592834472656","466.3592834472656","466.3592834472656","51.757713317871094","51.757713317871094","51.757713317871094","1572.7449951171875","1572.7449951171875","1572.7449951171875","466.21038818359375","466.21038818359375","466.21038818359375","49.70025634765625","49.70025634765625","49.70025634765625"
"539","1537.8900146484375","1537.8900146484375","1537.8900146484375","497.32073974609375","497.32073974609375","497.32073974609375","45.63882827758789","45.63882827758789","45.63882827758789","1538.8533935546875","1538.8533935546875","1538.8533935546875","496.7610168457031","496.7610168457031","496.7610168457031","43.43682098388672","43.43682098388672","43.43682098388672"
"569","1625.8756103515625","1625.8756103515625","1625.8756103515625","422.51513671875","422.51513671875","422.51513671875","41.91416931152344","41.91416931152344","41.91416931152344","1626.7943115234375","1626.7943115234375","1626.7943115234375","422.23583984375","422.23583984375","422.23583984375","39.9221076965332","39.9221076965332","39.9221076965332"
"599","1283.637451171875","1283.637451171875","1283.637451171875","377.8758544921875","377.8758544921875","377.8758544921875","47.65978240966797","47.65978240966797","47.65978240966797","1284.629638671875","1284.629638671875","1284.629638671875","377.798828125","377.798828125","377.798828125","45.26169967651367","45.26169967651367","45.26169967651367"
"629","1116.5523681640625","1116.5523681640625","1116.5523681640625","300.8497009277344","300.8497009277344","300.8497009277344","36.79894256591797","36.79894256591797","36.79894256591797","1116.9991455078125","1116.9991455078125","1116.9991455078125","300.65533447265625","300.65533447265625","300.65533447265625","34.98348617553711","34.98348617553711","34.98348617553711"
"659","1051.121826171875","1051.121826171875","1051.121826171875","299.3758239746094","299.3758239746094","299.3758239746094","39.70331954956055","39.70331954956055","39.70331954956055","1051.8782958984375","1051.8782958984375","1051.8782958984375","299.1537170410156","299.1537170410156","299.1537170410156","37.881500244140625","37.881500244140625","37.881500244140625"
"689","1109.2159423828125","1109.2159423828125","1109.2159423828125","333.2325439453125","333.2325439453125","333.2325439453125","40.22667694091797","40.22667694091797","40.22667694091797","1109.4267578125","1109.4267578125","1109.4267578125","332.6053161621094","332.6053161621094","332.6053161621094","38.39585876464844","38.39585876464844","38.39585876464844"
"719","1003.4835205078125","1003.4835205078125","1003.4835205078125","325.6268615722656","325.6268615722656","325.6268615722656","38.319339752197266","38.319339752197266","38.319339752197266","1004.0743408203125","1004.0743408203125","1004.0743408203125","325.4632873535156","325.4632873535156","325.4632873535156","36.586830139160156","36.586830139160156","36.586830139160156"
"749","1324.068115234375","1324.068115234375","1324.068115234375","381.3288269042969","381.3288269042969","381.3288269042969","42.23854446411133","42.23854446411133","42.23854446411133","1325.08935546875","1325.08935546875","1325.08935546875","381.25592041015625","381.25592041015625","381.25592041015625","40.51103973388672","40.51103973388672","40.51103973388672"
"779","999.2844848632812","999.2844848632812","999.2844848632812","296.34930419921875","296.34930419921875","296.34930419921875","36.35016632080078","36.35016632080078","36.35016632080078","999.8993530273438","999.8993530273438","999.8993530273438","296.12158203125","296.12158203125","296.12158203125","34.39930725097656","34.39930725097656","34.39930725097656"
"809","1465.222412109375","1465.222412109375","1465.222412109375","656.9937133789062","656.9937133789062","656.9937133789062","38.44041442871094","38.44041442871094","38.44041442871094","1464.699462890625","1464.699462890625","1464.699462890625","660.9469604492188","660.9469604492188","660.9469604492188","36.220802307128906","36.220802307128906","36.220802307128906"
"839","1099.8660888671875","1099.8660888671875","1099.8660888671875","349.6742858886719","349.6742858886719","349.6742858886719","40.36808395385742","40.36808395385742","40.36808395385742","1100.9466552734375","1100.9466552734375","1100.9466552734375","349.6039733886719","349.6039733886719","349.6039733886719","38.10105895996094","38.10105895996094","38.10105895996094"
"869","1399.2818603515625","1399.2818603515625","1399.2818603515625","432.36248779296875","432.36248779296875","432.36248779296875","36.67074203491211","36.67074203491211","36.67074203491211","1398.5201416015625","1398.5201416015625","1398.5201416015625","431.9300231933594","431.9300231933594","431.9300231933594","34.89744186401367","34.89744186401367","34.89744186401367"
"899","1140.3006591796875","1140.3006591796875","1140.3006591796875","331.7337951660156","331.7337951660156","331.7337951660156","40.812705993652344","40.812705993652344","40.812705993652344","1141.04541015625","1141.04541015625","1141.04541015625","331.51080322265625","331.51080322265625","331.51080322265625","38.64513397216797","38.64513397216797","38.64513397216797"
"929","1102.9158935546875","1102.9158935546875","1102.9158935546875","358.72100830078125","358.72100830078125","358.72100830078125","41.00405502319336","41.00405502319336","41.00405502319336","1103.9483642578125","1103.9483642578125","1103.9483642578125","358.5113220214844","358.5113220214844","358.5113220214844","38.80475616455078","38.80475616455078","38.80475616455078"
"959","1151.223388671875","1151.223388671875","1151.223388671875","379.4696350097656","379.4696350097656","379.4696350097656","40.24272537231445","40.24272537231445","40.24272537231445","1152.0225830078125","1152.0225830078125","1152.0225830078125","379.20526123046875","379.20526123046875","379.20526123046875","38.42029571533203","38.42029571533203","38.42029571533203"
"989","571.749755859375","571.749755859375","571.749755859375","184.2831268310547","184.2831268310547","184.2831268310547","36.13501739501953","36.13501739501953","36.13501739501953","572.7545776367188","572.7545776367188","572.7545776367188","184.22686767578125","184.22686767578125","184.22686767578125","34.35468292236328","34.35468292236328","34.35468292236328"
"1019","1151.13134765625","1151.13134765625","1151.13134765625","401.5610046386719","401.5610046386719","401.5610046386719","33.329524993896484","33.329524993896484","33.329524993896484","1140.829833984375","1140.829833984375","1140.829833984375","394.9513244628906","394.9513244628906","394.9513244628906","31.922216415405273","31.922216415405273","31.922216415405273"
"1049","683.9506225585938","683.9506225585938","683.9506225585938","236.86502075195312","236.86502075195312","236.86502075195312","36.25236892700195","36.25236892700195","36.25236892700195","685.00146484375","685.00146484375","685.00146484375","236.9561309814453","236.9561309814453","236.9561309814453","34.51120376586914","34.51120376586914","34.51120376586914"
"1079","447.35455322265625","447.35455322265625","447.35455322265625","158.84019470214844","158.84019470214844","158.84019470214844","30.792762756347656","30.792762756347656","30.792762756347656","447.9417724609375","447.9417724609375","447.9417724609375","158.78692626953125","158.78692626953125","158.78692626953125","29.359222412109375","29.359222412109375","29.359222412109375"
"1109","838.6168823242188","838.6168823242188","838.6168823242188","237.49806213378906","237.49806213378906","237.49806213378906","31.760507583618164","31.760507583618164","31.760507583618164","837.8217163085938","837.8217163085938","837.8217163085938","237.209228515625","237.209228515625","237.209228515625","30.173307418823242","30.173307418823242","30.173307418823242"
"1139","625.4476928710938","625.4476928710938","625.4476928710938","204.667236328125","204.667236328125","204.667236328125","30.587053298950195","30.587053298950195","30.587053298950195","625.915771484375","625.915771484375","625.915771484375","204.5506134033203","204.5506134033203","204.5506134033203","29.23455047607422","29.23455047607422","29.23455047607422"
"1169","673.9768676757812","673.9768676757812","673.9768676757812","212.69639587402344","212.69639587402344","212.69639587402344","32.60354232788086","32.60354232788086","32.60354232788086","674.6170654296875","674.6170654296875","674.6170654296875","212.60153198242188","212.60153198242188","212.60153198242188","31.230321884155273","31.230321884155273","31.230321884155273"
"1199","755.8497314453125","755.8497314453125","755.8497314453125","231.63206481933594","231.63206481933594","231.63206481933594","31.148693084716797","31.148693084716797","31.148693084716797","756.926025390625","756.926025390625","756.926025390625","231.65675354003906","231.65675354003906","231.65675354003906","29.711252212524414","29.711252212524414","29.711252212524414"
"1229","891.4803466796875","891.4803466796875","891.4803466796875","266.0938720703125","266.0938720703125","266.0938720703125","24.91141128540039","24.91141128540039","24.91141128540039","888.173095703125","888.173095703125","888.173095703125","264.6434020996094","264.6434020996094","264.6434020996094","23.82969093322754","23.82969093322754","23.82969093322754"
"1259","636.9223022460938","636.9223022460938","636.9223022460938","235.9453887939453","235.9453887939453","235.9453887939453","32.57793426513672","32.57793426513672","32.57793426513672","638.0365600585938","638.0365600585938","638.0365600585938","236.1620635986328","236.1620635986328","236.1620635986328","31.04556655883789","31.04556655883789","31.04556655883789"
"1289","505.8027648925781","505.8027648925781","505.8027648925781","170.58425903320312","170.58425903320312","170.58425903320312","28.90827178955078","28.90827178955078","28.90827178955078","506.6181945800781","506.6181945800781","506.6181945800781","170.5841827392578","170.5841827392578","170.5841827392578","27.670623779296875","27.670623779296875","27.670623779296875"
"1319","578.3287963867188","578.3287963867188","578.3287963867188","250.45858764648438","250.45858764648438","250.45858764648438","31.51372528076172","31.51372528076172","31.51372528076172","579.0899047851562","579.0899047851562","579.0899047851562","251.21112060546875","251.21112060546875","251.21112060546875","29.93097496032715","29.93097496032715","29.93097496032715"
"1349","607.0680541992188","607.0680541992188","607.0680541992188","223.6865997314453","223.6865997314453","223.6865997314453","30.28512191772461","30.28512191772461","30.28512191772461","608.2489624023438","608.2489624023438","608.2489624023438","223.83502197265625","223.83502197265625","223.83502197265625","29.077064514160156","29.077064514160156","29.077064514160156"
"1379","442.7956237792969","442.7956237792969","442.7956237792969","176.2279815673828","176.2279815673828","176.2279815673828","31.61784553527832","31.61784553527832","31.61784553527832","443.5594177246094","443.5594177246094","443.5594177246094","176.19674682617188","176.19674682617188","176.19674682617188","30.37196159362793","30.37196159362793","30.37196159362793"
"1409","601.5584716796875","601.5584716796875","601.5584716796875","210.92698669433594","210.92698669433594","210.92698669433594","32.82606887817383","32.82606887817383","32.82606887817383","602.645751953125","602.645751953125","602.645751953125","210.91705322265625","210.91705322265625","210.91705322265625","31.43795394897461","31.43795394897461","31.43795394897461"
"1439","558.9747314453125","558.9747314453125","558.9747314453125","207.51141357421875","207.51141357421875","207.51141357421875","32.80624771118164","32.80624771118164","32.80624771118164","559.566162109375","559.566162109375","559.566162109375","207.4892578125","207.4892578125","207.4892578125","31.42255210876465","31.42255210876465","31.42255210876465"
"1469","718.7401123046875","718.7401123046875","718.7401123046875","223.94195556640625","223.94195556640625","223.94195556640625","30.291147232055664","30.291147232055664","30.291147232055664","720.0551147460938","720.0551147460938","720.0551147460938","223.91064453125","223.91064453125","223.91064453125","28.416893005371094","28.416893005371094","28.416893005371094"
"1499","519.7576293945312","519.7576293945312","519.7576293945312","168.8807830810547","168.8807830810547","168.8807830810547","28.356367111206055","28.356367111206055","28.356367111206055","520.55810546875","520.55810546875","520.55810546875","168.80577087402344","168.80577087402344","168.80577087402344","27.067045211791992","27.067045211791992","27.067045211791992"
"1529","416.7292785644531","416.7292785644531","416.7292785644531","158.03341674804688","158.03341674804688","158.03341674804688","30.1016788482666","30.1016788482666","30.1016788482666","417.4950256347656","417.4950256347656","417.4950256347656","158.10987854003906","158.10987854003906","158.10987854003906","28.71348762512207","28.71348762512207","28.71348762512207"
"1559","451.4662780761719","451.4662780761719","451.4662780761719","174.62738037109375","174.62738037109375","174.62738037109375","28.215106964111328","28.215106964111328","28.215106964111328","452.1663818359375","452.1663818359375","452.1663818359375","174.70452880859375","174.70452880859375","174.70452880859375","27.067628860473633","27.067628860473633","27.067628860473633"
"1589","454.0064697265625","454.0064697265625","454.0064697265625","163.51422119140625","163.51422119140625","163.51422119140625","29.284740447998047","29.284740447998047","29.284740447998047","454.8806457519531","454.8806457519531","454.8806457519531","163.55018615722656","163.55018615722656","163.55018615722656","28.072425842285156","28.072425842285156","28.072425842285156"
"1619","638.136474609375","638.136474609375","638.136474609375","223.10694885253906","223.10694885253906","223.10694885253906","34.182762145996094","34.182762145996094","34.182762145996094","639.1351318359375","639.1351318359375","639.1351318359375","223.1005096435547","223.1005096435547","223.1005096435547","32.722408294677734","32.722408294677734","32.722408294677734"
"1649","286.9374084472656","286.9374084472656","286.9374084472656","112.5107421875","112.5107421875","112.5107421875","26.624839782714844","26.624839782714844","26.624839782714844","287.3868713378906","287.3868713378906","287.3868713378906","112.58329772949219","112.58329772949219","112.58329772949219","25.46902847290039","25.46902847290039","25.46902847290039"
"1679","287.2436828613281","287.2436828613281","287.2436828613281","128.27279663085938","128.27279663085938","128.27279663085938","27.422653198242188","27.422653198242188","27.422653198242188","287.7362365722656","287.7362365722656","287.7362365722656","128.32406616210938","128.32406616210938","128.32406616210938","26.029666900634766","26.029666900634766","26.029666900634766"
"1709","250.8758087158203","250.8758087158203","250.8758087158203","120.30982971191406","120.30982971191406","120.30982971191406","27.646556854248047","27.646556854248047","27.646556854248047","251.6869659423828","251.6869659423828","251.6869659423828","120.43804168701172","120.43804168701172","120.43804168701172","26.282752990722656","26.282752990722656","26.282752990722656"
"1739","200.92044067382812","200.92044067382812","200.92044067382812","96.92328643798828","96.92328643798828","96.92328643798828","24.699228286743164","24.699228286743164","24.699228286743164","201.62266540527344","201.62266540527344","201.62266540527344","96.93870544433594","96.93870544433594","96.93870544433594","23.886592864990234","23.886592864990234","23.886592864990234"
"1769","468.7908630371094","468.7908630371094","468.7908630371094","183.7792205810547","183.7792205810547","183.7792205810547","33.50394058227539","33.50394058227539","33.50394058227539","470.3578796386719","470.3578796386719","470.3578796386719","183.95877075195312","183.95877075195312","183.95877075195312","32.05415344238281","32.05415344238281","32.05415344238281"
"1799","310.7472229003906","310.7472229003906","310.7472229003906","119.95064544677734","119.95064544677734","119.95064544677734","25.427770614624023","25.427770614624023","25.427770614624023","311.88330078125","311.88330078125","311.88330078125","119.94828033447266","119.94828033447266","119.94828033447266","24.35533905029297","24.35533905029297","24.35533905029297"
"1829","440.5439453125","440.5439453125","440.5439453125","165.27674865722656","165.27674865722656","165.27674865722656","27.398481369018555","27.398481369018555","27.398481369018555","442.11846923828125","442.11846923828125","442.11846923828125","165.35348510742188","165.35348510742188","165.35348510742188","25.992122650146484","25.992122650146484","25.992122650146484"
"1859","420.3309326171875","420.3309326171875","420.3309326171875","153.6724853515625","153.6724853515625","153.6724853515625","20.899213790893555","20.899213790893555","20.899213790893555","422.1776123046875","422.1776123046875","422.1776123046875","153.57337951660156","153.57337951660156","153.57337951660156","19.796722412109375","19.796722412109375","19.796722412109375"
"1889","261.5535583496094","261.5535583496094","261.5535583496094","87.73017120361328","87.73017120361328","87.73017120361328","24.62685775756836","24.62685775756836","24.62685775756836","262.3465881347656","262.3465881347656","262.3465881347656","87.77446746826172","87.77446746826172","87.77446746826172","23.546255111694336","23.546255111694336","23.546255111694336"
"1919","328.1169128417969","328.1169128417969","328.1169128417969","162.33322143554688","162.33322143554688","162.33322143554688","26.4442138671875","26.4442138671875","26.4442138671875","329.102294921875","329.102294921875","329.102294921875","162.13058471679688","162.13058471679688","162.13058471679688","25.28330421447754","25.28330421447754","25.28330421447754"
"1949","301.5113525390625","301.5113525390625","301.5113525390625","126.7762680053711","126.7762680053711","126.7762680053711","26.507308959960938","26.507308959960938","26.507308959960938","302.785888671875","302.785888671875","302.785888671875","126.88206481933594","126.88206481933594","126.88206481933594","25.427465438842773","25.427465438842773","25.427465438842773"
"1979","213.1510467529297","213.1510467529297","213.1510467529297","99.39259338378906","99.39259338378906","99.39259338378906","23.192689895629883","23.192689895629883","23.192689895629883","213.63414001464844","213.63414001464844","213.63414001464844","99.40492248535156","99.40492248535156","99.40492248535156","22.267074584960938","22.267074584960938","22.267074584960938"
"2009","230.03515625","230.03515625","230.03515625","101.32666778564453","101.32666778564453","101.32666778564453","26.651308059692383","26.651308059692383","26.651308059692383","230.70530700683594","230.70530700683594","230.70530700683594","101.2641372680664","101.2641372680664","101.2641372680664","25.49812889099121","25.49812889099121","25.49812889099121"
"2039","307.68017578125","307.68017578125","307.68017578125","115.28587341308594","115.28587341308594","115.28587341308594","22.129579544067383","22.129579544067383","22.129579544067383","308.9415588378906","308.9415588378906","308.9415588378906","115.45872497558594","115.45872497558594","115.45872497558594","21.149415969848633","21.149415969848633","21.149415969848633"
"2069","388.6900939941406","388.6900939941406","388.6900939941406","146.8282012939453","146.8282012939453","146.8282012939453","27.73432731628418","27.73432731628418","27.73432731628418","390.4714050292969","390.4714050292969","390.4714050292969","146.79617309570312","146.79617309570312","146.79617309570312","26.818315505981445","26.818315505981445","26.818315505981445"
"2099","376.68280029296875","376.68280029296875","376.68280029296875","148.81137084960938","148.81137084960938","148.81137084960938","28.13401222229004","28.13401222229004","28.13401222229004","377.8729248046875","377.8729248046875","377.8729248046875","148.88600158691406","148.88600158691406","148.88600158691406","26.663986206054688","26.663986206054688","26.663986206054688"
"2129","299.7281494140625","299.7281494140625","299.7281494140625","131.06820678710938","131.06820678710938","131.06820678710938","27.232749938964844","27.232749938964844","27.232749938964844","301.0140686035156","301.0140686035156","301.0140686035156","131.32774353027344","131.32774353027344","131.32774353027344","26.007781982421875","26.007781982421875","26.007781982421875"
"2159","199.11141967773438","199.11141967773438","199.11141967773438","91.56958770751953","91.56958770751953","91.56958770751953","23.517438888549805","23.517438888549805","23.517438888549805","200.06703186035156","200.06703186035156","200.06703186035156","91.50384521484375","91.50384521484375","91.50384521484375","22.552587509155273","22.552587509155273","22.552587509155273"
"2189","285.53204345703125","285.53204345703125","285.53204345703125","99.18132781982422","99.18132781982422","99.18132781982422","19.50181770324707","19.50181770324707","19.50181770324707","286.2907409667969","286.2907409667969","286.2907409667969","99.01130676269531","99.01130676269531","99.01130676269531","18.80198860168457","18.80198860168457","18.80198860168457"
"2219","314.92620849609375","314.92620849609375","314.92620849609375","130.22898864746094","130.22898864746094","130.22898864746094","25.6514892578125","25.6514892578125","25.6514892578125","315.94085693359375","315.94085693359375","315.94085693359375","130.34426879882812","130.34426879882812","130.34426879882812","24.502103805541992","24.502103805541992","24.502103805541992"
"2249","294.1951599121094","294.1951599121094","294.1951599121094","121.98661804199219","121.98661804199219","121.98661804199219","23.94207191467285","23.94207191467285","23.94207191467285","295.2874450683594","295.2874450683594","295.2874450683594","121.94965362548828","121.94965362548828","121.94965362548828","22.9844970703125","22.9844970703125","22.9844970703125"
"2279","490.03070068359375","490.03070068359375","490.03070068359375","131.8542022705078","131.8542022705078","131.8542022705078","21.37460708618164","21.37460708618164","21.37460708618164","492.2262268066406","492.2262268066406","492.2262268066406","131.64962768554688","131.64962768554688","131.64962768554688","20.45161247253418","20.45161247253418","20.45161247253418"
"2309","166.2635955810547","166.2635955810547","166.2635955810547","99.88587951660156","99.88587951660156","99.88587951660156","23.676034927368164","23.676034927368164","23.676034927368164","166.88905334472656","166.88905334472656","166.88905334472656","99.94290924072266","99.94290924072266","99.94290924072266","22.60213279724121","22.60213279724121","22.60213279724121"
"2339","242.51515197753906","242.51515197753906","242.51515197753906","108.82732391357422","108.82732391357422","108.82732391357422","23.461713790893555","23.461713790893555","23.461713790893555","243.65892028808594","243.65892028808594","243.65892028808594","109.45972442626953","109.45972442626953","109.45972442626953","22.419885635375977","22.419885635375977","22.419885635375977"
"2369","224.20050048828125","224.20050048828125","224.20050048828125","98.94054412841797","98.94054412841797","98.94054412841797","23.59695816040039","23.59695816040039","23.59695816040039","224.43736267089844","224.43736267089844","224.43736267089844","98.7108383178711","98.7108383178711","98.7108383178711","22.596195220947266","22.596195220947266","22.596195220947266"
"2399","247.52569580078125","247.52569580078125","247.52569580078125","158.7826690673828","158.7826690673828","158.7826690673828","20.597211837768555","20.597211837768555","20.597211837768555","248.523193359375","248.523193359375","248.523193359375","156.47686767578125","156.47686767578125","156.47686767578125","19.937807083129883","19.937807083129883","19.937807083129883"
"2429","176.89393615722656","176.89393615722656","176.89393615722656","95.61820220947266","95.61820220947266","95.61820220947266","24.45221710205078","24.45221710205078","24.45221710205078","177.91802978515625","177.91802978515625","177.91802978515625","95.71670532226562","95.71670532226562","95.71670532226562","23.20122718811035","23.20122718811035","23.20122718811035"
"2459","182.85604858398438","182.85604858398438","182.85604858398438","93.62849426269531","93.62849426269531","93.62849426269531","22.648639678955078","22.648639678955078","22.648639678955078","183.9650421142578","183.9650421142578","183.9650421142578","93.58590698242188","93.58590698242188","93.58590698242188","21.889673233032227","21.889673233032227","21.889673233032227"
"2489","194.71530151367188","194.71530151367188","194.71530151367188","99.31809997558594","99.31809997558594","99.31809997558594","23.876039505004883","23.876039505004883","23.876039505004883","195.84927368164062","195.84927368164062","195.84927368164062","99.38713836669922","99.38713836669922","99.38713836669922","22.834638595581055","22.834638595581055","22.834638595581055"
"2519","194.209716796875","194.209716796875","194.209716796875","96.98421478271484","96.98421478271484","96.98421478271484","21.894939422607422","21.894939422607422","21.894939422607422","195.229736328125","195.229736328125","195.229736328125","97.0298843383789","97.0298843383789","97.0298843383789","21.264066696166992","21.264066696166992","21.264066696166992"
"2549","223.66526794433594","223.66526794433594","223.66526794433594","100.80780029296875","100.80780029296875","100.80780029296875","22.655956268310547","22.655956268310547","22.655956268310547","225.1822052001953","225.1822052001953","225.1822052001953","100.80619812011719","100.80619812011719","100.80619812011719","21.806177139282227","21.806177139282227","21.806177139282227"
"2579","177.22897338867188","177.22897338867188","177.22897338867188","83.34003448486328","83.34003448486328","83.34003448486328","23.736635208129883","23.736635208129883","23.736635208129883","178.503173828125","178.503173828125","178.503173828125","83.17002868652344","83.17002868652344","83.17002868652344","22.869333267211914","22.869333267211914","22.869333267211914"
"2609","157.06019592285156","157.06019592285156","157.06019592285156","83.59780883789062","83.59780883789062","83.59780883789062","25.143774032592773","25.143774032592773","25.143774032592773","157.92689514160156","157.92689514160156","157.92689514160156","83.6993408203125","83.6993408203125","83.6993408203125","24.242700576782227","24.242700576782227","24.242700576782227"
"2639","70.3069076538086","70.3069076538086","70.3069076538086","54.86542892456055","54.86542892456055","54.86542892456055","18.867141723632812","18.867141723632812","18.867141723632812","70.5442886352539","70.5442886352539","70.5442886352539","54.83354187011719","54.83354187011719","54.83354187011719","18.13011360168457","18.13011360168457","18.13011360168457"
"2669","262.5809631347656","262.5809631347656","262.5809631347656","119.12357330322266","119.12357330322266","119.12357330322266","27.410219192504883","27.410219192504883","27.410219192504883","264.6929016113281","264.6929016113281","264.6929016113281","119.18341827392578","119.18341827392578","119.18341827392578","26.447547912597656","26.447547912597656","26.447547912597656"
"2699","263.8998718261719","263.8998718261719","263.8998718261719","106.15391540527344","106.15391540527344","106.15391540527344","24.001394271850586","24.001394271850586","24.001394271850586","266.2265319824219","266.2265319824219","266.2265319824219","106.10282897949219","106.10282897949219","106.10282897949219","23.060800552368164","23.060800552368164","23.060800552368164"
"2729","294.37823486328125","294.37823486328125","294.37823486328125","102.73957061767578","102.73957061767578","102.73957061767578","20.77489471435547","20.77489471435547","20.77489471435547","296.34234619140625","296.34234619140625","296.34234619140625","102.79116821289062","102.79116821289062","102.79116821289062","19.8602294921875","19.8602294921875","19.8602294921875"
"2759","115.08539581298828","115.08539581298828","115.08539581298828","80.21244812011719","80.21244812011719","80.21244812011719","24.024887084960938","24.024887084960938","24.024887084960938","115.82102966308594","115.82102966308594","115.82102966308594","80.19266510009766","80.19266510009766","80.19266510009766","22.849008560180664","22.849008560180664","22.849008560180664"
"2789","149.94212341308594","149.94212341308594","149.94212341308594","81.42396545410156","81.42396545410156","81.42396545410156","23.8820743560791","23.8820743560791","23.8820743560791","151.29058837890625","151.29058837890625","151.29058837890625","81.31951904296875","81.31951904296875","81.31951904296875","23.04156494140625","23.04156494140625","23.04156494140625"
"2819","109.68959045410156","109.68959045410156","109.68959045410156","58.99290084838867","58.99290084838867","58.99290084838867","19.018016815185547","19.018016815185547","19.018016815185547","110.08413696289062","110.08413696289062","110.08413696289062","58.88492202758789","58.88492202758789","58.88492202758789","18.342880249023438","18.342880249023438","18.342880249023438"
"2849","260.0594177246094","260.0594177246094","260.0594177246094","112.72679138183594","112.72679138183594","112.72679138183594","22.21331214904785","22.21331214904785","22.21331214904785","262.2591552734375","262.2591552734375","262.2591552734375","112.74983978271484","112.74983978271484","112.74983978271484","21.40181541442871","21.40181541442871","21.40181541442871"
"2879","171.34249877929688","171.34249877929688","171.34249877929688","95.37662506103516","95.37662506103516","95.37662506103516","25.05229377746582","25.05229377746582","25.05229377746582","172.28103637695312","172.28103637695312","172.28103637695312","95.49644470214844","95.49644470214844","95.49644470214844","24.169288635253906","24.169288635253906","24.169288635253906"
"2909","115.00941467285156","115.00941467285156","115.00941467285156","76.87451171875","76.87451171875","76.87451171875","21.041610717773438","21.041610717773438","21.041610717773438","115.71358489990234","115.71358489990234","115.71358489990234","76.79898071289062","76.79898071289062","76.79898071289062","20.300466537475586","20.300466537475586","20.300466537475586"
"2939","74.08796691894531","74.08796691894531","74.08796691894531","63.01243209838867","63.01243209838867","63.01243209838867","22.17007064819336","22.17007064819336","22.17007064819336","74.56195831298828","74.56195831298828","74.56195831298828","63.18846130371094","63.18846130371094","63.18846130371094","21.601449966430664","21.601449966430664","21.601449966430664"
"2969","140.37806701660156","140.37806701660156","140.37806701660156","119.96390533447266","119.96390533447266","119.96390533447266","20.477563858032227","20.477563858032227","20.477563858032227","141.3153533935547","141.3153533935547","141.3153533935547","122.94300842285156","122.94300842285156","122.94300842285156","19.67129898071289","19.67129898071289","19.67129898071289"
"2999","131.66209411621094","131.66209411621094","131.66209411621094","69.15086364746094","69.15086364746094","69.15086364746094","19.044673919677734","19.044673919677734","19.044673919677734","132.47103881835938","132.47103881835938","132.47103881835938","69.07910919189453","69.07910919189453","69.07910919189453","18.506446838378906","18.506446838378906","18.506446838378906"
"3029","135.78700256347656","135.78700256347656","135.78700256347656","149.25497436523438","149.25497436523438","149.25497436523438","20.004724502563477","20.004724502563477","20.004724502563477","136.49261474609375","136.49261474609375","136.49261474609375","167.66281127929688","167.66281127929688","167.66281127929688","19.269941329956055","19.269941329956055","19.269941329956055"
"3059","165.24624633789062","165.24624633789062","165.24624633789062","81.75826263427734","81.75826263427734","81.75826263427734","21.291717529296875","21.291717529296875","21.291717529296875","166.3012237548828","166.3012237548828","166.3012237548828","81.77641296386719","81.77641296386719","81.77641296386719","20.66354751586914","20.66354751586914","20.66354751586914"
"3089","79.69473266601562","79.69473266601562","79.69473266601562","64.64292907714844","64.64292907714844","64.64292907714844","21.905019760131836","21.905019760131836","21.905019760131836","80.14888763427734","80.14888763427734","80.14888763427734","64.61893463134766","64.61893463134766","64.61893463134766","21.250356674194336","21.250356674194336","21.250356674194336"
"3119","156.35667419433594","156.35667419433594","156.35667419433594","72.60598754882812","72.60598754882812","72.60598754882812","20.699649810791016","20.699649810791016","20.699649810791016","157.3502960205078","157.3502960205078","157.3502960205078","72.5565414428711","72.5565414428711","72.5565414428711","20.15248680114746","20.15248680114746","20.15248680114746"
"3149","73.3801040649414","73.3801040649414","73.3801040649414","58.24873733520508","58.24873733520508","58.24873733520508","22.062850952148438","22.062850952148438","22.062850952148438","73.89584350585938","73.89584350585938","73.89584350585938","58.2206916809082","58.2206916809082","58.2206916809082","21.233776092529297","21.233776092529297","21.233776092529297"
"3179","108.02926635742188","108.02926635742188","108.02926635742188","67.79947662353516","67.79947662353516","67.79947662353516","23.572187423706055","23.572187423706055","23.572187423706055","108.62025451660156","108.62025451660156","108.62025451660156","67.8522720336914","67.8522720336914","67.8522720336914","22.79685401916504","22.79685401916504","22.79685401916504"
"3209","122.81617736816406","122.81617736816406","122.81617736816406","67.58187103271484","67.58187103271484","67.58187103271484","18.4953556060791","18.4953556060791","18.4953556060791","123.60401153564453","123.60401153564453","123.60401153564453","67.55801391601562","67.55801391601562","67.55801391601562","17.91764259338379","17.91764259338379","17.91764259338379"
"3239","180.1277313232422","180.1277313232422","180.1277313232422","88.60314178466797","88.60314178466797","88.60314178466797","23.212881088256836","23.212881088256836","23.212881088256836","181.22401428222656","181.22401428222656","181.22401428222656","88.67415618896484","88.67415618896484","88.67415618896484","22.279653549194336","22.279653549194336","22.279653549194336"
"3269","105.76425170898438","105.76425170898438","105.76425170898438","61.763519287109375","61.763519287109375","61.763519287109375","19.68613052368164","19.68613052368164","19.68613052368164","106.06266021728516","106.06266021728516","106.06266021728516","61.6760139465332","61.6760139465332","61.6760139465332","19.075593948364258","19.075593948364258","19.075593948364258"
"3299","127.32865142822266","127.32865142822266","127.32865142822266","81.66993713378906","81.66993713378906","81.66993713378906","21.62226104736328","21.62226104736328","21.62226104736328","128.59866333007812","128.59866333007812","128.59866333007812","81.71662902832031","81.71662902832031","81.71662902832031","20.9820499420166","20.9820499420166","20.9820499420166"
"3329","181.08413696289062","181.08413696289062","181.08413696289062","87.8741455078125","87.8741455078125","87.8741455078125","18.543434143066406","18.543434143066406","18.543434143066406","182.14413452148438","182.14413452148438","182.14413452148438","87.9043960571289","87.9043960571289","87.9043960571289","17.83154296875","17.83154296875","17.83154296875"
"3359","196.2775421142578","196.2775421142578","196.2775421142578","86.35394287109375","86.35394287109375","86.35394287109375","22.139589309692383","22.139589309692383","22.139589309692383","197.7941436767578","197.7941436767578","197.7941436767578","86.45587921142578","86.45587921142578","86.45587921142578","21.2230224609375","21.2230224609375","21.2230224609375"
"3389","58.962303161621094","58.962303161621094","58.962303161621094","55.35014343261719","55.35014343261719","55.35014343261719","21.97893524169922","21.97893524169922","21.97893524169922","59.14020919799805","59.14020919799805","59.14020919799805","55.32492446899414","55.32492446899414","55.32492446899414","21.17646026611328","21.17646026611328","21.17646026611328"
"3419","121.85587310791016","121.85587310791016","121.85587310791016","68.67082214355469","68.67082214355469","68.67082214355469","19.33260726928711","19.33260726928711","19.33260726928711","122.82637786865234","122.82637786865234","122.82637786865234","68.64820861816406","68.64820861816406","68.64820861816406","18.503355026245117","18.503355026245117","18.503355026245117"
"3449","81.19989013671875","81.19989013671875","81.19989013671875","64.196044921875","64.196044921875","64.196044921875","23.021841049194336","23.021841049194336","23.021841049194336","81.85011291503906","81.85011291503906","81.85011291503906","64.206787109375","64.206787109375","64.206787109375","21.999862670898438","21.999862670898438","21.999862670898438"
"3479","177.72488403320312","177.72488403320312","177.72488403320312","83.71009826660156","83.71009826660156","83.71009826660156","22.499340057373047","22.499340057373047","22.499340057373047","178.7631378173828","178.7631378173828","178.7631378173828","83.68907928466797","83.68907928466797","83.68907928466797","21.92580223083496","21.92580223083496","21.92580223083496"
"3509","169.02163696289062","169.02163696289062","169.02163696289062","80.6620101928711","80.6620101928711","80.6620101928711","21.468120574951172","21.468120574951172","21.468120574951172","170.42022705078125","170.42022705078125","170.42022705078125","80.40155792236328","80.40155792236328","80.40155792236328","20.605512619018555","20.605512619018555","20.605512619018555"
"3539","139.94268798828125","139.94268798828125","139.94268798828125","80.27812194824219","80.27812194824219","80.27812194824219","20.33102798461914","20.33102798461914","20.33102798461914","141.3048858642578","141.3048858642578","141.3048858642578","80.11669921875","80.11669921875","80.11669921875","19.617551803588867","19.617551803588867","19.617551803588867"
"3569","83.7137680053711","83.7137680053711","83.7137680053711","62.21830368041992","62.21830368041992","62.21830368041992","20.87502670288086","20.87502670288086","20.87502670288086","84.11608123779297","84.11608123779297","84.11608123779297","62.13348388671875","62.13348388671875","62.13348388671875","20.163850784301758","20.163850784301758","20.163850784301758"
"3599","118.49417877197266","118.49417877197266","118.49417877197266","66.3810043334961","66.3810043334961","66.3810043334961","18.27459716796875","18.27459716796875","18.27459716796875","119.6327896118164","119.6327896118164","119.6327896118164","66.32965087890625","66.32965087890625","66.32965087890625","17.493860244750977","17.493860244750977","17.493860244750977"
"3629","65.81278228759766","65.81278228759766","65.81278228759766","54.51747131347656","54.51747131347656","54.51747131347656","18.560556411743164","18.560556411743164","18.560556411743164","66.0898208618164","66.0898208618164","66.0898208618164","54.53224563598633","54.53224563598633","54.53224563598633","17.812515258789062","17.812515258789062","17.812515258789062"
"3659","135.25735473632812","135.25735473632812","135.25735473632812","70.70240783691406","70.70240783691406","70.70240783691406","18.85211181640625","18.85211181640625","18.85211181640625","135.7447967529297","135.7447967529297","135.7447967529297","70.54183197021484","70.54183197021484","70.54183197021484","18.187320709228516","18.187320709228516","18.187320709228516"
"3689","62.181297302246094","62.181297302246094","62.181297302246094","60.10331344604492","60.10331344604492","60.10331344604492","21.690908432006836","21.690908432006836","21.690908432006836","62.373016357421875","62.373016357421875","62.373016357421875","60.11520004272461","60.11520004272461","60.11520004272461","20.7767333984375","20.7767333984375","20.7767333984375"
"3719","114.8818359375","114.8818359375","114.8818359375","59.83005905151367","59.83005905151367","59.83005905151367","17.04057502746582","17.04057502746582","17.04057502746582","115.31906127929688","115.31906127929688","115.31906127929688","59.9183464050293","59.9183464050293","59.9183464050293","16.52817153930664","16.52817153930664","16.52817153930664"
"3749","60.146297454833984","60.146297454833984","60.146297454833984","49.85397720336914","49.85397720336914","49.85397720336914","18.214542388916016","18.214542388916016","18.214542388916016","60.35862350463867","60.35862350463867","60.35862350463867","49.85240936279297","49.85240936279297","49.85240936279297","17.526121139526367","17.526121139526367","17.526121139526367"
"3779","79.6824951171875","79.6824951171875","79.6824951171875","52.46963882446289","52.46963882446289","52.46963882446289","16.873613357543945","16.873613357543945","16.873613357543945","79.91217803955078","79.91217803955078","79.91217803955078","52.51387405395508","52.51387405395508","52.51387405395508","16.5960636138916","16.5960636138916","16.5960636138916"
"3809","97.97628784179688","97.97628784179688","97.97628784179688","52.73801803588867","52.73801803588867","52.73801803588867","18.96384048461914","18.96384048461914","18.96384048461914","98.26304626464844","98.26304626464844","98.26304626464844","52.75823974609375","52.75823974609375","52.75823974609375","18.465984344482422","18.465984344482422","18.465984344482422"
"3839","74.94554138183594","74.94554138183594","74.94554138183594","55.99503707885742","55.99503707885742","55.99503707885742","19.814151763916016","19.814151763916016","19.814151763916016","75.0865707397461","75.0865707397461","75.0865707397461","55.941200256347656","55.941200256347656","55.941200256347656","19.204618453979492","19.204618453979492","19.204618453979492"
"3869","162.477783203125","162.477783203125","162.477783203125","83.20132446289062","83.20132446289062","83.20132446289062","20.67285919189453","20.67285919189453","20.67285919189453","163.35865783691406","163.35865783691406","163.35865783691406","83.1700210571289","83.1700210571289","83.1700210571289","20.04959487915039","20.04959487915039","20.04959487915039"
"3899","122.61931610107422","122.61931610107422","122.61931610107422","66.14318084716797","66.14318084716797","66.14318084716797","21.195844650268555","21.195844650268555","21.195844650268555","123.30148315429688","123.30148315429688","123.30148315429688","66.02069854736328","66.02069854736328","66.02069854736328","20.52252960205078","20.52252960205078","20.52252960205078"
"3929","77.95632934570312","77.95632934570312","77.95632934570312","50.399192810058594","50.399192810058594","50.399192810058594","16.571683883666992","16.571683883666992","16.571683883666992","78.33793640136719","78.33793640136719","78.33793640136719","50.24143981933594","50.24143981933594","50.24143981933594","15.969935417175293","15.969935417175293","15.969935417175293"
"3959","86.0125961303711","86.0125961303711","86.0125961303711","55.75927734375","55.75927734375","55.75927734375","17.44830894470215","17.44830894470215","17.44830894470215","86.2433853149414","86.2433853149414","86.2433853149414","55.67658615112305","55.67658615112305","55.67658615112305","16.719038009643555","16.719038009643555","16.719038009643555"
"3989","70.6793441772461","70.6793441772461","70.6793441772461","51.22186279296875","51.22186279296875","51.22186279296875","16.827003479003906","16.827003479003906","16.827003479003906","70.92078399658203","70.92078399658203","70.92078399658203","51.10855484008789","51.10855484008789","51.10855484008789","16.327775955200195","16.327775955200195","16.327775955200195"
"4019","93.04056549072266","93.04056549072266","93.04056549072266","83.39393615722656","83.39393615722656","83.39393615722656","18.680112838745117","18.680112838745117","18.680112838745117","93.5121841430664","93.5121841430664","93.5121841430664","84.11050415039062","84.11050415039062","84.11050415039062","18.075576782226562","18.075576782226562","18.075576782226562"
"4049","79.92658233642578","79.92658233642578","79.92658233642578","56.50830841064453","56.50830841064453","56.50830841064453","18.43362808227539","18.43362808227539","18.43362808227539","80.1886215209961","80.1886215209961","80.1886215209961","56.51304244995117","56.51304244995117","56.51304244995117","17.694189071655273","17.694189071655273","17.694189071655273"
"4079","86.5921630859375","86.5921630859375","86.5921630859375","51.10218811035156","51.10218811035156","51.10218811035156","17.376733779907227","17.376733779907227","17.376733779907227","87.22970581054688","87.22970581054688","87.22970581054688","51.002845764160156","51.002845764160156","51.002845764160156","16.91996192932129","16.91996192932129","16.91996192932129"
"4109","101.25296783447266","101.25296783447266","101.25296783447266","61.152366638183594","61.152366638183594","61.152366638183594","20.03891944885254","20.03891944885254","20.03891944885254","101.8265609741211","101.8265609741211","101.8265609741211","61.16055679321289","61.16055679321289","61.16055679321289","19.305091857910156","19.305091857910156","19.305091857910156"
"4139","144.19664001464844","144.19664001464844","144.19664001464844","72.08446502685547","72.08446502685547","72.08446502685547","19.78005599975586","19.78005599975586","19.78005599975586","145.6489715576172","145.6489715576172","145.6489715576172","72.12378692626953","72.12378692626953","72.12378692626953","19.3546142578125","19.3546142578125","19.3546142578125"
"4169","116.25228881835938","116.25228881835938","116.25228881835938","64.21717834472656","64.21717834472656","64.21717834472656","16.703433990478516","16.703433990478516","16.703433990478516","117.03482818603516","117.03482818603516","117.03482818603516","64.06136322021484","64.06136322021484","64.06136322021484","16.123401641845703","16.123401641845703","16.123401641845703"
"4199","116.92306518554688","116.92306518554688","116.92306518554688","59.52104187011719","59.52104187011719","59.52104187011719","21.13467788696289","21.13467788696289","21.13467788696289","117.6301040649414","117.6301040649414","117.6301040649414","59.51005554199219","59.51005554199219","59.51005554199219","20.25782012939453","20.25782012939453","20.25782012939453"
"4229","133.2782440185547","133.2782440185547","133.2782440185547","67.8233642578125","67.8233642578125","67.8233642578125","18.609296798706055","18.609296798706055","18.609296798706055","133.85317993164062","133.85317993164062","133.85317993164062","67.8232192993164","67.8232192993164","67.8232192993164","18.207551956176758","18.207551956176758","18.207551956176758"
"4259","58.10261535644531","58.10261535644531","58.10261535644531","42.424278259277344","42.424278259277344","42.424278259277344","14.3187255859375","14.3187255859375","14.3187255859375","58.19712829589844","58.19712829589844","58.19712829589844","42.31019592285156","42.31019592285156","42.31019592285156","13.919028282165527","13.919028282165527","13.919028282165527"
"4289","62.98289108276367","62.98289108276367","62.98289108276367","49.68408203125","49.68408203125","49.68408203125","18.29252815246582","18.29252815246582","18.29252815246582","62.963417053222656","62.963417053222656","62.963417053222656","49.590126037597656","49.590126037597656","49.590126037597656","18.118322372436523","18.118322372436523","18.118322372436523"
"4319","64.75257873535156","64.75257873535156","64.75257873535156","51.33061218261719","51.33061218261719","51.33061218261719","17.888587951660156","17.888587951660156","17.888587951660156","64.84584045410156","64.84584045410156","64.84584045410156","51.42251205444336","51.42251205444336","51.42251205444336","17.374969482421875","17.374969482421875","17.374969482421875"
"4349","63.51435089111328","63.51435089111328","63.51435089111328","47.43326187133789","47.43326187133789","47.43326187133789","16.1187686920166","16.1187686920166","16.1187686920166","63.41841125488281","63.41841125488281","63.41841125488281","47.3251838684082","47.3251838684082","47.3251838684082","15.70311164855957","15.70311164855957","15.70311164855957"
"4379","86.0186767578125","86.0186767578125","86.0186767578125","53.52360153198242","53.52360153198242","53.52360153198242","19.259254455566406","19.259254455566406","19.259254455566406","86.25875091552734","86.25875091552734","86.25875091552734","53.61146926879883","53.61146926879883","53.61146926879883","18.58160400390625","18.58160400390625","18.58160400390625"
"4409","59.19786071777344","59.19786071777344","59.19786071777344","49.29541015625","49.29541015625","49.29541015625","16.52211570739746","16.52211570739746","16.52211570739746","59.16623306274414","59.16623306274414","59.16623306274414","49.25121307373047","49.25121307373047","49.25121307373047","15.913140296936035","15.913140296936035","15.913140296936035"
"4439","89.39966583251953","89.39966583251953","89.39966583251953","64.68384552001953","64.68384552001953","64.68384552001953","20.403013229370117","20.403013229370117","20.403013229370117","89.39429473876953","89.39429473876953","89.39429473876953","64.61251068115234","64.61251068115234","64.61251068115234","19.720149993896484","19.720149993896484","19.720149993896484"
"4469","59.34897232055664","59.34897232055664","59.34897232055664","45.07426834106445","45.07426834106445","45.07426834106445","16.962493896484375","16.962493896484375","16.962493896484375","59.34607696533203","59.34607696533203","59.34607696533203","45.05995178222656","45.05995178222656","45.05995178222656","16.313640594482422","16.313640594482422","16.313640594482422"
"4499","80.16787719726562","80.16787719726562","80.16787719726562","56.319061279296875","56.319061279296875","56.319061279296875","20.423696517944336","20.423696517944336","20.423696517944336","80.40486145019531","80.40486145019531","80.40486145019531","55.1100959777832","55.1100959777832","55.1100959777832","19.721853256225586","19.721853256225586","19.721853256225586"
"4529","71.64642333984375","71.64642333984375","71.64642333984375","49.45771408081055","49.45771408081055","49.45771408081055","18.477846145629883","18.477846145629883","18.477846145629883","71.67558288574219","71.67558288574219","71.67558288574219","49.32910919189453","49.32910919189453","49.32910919189453","17.964603424072266","17.964603424072266","17.964603424072266"
"4559","118.67250061035156","118.67250061035156","118.67250061035156","72.29813385009766","72.29813385009766","72.29813385009766","20.965166091918945","20.965166091918945","20.965166091918945","119.17202758789062","119.17202758789062","119.17202758789062","72.15801239013672","72.15801239013672","72.15801239013672","20.170751571655273","20.170751571655273","20.170751571655273"
"4589","62.3465461730957","62.3465461730957","62.3465461730957","52.93963623046875","52.93963623046875","52.93963623046875","19.102766036987305","19.102766036987305","19.102766036987305","62.370819091796875","62.370819091796875","62.370819091796875","52.92729187011719","52.92729187011719","52.92729187011719","18.63051414489746","18.63051414489746","18.63051414489746"
"4619","65.28494262695312","65.28494262695312","65.28494262695312","52.2849006652832","52.2849006652832","52.2849006652832","18.462156295776367","18.462156295776367","18.462156295776367","65.36317443847656","65.36317443847656","65.36317443847656","52.289207458496094","52.289207458496094","52.289207458496094","17.804166793823242","17.804166793823242","17.804166793823242"
"4649","67.3399429321289","67.3399429321289","67.3399429321289","58.51239776611328","58.51239776611328","58.51239776611328","20.769283294677734","20.769283294677734","20.769283294677734","67.24678802490234","67.24678802490234","67.24678802490234","56.82281494140625","56.82281494140625","56.82281494140625","19.778717041015625","19.778717041015625","19.778717041015625"
"4679","99.85833740234375","99.85833740234375","99.85833740234375","58.40723419189453","58.40723419189453","58.40723419189453","19.505598068237305","19.505598068237305","19.505598068237305","100.4744873046875","100.4744873046875","100.4744873046875","58.39087677001953","58.39087677001953","58.39087677001953","18.910417556762695","18.910417556762695","18.910417556762695"
"4709","104.9168930053711","104.9168930053711","104.9168930053711","58.315486907958984","58.315486907958984","58.315486907958984","18.481325149536133","18.481325149536133","18.481325149536133","105.44843292236328","105.44843292236328","105.44843292236328","58.2475471496582","58.2475471496582","58.2475471496582","18.120220184326172","18.120220184326172","18.120220184326172"
"4739","122.57273864746094","122.57273864746094","122.57273864746094","66.54322052001953","66.54322052001953","66.54322052001953","18.552507400512695","18.552507400512695","18.552507400512695","123.22329711914062","123.22329711914062","123.22329711914062","66.58611297607422","66.58611297607422","66.58611297607422","17.900854110717773","17.900854110717773","17.900854110717773"
"4769","97.6307601928711","97.6307601928711","97.6307601928711","59.23543930053711","59.23543930053711","59.23543930053711","21.09614372253418","21.09614372253418","21.09614372253418","98.13545989990234","98.13545989990234","98.13545989990234","59.18074035644531","59.18074035644531","59.18074035644531","20.072509765625","20.072509765625","20.072509765625"
"4799","96.67550659179688","96.67550659179688","96.67550659179688","60.650146484375","60.650146484375","60.650146484375","18.532258987426758","18.532258987426758","18.532258987426758","96.83570098876953","96.83570098876953","96.83570098876953","60.63212203979492","60.63212203979492","60.63212203979492","18.05816650390625","18.05816650390625","18.05816650390625"
"4829","105.34149169921875","105.34149169921875","105.34149169921875","62.92182540893555","62.92182540893555","62.92182540893555","18.50245475769043","18.50245475769043","18.50245475769043","105.60460662841797","105.60460662841797","105.60460662841797","62.73917770385742","62.73917770385742","62.73917770385742","18.075592041015625","18.075592041015625","18.075592041015625"
"4859","65.0123291015625","65.0123291015625","65.0123291015625","51.07793426513672","51.07793426513672","51.07793426513672","17.967823028564453","17.967823028564453","17.967823028564453","65.15161895751953","65.15161895751953","65.15161895751953","51.07560348510742","51.07560348510742","51.07560348510742","17.25148582458496","17.25148582458496","17.25148582458496"
"4889","68.15966033935547","68.15966033935547","68.15966033935547","53.05731964111328","53.05731964111328","53.05731964111328","19.131940841674805","19.131940841674805","19.131940841674805","68.24601745605469","68.24601745605469","68.24601745605469","53.00516128540039","53.00516128540039","53.00516128540039","18.53961181640625","18.53961181640625","18.53961181640625"
"4919","83.88345336914062","83.88345336914062","83.88345336914062","50.91630172729492","50.91630172729492","50.91630172729492","18.061073303222656","18.061073303222656","18.061073303222656","83.68712615966797","83.68712615966797","83.68712615966797","51.59090042114258","51.59090042114258","51.59090042114258","17.508922576904297","17.508922576904297","17.508922576904297"
"4949","64.22537231445312","64.22537231445312","64.22537231445312","47.61896514892578","47.61896514892578","47.61896514892578","17.460851669311523","17.460851669311523","17.460851669311523","64.18843078613281","64.18843078613281","64.18843078613281","47.61069107055664","47.61069107055664","47.61069107055664","17.01361846923828","17.01361846923828","17.01361846923828"
"4979","66.7142333984375","66.7142333984375","66.7142333984375","50.80715560913086","50.80715560913086","50.80715560913086","20.023160934448242","20.023160934448242","20.023160934448242","66.69914245605469","66.69914245605469","66.69914245605469","50.844993591308594","50.844993591308594","50.844993591308594","19.653636932373047","19.653636932373047","19.653636932373047"
"5009","63.5206184387207","63.5206184387207","63.5206184387207","48.89909744262695","48.89909744262695","48.89909744262695","19.545438766479492","19.545438766479492","19.545438766479492","63.49077606201172","63.49077606201172","63.49077606201172","48.942527770996094","48.942527770996094","48.942527770996094","19.033151626586914","19.033151626586914","19.033151626586914"
"5039","61.64237594604492","61.64237594604492","61.64237594604492","45.53555679321289","45.53555679321289","45.53555679321289","16.32761001586914","16.32761001586914","16.32761001586914","61.65267562866211","61.65267562866211","61.65267562866211","45.635223388671875","45.635223388671875","45.635223388671875","15.437854766845703","15.437854766845703","15.437854766845703"
"5069","63.14668655395508","63.14668655395508","63.14668655395508","45.93568801879883","45.93568801879883","45.93568801879883","18.201318740844727","18.201318740844727","18.201318740844727","63.14951705932617","63.14951705932617","63.14951705932617","45.91220474243164","45.91220474243164","45.91220474243164","17.592662811279297","17.592662811279297","17.592662811279297"
"5099","62.50459289550781","62.50459289550781","62.50459289550781","46.7529182434082","46.7529182434082","46.7529182434082","17.701738357543945","17.701738357543945","17.701738357543945","62.4358024597168","62.4358024597168","62.4358024597168","46.81425094604492","46.81425094604492","46.81425094604492","17.13349723815918","17.13349723815918","17.13349723815918"
"5129","61.83521270751953","61.83521270751953","61.83521270751953","45.78206253051758","45.78206253051758","45.78206253051758","16.30570411682129","16.30570411682129","16.30570411682129","61.72763442993164","61.72763442993164","61.72763442993164","45.75497055053711","45.75497055053711","45.75497055053711","15.875429153442383","15.875429153442383","15.875429153442383"
"5159","99.94483947753906","99.94483947753906","99.94483947753906","57.4315185546875","57.4315185546875","57.4315185546875","18.63504981994629","18.63504981994629","18.63504981994629","100.37926483154297","100.37926483154297","100.37926483154297","57.482948303222656","57.482948303222656","57.482948303222656","17.96357536315918","17.96357536315918","17.96357536315918"
"5189","64.05068969726562","64.05068969726562","64.05068969726562","49.373924255371094","49.373924255371094","49.373924255371094","18.305883407592773","18.305883407592773","18.305883407592773","63.9390983581543","63.9390983581543","63.9390983581543","49.26465606689453","49.26465606689453","49.26465606689453","17.632997512817383","17.632997512817383","17.632997512817383"
"5219","65.96971893310547","65.96971893310547","65.96971893310547","49.9396858215332","49.9396858215332","49.9396858215332","19.239147186279297","19.239147186279297","19.239147186279297","65.80810546875","65.80810546875","65.80810546875","49.894256591796875","49.894256591796875","49.894256591796875","18.450965881347656","18.450965881347656","18.450965881347656"
"5249","60.697967529296875","60.697967529296875","60.697967529296875","45.808982849121094","45.808982849121094","45.808982849121094","15.964774131774902","15.964774131774902","15.964774131774902","60.68440628051758","60.68440628051758","60.68440628051758","45.80398941040039","45.80398941040039","45.80398941040039","15.32079029083252","15.32079029083252","15.32079029083252"
"5279","65.87596893310547","65.87596893310547","65.87596893310547","49.20219802856445","49.20219802856445","49.20219802856445","17.013553619384766","17.013553619384766","17.013553619384766","65.88335418701172","65.88335418701172","65.88335418701172","49.35667419433594","49.35667419433594","49.35667419433594","16.499906539916992","16.499906539916992","16.499906539916992"
"5309","62.0640869140625","62.0640869140625","62.0640869140625","50.46625900268555","50.46625900268555","50.46625900268555","15.170917510986328","15.170917510986328","15.170917510986328","62.16598129272461","62.16598129272461","62.16598129272461","47.33795928955078","47.33795928955078","47.33795928955078","14.534128189086914","14.534128189086914","14.534128189086914"
"5339","67.8200454711914","67.8200454711914","67.8200454711914","48.6591796875","48.6591796875","48.6591796875","18.148061752319336","18.148061752319336","18.148061752319336","68.4528579711914","68.4528579711914","68.4528579711914","51.2956428527832","51.2956428527832","51.2956428527832","17.583463668823242","17.583463668823242","17.583463668823242"
"5369","96.95425415039062","96.95425415039062","96.95425415039062","56.408348083496094","56.408348083496094","56.408348083496094","20.607162475585938","20.607162475585938","20.607162475585938","97.16741943359375","97.16741943359375","97.16741943359375","56.52070236206055","56.52070236206055","56.52070236206055","19.995136260986328","19.995136260986328","19.995136260986328"
"5399","56.67436218261719","56.67436218261719","56.67436218261719","40.289451599121094","40.289451599121094","40.289451599121094","13.391315460205078","13.391315460205078","13.391315460205078","56.56874084472656","56.56874084472656","56.56874084472656","40.2012825012207","40.2012825012207","40.2012825012207","13.155152320861816","13.155152320861816","13.155152320861816"
"5429","67.53704833984375","67.53704833984375","67.53704833984375","54.4294319152832","54.4294319152832","54.4294319152832","20.40943145751953","20.40943145751953","20.40943145751953","67.591064453125","67.591064453125","67.591064453125","54.45420455932617","54.45420455932617","54.45420455932617","19.559261322021484","19.559261322021484","19.559261322021484"
"5459","62.27336883544922","62.27336883544922","62.27336883544922","46.62883758544922","46.62883758544922","46.62883758544922","14.531068801879883","14.531068801879883","14.531068801879883","62.57072448730469","62.57072448730469","62.57072448730469","46.88778305053711","46.88778305053711","46.88778305053711","14.091535568237305","14.091535568237305","14.091535568237305"
"5489","62.8763542175293","62.8763542175293","62.8763542175293","44.40703201293945","44.40703201293945","44.40703201293945","14.94460391998291","14.94460391998291","14.94460391998291","62.8432502746582","62.8432502746582","62.8432502746582","44.281951904296875","44.281951904296875","44.281951904296875","14.520777702331543","14.520777702331543","14.520777702331543"
"5519","66.48452758789062","66.48452758789062","66.48452758789062","48.36185073852539","48.36185073852539","48.36185073852539","17.448497772216797","17.448497772216797","17.448497772216797","66.42672729492188","66.42672729492188","66.42672729492188","48.47538375854492","48.47538375854492","48.47538375854492","17.11968231201172","17.11968231201172","17.11968231201172"
"5549","62.02103805541992","62.02103805541992","62.02103805541992","47.42230224609375","47.42230224609375","47.42230224609375","17.046459197998047","17.046459197998047","17.046459197998047","62.0655403137207","62.0655403137207","62.0655403137207","47.39258575439453","47.39258575439453","47.39258575439453","16.629409790039062","16.629409790039062","16.629409790039062"
"5579","72.63237762451172","72.63237762451172","72.63237762451172","50.24489974975586","50.24489974975586","50.24489974975586","17.60338020324707","17.60338020324707","17.60338020324707","72.57969665527344","72.57969665527344","72.57969665527344","50.203857421875","50.203857421875","50.203857421875","16.78192901611328","16.78192901611328","16.78192901611328"
"5609","60.38751983642578","60.38751983642578","60.38751983642578","42.58173751831055","42.58173751831055","42.58173751831055","15.169099807739258","15.169099807739258","15.169099807739258","60.278076171875","60.278076171875","60.278076171875","43.25431442260742","43.25431442260742","43.25431442260742","14.743087768554688","14.743087768554688","14.743087768554688"
"5639","69.91320037841797","69.91320037841797","69.91320037841797","51.636600494384766","51.636600494384766","51.636600494384766","17.720245361328125","17.720245361328125","17.720245361328125","69.93756866455078","69.93756866455078","69.93756866455078","51.58399200439453","51.58399200439453","51.58399200439453","17.39836883544922","17.39836883544922","17.39836883544922"
"5669","71.3783187866211","71.3783187866211","71.3783187866211","50.6961555480957","50.6961555480957","50.6961555480957","19.178754806518555","19.178754806518555","19.178754806518555","71.3409423828125","71.3409423828125","71.3409423828125","50.772674560546875","50.772674560546875","50.772674560546875","18.561872482299805","18.561872482299805","18.561872482299805"
"5699","104.32050323486328","104.32050323486328","104.32050323486328","48.81623840332031","48.81623840332031","48.81623840332031","15.094074249267578","15.094074249267578","15.094074249267578","103.9921875","103.9921875","103.9921875","48.80663299560547","48.80663299560547","48.80663299560547","14.823421478271484","14.823421478271484","14.823421478271484"
"5729","64.89421844482422","64.89421844482422","64.89421844482422","45.44670486450195","45.44670486450195","45.44670486450195","16.46099090576172","16.46099090576172","16.46099090576172","64.74593353271484","64.74593353271484","64.74593353271484","45.46375274658203","45.46375274658203","45.46375274658203","15.889994621276855","15.889994621276855","15.889994621276855"
"5759","59.44218444824219","59.44218444824219","59.44218444824219","42.10008239746094","42.10008239746094","42.10008239746094","15.07811164855957","15.07811164855957","15.07811164855957","59.37656021118164","59.37656021118164","59.37656021118164","42.12721633911133","42.12721633911133","42.12721633911133","14.585710525512695","14.585710525512695","14.585710525512695"
"5789","61.64202880859375","61.64202880859375","61.64202880859375","43.88914108276367","43.88914108276367","43.88914108276367","15.25439167022705","15.25439167022705","15.25439167022705","61.60476303100586","61.60476303100586","61.60476303100586","43.86353302001953","43.86353302001953","43.86353302001953","14.88379955291748","14.88379955291748","14.88379955291748"
"5819","68.24763488769531","68.24763488769531","68.24763488769531","52.0336799621582","52.0336799621582","52.0336799621582","19.017623901367188","19.017623901367188","19.017623901367188","68.1609878540039","68.1609878540039","68.1609878540039","51.97705841064453","51.97705841064453","51.97705841064453","18.36188316345215","18.36188316345215","18.36188316345215"
"5849","64.60326385498047","64.60326385498047","64.60326385498047","48.45920944213867","48.45920944213867","48.45920944213867","17.204051971435547","17.204051971435547","17.204051971435547","64.60820770263672","64.60820770263672","64.60820770263672","48.53280258178711","48.53280258178711","48.53280258178711","16.565059661865234","16.565059661865234","16.565059661865234"
"5879","60.977996826171875","60.977996826171875","60.977996826171875","45.51197814941406","45.51197814941406","45.51197814941406","17.01236343383789","17.01236343383789","17.01236343383789","60.90946960449219","60.90946960449219","60.90946960449219","45.469207763671875","45.469207763671875","45.469207763671875","16.57807731628418","16.57807731628418","16.57807731628418"
"5909","58.89286422729492","58.89286422729492","58.89286422729492","42.79720687866211","42.79720687866211","42.79720687866211","15.458833694458008","15.458833694458008","15.458833694458008","58.81623840332031","58.81623840332031","58.81623840332031","42.72899627685547","42.72899627685547","42.72899627685547","15.112004280090332","15.112004280090332","15.112004280090332"
"5939","95.3956069946289","95.3956069946289","95.3956069946289","52.26292037963867","52.26292037963867","52.26292037963867","16.425987243652344","16.425987243652344","16.425987243652344","95.5179672241211","95.5179672241211","95.5179672241211","52.285980224609375","52.285980224609375","52.285980224609375","16.06232452392578","16.06232452392578","16.06232452392578"
"5969","64.03022003173828","64.03022003173828","64.03022003173828","46.55735397338867","46.55735397338867","46.55735397338867","16.94066047668457","16.94066047668457","16.94066047668457","64.10143280029297","64.10143280029297","64.10143280029297","46.59426498413086","46.59426498413086","46.59426498413086","16.480619430541992","16.480619430541992","16.480619430541992"
"5999","66.5874252319336","66.5874252319336","66.5874252319336","51.44710922241211","51.44710922241211","51.44710922241211","19.80950927734375","19.80950927734375","19.80950927734375","66.54153442382812","66.54153442382812","66.54153442382812","51.509033203125","51.509033203125","51.509033203125","19.451414108276367","19.451414108276367","19.451414108276367"
"6029","67.4474105834961","67.4474105834961","67.4474105834961","50.079227447509766","50.079227447509766","50.079227447509766","18.12757110595703","18.12757110595703","18.12757110595703","67.3168716430664","67.3168716430664","67.3168716430664","49.93666458129883","49.93666458129883","49.93666458129883","17.672740936279297","17.672740936279297","17.672740936279297"
"6059","70.12086486816406","70.12086486816406","70.12086486816406","47.32796859741211","47.32796859741211","47.32796859741211","18.153043746948242","18.153043746948242","18.153043746948242","70.03812408447266","70.03812408447266","70.03812408447266","47.41869354248047","47.41869354248047","47.41869354248047","17.62097930908203","17.62097930908203","17.62097930908203"
"6089","60.94840621948242","60.94840621948242","60.94840621948242","44.61494064331055","44.61494064331055","44.61494064331055","16.717897415161133","16.717897415161133","16.717897415161133","60.852298736572266","60.852298736572266","60.852298736572266","44.51594543457031","44.51594543457031","44.51594543457031","16.25208854675293","16.25208854675293","16.25208854675293"
"6119","62.40205764770508","62.40205764770508","62.40205764770508","44.8509407043457","44.8509407043457","44.8509407043457","17.020204544067383","17.020204544067383","17.020204544067383","62.41610336303711","62.41610336303711","62.41610336303711","44.71207809448242","44.71207809448242","44.71207809448242","16.54334831237793","16.54334831237793","16.54334831237793"
"6149","56.85143280029297","56.85143280029297","56.85143280029297","39.15603256225586","39.15603256225586","39.15603256225586","14.728050231933594","14.728050231933594","14.728050231933594","56.65964126586914","56.65964126586914","56.65964126586914","39.19281005859375","39.19281005859375","39.19281005859375","14.334311485290527","14.334311485290527","14.334311485290527"
"6179","59.7437744140625","59.7437744140625","59.7437744140625","40.53337097167969","40.53337097167969","40.53337097167969","15.213790893554688","15.213790893554688","15.213790893554688","59.74729919433594","59.74729919433594","59.74729919433594","40.50587463378906","40.50587463378906","40.50587463378906","14.817461013793945","14.817461013793945","14.817461013793945"
"6209","76.46350860595703","76.46350860595703","76.46350860595703","52.03761672973633","52.03761672973633","52.03761672973633","17.39089012145996","17.39089012145996","17.39089012145996","76.32608032226562","76.32608032226562","76.32608032226562","52.008689880371094","52.008689880371094","52.008689880371094","16.74109649658203","16.74109649658203","16.74109649658203"
"6239","64.03126525878906","64.03126525878906","64.03126525878906","44.788490295410156","44.788490295410156","44.788490295410156","16.179121017456055","16.179121017456055","16.179121017456055","64.0089111328125","64.0089111328125","64.0089111328125","44.787010192871094","44.787010192871094","44.787010192871094","15.638229370117188","15.638229370117188","15.638229370117188"
"6269","67.23677062988281","67.23677062988281","67.23677062988281","48.78498840332031","48.78498840332031","48.78498840332031","17.739683151245117","17.739683151245117","17.739683151245117","67.2578125","67.2578125","67.2578125","48.671512603759766","48.671512603759766","48.671512603759766","17.348453521728516","17.348453521728516","17.348453521728516"
"6299","66.0668716430664","66.0668716430664","66.0668716430664","50.21284866333008","50.21284866333008","50.21284866333008","18.392805099487305","18.392805099487305","18.392805099487305","66.11000061035156","66.11000061035156","66.11000061035156","50.23838806152344","50.23838806152344","50.23838806152344","17.774913787841797","17.774913787841797","17.774913787841797"
"6329","101.34351348876953","101.34351348876953","101.34351348876953","55.47981262207031","55.47981262207031","55.47981262207031","18.47255516052246","18.47255516052246","18.47255516052246","101.49034118652344","101.49034118652344","101.49034118652344","55.38121032714844","55.38121032714844","55.38121032714844","17.68726921081543","17.68726921081543","17.68726921081543"
"6359","64.52738189697266","64.52738189697266","64.52738189697266","53.152469635009766","53.152469635009766","53.152469635009766","14.94654655456543","14.94654655456543","14.94654655456543","64.57910919189453","64.57910919189453","64.57910919189453","55.06181335449219","55.06181335449219","55.06181335449219","14.495487213134766","14.495487213134766","14.495487213134766"
"6389","63.05820083618164","63.05820083618164","63.05820083618164","43.00430679321289","43.00430679321289","43.00430679321289","16.79376983642578","16.79376983642578","16.79376983642578","63.07684326171875","63.07684326171875","63.07684326171875","42.93226623535156","42.93226623535156","42.93226623535156","16.24483871459961","16.24483871459961","16.24483871459961"
"6419","63.618553161621094","63.618553161621094","63.618553161621094","40.80301284790039","40.80301284790039","40.80301284790039","15.104267120361328","15.104267120361328","15.104267120361328","63.57220458984375","63.57220458984375","63.57220458984375","40.83302688598633","40.83302688598633","40.83302688598633","14.430659294128418","14.430659294128418","14.430659294128418"
"6449","65.43267059326172","65.43267059326172","65.43267059326172","44.61726379394531","44.61726379394531","44.61726379394531","15.430742263793945","15.430742263793945","15.430742263793945","65.3277359008789","65.3277359008789","65.3277359008789","44.57155227661133","44.57155227661133","44.57155227661133","14.907458305358887","14.907458305358887","14.907458305358887"
"6479","61.272220611572266","61.272220611572266","61.272220611572266","43.233367919921875","43.233367919921875","43.233367919921875","15.537196159362793","15.537196159362793","15.537196159362793","61.39495849609375","61.39495849609375","61.39495849609375","43.24392318725586","43.24392318725586","43.24392318725586","14.870279312133789","14.870279312133789","14.870279312133789"
"6509","91.76050567626953","91.76050567626953","91.76050567626953","49.27815628051758","49.27815628051758","49.27815628051758","16.472259521484375","16.472259521484375","16.472259521484375","91.98709869384766","91.98709869384766","91.98709869384766","49.11055374145508","49.11055374145508","49.11055374145508","15.983612060546875","15.983612060546875","15.983612060546875"
"6539","69.77001953125","69.77001953125","69.77001953125","47.07317352294922","47.07317352294922","47.07317352294922","16.512784957885742","16.512784957885742","16.512784957885742","69.69935607910156","69.69935607910156","69.69935607910156","47.02425765991211","47.02425765991211","47.02425765991211","16.04161262512207","16.04161262512207","16.04161262512207"
"6569","63.16613006591797","63.16613006591797","63.16613006591797","45.73918914794922","45.73918914794922","45.73918914794922","16.724079132080078","16.724079132080078","16.724079132080078","63.00613021850586","63.00613021850586","63.00613021850586","45.716941833496094","45.716941833496094","45.716941833496094","16.129837036132812","16.129837036132812","16.129837036132812"
"6599","62.674461364746094","62.674461364746094","62.674461364746094","44.60369110107422","44.60369110107422","44.60369110107422","16.98487091064453","16.98487091064453","16.98487091064453","62.51826095581055","62.51826095581055","62.51826095581055","44.66285705566406","44.66285705566406","44.66285705566406","16.395999908447266","16.395999908447266","16.395999908447266"
"6629","60.67642593383789","60.67642593383789","60.67642593383789","43.95806121826172","43.95806121826172","43.95806121826172","16.33212661743164","16.33212661743164","16.33212661743164","60.67808532714844","60.67808532714844","60.67808532714844","43.88839340209961","43.88839340209961","43.88839340209961","15.895438194274902","15.895438194274902","15.895438194274902"
"6659","74.41539001464844","74.41539001464844","74.41539001464844","47.005741119384766","47.005741119384766","47.005741119384766","15.679279327392578","15.679279327392578","15.679279327392578","74.2425308227539","74.2425308227539","74.2425308227539","46.996795654296875","46.996795654296875","46.996795654296875","15.162184715270996","15.162184715270996","15.162184715270996"
"6689","57.67780685424805","57.67780685424805","57.67780685424805","39.83633804321289","39.83633804321289","39.83633804321289","15.203906059265137","15.203906059265137","15.203906059265137","57.67391586303711","57.67391586303711","57.67391586303711","39.91295623779297","39.91295623779297","39.91295623779297","14.732328414916992","14.732328414916992","14.732328414916992"
"6719","61.45278549194336","61.45278549194336","61.45278549194336","43.93899917602539","43.93899917602539","43.93899917602539","16.87148094177246","16.87148094177246","16.87148094177246","61.483642578125","61.483642578125","61.483642578125","43.840667724609375","43.840667724609375","43.840667724609375","16.500898361206055","16.500898361206055","16.500898361206055"
"6749","81.1260757446289","81.1260757446289","81.1260757446289","44.086673736572266","44.086673736572266","44.086673736572266","15.090737342834473","15.090737342834473","15.090737342834473","80.96775817871094","80.96775817871094","80.96775817871094","44.05431365966797","44.05431365966797","44.05431365966797","14.54381275177002","14.54381275177002","14.54381275177002"
"6779","61.66108322143555","61.66108322143555","61.66108322143555","38.92790985107422","38.92790985107422","38.92790985107422","13.317083358764648","13.317083358764648","13.317083358764648","61.60353469848633","61.60353469848633","61.60353469848633","38.82915115356445","38.82915115356445","38.82915115356445","12.807255744934082","12.807255744934082","12.807255744934082"
"6809","61.87112808227539","61.87112808227539","61.87112808227539","42.85528564453125","42.85528564453125","42.85528564453125","16.2401123046875","16.2401123046875","16.2401123046875","61.83884048461914","61.83884048461914","61.83884048461914","42.86344528198242","42.86344528198242","42.86344528198242","15.909621238708496","15.909621238708496","15.909621238708496"
"6839","104.56514739990234","104.56514739990234","104.56514739990234","56.805908203125","56.805908203125","56.805908203125","19.556406021118164","19.556406021118164","19.556406021118164","105.30048370361328","105.30048370361328","105.30048370361328","56.62051773071289","56.62051773071289","56.62051773071289","18.87140655517578","18.87140655517578","18.87140655517578"
"6869","57.26205825805664","57.26205825805664","57.26205825805664","38.17538070678711","38.17538070678711","38.17538070678711","14.754168510437012","14.754168510437012","14.754168510437012","57.23106002807617","57.23106002807617","57.23106002807617","38.13837814331055","38.13837814331055","38.13837814331055","14.156200408935547","14.156200408935547","14.156200408935547"
"6899","66.21625518798828","66.21625518798828","66.21625518798828","50.525848388671875","50.525848388671875","50.525848388671875","17.46820831298828","17.46820831298828","17.46820831298828","65.96623992919922","65.96623992919922","65.96623992919922","53.02561569213867","53.02561569213867","53.02561569213867","17.26632308959961","17.26632308959961","17.26632308959961"
"6929","60.704383850097656","60.704383850097656","60.704383850097656","40.87785720825195","40.87785720825195","40.87785720825195","14.223941802978516","14.223941802978516","14.223941802978516","60.58769226074219","60.58769226074219","60.58769226074219","40.73975372314453","40.73975372314453","40.73975372314453","13.85488510131836","13.85488510131836","13.85488510131836"
"6959","60.849266052246094","60.849266052246094","60.849266052246094","41.836219787597656","41.836219787597656","41.836219787597656","14.72045612335205","14.72045612335205","14.72045612335205","60.83025360107422","60.83025360107422","60.83025360107422","41.70444107055664","41.70444107055664","41.70444107055664","14.201128959655762","14.201128959655762","14.201128959655762"
"6989","61.0682487487793","61.0682487487793","61.0682487487793","43.91184616088867","43.91184616088867","43.91184616088867","16.145524978637695","16.145524978637695","16.145524978637695","60.93318557739258","60.93318557739258","60.93318557739258","44.01716613769531","44.01716613769531","44.01716613769531","15.648640632629395","15.648640632629395","15.648640632629395"
"7019","61.77397155761719","61.77397155761719","61.77397155761719","43.993370056152344","43.993370056152344","43.993370056152344","15.147615432739258","15.147615432739258","15.147615432739258","61.74540328979492","61.74540328979492","61.74540328979492","44.16937255859375","44.16937255859375","44.16937255859375","14.656813621520996","14.656813621520996","14.656813621520996"
"7049","79.8892593383789","79.8892593383789","79.8892593383789","53.63108825683594","53.63108825683594","53.63108825683594","19.25048065185547","19.25048065185547","19.25048065185547","79.8545150756836","79.8545150756836","79.8545150756836","53.71348571777344","53.71348571777344","53.71348571777344","18.630136489868164","18.630136489868164","18.630136489868164"
"7079","60.87234115600586","60.87234115600586","60.87234115600586","41.50539016723633","41.50539016723633","41.50539016723633","13.89942741394043","13.89942741394043","13.89942741394043","60.73428726196289","60.73428726196289","60.73428726196289","41.393028259277344","41.393028259277344","41.393028259277344","13.637996673583984","13.637996673583984","13.637996673583984"
"7109","58.71249771118164","58.71249771118164","58.71249771118164","40.94361114501953","40.94361114501953","40.94361114501953","15.168415069580078","15.168415069580078","15.168415069580078","58.71630859375","58.71630859375","58.71630859375","40.90771484375","40.90771484375","40.90771484375","14.64840030670166","14.64840030670166","14.64840030670166"
"7139","60.370487213134766","60.370487213134766","60.370487213134766","44.06357192993164","44.06357192993164","44.06357192993164","15.925826072692871","15.925826072692871","15.925826072692871","60.26319122314453","60.26319122314453","60.26319122314453","44.09634780883789","44.09634780883789","44.09634780883789","15.651164054870605","15.651164054870605","15.651164054870605"
"7169","60.67676544189453","60.67676544189453","60.67676544189453","42.97750473022461","42.97750473022461","42.97750473022461","16.811187744140625","16.811187744140625","16.811187744140625","60.64783477783203","60.64783477783203","60.64783477783203","43.04507064819336","43.04507064819336","43.04507064819336","16.42797088623047","16.42797088623047","16.42797088623047"
"7199","59.62104797363281","59.62104797363281","59.62104797363281","39.82493209838867","39.82493209838867","39.82493209838867","13.94704818725586","13.94704818725586","13.94704818725586","59.54764938354492","59.54764938354492","59.54764938354492","39.76201629638672","39.76201629638672","39.76201629638672","13.63656997680664","13.63656997680664","13.63656997680664"
"7229","59.29323196411133","59.29323196411133","59.29323196411133","42.11852264404297","42.11852264404297","42.11852264404297","13.44729995727539","13.44729995727539","13.44729995727539","59.35634231567383","59.35634231567383","59.35634231567383","42.09690856933594","42.09690856933594","42.09690856933594","13.06406307220459","13.06406307220459","13.06406307220459"
"7259","73.64334106445312","73.64334106445312","73.64334106445312","46.3779182434082","46.3779182434082","46.3779182434082","16.409170150756836","16.409170150756836","16.409170150756836","73.83232879638672","73.83232879638672","73.83232879638672","44.86402130126953","44.86402130126953","44.86402130126953","15.669239044189453","15.669239044189453","15.669239044189453"
"7289","57.829383850097656","57.829383850097656","57.829383850097656","42.59967041015625","42.59967041015625","42.59967041015625","16.250043869018555","16.250043869018555","16.250043869018555","57.61985397338867","57.61985397338867","57.61985397338867","42.57005310058594","42.57005310058594","42.57005310058594","15.751903533935547","15.751903533935547","15.751903533935547"
"7319","59.429832458496094","59.429832458496094","59.429832458496094","37.49151611328125","37.49151611328125","37.49151611328125","13.765446662902832","13.765446662902832","13.765446662902832","59.30065155029297","59.30065155029297","59.30065155029297","37.4758415222168","37.4758415222168","37.4758415222168","13.317333221435547","13.317333221435547","13.317333221435547"
"7349","59.58651351928711","59.58651351928711","59.58651351928711","43.78349685668945","43.78349685668945","43.78349685668945","17.716264724731445","17.716264724731445","17.716264724731445","59.56767272949219","59.56767272949219","59.56767272949219","43.84311294555664","43.84311294555664","43.84311294555664","17.63075828552246","17.63075828552246","17.63075828552246"
"7379","50.922176361083984","50.922176361083984","50.922176361083984","34.91749954223633","34.91749954223633","34.91749954223633","14.42819881439209","14.42819881439209","14.42819881439209","50.94100570678711","50.94100570678711","50.94100570678711","34.7667236328125","34.7667236328125","34.7667236328125","13.81790542602539","13.81790542602539","13.81790542602539"
"7409","60.25735092163086","60.25735092163086","60.25735092163086","41.646240234375","41.646240234375","41.646240234375","13.906397819519043","13.906397819519043","13.906397819519043","60.23238754272461","60.23238754272461","60.23238754272461","41.50818634033203","41.50818634033203","41.50818634033203","13.514260292053223","13.514260292053223","13.514260292053223"
"7439","62.283973693847656","62.283973693847656","62.283973693847656","40.78081130981445","40.78081130981445","40.78081130981445","15.010088920593262","15.010088920593262","15.010088920593262","62.26091766357422","62.26091766357422","62.26091766357422","40.80785369873047","40.80785369873047","40.80785369873047","14.48062801361084","14.48062801361084","14.48062801361084"
"7469","57.129661560058594","57.129661560058594","57.129661560058594","40.13457489013672","40.13457489013672","40.13457489013672","14.909257888793945","14.909257888793945","14.909257888793945","57.048377990722656","57.048377990722656","57.048377990722656","40.14677810668945","40.14677810668945","40.14677810668945","14.513994216918945","14.513994216918945","14.513994216918945"
"7499","62.73739242553711","62.73739242553711","62.73739242553711","44.97768020629883","44.97768020629883","44.97768020629883","17.289316177368164","17.289316177368164","17.289316177368164","62.78704833984375","62.78704833984375","62.78704833984375","44.899017333984375","44.899017333984375","44.899017333984375","16.446044921875","16.446044921875","16.446044921875"
"7529","59.07386016845703","59.07386016845703","59.07386016845703","40.50241470336914","40.50241470336914","40.50241470336914","15.846945762634277","15.846945762634277","15.846945762634277","59.31380081176758","59.31380081176758","59.31380081176758","40.520896911621094","40.520896911621094","40.520896911621094","15.627429008483887","15.627429008483887","15.627429008483887"
"7559","59.8542366027832","59.8542366027832","59.8542366027832","40.056480407714844","40.056480407714844","40.056480407714844","15.239898681640625","15.239898681640625","15.239898681640625","59.94860076904297","59.94860076904297","59.94860076904297","40.06421661376953","40.06421661376953","40.06421661376953","14.73491096496582","14.73491096496582","14.73491096496582"
"7589","58.33427429199219","58.33427429199219","58.33427429199219","40.58399200439453","40.58399200439453","40.58399200439453","15.284042358398438","15.284042358398438","15.284042358398438","58.18456268310547","58.18456268310547","58.18456268310547","40.60570526123047","40.60570526123047","40.60570526123047","14.922316551208496","14.922316551208496","14.922316551208496"
"7619","68.85090637207031","68.85090637207031","68.85090637207031","41.689537048339844","41.689537048339844","41.689537048339844","15.0108003616333","15.0108003616333","15.0108003616333","69.15070343017578","69.15070343017578","69.15070343017578","41.429161071777344","41.429161071777344","41.429161071777344","14.500978469848633","14.500978469848633","14.500978469848633"
"7649","59.3085823059082","59.3085823059082","59.3085823059082","41.47793960571289","41.47793960571289","41.47793960571289","15.957795143127441","15.957795143127441","15.957795143127441","59.2591667175293","59.2591667175293","59.2591667175293","41.49816131591797","41.49816131591797","41.49816131591797","15.617623329162598","15.617623329162598","15.617623329162598"
"7679","55.93406677246094","55.93406677246094","55.93406677246094","42.171356201171875","42.171356201171875","42.171356201171875","15.900410652160645","15.900410652160645","15.900410652160645","55.83400344848633","55.83400344848633","55.83400344848633","42.11957931518555","42.11957931518555","42.11957931518555","15.417939186096191","15.417939186096191","15.417939186096191"
"7709","66.20978546142578","66.20978546142578","66.20978546142578","43.87001037597656","43.87001037597656","43.87001037597656","15.858757019042969","15.858757019042969","15.858757019042969","66.32843780517578","66.32843780517578","66.32843780517578","43.94959259033203","43.94959259033203","43.94959259033203","15.426852226257324","15.426852226257324","15.426852226257324"
"7739","62.218807220458984","62.218807220458984","62.218807220458984","43.43663787841797","43.43663787841797","43.43663787841797","16.339223861694336","16.339223861694336","16.339223861694336","62.28307342529297","62.28307342529297","62.28307342529297","43.44501495361328","43.44501495361328","43.44501495361328","15.812838554382324","15.812838554382324","15.812838554382324"
"7769","58.23062515258789","58.23062515258789","58.23062515258789","37.42855453491211","37.42855453491211","37.42855453491211","12.282597541809082","12.282597541809082","12.282597541809082","58.39081573486328","58.39081573486328","58.39081573486328","37.466888427734375","37.466888427734375","37.466888427734375","12.189202308654785","12.189202308654785","12.189202308654785"
"7799","61.27580261230469","61.27580261230469","61.27580261230469","44.81740188598633","44.81740188598633","44.81740188598633","18.450531005859375","18.450531005859375","18.450531005859375","61.21435546875","61.21435546875","61.21435546875","44.77342987060547","44.77342987060547","44.77342987060547","17.943578720092773","17.943578720092773","17.943578720092773"
"7829","58.43563461303711","58.43563461303711","58.43563461303711","39.36814498901367","39.36814498901367","39.36814498901367","14.732722282409668","14.732722282409668","14.732722282409668","58.38768768310547","58.38768768310547","58.38768768310547","39.09563446044922","39.09563446044922","39.09563446044922","14.36441707611084","14.36441707611084","14.36441707611084"
"7859","61.94850540161133","61.94850540161133","61.94850540161133","44.13673782348633","44.13673782348633","44.13673782348633","17.837745666503906","17.837745666503906","17.837745666503906","61.93699264526367","61.93699264526367","61.93699264526367","44.17474365234375","44.17474365234375","44.17474365234375","17.389408111572266","17.389408111572266","17.389408111572266"
"7889","63.74350357055664","63.74350357055664","63.74350357055664","42.96318817138672","42.96318817138672","42.96318817138672","14.933316230773926","14.933316230773926","14.933316230773926","63.798065185546875","63.798065185546875","63.798065185546875","43.00929641723633","43.00929641723633","43.00929641723633","14.565715789794922","14.565715789794922","14.565715789794922"
"7919","53.25581359863281","53.25581359863281","53.25581359863281","37.13494873046875","37.13494873046875","37.13494873046875","14.643059730529785","14.643059730529785","14.643059730529785","53.22041702270508","53.22041702270508","53.22041702270508","37.23940658569336","37.23940658569336","37.23940658569336","14.199621200561523","14.199621200561523","14.199621200561523"
"7949","54.53689956665039","54.53689956665039","54.53689956665039","37.14186096191406","37.14186096191406","37.14186096191406","13.108255386352539","13.108255386352539","13.108255386352539","54.6160774230957","54.6160774230957","54.6160774230957","37.00185775756836","37.00185775756836","37.00185775756836","12.459060668945312","12.459060668945312","12.459060668945312"
"7979","59.4315299987793","59.4315299987793","59.4315299987793","36.71061325073242","36.71061325073242","36.71061325073242","14.696691513061523","14.696691513061523","14.696691513061523","59.37775421142578","59.37775421142578","59.37775421142578","36.755523681640625","36.755523681640625","36.755523681640625","14.369388580322266","14.369388580322266","14.369388580322266"
"8009","55.37744903564453","55.37744903564453","55.37744903564453","40.74909973144531","40.74909973144531","40.74909973144531","13.431066513061523","13.431066513061523","13.431066513061523","55.437225341796875","55.437225341796875","55.437225341796875","39.856201171875","39.856201171875","39.856201171875","12.893964767456055","12.893964767456055","12.893964767456055"
"8039","59.4707145690918","59.4707145690918","59.4707145690918","42.02389144897461","42.02389144897461","42.02389144897461","16.05845832824707","16.05845832824707","16.05845832824707","59.38102340698242","59.38102340698242","59.38102340698242","42.04619216918945","42.04619216918945","42.04619216918945","15.56633472442627","15.56633472442627","15.56633472442627"
"8069","65.71405792236328","65.71405792236328","65.71405792236328","45.754886627197266","45.754886627197266","45.754886627197266","17.015697479248047","17.015697479248047","17.015697479248047","65.925537109375","65.925537109375","65.925537109375","45.6259765625","45.6259765625","45.6259765625","16.657291412353516","16.657291412353516","16.657291412353516"
"8099","59.5365104675293","59.5365104675293","59.5365104675293","42.48193359375","42.48193359375","42.48193359375","13.472331047058105","13.472331047058105","13.472331047058105","59.57213592529297","59.57213592529297","59.57213592529297","42.456260681152344","42.456260681152344","42.456260681152344","13.086727142333984","13.086727142333984","13.086727142333984"
"8129","57.906253814697266","57.906253814697266","57.906253814697266","38.11253356933594","38.11253356933594","38.11253356933594","13.712041854858398","13.712041854858398","13.712041854858398","57.83802795410156","57.83802795410156","57.83802795410156","38.101566314697266","38.101566314697266","38.101566314697266","13.49718952178955","13.49718952178955","13.49718952178955"
"8159","57.39472198486328","57.39472198486328","57.39472198486328","39.91078186035156","39.91078186035156","39.91078186035156","15.084139823913574","15.084139823913574","15.084139823913574","57.44504928588867","57.44504928588867","57.44504928588867","39.83978271484375","39.83978271484375","39.83978271484375","14.661971092224121","14.661971092224121","14.661971092224121"
"8189","68.85640716552734","68.85640716552734","68.85640716552734","50.66645050048828","50.66645050048828","50.66645050048828","17.596027374267578","17.596027374267578","17.596027374267578","68.76398468017578","68.76398468017578","68.76398468017578","50.23739242553711","50.23739242553711","50.23739242553711","17.071413040161133","17.071413040161133","17.071413040161133"
"8219","61.76378631591797","61.76378631591797","61.76378631591797","43.582542419433594","43.582542419433594","43.582542419433594","14.964862823486328","14.964862823486328","14.964862823486328","61.55165481567383","61.55165481567383","61.55165481567383","44.05125045776367","44.05125045776367","44.05125045776367","14.83195972442627","14.83195972442627","14.83195972442627"
"8249","59.9815788269043","59.9815788269043","59.9815788269043","41.38669967651367","41.38669967651367","41.38669967651367","14.962321281433105","14.962321281433105","14.962321281433105","60.0345458984375","60.0345458984375","60.0345458984375","41.27532196044922","41.27532196044922","41.27532196044922","14.586630821228027","14.586630821228027","14.586630821228027"
"8279","61.94824981689453","61.94824981689453","61.94824981689453","40.978118896484375","40.978118896484375","40.978118896484375","15.9363431930542","15.9363431930542","15.9363431930542","62.03764343261719","62.03764343261719","62.03764343261719","41.13961410522461","41.13961410522461","41.13961410522461","15.655824661254883","15.655824661254883","15.655824661254883"
"8309","60.339656829833984","60.339656829833984","60.339656829833984","38.52191162109375","38.52191162109375","38.52191162109375","14.294294357299805","14.294294357299805","14.294294357299805","60.25143814086914","60.25143814086914","60.25143814086914","38.5656623840332","38.5656623840332","38.5656623840332","14.084137916564941","14.084137916564941","14.084137916564941"
"8339","58.14097213745117","58.14097213745117","58.14097213745117","40.98651123046875","40.98651123046875","40.98651123046875","14.384684562683105","14.384684562683105","14.384684562683105","58.22113037109375","58.22113037109375","58.22113037109375","41.00038146972656","41.00038146972656","41.00038146972656","13.974027633666992","13.974027633666992","13.974027633666992"
"8369","59.8862190246582","59.8862190246582","59.8862190246582","44.86452865600586","44.86452865600586","44.86452865600586","15.588261604309082","15.588261604309082","15.588261604309082","59.823020935058594","59.823020935058594","59.823020935058594","44.851375579833984","44.851375579833984","44.851375579833984","15.009623527526855","15.009623527526855","15.009623527526855"
"8399","65.99771118164062","65.99771118164062","65.99771118164062","46.01738357543945","46.01738357543945","46.01738357543945","17.466777801513672","17.466777801513672","17.466777801513672","66.02851104736328","66.02851104736328","66.02851104736328","45.94145584106445","45.94145584106445","45.94145584106445","16.919233322143555","16.919233322143555","16.919233322143555"
"8429","66.38968658447266","66.38968658447266","66.38968658447266","57.55367660522461","57.55367660522461","57.55367660522461","17.89794921875","17.89794921875","17.89794921875","65.27599334716797","65.27599334716797","65.27599334716797","55.362464904785156","55.362464904785156","55.362464904785156","17.423389434814453","17.423389434814453","17.423389434814453"
"8459","54.42230224609375","54.42230224609375","54.42230224609375","36.32158279418945","36.32158279418945","36.32158279418945","13.321685791015625","13.321685791015625","13.321685791015625","54.09947967529297","54.09947967529297","54.09947967529297","36.06819152832031","36.06819152832031","36.06819152832031","12.87718391418457","12.87718391418457","12.87718391418457"
"8489","62.54256820678711","62.54256820678711","62.54256820678711","43.436058044433594","43.436058044433594","43.436058044433594","14.791635513305664","14.791635513305664","14.791635513305664","62.71846389770508","62.71846389770508","62.71846389770508","43.33089828491211","43.33089828491211","43.33089828491211","14.507125854492188","14.507125854492188","14.507125854492188"
"8519","61.38427734375","61.38427734375","61.38427734375","41.389339447021484","41.389339447021484","41.389339447021484","13.422826766967773","13.422826766967773","13.422826766967773","61.50157165527344","61.50157165527344","61.50157165527344","40.86052322387695","40.86052322387695","40.86052322387695","13.093645095825195","13.093645095825195","13.093645095825195"
"8549","64.55986022949219","64.55986022949219","64.55986022949219","43.531394958496094","43.531394958496094","43.531394958496094","16.16415786743164","16.16415786743164","16.16415786743164","64.69189453125","64.69189453125","64.69189453125","43.53900146484375","43.53900146484375","43.53900146484375","15.476847648620605","15.476847648620605","15.476847648620605"
"8579","58.79363250732422","58.79363250732422","58.79363250732422","38.69583511352539","38.69583511352539","38.69583511352539","14.449420928955078","14.449420928955078","14.449420928955078","58.90678405761719","58.90678405761719","58.90678405761719","41.08094787597656","41.08094787597656","41.08094787597656","14.055278778076172","14.055278778076172","14.055278778076172"
"8609","58.98423767089844","58.98423767089844","58.98423767089844","42.12646484375","42.12646484375","42.12646484375","16.793684005737305","16.793684005737305","16.793684005737305","59.00559616088867","59.00559616088867","59.00559616088867","41.99623489379883","41.99623489379883","41.99623489379883","16.201574325561523","16.201574325561523","16.201574325561523"
"8639","64.7801513671875","64.7801513671875","64.7801513671875","43.61113357543945","43.61113357543945","43.61113357543945","17.061222076416016","17.061222076416016","17.061222076416016","64.6580810546875","64.6580810546875","64.6580810546875","43.54196548461914","43.54196548461914","43.54196548461914","16.338014602661133","16.338014602661133","16.338014602661133"
"8669","54.588104248046875","54.588104248046875","54.588104248046875","38.257362365722656","38.257362365722656","38.257362365722656","15.028935432434082","15.028935432434082","15.028935432434082","54.504920959472656","54.504920959472656","54.504920959472656","38.2021598815918","38.2021598815918","38.2021598815918","14.488404273986816","14.488404273986816","14.488404273986816"
"8699","57.78031539916992","57.78031539916992","57.78031539916992","37.30427169799805","37.30427169799805","37.30427169799805","14.916976928710938","14.916976928710938","14.916976928710938","57.72578811645508","57.72578811645508","57.72578811645508","37.3243408203125","37.3243408203125","37.3243408203125","14.419445037841797","14.419445037841797","14.419445037841797"
"8729","63.425048828125","63.425048828125","63.425048828125","42.77763748168945","42.77763748168945","42.77763748168945","17.24069595336914","17.24069595336914","17.24069595336914","63.472259521484375","63.472259521484375","63.472259521484375","42.68268585205078","42.68268585205078","42.68268585205078","16.918699264526367","16.918699264526367","16.918699264526367"
"8759","63.84762954711914","63.84762954711914","63.84762954711914","45.83743667602539","45.83743667602539","45.83743667602539","17.228586196899414","17.228586196899414","17.228586196899414","63.87482452392578","63.87482452392578","63.87482452392578","45.92628860473633","45.92628860473633","45.92628860473633","16.687219619750977","16.687219619750977","16.687219619750977"
"8789","65.8415298461914","65.8415298461914","65.8415298461914","51.40013122558594","51.40013122558594","51.40013122558594","19.29180335998535","19.29180335998535","19.29180335998535","65.77018737792969","65.77018737792969","65.77018737792969","50.47041320800781","50.47041320800781","50.47041320800781","18.65651512145996","18.65651512145996","18.65651512145996"
"8819","58.98164367675781","58.98164367675781","58.98164367675781","40.86964797973633","40.86964797973633","40.86964797973633","15.634692192077637","15.634692192077637","15.634692192077637","58.72589874267578","58.72589874267578","58.72589874267578","40.93500518798828","40.93500518798828","40.93500518798828","14.952363014221191","14.952363014221191","14.952363014221191"
"8849","63.71064758300781","63.71064758300781","63.71064758300781","45.72054672241211","45.72054672241211","45.72054672241211","17.043066024780273","17.043066024780273","17.043066024780273","63.77748489379883","63.77748489379883","63.77748489379883","45.743953704833984","45.743953704833984","45.743953704833984","16.886056900024414","16.886056900024414","16.886056900024414"
"8879","63.39801788330078","63.39801788330078","63.39801788330078","41.89382553100586","41.89382553100586","41.89382553100586","15.069376945495605","15.069376945495605","15.069376945495605","63.22528076171875","63.22528076171875","63.22528076171875","41.75276184082031","41.75276184082031","41.75276184082031","14.423257827758789","14.423257827758789","14.423257827758789"
"8909","62.48596954345703","62.48596954345703","62.48596954345703","43.51613235473633","43.51613235473633","43.51613235473633","15.600038528442383","15.600038528442383","15.600038528442383","62.41040802001953","62.41040802001953","62.41040802001953","43.547813415527344","43.547813415527344","43.547813415527344","15.162553787231445","15.162553787231445","15.162553787231445"
"8939","60.49762725830078","60.49762725830078","60.49762725830078","41.74311828613281","41.74311828613281","41.74311828613281","14.490968704223633","14.490968704223633","14.490968704223633","60.56791687011719","60.56791687011719","60.56791687011719","41.82669448852539","41.82669448852539","41.82669448852539","14.215092658996582","14.215092658996582","14.215092658996582"
"8969","54.065086364746094","54.065086364746094","54.065086364746094","35.16030502319336","35.16030502319336","35.16030502319336","12.755597114562988","12.755597114562988","12.755597114562988","54.04044723510742","54.04044723510742","54.04044723510742","35.27186965942383","35.27186965942383","35.27186965942383","12.524276733398438","12.524276733398438","12.524276733398438"
"8999","55.12129592895508","55.12129592895508","55.12129592895508","37.17808532714844","37.17808532714844","37.17808532714844","13.837139129638672","13.837139129638672","13.837139129638672","55.12700653076172","55.12700653076172","55.12700653076172","37.470436096191406","37.470436096191406","37.470436096191406","13.33696460723877","13.33696460723877","13.33696460723877"
"9029","55.06056594848633","55.06056594848633","55.06056594848633","37.223472595214844","37.223472595214844","37.223472595214844","16.291217803955078","16.291217803955078","16.291217803955078","55.12251281738281","55.12251281738281","55.12251281738281","37.28972244262695","37.28972244262695","37.28972244262695","16.072263717651367","16.072263717651367","16.072263717651367"
"9059","57.958309173583984","57.958309173583984","57.958309173583984","40.50480270385742","40.50480270385742","40.50480270385742","14.872010231018066","14.872010231018066","14.872010231018066","57.907005310058594","57.907005310058594","57.907005310058594","40.38407516479492","40.38407516479492","40.38407516479492","14.259905815124512","14.259905815124512","14.259905815124512"
"9089","50.92412185668945","50.92412185668945","50.92412185668945","37.49664306640625","37.49664306640625","37.49664306640625","13.461742401123047","13.461742401123047","13.461742401123047","50.841278076171875","50.841278076171875","50.841278076171875","37.516387939453125","37.516387939453125","37.516387939453125","13.0136079788208","13.0136079788208","13.0136079788208"
"9119","52.25783920288086","52.25783920288086","52.25783920288086","33.92250442504883","33.92250442504883","33.92250442504883","12.323071479797363","12.323071479797363","12.323071479797363","52.23404312133789","52.23404312133789","52.23404312133789","33.852439880371094","33.852439880371094","33.852439880371094","12.276899337768555","12.276899337768555","12.276899337768555"
"9149","59.06855773925781","59.06855773925781","59.06855773925781","40.18483352661133","40.18483352661133","40.18483352661133","14.374682426452637","14.374682426452637","14.374682426452637","59.24036407470703","59.24036407470703","59.24036407470703","40.11847686767578","40.11847686767578","40.11847686767578","14.108304023742676","14.108304023742676","14.108304023742676"
"9179","59.19189453125","59.19189453125","59.19189453125","42.15557861328125","42.15557861328125","42.15557861328125","15.168188095092773","15.168188095092773","15.168188095092773","59.06475830078125","59.06475830078125","59.06475830078125","42.29412078857422","42.29412078857422","42.29412078857422","14.635934829711914","14.635934829711914","14.635934829711914"
"9209","64.78114318847656","64.78114318847656","64.78114318847656","46.999755859375","46.999755859375","46.999755859375","18.303983688354492","18.303983688354492","18.303983688354492","64.55577850341797","64.55577850341797","64.55577850341797","46.65951156616211","46.65951156616211","46.65951156616211","17.809123992919922","17.809123992919922","17.809123992919922"
"9239","53.72504806518555","53.72504806518555","53.72504806518555","37.34297561645508","37.34297561645508","37.34297561645508","13.219977378845215","13.219977378845215","13.219977378845215","53.62474822998047","53.62474822998047","53.62474822998047","37.4182014465332","37.4182014465332","37.4182014465332","12.891654968261719","12.891654968261719","12.891654968261719"
"9269","58.22129821777344","58.22129821777344","58.22129821777344","39.4384765625","39.4384765625","39.4384765625","15.064860343933105","15.064860343933105","15.064860343933105","58.28110122680664","58.28110122680664","58.28110122680664","39.406246185302734","39.406246185302734","39.406246185302734","14.800026893615723","14.800026893615723","14.800026893615723"
"9299","54.71525192260742","54.71525192260742","54.71525192260742","39.3685302734375","39.3685302734375","39.3685302734375","14.825617790222168","14.825617790222168","14.825617790222168","54.62409210205078","54.62409210205078","54.62409210205078","39.270263671875","39.270263671875","39.270263671875","14.615239143371582","14.615239143371582","14.615239143371582"
"9329","52.98931121826172","52.98931121826172","52.98931121826172","34.051063537597656","34.051063537597656","34.051063537597656","13.146503448486328","13.146503448486328","13.146503448486328","52.98950958251953","52.98950958251953","52.98950958251953","34.043392181396484","34.043392181396484","34.043392181396484","12.945199966430664","12.945199966430664","12.945199966430664"
"9359","61.646541595458984","61.646541595458984","61.646541595458984","42.548828125","42.548828125","42.548828125","15.6644287109375","15.6644287109375","15.6644287109375","61.61861038208008","61.61861038208008","61.61861038208008","42.533905029296875","42.533905029296875","42.533905029296875","15.573465347290039","15.573465347290039","15.573465347290039"
"9389","53.678436279296875","53.678436279296875","53.678436279296875","35.7037353515625","35.7037353515625","35.7037353515625","13.109904289245605","13.109904289245605","13.109904289245605","53.53373718261719","53.53373718261719","53.53373718261719","35.642738342285156","35.642738342285156","35.642738342285156","12.671798706054688","12.671798706054688","12.671798706054688"
"9419","56.521629333496094","56.521629333496094","56.521629333496094","36.97706604003906","36.97706604003906","36.97706604003906","12.852072715759277","12.852072715759277","12.852072715759277","56.54243087768555","56.54243087768555","56.54243087768555","36.92985916137695","36.92985916137695","36.92985916137695","12.345151901245117","12.345151901245117","12.345151901245117"
"9449","57.708011627197266","57.708011627197266","57.708011627197266","40.116851806640625","40.116851806640625","40.116851806640625","16.216859817504883","16.216859817504883","16.216859817504883","57.59854507446289","57.59854507446289","57.59854507446289","40.20231246948242","40.20231246948242","40.20231246948242","15.751129150390625","15.751129150390625","15.751129150390625"
"9479","61.817020416259766","61.817020416259766","61.817020416259766","38.83242416381836","38.83242416381836","38.83242416381836","15.98408317565918","15.98408317565918","15.98408317565918","61.58647155761719","61.58647155761719","61.58647155761719","38.95183181762695","38.95183181762695","38.95183181762695","15.482894897460938","15.482894897460938","15.482894897460938"
"9509","60.3280143737793","60.3280143737793","60.3280143737793","42.646331787109375","42.646331787109375","42.646331787109375","15.805158615112305","15.805158615112305","15.805158615112305","60.2023811340332","60.2023811340332","60.2023811340332","42.66701126098633","42.66701126098633","42.66701126098633","15.409870147705078","15.409870147705078","15.409870147705078"
"9539","62.62665939331055","62.62665939331055","62.62665939331055","40.63588333129883","40.63588333129883","40.63588333129883","14.176769256591797","14.176769256591797","14.176769256591797","62.84859848022461","62.84859848022461","62.84859848022461","40.66024398803711","40.66024398803711","40.66024398803711","13.826651573181152","13.826651573181152","13.826651573181152"
"9569","62.168701171875","62.168701171875","62.168701171875","42.71438217163086","42.71438217163086","42.71438217163086","16.013839721679688","16.013839721679688","16.013839721679688","62.11259078979492","62.11259078979492","62.11259078979492","42.67420959472656","42.67420959472656","42.67420959472656","15.725875854492188","15.725875854492188","15.725875854492188"
"9599","59.52847671508789","59.52847671508789","59.52847671508789","40.99864196777344","40.99864196777344","40.99864196777344","14.82984733581543","14.82984733581543","14.82984733581543","59.61783981323242","59.61783981323242","59.61783981323242","41.18057632446289","41.18057632446289","41.18057632446289","14.591362953186035","14.591362953186035","14.591362953186035"
"9629","58.25071334838867","58.25071334838867","58.25071334838867","39.478271484375","39.478271484375","39.478271484375","16.043861389160156","16.043861389160156","16.043861389160156","58.203060150146484","58.203060150146484","58.203060150146484","39.50408935546875","39.50408935546875","39.50408935546875","15.738444328308105","15.738444328308105","15.738444328308105"
"9659","96.5711441040039","96.5711441040039","96.5711441040039","47.26972579956055","47.26972579956055","47.26972579956055","15.294017791748047","15.294017791748047","15.294017791748047","96.83458709716797","96.83458709716797","96.83458709716797","47.27482223510742","47.27482223510742","47.27482223510742","15.20634937286377","15.20634937286377","15.20634937286377"
"9689","54.25340270996094","54.25340270996094","54.25340270996094","34.94658660888672","34.94658660888672","34.94658660888672","12.000117301940918","12.000117301940918","12.000117301940918","54.13760757446289","54.13760757446289","54.13760757446289","34.96472930908203","34.96472930908203","34.96472930908203","11.524444580078125","11.524444580078125","11.524444580078125"
"9719","61.55029296875","61.55029296875","61.55029296875","44.41958999633789","44.41958999633789","44.41958999633789","15.83144760131836","15.83144760131836","15.83144760131836","61.68561553955078","61.68561553955078","61.68561553955078","44.13092803955078","44.13092803955078","44.13092803955078","15.280284881591797","15.280284881591797","15.280284881591797"
"9749","63.56122970581055","63.56122970581055","63.56122970581055","43.67426300048828","43.67426300048828","43.67426300048828","16.927921295166016","16.927921295166016","16.927921295166016","63.667171478271484","63.667171478271484","63.667171478271484","43.674373626708984","43.674373626708984","43.674373626708984","16.787214279174805","16.787214279174805","16.787214279174805"
"9779","61.475379943847656","61.475379943847656","61.475379943847656","41.34231185913086","41.34231185913086","41.34231185913086","15.94604206085205","15.94604206085205","15.94604206085205","61.46265411376953","61.46265411376953","61.46265411376953","41.21038055419922","41.21038055419922","41.21038055419922","15.374937057495117","15.374937057495117","15.374937057495117"
"9809","59.14901351928711","59.14901351928711","59.14901351928711","40.29732131958008","40.29732131958008","40.29732131958008","13.93231201171875","13.93231201171875","13.93231201171875","59.221107482910156","59.221107482910156","59.221107482910156","40.17271423339844","40.17271423339844","40.17271423339844","13.840617179870605","13.840617179870605","13.840617179870605"
"9839","57.91241455078125","57.91241455078125","57.91241455078125","44.944129943847656","44.944129943847656","44.944129943847656","17.037778854370117","17.037778854370117","17.037778854370117","58.065208435058594","58.065208435058594","58.065208435058594","45.07258605957031","45.07258605957031","45.07258605957031","16.699932098388672","16.699932098388672","16.699932098388672"
"9869","54.58473587036133","54.58473587036133","54.58473587036133","37.20161056518555","37.20161056518555","37.20161056518555","14.101856231689453","14.101856231689453","14.101856231689453","54.49420928955078","54.49420928955078","54.49420928955078","38.75697708129883","38.75697708129883","38.75697708129883","13.613764762878418","13.613764762878418","13.613764762878418"
"9899","53.990272521972656","53.990272521972656","53.990272521972656","38.75345230102539","38.75345230102539","38.75345230102539","14.848172187805176","14.848172187805176","14.848172187805176","53.79553985595703","53.79553985595703","53.79553985595703","38.673309326171875","38.673309326171875","38.673309326171875","14.42954158782959","14.42954158782959","14.42954158782959"
"9929","63.49040985107422","63.49040985107422","63.49040985107422","45.65699005126953","45.65699005126953","45.65699005126953","16.118560791015625","16.118560791015625","16.118560791015625","63.598724365234375","63.598724365234375","63.598724365234375","45.72316360473633","45.72316360473633","45.72316360473633","15.898063659667969","15.898063659667969","15.898063659667969"
"9959","57.84275436401367","57.84275436401367","57.84275436401367","39.93751525878906","39.93751525878906","39.93751525878906","15.724723815917969","15.724723815917969","15.724723815917969","57.950897216796875","57.950897216796875","57.950897216796875","39.97827911376953","39.97827911376953","39.97827911376953","15.4322509765625","15.4322509765625","15.4322509765625"
"9989","49.8710823059082","49.8710823059082","49.8710823059082","33.91358947753906","33.91358947753906","33.91358947753906","12.652482986450195","12.652482986450195","12.652482986450195","49.73712921142578","49.73712921142578","49.73712921142578","33.90201950073242","33.90201950073242","33.90201950073242","12.4122314453125","12.4122314453125","12.4122314453125"
"10019","56.20001220703125","56.20001220703125","56.20001220703125","39.003456115722656","39.003456115722656","39.003456115722656","16.466999053955078","16.466999053955078","16.466999053955078","56.26698684692383","56.26698684692383","56.26698684692383","39.00442886352539","39.00442886352539","39.00442886352539","15.8755464553833","15.8755464553833","15.8755464553833"
"10049","56.5146369934082","56.5146369934082","56.5146369934082","40.965999603271484","40.965999603271484","40.965999603271484","14.672985076904297","14.672985076904297","14.672985076904297","56.36284637451172","56.36284637451172","56.36284637451172","40.92754364013672","40.92754364013672","40.92754364013672","14.085065841674805","14.085065841674805","14.085065841674805"
"10079","55.677127838134766","55.677127838134766","55.677127838134766","37.75319290161133","37.75319290161133","37.75319290161133","14.289008140563965","14.289008140563965","14.289008140563965","55.69477462768555","55.69477462768555","55.69477462768555","37.90760803222656","37.90760803222656","37.90760803222656","13.864710807800293","13.864710807800293","13.864710807800293"
"10109","54.12443542480469","54.12443542480469","54.12443542480469","37.74522399902344","37.74522399902344","37.74522399902344","12.900897979736328","12.900897979736328","12.900897979736328","54.044456481933594","54.044456481933594","54.044456481933594","37.68014144897461","37.68014144897461","37.68014144897461","12.406783103942871","12.406783103942871","12.406783103942871"
"10139","58.6136589050293","58.6136589050293","58.6136589050293","41.78464889526367","41.78464889526367","41.78464889526367","14.307226181030273","14.307226181030273","14.307226181030273","58.444549560546875","58.444549560546875","58.444549560546875","42.00852584838867","42.00852584838867","42.00852584838867","13.887215614318848","13.887215614318848","13.887215614318848"
"10169","61.31718444824219","61.31718444824219","61.31718444824219","41.22556686401367","41.22556686401367","41.22556686401367","16.25379180908203","16.25379180908203","16.25379180908203","61.40791702270508","61.40791702270508","61.40791702270508","41.38329315185547","41.38329315185547","41.38329315185547","15.836337089538574","15.836337089538574","15.836337089538574"
"10199","61.3551139831543","61.3551139831543","61.3551139831543","40.81380081176758","40.81380081176758","40.81380081176758","16.51970863342285","16.51970863342285","16.51970863342285","61.45561981201172","61.45561981201172","61.45561981201172","40.85468673706055","40.85468673706055","40.85468673706055","15.941974639892578","15.941974639892578","15.941974639892578"
"10229","64.53728485107422","64.53728485107422","64.53728485107422","44.02734375","44.02734375","44.02734375","14.130885124206543","14.130885124206543","14.130885124206543","64.58695983886719","64.58695983886719","64.58695983886719","43.97023010253906","43.97023010253906","43.97023010253906","13.785045623779297","13.785045623779297","13.785045623779297"
"10259","52.94655990600586","52.94655990600586","52.94655990600586","35.597049713134766","35.597049713134766","35.597049713134766","13.386398315429688","13.386398315429688","13.386398315429688","53.05946350097656","53.05946350097656","53.05946350097656","35.54037094116211","35.54037094116211","35.54037094116211","13.040180206298828","13.040180206298828","13.040180206298828"
"10289","52.04567337036133","52.04567337036133","52.04567337036133","36.23951721191406","36.23951721191406","36.23951721191406","16.742345809936523","16.742345809936523","16.742345809936523","52.08732223510742","52.08732223510742","52.08732223510742","36.23041534423828","36.23041534423828","36.23041534423828","16.063440322875977","16.063440322875977","16.063440322875977"
"10319","60.122459411621094","60.122459411621094","60.122459411621094","39.6098518371582","39.6098518371582","39.6098518371582","15.352351188659668","15.352351188659668","15.352351188659668","60.115516662597656","60.115516662597656","60.115516662597656","39.9466552734375","39.9466552734375","39.9466552734375","15.047346115112305","15.047346115112305","15.047346115112305"
"10349","69.4793701171875","69.4793701171875","69.4793701171875","48.00471115112305","48.00471115112305","48.00471115112305","18.800512313842773","18.800512313842773","18.800512313842773","69.49675750732422","69.49675750732422","69.49675750732422","47.98780059814453","47.98780059814453","47.98780059814453","18.57375717163086","18.57375717163086","18.57375717163086"
"10379","60.4526252746582","60.4526252746582","60.4526252746582","43.510433197021484","43.510433197021484","43.510433197021484","16.47942543029785","16.47942543029785","16.47942543029785","60.87168502807617","60.87168502807617","60.87168502807617","43.17864990234375","43.17864990234375","43.17864990234375","16.23193359375","16.23193359375","16.23193359375"
"10409","63.0482177734375","63.0482177734375","63.0482177734375","41.453006744384766","41.453006744384766","41.453006744384766","15.57237720489502","15.57237720489502","15.57237720489502","63.04697036743164","63.04697036743164","63.04697036743164","41.48860168457031","41.48860168457031","41.48860168457031","15.146728515625","15.146728515625","15.146728515625"
"10439","57.09358215332031","57.09358215332031","57.09358215332031","39.575477600097656","39.575477600097656","39.575477600097656","15.14748764038086","15.14748764038086","15.14748764038086","56.97565841674805","56.97565841674805","56.97565841674805","39.45730972290039","39.45730972290039","39.45730972290039","14.739446640014648","14.739446640014648","14.739446640014648"
"10469","59.48167037963867","59.48167037963867","59.48167037963867","44.12876510620117","44.12876510620117","44.12876510620117","14.777074813842773","14.777074813842773","14.777074813842773","59.92635726928711","59.92635726928711","59.92635726928711","41.205078125","41.205078125","41.205078125","14.319860458374023","14.319860458374023","14.319860458374023"
"10499","57.91029357910156","57.91029357910156","57.91029357910156","44.647953033447266","44.647953033447266","44.647953033447266","18.030073165893555","18.030073165893555","18.030073165893555","57.94042205810547","57.94042205810547","57.94042205810547","44.96692657470703","44.96692657470703","44.96692657470703","17.963937759399414","17.963937759399414","17.963937759399414"
"10529","86.12098693847656","86.12098693847656","86.12098693847656","45.03297805786133","45.03297805786133","45.03297805786133","15.365535736083984","15.365535736083984","15.365535736083984","86.61641693115234","86.61641693115234","86.61641693115234","45.02043914794922","45.02043914794922","45.02043914794922","15.071303367614746","15.071303367614746","15.071303367614746"
"10559","60.9457893371582","60.9457893371582","60.9457893371582","42.1816291809082","42.1816291809082","42.1816291809082","15.64443302154541","15.64443302154541","15.64443302154541","61.03766632080078","61.03766632080078","61.03766632080078","42.05303192138672","42.05303192138672","42.05303192138672","15.17202091217041","15.17202091217041","15.17202091217041"
"10589","59.54555130004883","59.54555130004883","59.54555130004883","41.375946044921875","41.375946044921875","41.375946044921875","15.359930992126465","15.359930992126465","15.359930992126465","59.700531005859375","59.700531005859375","59.700531005859375","41.44314193725586","41.44314193725586","41.44314193725586","15.091584205627441","15.091584205627441","15.091584205627441"
"10619","56.677024841308594","56.677024841308594","56.677024841308594","38.10352325439453","38.10352325439453","38.10352325439453","15.470376014709473","15.470376014709473","15.470376014709473","56.77532958984375","56.77532958984375","56.77532958984375","38.1004524230957","38.1004524230957","38.1004524230957","15.012870788574219","15.012870788574219","15.012870788574219"
"10649","57.72146987915039","57.72146987915039","57.72146987915039","42.100799560546875","42.100799560546875","42.100799560546875","16.722875595092773","16.722875595092773","16.722875595092773","57.88427734375","57.88427734375","57.88427734375","42.28934097290039","42.28934097290039","42.28934097290039","16.21183967590332","16.21183967590332","16.21183967590332"
"10679","53.21646499633789","53.21646499633789","53.21646499633789","33.34583282470703","33.34583282470703","33.34583282470703","12.36470890045166","12.36470890045166","12.36470890045166","53.11817169189453","53.11817169189453","53.11817169189453","33.453372955322266","33.453372955322266","33.453372955322266","12.003057479858398","12.003057479858398","12.003057479858398"
"10709","54.51702880859375","54.51702880859375","54.51702880859375","36.055809020996094","36.055809020996094","36.055809020996094","13.71975040435791","13.71975040435791","13.71975040435791","54.60481643676758","54.60481643676758","54.60481643676758","35.96377182006836","35.96377182006836","35.96377182006836","13.222407341003418","13.222407341003418","13.222407341003418"
"10739","59.63837432861328","59.63837432861328","59.63837432861328","44.566375732421875","44.566375732421875","44.566375732421875","16.28903579711914","16.28903579711914","16.28903579711914","59.771453857421875","59.771453857421875","59.771453857421875","44.733154296875","44.733154296875","44.733154296875","15.962956428527832","15.962956428527832","15.962956428527832"
"10769","58.48488998413086","58.48488998413086","58.48488998413086","42.11408233642578","42.11408233642578","42.11408233642578","16.89714241027832","16.89714241027832","16.89714241027832","58.40983200073242","58.40983200073242","58.40983200073242","42.1359748840332","42.1359748840332","42.1359748840332","16.15184211730957","16.15184211730957","16.15184211730957"
"10799","58.905574798583984","58.905574798583984","58.905574798583984","42.17765426635742","42.17765426635742","42.17765426635742","15.804072380065918","15.804072380065918","15.804072380065918","58.93730163574219","58.93730163574219","58.93730163574219","42.041526794433594","42.041526794433594","42.041526794433594","15.033257484436035","15.033257484436035","15.033257484436035"
"10829","54.976409912109375","54.976409912109375","54.976409912109375","37.85198974609375","37.85198974609375","37.85198974609375","14.534900665283203","14.534900665283203","14.534900665283203","55.08425521850586","55.08425521850586","55.08425521850586","37.924095153808594","37.924095153808594","37.924095153808594","14.122547149658203","14.122547149658203","14.122547149658203"
"10859","58.62187194824219","58.62187194824219","58.62187194824219","37.70725631713867","37.70725631713867","37.70725631713867","13.773277282714844","13.773277282714844","13.773277282714844","58.3384895324707","58.3384895324707","58.3384895324707","37.81226348876953","37.81226348876953","37.81226348876953","13.353936195373535","13.353936195373535","13.353936195373535"
"10889","58.266971588134766","58.266971588134766","58.266971588134766","49.06125259399414","49.06125259399414","49.06125259399414","14.866236686706543","14.866236686706543","14.866236686706543","58.428226470947266","58.428226470947266","58.428226470947266","47.787113189697266","47.787113189697266","47.787113189697266","14.297985076904297","14.297985076904297","14.297985076904297"
"10919","62.3038444519043","62.3038444519043","62.3038444519043","46.699012756347656","46.699012756347656","46.699012756347656","15.319713592529297","15.319713592529297","15.319713592529297","62.01920700073242","62.01920700073242","62.01920700073242","50.56306457519531","50.56306457519531","50.56306457519531","15.178376197814941","15.178376197814941","15.178376197814941"
"10949","60.79013442993164","60.79013442993164","60.79013442993164","41.333740234375","41.333740234375","41.333740234375","16.71729850769043","16.71729850769043","16.71729850769043","60.78530502319336","60.78530502319336","60.78530502319336","41.2730598449707","41.2730598449707","41.2730598449707","16.443553924560547","16.443553924560547","16.443553924560547"
"10979","57.29465103149414","57.29465103149414","57.29465103149414","38.14517593383789","38.14517593383789","38.14517593383789","14.704318046569824","14.704318046569824","14.704318046569824","57.18336486816406","57.18336486816406","57.18336486816406","38.23839569091797","38.23839569091797","38.23839569091797","14.159201622009277","14.159201622009277","14.159201622009277"
"11009","60.178993225097656","60.178993225097656","60.178993225097656","39.6370849609375","39.6370849609375","39.6370849609375","14.450827598571777","14.450827598571777","14.450827598571777","60.38428497314453","60.38428497314453","60.38428497314453","39.6577033996582","39.6577033996582","39.6577033996582","14.222108840942383","14.222108840942383","14.222108840942383"
"11039","59.64169692993164","59.64169692993164","59.64169692993164","38.192710876464844","38.192710876464844","38.192710876464844","13.61563491821289","13.61563491821289","13.61563491821289","59.57954025268555","59.57954025268555","59.57954025268555","38.11443328857422","38.11443328857422","38.11443328857422","13.16923999786377","13.16923999786377","13.16923999786377"
"11069","53.594451904296875","53.594451904296875","53.594451904296875","36.156494140625","36.156494140625","36.156494140625","13.340211868286133","13.340211868286133","13.340211868286133","53.60646057128906","53.60646057128906","53.60646057128906","36.164485931396484","36.164485931396484","36.164485931396484","13.10103702545166","13.10103702545166","13.10103702545166"
"11099","59.12392807006836","59.12392807006836","59.12392807006836","39.148807525634766","39.148807525634766","39.148807525634766","15.012492179870605","15.012492179870605","15.012492179870605","58.93808364868164","58.93808364868164","58.93808364868164","39.16305160522461","39.16305160522461","39.16305160522461","14.656254768371582","14.656254768371582","14.656254768371582"
"11129","55.41278839111328","55.41278839111328","55.41278839111328","38.0267219543457","38.0267219543457","38.0267219543457","13.998249053955078","13.998249053955078","13.998249053955078","55.38407897949219","55.38407897949219","55.38407897949219","38.01900863647461","38.01900863647461","38.01900863647461","13.727972984313965","13.727972984313965","13.727972984313965"
"11159","56.11714172363281","56.11714172363281","56.11714172363281","38.63402557373047","38.63402557373047","38.63402557373047","14.730805397033691","14.730805397033691","14.730805397033691","56.19817352294922","56.19817352294922","56.19817352294922","38.51134490966797","38.51134490966797","38.51134490966797","14.401037216186523","14.401037216186523","14.401037216186523"
"11189","55.51886749267578","55.51886749267578","55.51886749267578","42.64421844482422","42.64421844482422","42.64421844482422","14.958257675170898","14.958257675170898","14.958257675170898","55.07944107055664","55.07944107055664","55.07944107055664","38.54978942871094","38.54978942871094","38.54978942871094","14.655131340026855","14.655131340026855","14.655131340026855"
"11219","54.31391525268555","54.31391525268555","54.31391525268555","36.139251708984375","36.139251708984375","36.139251708984375","13.522687911987305","13.522687911987305","13.522687911987305","54.29465866088867","54.29465866088867","54.29465866088867","36.134273529052734","36.134273529052734","36.134273529052734","13.10580062866211","13.10580062866211","13.10580062866211"
"11249","56.39231491088867","56.39231491088867","56.39231491088867","38.075931549072266","38.075931549072266","38.075931549072266","14.688158988952637","14.688158988952637","14.688158988952637","56.91978073120117","56.91978073120117","56.91978073120117","38.04448318481445","38.04448318481445","38.04448318481445","14.36898422241211","14.36898422241211","14.36898422241211"
"11279","50.604862213134766","50.604862213134766","50.604862213134766","34.545597076416016","34.545597076416016","34.545597076416016","14.362336158752441","14.362336158752441","14.362336158752441","50.46322250366211","50.46322250366211","50.46322250366211","34.6065673828125","34.6065673828125","34.6065673828125","14.034233093261719","14.034233093261719","14.034233093261719"
"11309","54.380672454833984","54.380672454833984","54.380672454833984","38.1328010559082","38.1328010559082","38.1328010559082","13.30066967010498","13.30066967010498","13.30066967010498","54.41147232055664","54.41147232055664","54.41147232055664","40.43178176879883","40.43178176879883","40.43178176879883","12.865800857543945","12.865800857543945","12.865800857543945"
"11339","56.34441375732422","56.34441375732422","56.34441375732422","42.50050735473633","42.50050735473633","42.50050735473633","16.057701110839844","16.057701110839844","16.057701110839844","56.182464599609375","56.182464599609375","56.182464599609375","42.46441650390625","42.46441650390625","42.46441650390625","15.591383934020996","15.591383934020996","15.591383934020996"
"11369","51.62223434448242","51.62223434448242","51.62223434448242","36.443603515625","36.443603515625","36.443603515625","13.159591674804688","13.159591674804688","13.159591674804688","51.816043853759766","51.816043853759766","51.816043853759766","36.525352478027344","36.525352478027344","36.525352478027344","12.71474838256836","12.71474838256836","12.71474838256836"
"11399","54.70510482788086","54.70510482788086","54.70510482788086","38.11248016357422","38.11248016357422","38.11248016357422","14.705646514892578","14.705646514892578","14.705646514892578","55.00822067260742","55.00822067260742","55.00822067260742","38.18415069580078","38.18415069580078","38.18415069580078","14.311918258666992","14.311918258666992","14.311918258666992"
"11429","50.27360153198242","50.27360153198242","50.27360153198242","46.86103439331055","46.86103439331055","46.86103439331055","13.46020221710205","13.46020221710205","13.46020221710205","49.47138214111328","49.47138214111328","49.47138214111328","35.37178039550781","35.37178039550781","35.37178039550781","13.163925170898438","13.163925170898438","13.163925170898438"
"11459","55.45705795288086","55.45705795288086","55.45705795288086","36.74188232421875","36.74188232421875","36.74188232421875","14.888581275939941","14.888581275939941","14.888581275939941","55.61695098876953","55.61695098876953","55.61695098876953","36.7944450378418","36.7944450378418","36.7944450378418","14.423697471618652","14.423697471618652","14.423697471618652"
"11489","55.49403762817383","55.49403762817383","55.49403762817383","39.84797668457031","39.84797668457031","39.84797668457031","15.90203857421875","15.90203857421875","15.90203857421875","55.38691329956055","55.38691329956055","55.38691329956055","39.928401947021484","39.928401947021484","39.928401947021484","15.643319129943848","15.643319129943848","15.643319129943848"
"11519","54.812255859375","54.812255859375","54.812255859375","37.42878341674805","37.42878341674805","37.42878341674805","14.605138778686523","14.605138778686523","14.605138778686523","55.02350616455078","55.02350616455078","55.02350616455078","37.34431457519531","37.34431457519531","37.34431457519531","13.855785369873047","13.855785369873047","13.855785369873047"
"11549","51.71118927001953","51.71118927001953","51.71118927001953","35.19245910644531","35.19245910644531","35.19245910644531","12.953828811645508","12.953828811645508","12.953828811645508","51.71500778198242","51.71500778198242","51.71500778198242","35.12533950805664","35.12533950805664","35.12533950805664","12.874568939208984","12.874568939208984","12.874568939208984"
"11579","63.51773452758789","63.51773452758789","63.51773452758789","40.38889694213867","40.38889694213867","40.38889694213867","14.375075340270996","14.375075340270996","14.375075340270996","62.85546875","62.85546875","62.85546875","39.87704086303711","39.87704086303711","39.87704086303711","14.2129487991333","14.2129487991333","14.2129487991333"
"11609","55.798152923583984","55.798152923583984","55.798152923583984","37.79723358154297","37.79723358154297","37.79723358154297","13.317317008972168","13.317317008972168","13.317317008972168","55.928714752197266","55.928714752197266","55.928714752197266","37.80589294433594","37.80589294433594","37.80589294433594","13.122909545898438","13.122909545898438","13.122909545898438"
"11639","54.05908966064453","54.05908966064453","54.05908966064453","39.257293701171875","39.257293701171875","39.257293701171875","13.55949592590332","13.55949592590332","13.55949592590332","54.022098541259766","54.022098541259766","54.022098541259766","39.0260124206543","39.0260124206543","39.0260124206543","13.138263702392578","13.138263702392578","13.138263702392578"
"11669","61.506858825683594","61.506858825683594","61.506858825683594","39.6986083984375","39.6986083984375","39.6986083984375","13.872556686401367","13.872556686401367","13.872556686401367","61.59772872924805","61.59772872924805","61.59772872924805","39.78152084350586","39.78152084350586","39.78152084350586","13.466686248779297","13.466686248779297","13.466686248779297"
"11699","54.449920654296875","54.449920654296875","54.449920654296875","36.41889572143555","36.41889572143555","36.41889572143555","12.752262115478516","12.752262115478516","12.752262115478516","54.30045700073242","54.30045700073242","54.30045700073242","37.32176208496094","37.32176208496094","37.32176208496094","12.681764602661133","12.681764602661133","12.681764602661133"
"11729","51.985408782958984","51.985408782958984","51.985408782958984","35.8734016418457","35.8734016418457","35.8734016418457","13.79587459564209","13.79587459564209","13.79587459564209","52.17744064331055","52.17744064331055","52.17744064331055","35.87712860107422","35.87712860107422","35.87712860107422","13.462629318237305","13.462629318237305","13.462629318237305"
"11759","49.48512268066406","49.48512268066406","49.48512268066406","36.82098388671875","36.82098388671875","36.82098388671875","13.57360553741455","13.57360553741455","13.57360553741455","49.57078552246094","49.57078552246094","49.57078552246094","36.58654022216797","36.58654022216797","36.58654022216797","13.210575103759766","13.210575103759766","13.210575103759766"
"11789","57.56804656982422","57.56804656982422","57.56804656982422","38.02484893798828","38.02484893798828","38.02484893798828","12.774928092956543","12.774928092956543","12.774928092956543","57.60909652709961","57.60909652709961","57.60909652709961","37.97342300415039","37.97342300415039","37.97342300415039","12.423274040222168","12.423274040222168","12.423274040222168"
"11819","56.333251953125","56.333251953125","56.333251953125","39.827789306640625","39.827789306640625","39.827789306640625","16.75457763671875","16.75457763671875","16.75457763671875","56.299739837646484","56.299739837646484","56.299739837646484","39.80414581298828","39.80414581298828","39.80414581298828","16.36343002319336","16.36343002319336","16.36343002319336"
"11849","61.654212951660156","61.654212951660156","61.654212951660156","42.77129364013672","42.77129364013672","42.77129364013672","16.608715057373047","16.608715057373047","16.608715057373047","61.56454086303711","61.56454086303711","61.56454086303711","43.030067443847656","43.030067443847656","43.030067443847656","16.24994659423828","16.24994659423828","16.24994659423828"
"11879","55.76323699951172","55.76323699951172","55.76323699951172","36.45765686035156","36.45765686035156","36.45765686035156","13.251696586608887","13.251696586608887","13.251696586608887","55.754310607910156","55.754310607910156","55.754310607910156","36.5308837890625","36.5308837890625","36.5308837890625","12.864904403686523","12.864904403686523","12.864904403686523"
"11909","56.75257873535156","56.75257873535156","56.75257873535156","38.973533630371094","38.973533630371094","38.973533630371094","12.977913856506348","12.977913856506348","12.977913856506348","56.63019943237305","56.63019943237305","56.63019943237305","39.14200973510742","39.14200973510742","39.14200973510742","12.651969909667969","12.651969909667969","12.651969909667969"
"11939","57.13423538208008","57.13423538208008","57.13423538208008","40.77079772949219","40.77079772949219","40.77079772949219","16.37700653076172","16.37700653076172","16.37700653076172","57.06632614135742","57.06632614135742","57.06632614135742","40.87389373779297","40.87389373779297","40.87389373779297","16.280527114868164","16.280527114868164","16.280527114868164"
"11969","54.493499755859375","54.493499755859375","54.493499755859375","36.536460876464844","36.536460876464844","36.536460876464844","13.120964050292969","13.120964050292969","13.120964050292969","54.70712661743164","54.70712661743164","54.70712661743164","36.62797546386719","36.62797546386719","36.62797546386719","12.884828567504883","12.884828567504883","12.884828567504883"
"11999","56.181453704833984","56.181453704833984","56.181453704833984","39.622920989990234","39.622920989990234","39.622920989990234","13.326569557189941","13.326569557189941","13.326569557189941","56.33696746826172","56.33696746826172","56.33696746826172","40.08087921142578","40.08087921142578","40.08087921142578","12.88119888305664","12.88119888305664","12.88119888305664"
"12029","51.30377960205078","51.30377960205078","51.30377960205078","34.38787841796875","34.38787841796875","34.38787841796875","12.226666450500488","12.226666450500488","12.226666450500488","51.33359146118164","51.33359146118164","51.33359146118164","34.747314453125","34.747314453125","34.747314453125","12.251252174377441","12.251252174377441","12.251252174377441"
"12059","51.82413101196289","51.82413101196289","51.82413101196289","35.7016487121582","35.7016487121582","35.7016487121582","14.271257400512695","14.271257400512695","14.271257400512695","52.00398254394531","52.00398254394531","52.00398254394531","35.574520111083984","35.574520111083984","35.574520111083984","13.574882507324219","13.574882507324219","13.574882507324219"
"12089","56.36497116088867","56.36497116088867","56.36497116088867","37.74677276611328","37.74677276611328","37.74677276611328","12.99957275390625","12.99957275390625","12.99957275390625","56.27107238769531","56.27107238769531","56.27107238769531","37.77715301513672","37.77715301513672","37.77715301513672","12.673349380493164","12.673349380493164","12.673349380493164"
"12119","70.41339874267578","70.41339874267578","70.41339874267578","50.75925064086914","50.75925064086914","50.75925064086914","15.736172676086426","15.736172676086426","15.736172676086426","72.68829345703125","72.68829345703125","72.68829345703125","46.74457550048828","46.74457550048828","46.74457550048828","15.61799144744873","15.61799144744873","15.61799144744873"
"12149","54.99415969848633","54.99415969848633","54.99415969848633","38.05908203125","38.05908203125","38.05908203125","15.182196617126465","15.182196617126465","15.182196617126465","55.036170959472656","55.036170959472656","55.036170959472656","37.79016876220703","37.79016876220703","37.79016876220703","14.978022575378418","14.978022575378418","14.978022575378418"
"12179","56.62554931640625","56.62554931640625","56.62554931640625","35.618736267089844","35.618736267089844","35.618736267089844","11.347780227661133","11.347780227661133","11.347780227661133","56.491912841796875","56.491912841796875","56.491912841796875","35.55460739135742","35.55460739135742","35.55460739135742","11.042673110961914","11.042673110961914","11.042673110961914"
"12209","65.1501235961914","65.1501235961914","65.1501235961914","42.933143615722656","42.933143615722656","42.933143615722656","15.03799057006836","15.03799057006836","15.03799057006836","65.02567291259766","65.02567291259766","65.02567291259766","42.83790969848633","42.83790969848633","42.83790969848633","14.716723442077637","14.716723442077637","14.716723442077637"
"12239","59.87518310546875","59.87518310546875","59.87518310546875","36.69206619262695","36.69206619262695","36.69206619262695","14.697917938232422","14.697917938232422","14.697917938232422","59.89045715332031","59.89045715332031","59.89045715332031","36.774864196777344","36.774864196777344","36.774864196777344","14.321914672851562","14.321914672851562","14.321914672851562"
"12269","53.53902053833008","53.53902053833008","53.53902053833008","36.680423736572266","36.680423736572266","36.680423736572266","13.79686450958252","13.79686450958252","13.79686450958252","53.60404968261719","53.60404968261719","53.60404968261719","36.863948822021484","36.863948822021484","36.863948822021484","13.849772453308105","13.849772453308105","13.849772453308105"
"12299","59.601932525634766","59.601932525634766","59.601932525634766","38.117820739746094","38.117820739746094","38.117820739746094","13.77466869354248","13.77466869354248","13.77466869354248","59.5429573059082","59.5429573059082","59.5429573059082","38.10561752319336","38.10561752319336","38.10561752319336","13.525614738464355","13.525614738464355","13.525614738464355"
"12329","53.59143829345703","53.59143829345703","53.59143829345703","32.74470138549805","32.74470138549805","32.74470138549805","12.691506385803223","12.691506385803223","12.691506385803223","53.58774185180664","53.58774185180664","53.58774185180664","32.649749755859375","32.649749755859375","32.649749755859375","12.534870147705078","12.534870147705078","12.534870147705078"
"12359","55.31201934814453","55.31201934814453","55.31201934814453","35.54392623901367","35.54392623901367","35.54392623901367","12.315516471862793","12.315516471862793","12.315516471862793","55.37123107910156","55.37123107910156","55.37123107910156","35.3795051574707","35.3795051574707","35.3795051574707","12.078730583190918","12.078730583190918","12.078730583190918"
"12389","57.24763488769531","57.24763488769531","57.24763488769531","40.63915252685547","40.63915252685547","40.63915252685547","15.27446460723877","15.27446460723877","15.27446460723877","57.37578582763672","57.37578582763672","57.37578582763672","40.67328643798828","40.67328643798828","40.67328643798828","14.84489917755127","14.84489917755127","14.84489917755127"
"12419","59.22507858276367","59.22507858276367","59.22507858276367","39.20111083984375","39.20111083984375","39.20111083984375","15.189179420471191","15.189179420471191","15.189179420471191","59.3210334777832","59.3210334777832","59.3210334777832","39.028289794921875","39.028289794921875","39.028289794921875","15.089126586914062","15.089126586914062","15.089126586914062"
"12449","58.15681838989258","58.15681838989258","58.15681838989258","39.180721282958984","39.180721282958984","39.180721282958984","14.931632041931152","14.931632041931152","14.931632041931152","58.34519577026367","58.34519577026367","58.34519577026367","39.35133361816406","39.35133361816406","39.35133361816406","14.895442008972168","14.895442008972168","14.895442008972168"
"12479","54.720394134521484","54.720394134521484","54.720394134521484","39.56682205200195","39.56682205200195","39.56682205200195","14.841265678405762","14.841265678405762","14.841265678405762","54.877464294433594","54.877464294433594","54.877464294433594","43.97023010253906","43.97023010253906","43.97023010253906","14.599528312683105","14.599528312683105","14.599528312683105"
"12509","56.86069107055664","56.86069107055664","56.86069107055664","41.340721130371094","41.340721130371094","41.340721130371094","14.955001831054688","14.955001831054688","14.955001831054688","57.18160629272461","57.18160629272461","57.18160629272461","41.27531051635742","41.27531051635742","41.27531051635742","14.590497970581055","14.590497970581055","14.590497970581055"
"12539","58.2394905090332","58.2394905090332","58.2394905090332","42.18693161010742","42.18693161010742","42.18693161010742","15.045167922973633","15.045167922973633","15.045167922973633","58.312957763671875","58.312957763671875","58.312957763671875","42.24571990966797","42.24571990966797","42.24571990966797","14.736620903015137","14.736620903015137","14.736620903015137"
"12569","57.83369064331055","57.83369064331055","57.83369064331055","39.53227615356445","39.53227615356445","39.53227615356445","14.107912063598633","14.107912063598633","14.107912063598633","58.06829833984375","58.06829833984375","58.06829833984375","39.558040618896484","39.558040618896484","39.558040618896484","14.12322998046875","14.12322998046875","14.12322998046875"
"12599","61.14842987060547","61.14842987060547","61.14842987060547","41.348148345947266","41.348148345947266","41.348148345947266","14.912004470825195","14.912004470825195","14.912004470825195","61.19297790527344","61.19297790527344","61.19297790527344","41.14788818359375","41.14788818359375","41.14788818359375","14.694062232971191","14.694062232971191","14.694062232971191"
"12629","54.918094635009766","54.918094635009766","54.918094635009766","39.22061538696289","39.22061538696289","39.22061538696289","14.01853084564209","14.01853084564209","14.01853084564209","55.080936431884766","55.080936431884766","55.080936431884766","39.20729446411133","39.20729446411133","39.20729446411133","13.84459400177002","13.84459400177002","13.84459400177002"
"12659","54.59730529785156","54.59730529785156","54.59730529785156","33.474159240722656","33.474159240722656","33.474159240722656","12.838321685791016","12.838321685791016","12.838321685791016","54.565853118896484","54.565853118896484","54.565853118896484","33.60455322265625","33.60455322265625","33.60455322265625","12.488744735717773","12.488744735717773","12.488744735717773"
"12689","55.72206497192383","55.72206497192383","55.72206497192383","40.737953186035156","40.737953186035156","40.737953186035156","14.089356422424316","14.089356422424316","14.089356422424316","55.75187683105469","55.75187683105469","55.75187683105469","40.66950607299805","40.66950607299805","40.66950607299805","14.071882247924805","14.071882247924805","14.071882247924805"
"12719","54.44769287109375","54.44769287109375","54.44769287109375","35.406620025634766","35.406620025634766","35.406620025634766","12.417936325073242","12.417936325073242","12.417936325073242","54.37300491333008","54.37300491333008","54.37300491333008","35.42741394042969","35.42741394042969","35.42741394042969","12.07413101196289","12.07413101196289","12.07413101196289"
"12749","59.667236328125","59.667236328125","59.667236328125","39.69723892211914","39.69723892211914","39.69723892211914","14.58276081085205","14.58276081085205","14.58276081085205","59.67694091796875","59.67694091796875","59.67694091796875","39.78688049316406","39.78688049316406","39.78688049316406","14.205982208251953","14.205982208251953","14.205982208251953"
"12779","53.594032287597656","53.594032287597656","53.594032287597656","36.52574157714844","36.52574157714844","36.52574157714844","13.871749877929688","13.871749877929688","13.871749877929688","53.66789245605469","53.66789245605469","53.66789245605469","36.62907409667969","36.62907409667969","36.62907409667969","13.576618194580078","13.576618194580078","13.576618194580078"
"12809","64.25825500488281","64.25825500488281","64.25825500488281","41.63547897338867","41.63547897338867","41.63547897338867","15.495420455932617","15.495420455932617","15.495420455932617","64.23912048339844","64.23912048339844","64.23912048339844","41.577232360839844","41.577232360839844","41.577232360839844","15.318588256835938","15.318588256835938","15.318588256835938"
"12839","64.77156829833984","64.77156829833984","64.77156829833984","41.12057876586914","41.12057876586914","41.12057876586914","15.14565658569336","15.14565658569336","15.14565658569336","64.84233856201172","64.84233856201172","64.84233856201172","41.033695220947266","41.033695220947266","41.033695220947266","14.855381965637207","14.855381965637207","14.855381965637207"
"12869","60.049076080322266","60.049076080322266","60.049076080322266","42.409095764160156","42.409095764160156","42.409095764160156","14.133612632751465","14.133612632751465","14.133612632751465","60.16339874267578","60.16339874267578","60.16339874267578","42.33230209350586","42.33230209350586","42.33230209350586","13.855838775634766","13.855838775634766","13.855838775634766"
"12899","61.67585372924805","61.67585372924805","61.67585372924805","37.95576095581055","37.95576095581055","37.95576095581055","14.575324058532715","14.575324058532715","14.575324058532715","61.666015625","61.666015625","61.666015625","38.12541961669922","38.12541961669922","38.12541961669922","14.1646728515625","14.1646728515625","14.1646728515625"
"12929","58.099246978759766","58.099246978759766","58.099246978759766","41.870418548583984","41.870418548583984","41.870418548583984","15.896520614624023","15.896520614624023","15.896520614624023","58.02159118652344","58.02159118652344","58.02159118652344","42.04627990722656","42.04627990722656","42.04627990722656","15.353373527526855","15.353373527526855","15.353373527526855"
"12959","54.52460861206055","54.52460861206055","54.52460861206055","33.94746017456055","33.94746017456055","33.94746017456055","13.542119026184082","13.542119026184082","13.542119026184082","54.5001220703125","54.5001220703125","54.5001220703125","34.126747131347656","34.126747131347656","34.126747131347656","13.12141227722168","13.12141227722168","13.12141227722168"
"12989","56.88105773925781","56.88105773925781","56.88105773925781","38.463340759277344","38.463340759277344","38.463340759277344","14.638176918029785","14.638176918029785","14.638176918029785","56.93314743041992","56.93314743041992","56.93314743041992","38.4810791015625","38.4810791015625","38.4810791015625","14.350252151489258","14.350252151489258","14.350252151489258"
"13019","59.43882751464844","59.43882751464844","59.43882751464844","38.733612060546875","38.733612060546875","38.733612060546875","15.277852058410645","15.277852058410645","15.277852058410645","59.50838851928711","59.50838851928711","59.50838851928711","38.70966339111328","38.70966339111328","38.70966339111328","15.059819221496582","15.059819221496582","15.059819221496582"
"13049","53.40614318847656","53.40614318847656","53.40614318847656","38.33946990966797","38.33946990966797","38.33946990966797","14.882302284240723","14.882302284240723","14.882302284240723","53.33293914794922","53.33293914794922","53.33293914794922","38.29363250732422","38.29363250732422","38.29363250732422","14.878511428833008","14.878511428833008","14.878511428833008"
"13079","58.75920867919922","58.75920867919922","58.75920867919922","40.956382751464844","40.956382751464844","40.956382751464844","14.33312702178955","14.33312702178955","14.33312702178955","58.76375961303711","58.76375961303711","58.76375961303711","40.895233154296875","40.895233154296875","40.895233154296875","14.133825302124023","14.133825302124023","14.133825302124023"
"13109","55.78220748901367","55.78220748901367","55.78220748901367","38.00749969482422","38.00749969482422","38.00749969482422","13.70777702331543","13.70777702331543","13.70777702331543","55.73502731323242","55.73502731323242","55.73502731323242","37.89491653442383","37.89491653442383","37.89491653442383","13.351762771606445","13.351762771606445","13.351762771606445"
"13139","57.895389556884766","57.895389556884766","57.895389556884766","36.370277404785156","36.370277404785156","36.370277404785156","13.015790939331055","13.015790939331055","13.015790939331055","58.44538879394531","58.44538879394531","58.44538879394531","37.559566497802734","37.559566497802734","37.559566497802734","12.7496919631958","12.7496919631958","12.7496919631958"
"13169","62.906742095947266","62.906742095947266","62.906742095947266","44.97689437866211","44.97689437866211","44.97689437866211","16.733964920043945","16.733964920043945","16.733964920043945","62.71760940551758","62.71760940551758","62.71760940551758","44.97128677368164","44.97128677368164","44.97128677368164","16.4464111328125","16.4464111328125","16.4464111328125"
"13199","57.89954376220703","57.89954376220703","57.89954376220703","39.5367317199707","39.5367317199707","39.5367317199707","14.752342224121094","14.752342224121094","14.752342224121094","57.74358367919922","57.74358367919922","57.74358367919922","39.51352310180664","39.51352310180664","39.51352310180664","14.248640060424805","14.248640060424805","14.248640060424805"
"13229","59.948455810546875","59.948455810546875","59.948455810546875","37.911231994628906","37.911231994628906","37.911231994628906","17.064037322998047","17.064037322998047","17.064037322998047","59.935028076171875","59.935028076171875","59.935028076171875","38.00218963623047","38.00218963623047","38.00218963623047","16.28080940246582","16.28080940246582","16.28080940246582"
"13259","55.34701919555664","55.34701919555664","55.34701919555664","38.45801544189453","38.45801544189453","38.45801544189453","15.526363372802734","15.526363372802734","15.526363372802734","55.50178909301758","55.50178909301758","55.50178909301758","38.40526580810547","38.40526580810547","38.40526580810547","15.464530944824219","15.464530944824219","15.464530944824219"
"13289","55.71893310546875","55.71893310546875","55.71893310546875","36.842525482177734","36.842525482177734","36.842525482177734","15.112548828125","15.112548828125","15.112548828125","55.68962860107422","55.68962860107422","55.68962860107422","36.671260833740234","36.671260833740234","36.671260833740234","14.541918754577637","14.541918754577637","14.541918754577637"
"13319","57.09719467163086","57.09719467163086","57.09719467163086","38.45184326171875","38.45184326171875","38.45184326171875","13.450309753417969","13.450309753417969","13.450309753417969","56.63207244873047","56.63207244873047","56.63207244873047","38.39418029785156","38.39418029785156","38.39418029785156","13.260933876037598","13.260933876037598","13.260933876037598"
"13349","53.72273254394531","53.72273254394531","53.72273254394531","36.23242950439453","36.23242950439453","36.23242950439453","13.826017379760742","13.826017379760742","13.826017379760742","53.75084686279297","53.75084686279297","53.75084686279297","36.335960388183594","36.335960388183594","36.335960388183594","13.677526473999023","13.677526473999023","13.677526473999023"
"13379","56.42362976074219","56.42362976074219","56.42362976074219","40.08897399902344","40.08897399902344","40.08897399902344","15.462699890136719","15.462699890136719","15.462699890136719","56.14633560180664","56.14633560180664","56.14633560180664","40.12614059448242","40.12614059448242","40.12614059448242","15.004003524780273","15.004003524780273","15.004003524780273"
"13409","50.95425033569336","50.95425033569336","50.95425033569336","38.9084358215332","38.9084358215332","38.9084358215332","14.5624418258667","14.5624418258667","14.5624418258667","50.87409973144531","50.87409973144531","50.87409973144531","38.83673095703125","38.83673095703125","38.83673095703125","14.420380592346191","14.420380592346191","14.420380592346191"
"13439","57.43343734741211","57.43343734741211","57.43343734741211","39.32712173461914","39.32712173461914","39.32712173461914","14.302407264709473","14.302407264709473","14.302407264709473","57.56416702270508","57.56416702270508","57.56416702270508","39.242435455322266","39.242435455322266","39.242435455322266","14.263842582702637","14.263842582702637","14.263842582702637"
"13469","56.427215576171875","56.427215576171875","56.427215576171875","36.89374542236328","36.89374542236328","36.89374542236328","13.800949096679688","13.800949096679688","13.800949096679688","56.39723205566406","56.39723205566406","56.39723205566406","36.66840744018555","36.66840744018555","36.66840744018555","13.614595413208008","13.614595413208008","13.614595413208008"
"13499","56.86664962768555","56.86664962768555","56.86664962768555","39.92697525024414","39.92697525024414","39.92697525024414","14.251643180847168","14.251643180847168","14.251643180847168","56.735267639160156","56.735267639160156","56.735267639160156","40.05894088745117","40.05894088745117","40.05894088745117","13.903900146484375","13.903900146484375","13.903900146484375"
"13529","60.327392578125","60.327392578125","60.327392578125","38.86575698852539","38.86575698852539","38.86575698852539","15.15071964263916","15.15071964263916","15.15071964263916","60.2506217956543","60.2506217956543","60.2506217956543","38.68735885620117","38.68735885620117","38.68735885620117","14.97665023803711","14.97665023803711","14.97665023803711"
"13559","51.27082824707031","51.27082824707031","51.27082824707031","34.10342788696289","34.10342788696289","34.10342788696289","12.740678787231445","12.740678787231445","12.740678787231445","51.208740234375","51.208740234375","51.208740234375","34.145896911621094","34.145896911621094","34.145896911621094","12.544960975646973","12.544960975646973","12.544960975646973"
"13589","51.58358383178711","51.58358383178711","51.58358383178711","34.3298225402832","34.3298225402832","34.3298225402832","13.22976303100586","13.22976303100586","13.22976303100586","51.58787155151367","51.58787155151367","51.58787155151367","34.34796905517578","34.34796905517578","34.34796905517578","12.765243530273438","12.765243530273438","12.765243530273438"
"13619","54.433773040771484","54.433773040771484","54.433773040771484","38.6068229675293","38.6068229675293","38.6068229675293","13.14645004272461","13.14645004272461","13.14645004272461","54.33362579345703","54.33362579345703","54.33362579345703","38.49136734008789","38.49136734008789","38.49136734008789","12.601399421691895","12.601399421691895","12.601399421691895"
"13649","56.724369049072266","56.724369049072266","56.724369049072266","38.181396484375","38.181396484375","38.181396484375","14.603642463684082","14.603642463684082","14.603642463684082","56.972869873046875","56.972869873046875","56.972869873046875","38.16176986694336","38.16176986694336","38.16176986694336","14.216924667358398","14.216924667358398","14.216924667358398"
"13679","60.59047317504883","60.59047317504883","60.59047317504883","40.91722869873047","40.91722869873047","40.91722869873047","14.684895515441895","14.684895515441895","14.684895515441895","60.77818298339844","60.77818298339844","60.77818298339844","41.14724349975586","41.14724349975586","41.14724349975586","14.267922401428223","14.267922401428223","14.267922401428223"
"13709","58.923397064208984","58.923397064208984","58.923397064208984","38.187744140625","38.187744140625","38.187744140625","12.537979125976562","12.537979125976562","12.537979125976562","58.44535446166992","58.44535446166992","58.44535446166992","37.7335090637207","37.7335090637207","37.7335090637207","12.345009803771973","12.345009803771973","12.345009803771973"
"13739","56.208866119384766","56.208866119384766","56.208866119384766","35.991092681884766","35.991092681884766","35.991092681884766","12.956962585449219","12.956962585449219","12.956962585449219","56.32096481323242","56.32096481323242","56.32096481323242","36.04977798461914","36.04977798461914","36.04977798461914","12.387775421142578","12.387775421142578","12.387775421142578"
"13769","54.903865814208984","54.903865814208984","54.903865814208984","35.5093994140625","35.5093994140625","35.5093994140625","12.872847557067871","12.872847557067871","12.872847557067871","54.82016372680664","54.82016372680664","54.82016372680664","35.58144760131836","35.58144760131836","35.58144760131836","12.708600044250488","12.708600044250488","12.708600044250488"
"13799","51.82389450073242","51.82389450073242","51.82389450073242","34.065608978271484","34.065608978271484","34.065608978271484","11.727514266967773","11.727514266967773","11.727514266967773","51.701507568359375","51.701507568359375","51.701507568359375","34.10563278198242","34.10563278198242","34.10563278198242","11.617560386657715","11.617560386657715","11.617560386657715"
"13829","50.9811897277832","50.9811897277832","50.9811897277832","37.82847213745117","37.82847213745117","37.82847213745117","14.014643669128418","14.014643669128418","14.014643669128418","51.03028106689453","51.03028106689453","51.03028106689453","37.61817169189453","37.61817169189453","37.61817169189453","13.522953033447266","13.522953033447266","13.522953033447266"
"13859","59.34810256958008","59.34810256958008","59.34810256958008","41.53343200683594","41.53343200683594","41.53343200683594","15.380146026611328","15.380146026611328","15.380146026611328","59.05679702758789","59.05679702758789","59.05679702758789","41.66056442260742","41.66056442260742","41.66056442260742","14.94469928741455","14.94469928741455","14.94469928741455"
"13889","61.376365661621094","61.376365661621094","61.376365661621094","44.36187744140625","44.36187744140625","44.36187744140625","16.154804229736328","16.154804229736328","16.154804229736328","61.4915657043457","61.4915657043457","61.4915657043457","44.347293853759766","44.347293853759766","44.347293853759766","15.673063278198242","15.673063278198242","15.673063278198242"
"13919","57.77257537841797","57.77257537841797","57.77257537841797","36.71293258666992","36.71293258666992","36.71293258666992","13.74678897857666","13.74678897857666","13.74678897857666","57.65956497192383","57.65956497192383","57.65956497192383","36.80064392089844","36.80064392089844","36.80064392089844","13.547428131103516","13.547428131103516","13.547428131103516"
"13949","57.78868865966797","57.78868865966797","57.78868865966797","38.013519287109375","38.013519287109375","38.013519287109375","15.433512687683105","15.433512687683105","15.433512687683105","57.79048538208008","57.79048538208008","57.79048538208008","38.07505416870117","38.07505416870117","38.07505416870117","14.734721183776855","14.734721183776855","14.734721183776855"
"13979","52.78694534301758","52.78694534301758","52.78694534301758","36.99037170410156","36.99037170410156","36.99037170410156","13.06276798248291","13.06276798248291","13.06276798248291","52.64071273803711","52.64071273803711","52.64071273803711","37.113277435302734","37.113277435302734","37.113277435302734","12.891219139099121","12.891219139099121","12.891219139099121"
"14009","55.11475372314453","55.11475372314453","55.11475372314453","38.1465950012207","38.1465950012207","38.1465950012207","13.8065185546875","13.8065185546875","13.8065185546875","55.07625961303711","55.07625961303711","55.07625961303711","38.26856231689453","38.26856231689453","38.26856231689453","13.614235877990723","13.614235877990723","13.614235877990723"
"14039","53.87093734741211","53.87093734741211","53.87093734741211","36.2828254699707","36.2828254699707","36.2828254699707","13.25113296508789","13.25113296508789","13.25113296508789","53.81136703491211","53.81136703491211","53.81136703491211","36.33380126953125","36.33380126953125","36.33380126953125","12.99032211303711","12.99032211303711","12.99032211303711"
"14069","55.89826965332031","55.89826965332031","55.89826965332031","33.734710693359375","33.734710693359375","33.734710693359375","12.174299240112305","12.174299240112305","12.174299240112305","55.80977249145508","55.80977249145508","55.80977249145508","33.268760681152344","33.268760681152344","33.268760681152344","12.058186531066895","12.058186531066895","12.058186531066895"
"14099","60.929622650146484","60.929622650146484","60.929622650146484","41.70037841796875","41.70037841796875","41.70037841796875","14.019118309020996","14.019118309020996","14.019118309020996","60.89513397216797","60.89513397216797","60.89513397216797","41.851219177246094","41.851219177246094","41.851219177246094","13.780056953430176","13.780056953430176","13.780056953430176"
"14129","53.54816818237305","53.54816818237305","53.54816818237305","37.75871658325195","37.75871658325195","37.75871658325195","13.49931526184082","13.49931526184082","13.49931526184082","53.45703887939453","53.45703887939453","53.45703887939453","37.716064453125","37.716064453125","37.716064453125","13.260526657104492","13.260526657104492","13.260526657104492"
"14159","56.98328399658203","56.98328399658203","56.98328399658203","39.022796630859375","39.022796630859375","39.022796630859375","14.689494132995605","14.689494132995605","14.689494132995605","56.97684860229492","56.97684860229492","56.97684860229492","38.97113037109375","38.97113037109375","38.97113037109375","14.233617782592773","14.233617782592773","14.233617782592773"
"14189","64.02455139160156","64.02455139160156","64.02455139160156","45.07746124267578","45.07746124267578","45.07746124267578","15.676218032836914","15.676218032836914","15.676218032836914","63.9726676940918","63.9726676940918","63.9726676940918","44.947723388671875","44.947723388671875","44.947723388671875","15.40523910522461","15.40523910522461","15.40523910522461"
"14219","56.93865203857422","56.93865203857422","56.93865203857422","38.574058532714844","38.574058532714844","38.574058532714844","13.953727722167969","13.953727722167969","13.953727722167969","56.909690856933594","56.909690856933594","56.909690856933594","38.50736999511719","38.50736999511719","38.50736999511719","13.880232810974121","13.880232810974121","13.880232810974121"
"14249","57.853919982910156","57.853919982910156","57.853919982910156","41.12450408935547","41.12450408935547","41.12450408935547","15.236790657043457","15.236790657043457","15.236790657043457","57.59800338745117","57.59800338745117","57.59800338745117","41.20694351196289","41.20694351196289","41.20694351196289","14.886380195617676","14.886380195617676","14.886380195617676"
"14279","58.4829216003418","58.4829216003418","58.4829216003418","41.043479919433594","41.043479919433594","41.043479919433594","15.471067428588867","15.471067428588867","15.471067428588867","58.53086853027344","58.53086853027344","58.53086853027344","41.154335021972656","41.154335021972656","41.154335021972656","15.157354354858398","15.157354354858398","15.157354354858398"
"14309","55.41078186035156","55.41078186035156","55.41078186035156","38.40970230102539","38.40970230102539","38.40970230102539","12.9633150100708","12.9633150100708","12.9633150100708","55.62758255004883","55.62758255004883","55.62758255004883","38.303470611572266","38.303470611572266","38.303470611572266","12.802928924560547","12.802928924560547","12.802928924560547"
"14339","60.71828842163086","60.71828842163086","60.71828842163086","41.458152770996094","41.458152770996094","41.458152770996094","16.46772003173828","16.46772003173828","16.46772003173828","60.74358367919922","60.74358367919922","60.74358367919922","41.40325164794922","41.40325164794922","41.40325164794922","15.91656494140625","15.91656494140625","15.91656494140625"
"14369","54.358192443847656","54.358192443847656","54.358192443847656","35.76786422729492","35.76786422729492","35.76786422729492","12.859223365783691","12.859223365783691","12.859223365783691","54.517860412597656","54.517860412597656","54.517860412597656","35.7816162109375","35.7816162109375","35.7816162109375","12.576972007751465","12.576972007751465","12.576972007751465"
"14399","53.72487258911133","53.72487258911133","53.72487258911133","38.0328369140625","38.0328369140625","38.0328369140625","13.965879440307617","13.965879440307617","13.965879440307617","53.462127685546875","53.462127685546875","53.462127685546875","38.028743743896484","38.028743743896484","38.028743743896484","13.56234359741211","13.56234359741211","13.56234359741211"
"14429","53.07611846923828","53.07611846923828","53.07611846923828","39.16090774536133","39.16090774536133","39.16090774536133","14.812382698059082","14.812382698059082","14.812382698059082","52.86127853393555","52.86127853393555","52.86127853393555","39.22602844238281","39.22602844238281","39.22602844238281","14.391155242919922","14.391155242919922","14.391155242919922"
"14459","54.47283935546875","54.47283935546875","54.47283935546875","39.597999572753906","39.597999572753906","39.597999572753906","15.084500312805176","15.084500312805176","15.084500312805176","54.418949127197266","54.418949127197266","54.418949127197266","39.5596809387207","39.5596809387207","39.5596809387207","14.274877548217773","14.274877548217773","14.274877548217773"
"14489","52.70367431640625","52.70367431640625","52.70367431640625","37.79520034790039","37.79520034790039","37.79520034790039","15.328588485717773","15.328588485717773","15.328588485717773","52.88362121582031","52.88362121582031","52.88362121582031","37.76134490966797","37.76134490966797","37.76134490966797","15.180081367492676","15.180081367492676","15.180081367492676"
"14519","54.85529708862305","54.85529708862305","54.85529708862305","35.1549072265625","35.1549072265625","35.1549072265625","14.145378112792969","14.145378112792969","14.145378112792969","54.79071044921875","54.79071044921875","54.79071044921875","34.895591735839844","34.895591735839844","34.895591735839844","13.837590217590332","13.837590217590332","13.837590217590332"
"14549","52.95475387573242","52.95475387573242","52.95475387573242","34.56576919555664","34.56576919555664","34.56576919555664","13.026567459106445","13.026567459106445","13.026567459106445","53.08205795288086","53.08205795288086","53.08205795288086","34.38482666015625","34.38482666015625","34.38482666015625","12.538511276245117","12.538511276245117","12.538511276245117"
"14579","54.46624755859375","54.46624755859375","54.46624755859375","38.274845123291016","38.274845123291016","38.274845123291016","14.006152153015137","14.006152153015137","14.006152153015137","54.39579391479492","54.39579391479492","54.39579391479492","38.27705001831055","38.27705001831055","38.27705001831055","14.001791954040527","14.001791954040527","14.001791954040527"
"14609","55.386688232421875","55.386688232421875","55.386688232421875","36.64090347290039","36.64090347290039","36.64090347290039","15.013368606567383","15.013368606567383","15.013368606567383","55.688148498535156","55.688148498535156","55.688148498535156","36.49034118652344","36.49034118652344","36.49034118652344","14.79491138458252","14.79491138458252","14.79491138458252"
"14639","54.40237808227539","54.40237808227539","54.40237808227539","36.768978118896484","36.768978118896484","36.768978118896484","12.466395378112793","12.466395378112793","12.466395378112793","54.285945892333984","54.285945892333984","54.285945892333984","36.693931579589844","36.693931579589844","36.693931579589844","12.009628295898438","12.009628295898438","12.009628295898438"
"14669","52.95979309082031","52.95979309082031","52.95979309082031","37.327049255371094","37.327049255371094","37.327049255371094","15.122137069702148","15.122137069702148","15.122137069702148","52.753562927246094","52.753562927246094","52.753562927246094","37.69001007080078","37.69001007080078","37.69001007080078","14.591654777526855","14.591654777526855","14.591654777526855"
"14699","52.161903381347656","52.161903381347656","52.161903381347656","34.38570022583008","34.38570022583008","34.38570022583008","12.64797306060791","12.64797306060791","12.64797306060791","52.08651351928711","52.08651351928711","52.08651351928711","34.530601501464844","34.530601501464844","34.530601501464844","12.68311595916748","12.68311595916748","12.68311595916748"
"14729","50.17906951904297","50.17906951904297","50.17906951904297","32.16676712036133","32.16676712036133","32.16676712036133","10.748344421386719","10.748344421386719","10.748344421386719","50.11467742919922","50.11467742919922","50.11467742919922","32.307518005371094","32.307518005371094","32.307518005371094","10.584199905395508","10.584199905395508","10.584199905395508"
"14759","55.938636779785156","55.938636779785156","55.938636779785156","41.199867248535156","41.199867248535156","41.199867248535156","14.368185997009277","14.368185997009277","14.368185997009277","56.05912780761719","56.05912780761719","56.05912780761719","41.217288970947266","41.217288970947266","41.217288970947266","14.085593223571777","14.085593223571777","14.085593223571777"
"14789","56.78958511352539","56.78958511352539","56.78958511352539","38.146724700927734","38.146724700927734","38.146724700927734","14.803092956542969","14.803092956542969","14.803092956542969","56.52408981323242","56.52408981323242","56.52408981323242","38.41988754272461","38.41988754272461","38.41988754272461","14.574352264404297","14.574352264404297","14.574352264404297"
"14819","59.04355239868164","59.04355239868164","59.04355239868164","40.261634826660156","40.261634826660156","40.261634826660156","14.348148345947266","14.348148345947266","14.348148345947266","59.02989196777344","59.02989196777344","59.02989196777344","40.02840805053711","40.02840805053711","40.02840805053711","14.160208702087402","14.160208702087402","14.160208702087402"
"14849","50.56928634643555","50.56928634643555","50.56928634643555","34.69069290161133","34.69069290161133","34.69069290161133","12.527871131896973","12.527871131896973","12.527871131896973","50.80617141723633","50.80617141723633","50.80617141723633","34.692684173583984","34.692684173583984","34.692684173583984","12.191373825073242","12.191373825073242","12.191373825073242"
"14879","64.5150146484375","64.5150146484375","64.5150146484375","44.5898323059082","44.5898323059082","44.5898323059082","18.64168357849121","18.64168357849121","18.64168357849121","64.5243911743164","64.5243911743164","64.5243911743164","44.56032943725586","44.56032943725586","44.56032943725586","18.628143310546875","18.628143310546875","18.628143310546875"
"14909","57.00385284423828","57.00385284423828","57.00385284423828","39.26927947998047","39.26927947998047","39.26927947998047","14.691818237304688","14.691818237304688","14.691818237304688","56.7321662902832","56.7321662902832","56.7321662902832","39.46368408203125","39.46368408203125","39.46368408203125","14.560379028320312","14.560379028320312","14.560379028320312"
"14939","51.48126983642578","51.48126983642578","51.48126983642578","36.85477066040039","36.85477066040039","36.85477066040039","13.056921005249023","13.056921005249023","13.056921005249023","51.69004821777344","51.69004821777344","51.69004821777344","36.256492614746094","36.256492614746094","36.256492614746094","12.705742835998535","12.705742835998535","12.705742835998535"
"14969","55.1940803527832","55.1940803527832","55.1940803527832","39.607093811035156","39.607093811035156","39.607093811035156","14.020679473876953","14.020679473876953","14.020679473876953","55.22227478027344","55.22227478027344","55.22227478027344","39.51170349121094","39.51170349121094","39.51170349121094","13.95692253112793","13.95692253112793","13.95692253112793"
"14999","55.785770416259766","55.785770416259766","55.785770416259766","37.517555236816406","37.517555236816406","37.517555236816406","12.85104751586914","12.85104751586914","12.85104751586914","55.47894287109375","55.47894287109375","55.47894287109375","37.323482513427734","37.323482513427734","37.323482513427734","12.282851219177246","12.282851219177246","12.282851219177246"
"15029","57.94003677368164","57.94003677368164","57.94003677368164","41.71180725097656","41.71180725097656","41.71180725097656","15.046198844909668","15.046198844909668","15.046198844909668","57.88610076904297","57.88610076904297","57.88610076904297","41.52743911743164","41.52743911743164","41.52743911743164","14.847272872924805","14.847272872924805","14.847272872924805"
"15059","52.38336181640625","52.38336181640625","52.38336181640625","32.3513069152832","32.3513069152832","32.3513069152832","13.09621810913086","13.09621810913086","13.09621810913086","52.32490539550781","52.32490539550781","52.32490539550781","32.444305419921875","32.444305419921875","32.444305419921875","12.280400276184082","12.280400276184082","12.280400276184082"
"15089","56.53499984741211","56.53499984741211","56.53499984741211","37.702972412109375","37.702972412109375","37.702972412109375","15.170546531677246","15.170546531677246","15.170546531677246","56.60964584350586","56.60964584350586","56.60964584350586","37.91804122924805","37.91804122924805","37.91804122924805","14.806281089782715","14.806281089782715","14.806281089782715"
"15119","53.80073928833008","53.80073928833008","53.80073928833008","36.61520767211914","36.61520767211914","36.61520767211914","13.529545783996582","13.529545783996582","13.529545783996582","53.66925811767578","53.66925811767578","53.66925811767578","36.606388092041016","36.606388092041016","36.606388092041016","13.14903450012207","13.14903450012207","13.14903450012207"
"15149","53.81985092163086","53.81985092163086","53.81985092163086","37.418636322021484","37.418636322021484","37.418636322021484","12.644880294799805","12.644880294799805","12.644880294799805","53.75264358520508","53.75264358520508","53.75264358520508","37.34461975097656","37.34461975097656","37.34461975097656","12.527430534362793","12.527430534362793","12.527430534362793"
"15179","48.04603576660156","48.04603576660156","48.04603576660156","30.96681022644043","30.96681022644043","30.96681022644043","9.964682579040527","9.964682579040527","9.964682579040527","48.01507568359375","48.01507568359375","48.01507568359375","30.818883895874023","30.818883895874023","30.818883895874023","10.006237983703613","10.006237983703613","10.006237983703613"
"15209","53.9985237121582","53.9985237121582","53.9985237121582","35.62592315673828","35.62592315673828","35.62592315673828","12.43610954284668","12.43610954284668","12.43610954284668","54.09092712402344","54.09092712402344","54.09092712402344","35.6492805480957","35.6492805480957","35.6492805480957","12.434196472167969","12.434196472167969","12.434196472167969"
"15239","51.59461975097656","51.59461975097656","51.59461975097656","36.870880126953125","36.870880126953125","36.870880126953125","14.513803482055664","14.513803482055664","14.513803482055664","51.59584045410156","51.59584045410156","51.59584045410156","37.003414154052734","37.003414154052734","37.003414154052734","14.225773811340332","14.225773811340332","14.225773811340332"
"15269","48.123348236083984","48.123348236083984","48.123348236083984","33.772605895996094","33.772605895996094","33.772605895996094","13.335415840148926","13.335415840148926","13.335415840148926","48.358577728271484","48.358577728271484","48.358577728271484","33.756526947021484","33.756526947021484","33.756526947021484","12.80182933807373","12.80182933807373","12.80182933807373"
"15299","57.253475189208984","57.253475189208984","57.253475189208984","39.265907287597656","39.265907287597656","39.265907287597656","14.250924110412598","14.250924110412598","14.250924110412598","57.354862213134766","57.354862213134766","57.354862213134766","39.27907943725586","39.27907943725586","39.27907943725586","13.942275047302246","13.942275047302246","13.942275047302246"
"15329","55.10347366333008","55.10347366333008","55.10347366333008","38.34928894042969","38.34928894042969","38.34928894042969","14.26158332824707","14.26158332824707","14.26158332824707","55.00810241699219","55.00810241699219","55.00810241699219","38.45640182495117","38.45640182495117","38.45640182495117","14.15355396270752","14.15355396270752","14.15355396270752"
"15359","50.15085983276367","50.15085983276367","50.15085983276367","34.2760124206543","34.2760124206543","34.2760124206543","11.152450561523438","11.152450561523438","11.152450561523438","50.30156326293945","50.30156326293945","50.30156326293945","34.29521942138672","34.29521942138672","34.29521942138672","11.165632247924805","11.165632247924805","11.165632247924805"
"15389","47.75732421875","47.75732421875","47.75732421875","34.11503982543945","34.11503982543945","34.11503982543945","12.255067825317383","12.255067825317383","12.255067825317383","47.73906326293945","47.73906326293945","47.73906326293945","34.08478546142578","34.08478546142578","34.08478546142578","12.033109664916992","12.033109664916992","12.033109664916992"
"15419","59.824378967285156","59.824378967285156","59.824378967285156","39.853450775146484","39.853450775146484","39.853450775146484","14.465888023376465","14.465888023376465","14.465888023376465","59.6610221862793","59.6610221862793","59.6610221862793","39.96976089477539","39.96976089477539","39.96976089477539","14.167641639709473","14.167641639709473","14.167641639709473"
"15449","55.28213119506836","55.28213119506836","55.28213119506836","38.64131164550781","38.64131164550781","38.64131164550781","12.249796867370605","12.249796867370605","12.249796867370605","55.25807571411133","55.25807571411133","55.25807571411133","38.25856018066406","38.25856018066406","38.25856018066406","11.63369083404541","11.63369083404541","11.63369083404541"
"15479","52.57807159423828","52.57807159423828","52.57807159423828","38.1474494934082","38.1474494934082","38.1474494934082","13.824738502502441","13.824738502502441","13.824738502502441","52.569358825683594","52.569358825683594","52.569358825683594","37.788177490234375","37.788177490234375","37.788177490234375","13.274364471435547","13.274364471435547","13.274364471435547"
"15509","49.937923431396484","49.937923431396484","49.937923431396484","33.34873580932617","33.34873580932617","33.34873580932617","12.85085391998291","12.85085391998291","12.85085391998291","50.13903045654297","50.13903045654297","50.13903045654297","33.345802307128906","33.345802307128906","33.345802307128906","12.527267456054688","12.527267456054688","12.527267456054688"
"15539","57.84705352783203","57.84705352783203","57.84705352783203","40.61307907104492","40.61307907104492","40.61307907104492","15.461591720581055","15.461591720581055","15.461591720581055","57.99409103393555","57.99409103393555","57.99409103393555","40.541465759277344","40.541465759277344","40.541465759277344","15.000946998596191","15.000946998596191","15.000946998596191"
"15569","56.48108673095703","56.48108673095703","56.48108673095703","39.233802795410156","39.233802795410156","39.233802795410156","15.5386323928833","15.5386323928833","15.5386323928833","57.007083892822266","57.007083892822266","57.007083892822266","39.4101448059082","39.4101448059082","39.4101448059082","15.251591682434082","15.251591682434082","15.251591682434082"
"15599","54.14145278930664","54.14145278930664","54.14145278930664","35.17280578613281","35.17280578613281","35.17280578613281","12.4552001953125","12.4552001953125","12.4552001953125","54.36967468261719","54.36967468261719","54.36967468261719","35.074951171875","35.074951171875","35.074951171875","12.445380210876465","12.445380210876465","12.445380210876465"
"15629","54.80671691894531","54.80671691894531","54.80671691894531","36.55891418457031","36.55891418457031","36.55891418457031","12.315788269042969","12.315788269042969","12.315788269042969","54.97649383544922","54.97649383544922","54.97649383544922","36.48270797729492","36.48270797729492","36.48270797729492","12.089730262756348","12.089730262756348","12.089730262756348"
"15659","58.95286560058594","58.95286560058594","58.95286560058594","40.63914108276367","40.63914108276367","40.63914108276367","14.780282020568848","14.780282020568848","14.780282020568848","58.89134216308594","58.89134216308594","58.89134216308594","40.65285873413086","40.65285873413086","40.65285873413086","14.374783515930176","14.374783515930176","14.374783515930176"
"15689","58.031620025634766","58.031620025634766","58.031620025634766","39.89818572998047","39.89818572998047","39.89818572998047","14.98457145690918","14.98457145690918","14.98457145690918","58.253787994384766","58.253787994384766","58.253787994384766","39.89659881591797","39.89659881591797","39.89659881591797","14.578754425048828","14.578754425048828","14.578754425048828"
"15719","62.60691452026367","62.60691452026367","62.60691452026367","40.81695556640625","40.81695556640625","40.81695556640625","14.672438621520996","14.672438621520996","14.672438621520996","62.61958694458008","62.61958694458008","62.61958694458008","40.860313415527344","40.860313415527344","40.860313415527344","14.445042610168457","14.445042610168457","14.445042610168457"
"15749","55.32590866088867","55.32590866088867","55.32590866088867","38.359962463378906","38.359962463378906","38.359962463378906","13.93419361114502","13.93419361114502","13.93419361114502","55.2390022277832","55.2390022277832","55.2390022277832","38.087066650390625","38.087066650390625","38.087066650390625","13.606555938720703","13.606555938720703","13.606555938720703"
"15779","56.917137145996094","56.917137145996094","56.917137145996094","39.93597412109375","39.93597412109375","39.93597412109375","15.861319541931152","15.861319541931152","15.861319541931152","57.00448226928711","57.00448226928711","57.00448226928711","40.18437957763672","40.18437957763672","40.18437957763672","15.511493682861328","15.511493682861328","15.511493682861328"
"15809","50.53531265258789","50.53531265258789","50.53531265258789","35.8994140625","35.8994140625","35.8994140625","12.387426376342773","12.387426376342773","12.387426376342773","50.51552963256836","50.51552963256836","50.51552963256836","35.65723419189453","35.65723419189453","35.65723419189453","12.136676788330078","12.136676788330078","12.136676788330078"
"15839","51.13980484008789","51.13980484008789","51.13980484008789","37.51382064819336","37.51382064819336","37.51382064819336","13.796740531921387","13.796740531921387","13.796740531921387","51.01540756225586","51.01540756225586","51.01540756225586","37.47978591918945","37.47978591918945","37.47978591918945","13.60139274597168","13.60139274597168","13.60139274597168"
"15869","53.40632629394531","53.40632629394531","53.40632629394531","34.042015075683594","34.042015075683594","34.042015075683594","12.529254913330078","12.529254913330078","12.529254913330078","53.37725067138672","53.37725067138672","53.37725067138672","34.058101654052734","34.058101654052734","34.058101654052734","12.181082725524902","12.181082725524902","12.181082725524902"
"15899","61.13996505737305","61.13996505737305","61.13996505737305","41.17014694213867","41.17014694213867","41.17014694213867","13.943764686584473","13.943764686584473","13.943764686584473","61.198055267333984","61.198055267333984","61.198055267333984","41.15749740600586","41.15749740600586","41.15749740600586","13.596969604492188","13.596969604492188","13.596969604492188"
"15929","55.51769256591797","55.51769256591797","55.51769256591797","42.73719024658203","42.73719024658203","42.73719024658203","15.573427200317383","15.573427200317383","15.573427200317383","55.27414321899414","55.27414321899414","55.27414321899414","42.198524475097656","42.198524475097656","42.198524475097656","15.380789756774902","15.380789756774902","15.380789756774902"
"15959","52.778709411621094","52.778709411621094","52.778709411621094","36.62863540649414","36.62863540649414","36.62863540649414","16.3099308013916","16.3099308013916","16.3099308013916","52.79536819458008","52.79536819458008","52.79536819458008","36.9190559387207","36.9190559387207","36.9190559387207","15.57509708404541","15.57509708404541","15.57509708404541"
"15989","59.21036148071289","59.21036148071289","59.21036148071289","43.07990264892578","43.07990264892578","43.07990264892578","16.641897201538086","16.641897201538086","16.641897201538086","59.280975341796875","59.280975341796875","59.280975341796875","43.199432373046875","43.199432373046875","43.199432373046875","15.987655639648438","15.987655639648438","15.987655639648438"
"16019","58.29678726196289","58.29678726196289","58.29678726196289","41.733909606933594","41.733909606933594","41.733909606933594","15.437095642089844","15.437095642089844","15.437095642089844","58.00191116333008","58.00191116333008","58.00191116333008","41.89486312866211","41.89486312866211","41.89486312866211","15.198312759399414","15.198312759399414","15.198312759399414"
"16049","55.65547180175781","55.65547180175781","55.65547180175781","41.269256591796875","41.269256591796875","41.269256591796875","15.10919189453125","15.10919189453125","15.10919189453125","55.55824661254883","55.55824661254883","55.55824661254883","41.572235107421875","41.572235107421875","41.572235107421875","14.383119583129883","14.383119583129883","14.383119583129883"
"16079","58.321189880371094","58.321189880371094","58.321189880371094","39.879756927490234","39.879756927490234","39.879756927490234","16.163755416870117","16.163755416870117","16.163755416870117","58.53522491455078","58.53522491455078","58.53522491455078","39.83583450317383","39.83583450317383","39.83583450317383","15.868063926696777","15.868063926696777","15.868063926696777"
"16109","57.131736755371094","57.131736755371094","57.131736755371094","39.823974609375","39.823974609375","39.823974609375","14.821569442749023","14.821569442749023","14.821569442749023","57.18653106689453","57.18653106689453","57.18653106689453","40.37089157104492","40.37089157104492","40.37089157104492","14.678473472595215","14.678473472595215","14.678473472595215"
"16139","53.55488204956055","53.55488204956055","53.55488204956055","36.94669723510742","36.94669723510742","36.94669723510742","13.673410415649414","13.673410415649414","13.673410415649414","53.47623825073242","53.47623825073242","53.47623825073242","36.74810028076172","36.74810028076172","36.74810028076172","13.38392448425293","13.38392448425293","13.38392448425293"
"16169","56.11118698120117","56.11118698120117","56.11118698120117","38.962196350097656","38.962196350097656","38.962196350097656","13.69649887084961","13.69649887084961","13.69649887084961","55.99034881591797","55.99034881591797","55.99034881591797","38.96863555908203","38.96863555908203","38.96863555908203","13.986725807189941","13.986725807189941","13.986725807189941"
"16199","62.15283203125","62.15283203125","62.15283203125","47.59471893310547","47.59471893310547","47.59471893310547","16.381488800048828","16.381488800048828","16.381488800048828","62.054744720458984","62.054744720458984","62.054744720458984","47.42742919921875","47.42742919921875","47.42742919921875","16.228174209594727","16.228174209594727","16.228174209594727"
"16229","58.911190032958984","58.911190032958984","58.911190032958984","39.07425308227539","39.07425308227539","39.07425308227539","14.443146705627441","14.443146705627441","14.443146705627441","59.00987243652344","59.00987243652344","59.00987243652344","39.228973388671875","39.228973388671875","39.228973388671875","14.234235763549805","14.234235763549805","14.234235763549805"
"16259","59.56394577026367","59.56394577026367","59.56394577026367","41.95476150512695","41.95476150512695","41.95476150512695","15.17835521697998","15.17835521697998","15.17835521697998","59.54804611206055","59.54804611206055","59.54804611206055","42.00312042236328","42.00312042236328","42.00312042236328","14.581778526306152","14.581778526306152","14.581778526306152"
"16289","54.3461799621582","54.3461799621582","54.3461799621582","38.51279830932617","38.51279830932617","38.51279830932617","14.87209415435791","14.87209415435791","14.87209415435791","54.35530471801758","54.35530471801758","54.35530471801758","38.723106384277344","38.723106384277344","38.723106384277344","14.4599609375","14.4599609375","14.4599609375"
"16319","55.96696090698242","55.96696090698242","55.96696090698242","36.22045135498047","36.22045135498047","36.22045135498047","13.853744506835938","13.853744506835938","13.853744506835938","55.94865036010742","55.94865036010742","55.94865036010742","36.34442901611328","36.34442901611328","36.34442901611328","13.509504318237305","13.509504318237305","13.509504318237305"
"16349","53.35981369018555","53.35981369018555","53.35981369018555","40.359554290771484","40.359554290771484","40.359554290771484","14.902827262878418","14.902827262878418","14.902827262878418","53.4339599609375","53.4339599609375","53.4339599609375","39.2427864074707","39.2427864074707","39.2427864074707","14.347865104675293","14.347865104675293","14.347865104675293"
"16379","53.29902267456055","53.29902267456055","53.29902267456055","34.9698371887207","34.9698371887207","34.9698371887207","13.034159660339355","13.034159660339355","13.034159660339355","53.17280960083008","53.17280960083008","53.17280960083008","34.94224548339844","34.94224548339844","34.94224548339844","12.720229148864746","12.720229148864746","12.720229148864746"
"16409","50.935585021972656","50.935585021972656","50.935585021972656","34.1628532409668","34.1628532409668","34.1628532409668","12.066434860229492","12.066434860229492","12.066434860229492","50.92479705810547","50.92479705810547","50.92479705810547","34.02955627441406","34.02955627441406","34.02955627441406","11.678401947021484","11.678401947021484","11.678401947021484"
"16439","64.37541961669922","64.37541961669922","64.37541961669922","45.00803756713867","45.00803756713867","45.00803756713867","16.647489547729492","16.647489547729492","16.647489547729492","64.29595947265625","64.29595947265625","64.29595947265625","44.92617416381836","44.92617416381836","44.92617416381836","16.258548736572266","16.258548736572266","16.258548736572266"
"16469","55.32032012939453","55.32032012939453","55.32032012939453","39.500709533691406","39.500709533691406","39.500709533691406","16.073711395263672","16.073711395263672","16.073711395263672","55.23695755004883","55.23695755004883","55.23695755004883","39.55449295043945","39.55449295043945","39.55449295043945","15.672639846801758","15.672639846801758","15.672639846801758"
"16499","55.24740982055664","55.24740982055664","55.24740982055664","36.278499603271484","36.278499603271484","36.278499603271484","13.461669921875","13.461669921875","13.461669921875","55.37786865234375","55.37786865234375","55.37786865234375","36.37616729736328","36.37616729736328","36.37616729736328","12.86852741241455","12.86852741241455","12.86852741241455"
"16529","52.00093460083008","52.00093460083008","52.00093460083008","34.571895599365234","34.571895599365234","34.571895599365234","13.649571418762207","13.649571418762207","13.649571418762207","51.89280700683594","51.89280700683594","51.89280700683594","34.721214294433594","34.721214294433594","34.721214294433594","13.231172561645508","13.231172561645508","13.231172561645508"
"16559","54.18253707885742","54.18253707885742","54.18253707885742","38.91362380981445","38.91362380981445","38.91362380981445","14.661966323852539","14.661966323852539","14.661966323852539","53.96187210083008","53.96187210083008","53.96187210083008","39.05682373046875","39.05682373046875","39.05682373046875","14.254477500915527","14.254477500915527","14.254477500915527"
"16589","55.6083984375","55.6083984375","55.6083984375","39.416053771972656","39.416053771972656","39.416053771972656","15.362823486328125","15.362823486328125","15.362823486328125","55.65991973876953","55.65991973876953","55.65991973876953","39.54216384887695","39.54216384887695","39.54216384887695","14.968151092529297","14.968151092529297","14.968151092529297"
"16619","48.93251037597656","48.93251037597656","48.93251037597656","34.0174446105957","34.0174446105957","34.0174446105957","12.954656600952148","12.954656600952148","12.954656600952148","48.9691162109375","48.9691162109375","48.9691162109375","33.88300704956055","33.88300704956055","33.88300704956055","12.924327850341797","12.924327850341797","12.924327850341797"
"16649","58.6706428527832","58.6706428527832","58.6706428527832","40.576995849609375","40.576995849609375","40.576995849609375","15.652414321899414","15.652414321899414","15.652414321899414","58.67442321777344","58.67442321777344","58.67442321777344","40.43199920654297","40.43199920654297","40.43199920654297","15.475749969482422","15.475749969482422","15.475749969482422"
"16679","51.08010482788086","51.08010482788086","51.08010482788086","37.01182556152344","37.01182556152344","37.01182556152344","14.082053184509277","14.082053184509277","14.082053184509277","50.967342376708984","50.967342376708984","50.967342376708984","40.34473419189453","40.34473419189453","40.34473419189453","13.964704513549805","13.964704513549805","13.964704513549805"
"16709","51.94114303588867","51.94114303588867","51.94114303588867","33.800514221191406","33.800514221191406","33.800514221191406","12.82485580444336","12.82485580444336","12.82485580444336","51.63528060913086","51.63528060913086","51.63528060913086","33.74623489379883","33.74623489379883","33.74623489379883","12.45001220703125","12.45001220703125","12.45001220703125"
"16739","52.41689682006836","52.41689682006836","52.41689682006836","34.134735107421875","34.134735107421875","34.134735107421875","13.075862884521484","13.075862884521484","13.075862884521484","52.67033386230469","52.67033386230469","52.67033386230469","33.95825958251953","33.95825958251953","33.95825958251953","12.843850135803223","12.843850135803223","12.843850135803223"
"16769","55.48812484741211","55.48812484741211","55.48812484741211","35.52240753173828","35.52240753173828","35.52240753173828","13.244790077209473","13.244790077209473","13.244790077209473","55.175838470458984","55.175838470458984","55.175838470458984","35.67951202392578","35.67951202392578","35.67951202392578","12.717216491699219","12.717216491699219","12.717216491699219"
"16799","52.62807083129883","52.62807083129883","52.62807083129883","36.27662658691406","36.27662658691406","36.27662658691406","13.31155776977539","13.31155776977539","13.31155776977539","52.70230484008789","52.70230484008789","52.70230484008789","36.24933624267578","36.24933624267578","36.24933624267578","12.81999683380127","12.81999683380127","12.81999683380127"
"16829","60.6414909362793","60.6414909362793","60.6414909362793","41.46710968017578","41.46710968017578","41.46710968017578","16.710168838500977","16.710168838500977","16.710168838500977","60.778114318847656","60.778114318847656","60.778114318847656","41.40757751464844","41.40757751464844","41.40757751464844","16.228525161743164","16.228525161743164","16.228525161743164"
"16859","55.72032928466797","55.72032928466797","55.72032928466797","37.81283950805664","37.81283950805664","37.81283950805664","13.000563621520996","13.000563621520996","13.000563621520996","55.708412170410156","55.708412170410156","55.708412170410156","37.781272888183594","37.781272888183594","37.781272888183594","12.493969917297363","12.493969917297363","12.493969917297363"
"16889","58.1997184753418","58.1997184753418","58.1997184753418","70.90547943115234","70.90547943115234","70.90547943115234","14.756402015686035","14.756402015686035","14.756402015686035","59.026145935058594","59.026145935058594","59.026145935058594","52.727176666259766","52.727176666259766","52.727176666259766","14.389984130859375","14.389984130859375","14.389984130859375"
"16919","50.053466796875","50.053466796875","50.053466796875","35.107261657714844","35.107261657714844","35.107261657714844","12.200186729431152","12.200186729431152","12.200186729431152","50.34450912475586","50.34450912475586","50.34450912475586","34.630672454833984","34.630672454833984","34.630672454833984","12.07867431640625","12.07867431640625","12.07867431640625"
"16949","57.36640548706055","57.36640548706055","57.36640548706055","40.13653564453125","40.13653564453125","40.13653564453125","15.658645629882812","15.658645629882812","15.658645629882812","57.45126724243164","57.45126724243164","57.45126724243164","40.108890533447266","40.108890533447266","40.108890533447266","15.346158981323242","15.346158981323242","15.346158981323242"
"16979","52.26708984375","52.26708984375","52.26708984375","36.58065414428711","36.58065414428711","36.58065414428711","14.197643280029297","14.197643280029297","14.197643280029297","52.3740119934082","52.3740119934082","52.3740119934082","36.52116775512695","36.52116775512695","36.52116775512695","13.787577629089355","13.787577629089355","13.787577629089355"
"17009","55.66916275024414","55.66916275024414","55.66916275024414","37.50755310058594","37.50755310058594","37.50755310058594","13.583831787109375","13.583831787109375","13.583831787109375","55.67585754394531","55.67585754394531","55.67585754394531","37.359825134277344","37.359825134277344","37.359825134277344","13.073975563049316","13.073975563049316","13.073975563049316"
"17039","56.04207992553711","56.04207992553711","56.04207992553711","35.330909729003906","35.330909729003906","35.330909729003906","13.258384704589844","13.258384704589844","13.258384704589844","56.140769958496094","56.140769958496094","56.140769958496094","35.188392639160156","35.188392639160156","35.188392639160156","12.90505313873291","12.90505313873291","12.90505313873291"
"17069","52.84926986694336","52.84926986694336","52.84926986694336","38.39149475097656","38.39149475097656","38.39149475097656","14.041671752929688","14.041671752929688","14.041671752929688","52.75550842285156","52.75550842285156","52.75550842285156","38.54356002807617","38.54356002807617","38.54356002807617","13.558669090270996","13.558669090270996","13.558669090270996"
"17099","55.1292610168457","55.1292610168457","55.1292610168457","38.09919738769531","38.09919738769531","38.09919738769531","13.487178802490234","13.487178802490234","13.487178802490234","55.30591583251953","55.30591583251953","55.30591583251953","38.1291389465332","38.1291389465332","38.1291389465332","13.47044849395752","13.47044849395752","13.47044849395752"
"17129","55.03839874267578","55.03839874267578","55.03839874267578","34.7838134765625","34.7838134765625","34.7838134765625","11.993234634399414","11.993234634399414","11.993234634399414","55.41449737548828","55.41449737548828","55.41449737548828","34.64834213256836","34.64834213256836","34.64834213256836","11.700920104980469","11.700920104980469","11.700920104980469"
"17159","52.09895324707031","52.09895324707031","52.09895324707031","37.45450210571289","37.45450210571289","37.45450210571289","14.018686294555664","14.018686294555664","14.018686294555664","51.89934539794922","51.89934539794922","51.89934539794922","37.364410400390625","37.364410400390625","37.364410400390625","13.766307830810547","13.766307830810547","13.766307830810547"
"17189","53.34278106689453","53.34278106689453","53.34278106689453","38.55953598022461","38.55953598022461","38.55953598022461","13.823775291442871","13.823775291442871","13.823775291442871","53.002689361572266","53.002689361572266","53.002689361572266","38.66721725463867","38.66721725463867","38.66721725463867","14.011622428894043","14.011622428894043","14.011622428894043"
"17219","51.694583892822266","51.694583892822266","51.694583892822266","33.34688949584961","33.34688949584961","33.34688949584961","12.575944900512695","12.575944900512695","12.575944900512695","51.777469635009766","51.777469635009766","51.777469635009766","33.373382568359375","33.373382568359375","33.373382568359375","12.328225135803223","12.328225135803223","12.328225135803223"
"17249","55.32978439331055","55.32978439331055","55.32978439331055","37.238182067871094","37.238182067871094","37.238182067871094","15.694361686706543","15.694361686706543","15.694361686706543","55.09598922729492","55.09598922729492","55.09598922729492","37.304725646972656","37.304725646972656","37.304725646972656","15.63731861114502","15.63731861114502","15.63731861114502"
"17279","56.19935607910156","56.19935607910156","56.19935607910156","36.32038116455078","36.32038116455078","36.32038116455078","12.367521286010742","12.367521286010742","12.367521286010742","56.22423553466797","56.22423553466797","56.22423553466797","36.16217041015625","36.16217041015625","36.16217041015625","12.154248237609863","12.154248237609863","12.154248237609863"
"17309","53.90687942504883","53.90687942504883","53.90687942504883","35.872962951660156","35.872962951660156","35.872962951660156","12.614563941955566","12.614563941955566","12.614563941955566","53.91408920288086","53.91408920288086","53.91408920288086","35.81083297729492","35.81083297729492","35.81083297729492","12.248587608337402","12.248587608337402","12.248587608337402"
"17339","58.44477462768555","58.44477462768555","58.44477462768555","39.653480529785156","39.653480529785156","39.653480529785156","14.697271347045898","14.697271347045898","14.697271347045898","58.58131790161133","58.58131790161133","58.58131790161133","39.66368103027344","39.66368103027344","39.66368103027344","14.498408317565918","14.498408317565918","14.498408317565918"
"17369","55.12802505493164","55.12802505493164","55.12802505493164","34.94865036010742","34.94865036010742","34.94865036010742","12.311894416809082","12.311894416809082","12.311894416809082","55.327049255371094","55.327049255371094","55.327049255371094","35.174400329589844","35.174400329589844","35.174400329589844","12.221816062927246","12.221816062927246","12.221816062927246"
"17399","58.3365364074707","58.3365364074707","58.3365364074707","39.08164596557617","39.08164596557617","39.08164596557617","17.47359848022461","17.47359848022461","17.47359848022461","57.94276428222656","57.94276428222656","57.94276428222656","39.03620147705078","39.03620147705078","39.03620147705078","17.35507583618164","17.35507583618164","17.35507583618164"
"17429","57.97740173339844","57.97740173339844","57.97740173339844","39.0452766418457","39.0452766418457","39.0452766418457","13.143149375915527","13.143149375915527","13.143149375915527","57.99871826171875","57.99871826171875","57.99871826171875","40.28036117553711","40.28036117553711","40.28036117553711","12.834831237792969","12.834831237792969","12.834831237792969"
"17459","57.810272216796875","57.810272216796875","57.810272216796875","39.49485397338867","39.49485397338867","39.49485397338867","16.78126335144043","16.78126335144043","16.78126335144043","57.48570251464844","57.48570251464844","57.48570251464844","39.33513641357422","39.33513641357422","39.33513641357422","16.270097732543945","16.270097732543945","16.270097732543945"
"17489","61.701473236083984","61.701473236083984","61.701473236083984","42.89630889892578","42.89630889892578","42.89630889892578","15.249579429626465","15.249579429626465","15.249579429626465","61.60770797729492","61.60770797729492","61.60770797729492","45.602684020996094","45.602684020996094","45.602684020996094","15.14478874206543","15.14478874206543","15.14478874206543"
"17519","58.27562713623047","58.27562713623047","58.27562713623047","37.332122802734375","37.332122802734375","37.332122802734375","13.787782669067383","13.787782669067383","13.787782669067383","58.14607238769531","58.14607238769531","58.14607238769531","37.2953987121582","37.2953987121582","37.2953987121582","13.60914134979248","13.60914134979248","13.60914134979248"
"17549","50.09172439575195","50.09172439575195","50.09172439575195","34.77931213378906","34.77931213378906","34.77931213378906","13.561132431030273","13.561132431030273","13.561132431030273","50.23352813720703","50.23352813720703","50.23352813720703","34.597354888916016","34.597354888916016","34.597354888916016","13.027986526489258","13.027986526489258","13.027986526489258"
"17579","53.99250030517578","53.99250030517578","53.99250030517578","35.68642807006836","35.68642807006836","35.68642807006836","12.52550983428955","12.52550983428955","12.52550983428955","54.031307220458984","54.031307220458984","54.031307220458984","35.67545700073242","35.67545700073242","35.67545700073242","12.172433853149414","12.172433853149414","12.172433853149414"
"17609","52.536922454833984","52.536922454833984","52.536922454833984","35.18943786621094","35.18943786621094","35.18943786621094","12.565046310424805","12.565046310424805","12.565046310424805","52.59226989746094","52.59226989746094","52.59226989746094","35.1318244934082","35.1318244934082","35.1318244934082","12.127288818359375","12.127288818359375","12.127288818359375"
"17639","49.872371673583984","49.872371673583984","49.872371673583984","32.74507141113281","32.74507141113281","32.74507141113281","12.03537654876709","12.03537654876709","12.03537654876709","49.87583923339844","49.87583923339844","49.87583923339844","32.667625427246094","32.667625427246094","32.667625427246094","11.585100173950195","11.585100173950195","11.585100173950195"
"17669","55.98451232910156","55.98451232910156","55.98451232910156","38.77550506591797","38.77550506591797","38.77550506591797","14.087871551513672","14.087871551513672","14.087871551513672","56.06245040893555","56.06245040893555","56.06245040893555","38.88191223144531","38.88191223144531","38.88191223144531","13.980090141296387","13.980090141296387","13.980090141296387"
"17699","50.7474365234375","50.7474365234375","50.7474365234375","33.21141052246094","33.21141052246094","33.21141052246094","12.908026695251465","12.908026695251465","12.908026695251465","50.81735610961914","50.81735610961914","50.81735610961914","33.44270324707031","33.44270324707031","33.44270324707031","12.729750633239746","12.729750633239746","12.729750633239746"
"17729","53.43653106689453","53.43653106689453","53.43653106689453","35.014305114746094","35.014305114746094","35.014305114746094","12.75509262084961","12.75509262084961","12.75509262084961","53.25954055786133","53.25954055786133","53.25954055786133","35.016014099121094","35.016014099121094","35.016014099121094","12.411713600158691","12.411713600158691","12.411713600158691"
"17759","46.08302688598633","46.08302688598633","46.08302688598633","33.27009582519531","33.27009582519531","33.27009582519531","11.968290328979492","11.968290328979492","11.968290328979492","46.1016845703125","46.1016845703125","46.1016845703125","33.13521957397461","33.13521957397461","33.13521957397461","11.51058292388916","11.51058292388916","11.51058292388916"
"17789","55.4509162902832","55.4509162902832","55.4509162902832","36.52517318725586","36.52517318725586","36.52517318725586","12.666481971740723","12.666481971740723","12.666481971740723","55.40451431274414","55.40451431274414","55.40451431274414","36.57024002075195","36.57024002075195","36.57024002075195","12.60811710357666","12.60811710357666","12.60811710357666"
"17819","54.726741790771484","54.726741790771484","54.726741790771484","35.246055603027344","35.246055603027344","35.246055603027344","13.384164810180664","13.384164810180664","13.384164810180664","54.598026275634766","54.598026275634766","54.598026275634766","35.08180236816406","35.08180236816406","35.08180236816406","13.250743865966797","13.250743865966797","13.250743865966797"
"17849","46.13127899169922","46.13127899169922","46.13127899169922","34.84287643432617","34.84287643432617","34.84287643432617","12.788615226745605","12.788615226745605","12.788615226745605","46.09686279296875","46.09686279296875","46.09686279296875","34.74496078491211","34.74496078491211","34.74496078491211","12.638562202453613","12.638562202453613","12.638562202453613"
"17879","54.628700256347656","54.628700256347656","54.628700256347656","37.35725402832031","37.35725402832031","37.35725402832031","13.755962371826172","13.755962371826172","13.755962371826172","54.43368148803711","54.43368148803711","54.43368148803711","37.570556640625","37.570556640625","37.570556640625","13.833962440490723","13.833962440490723","13.833962440490723"
"17909","52.27524185180664","52.27524185180664","52.27524185180664","38.35468292236328","38.35468292236328","38.35468292236328","13.468585968017578","13.468585968017578","13.468585968017578","52.15287399291992","52.15287399291992","52.15287399291992","38.60275650024414","38.60275650024414","38.60275650024414","13.409111022949219","13.409111022949219","13.409111022949219"
"17939","50.66852569580078","50.66852569580078","50.66852569580078","38.5477409362793","38.5477409362793","38.5477409362793","14.19423770904541","14.19423770904541","14.19423770904541","50.64773178100586","50.64773178100586","50.64773178100586","38.341209411621094","38.341209411621094","38.341209411621094","13.614917755126953","13.614917755126953","13.614917755126953"
"17969","52.91841506958008","52.91841506958008","52.91841506958008","34.39017105102539","34.39017105102539","34.39017105102539","13.01492691040039","13.01492691040039","13.01492691040039","52.79343795776367","52.79343795776367","52.79343795776367","34.470428466796875","34.470428466796875","34.470428466796875","12.519079208374023","12.519079208374023","12.519079208374023"
"17999","60.76643753051758","60.76643753051758","60.76643753051758","44.853485107421875","44.853485107421875","44.853485107421875","16.68929100036621","16.68929100036621","16.68929100036621","60.63812255859375","60.63812255859375","60.63812255859375","44.337127685546875","44.337127685546875","44.337127685546875","16.371248245239258","16.371248245239258","16.371248245239258"
"18029","59.95539855957031","59.95539855957031","59.95539855957031","41.01891326904297","41.01891326904297","41.01891326904297","16.39373779296875","16.39373779296875","16.39373779296875","59.75664520263672","59.75664520263672","59.75664520263672","40.97649002075195","40.97649002075195","40.97649002075195","15.7421293258667","15.7421293258667","15.7421293258667"
"18059","54.20993423461914","54.20993423461914","54.20993423461914","37.10441970825195","37.10441970825195","37.10441970825195","13.519021034240723","13.519021034240723","13.519021034240723","54.30492401123047","54.30492401123047","54.30492401123047","36.82693099975586","36.82693099975586","36.82693099975586","13.45157241821289","13.45157241821289","13.45157241821289"
"18089","55.80681610107422","55.80681610107422","55.80681610107422","37.71964645385742","37.71964645385742","37.71964645385742","12.589872360229492","12.589872360229492","12.589872360229492","55.80202865600586","55.80202865600586","55.80202865600586","37.3314208984375","37.3314208984375","37.3314208984375","12.534782409667969","12.534782409667969","12.534782409667969"
"18119","52.8206787109375","52.8206787109375","52.8206787109375","38.16279983520508","38.16279983520508","38.16279983520508","15.104409217834473","15.104409217834473","15.104409217834473","52.77938461303711","52.77938461303711","52.77938461303711","38.32026672363281","38.32026672363281","38.32026672363281","14.738953590393066","14.738953590393066","14.738953590393066"
"18149","56.42881774902344","56.42881774902344","56.42881774902344","39.651214599609375","39.651214599609375","39.651214599609375","14.966158866882324","14.966158866882324","14.966158866882324","56.37013244628906","56.37013244628906","56.37013244628906","39.76076126098633","39.76076126098633","39.76076126098633","14.868884086608887","14.868884086608887","14.868884086608887"
"18179","53.743202209472656","53.743202209472656","53.743202209472656","35.435874938964844","35.435874938964844","35.435874938964844","13.041308403015137","13.041308403015137","13.041308403015137","53.57512664794922","53.57512664794922","53.57512664794922","35.73910903930664","35.73910903930664","35.73910903930664","12.561484336853027","12.561484336853027","12.561484336853027"
"18209","54.99699020385742","54.99699020385742","54.99699020385742","39.29123306274414","39.29123306274414","39.29123306274414","13.189824104309082","13.189824104309082","13.189824104309082","55.210975646972656","55.210975646972656","55.210975646972656","38.525779724121094","38.525779724121094","38.525779724121094","12.964017868041992","12.964017868041992","12.964017868041992"
"18239","56.88043975830078","56.88043975830078","56.88043975830078","40.834686279296875","40.834686279296875","40.834686279296875","16.048465728759766","16.048465728759766","16.048465728759766","56.88291931152344","56.88291931152344","56.88291931152344","40.954505920410156","40.954505920410156","40.954505920410156","15.953439712524414","15.953439712524414","15.953439712524414"
"18269","60.78913497924805","60.78913497924805","60.78913497924805","44.732177734375","44.732177734375","44.732177734375","16.398405075073242","16.398405075073242","16.398405075073242","60.82176971435547","60.82176971435547","60.82176971435547","44.5153694152832","44.5153694152832","44.5153694152832","16.08877944946289","16.08877944946289","16.08877944946289"
"18299","55.37638473510742","55.37638473510742","55.37638473510742","36.215450286865234","36.215450286865234","36.215450286865234","13.308547019958496","13.308547019958496","13.308547019958496","55.27473068237305","55.27473068237305","55.27473068237305","36.02091598510742","36.02091598510742","36.02091598510742","12.977726936340332","12.977726936340332","12.977726936340332"
"18329","57.75668716430664","57.75668716430664","57.75668716430664","38.35945129394531","38.35945129394531","38.35945129394531","14.989253044128418","14.989253044128418","14.989253044128418","57.80181121826172","57.80181121826172","57.80181121826172","37.79713821411133","37.79713821411133","37.79713821411133","14.766942977905273","14.766942977905273","14.766942977905273"
"18359","56.99574279785156","56.99574279785156","56.99574279785156","41.87953567504883","41.87953567504883","41.87953567504883","15.207006454467773","15.207006454467773","15.207006454467773","56.978172302246094","56.978172302246094","56.978172302246094","41.82894515991211","41.82894515991211","41.82894515991211","14.623147010803223","14.623147010803223","14.623147010803223"
"18389","52.305931091308594","52.305931091308594","52.305931091308594","35.88849639892578","35.88849639892578","35.88849639892578","13.21551513671875","13.21551513671875","13.21551513671875","52.39853286743164","52.39853286743164","52.39853286743164","35.87290573120117","35.87290573120117","35.87290573120117","12.830947875976562","12.830947875976562","12.830947875976562"
"18419","60.527435302734375","60.527435302734375","60.527435302734375","43.73319625854492","43.73319625854492","43.73319625854492","17.29619026184082","17.29619026184082","17.29619026184082","60.59132766723633","60.59132766723633","60.59132766723633","43.181034088134766","43.181034088134766","43.181034088134766","16.89434242248535","16.89434242248535","16.89434242248535"
"18449","54.28364944458008","54.28364944458008","54.28364944458008","38.217430114746094","38.217430114746094","38.217430114746094","14.568504333496094","14.568504333496094","14.568504333496094","54.50559616088867","54.50559616088867","54.50559616088867","38.08907699584961","38.08907699584961","38.08907699584961","13.97726821899414","13.97726821899414","13.97726821899414"
"18479","59.76469039916992","59.76469039916992","59.76469039916992","41.55760955810547","41.55760955810547","41.55760955810547","16.882831573486328","16.882831573486328","16.882831573486328","59.73500442504883","59.73500442504883","59.73500442504883","41.58120346069336","41.58120346069336","41.58120346069336","16.571197509765625","16.571197509765625","16.571197509765625"
"18509","50.477088928222656","50.477088928222656","50.477088928222656","37.043766021728516","37.043766021728516","37.043766021728516","12.980387687683105","12.980387687683105","12.980387687683105","50.29365921020508","50.29365921020508","50.29365921020508","37.08426284790039","37.08426284790039","37.08426284790039","12.658190727233887","12.658190727233887","12.658190727233887"
"18539","49.826908111572266","49.826908111572266","49.826908111572266","33.6456298828125","33.6456298828125","33.6456298828125","13.602951049804688","13.602951049804688","13.602951049804688","49.81310272216797","49.81310272216797","49.81310272216797","33.644554138183594","33.644554138183594","33.644554138183594","13.113945007324219","13.113945007324219","13.113945007324219"
"18569","52.99760437011719","52.99760437011719","52.99760437011719","35.700828552246094","35.700828552246094","35.700828552246094","12.14381217956543","12.14381217956543","12.14381217956543","53.18998718261719","53.18998718261719","53.18998718261719","35.66817855834961","35.66817855834961","35.66817855834961","11.812420845031738","11.812420845031738","11.812420845031738"
"18599","54.82814025878906","54.82814025878906","54.82814025878906","33.77176284790039","33.77176284790039","33.77176284790039","12.830540657043457","12.830540657043457","12.830540657043457","54.712650299072266","54.712650299072266","54.712650299072266","33.82160949707031","33.82160949707031","33.82160949707031","12.680495262145996","12.680495262145996","12.680495262145996"
"18629","60.68328094482422","60.68328094482422","60.68328094482422","41.6778450012207","41.6778450012207","41.6778450012207","14.328635215759277","14.328635215759277","14.328635215759277","60.800907135009766","60.800907135009766","60.800907135009766","41.53034210205078","41.53034210205078","41.53034210205078","14.02366828918457","14.02366828918457","14.02366828918457"
"18659","48.37895584106445","48.37895584106445","48.37895584106445","32.758445739746094","32.758445739746094","32.758445739746094","13.438764572143555","13.438764572143555","13.438764572143555","48.47071075439453","48.47071075439453","48.47071075439453","37.69669723510742","37.69669723510742","37.69669723510742","12.78599739074707","12.78599739074707","12.78599739074707"
"18689","55.634681701660156","55.634681701660156","55.634681701660156","37.14072036743164","37.14072036743164","37.14072036743164","14.185239791870117","14.185239791870117","14.185239791870117","55.64706802368164","55.64706802368164","55.64706802368164","37.305992126464844","37.305992126464844","37.305992126464844","13.57081413269043","13.57081413269043","13.57081413269043"
"18719","58.34973907470703","58.34973907470703","58.34973907470703","37.6300048828125","37.6300048828125","37.6300048828125","13.281105995178223","13.281105995178223","13.281105995178223","58.07852554321289","58.07852554321289","58.07852554321289","37.65276336669922","37.65276336669922","37.65276336669922","13.026118278503418","13.026118278503418","13.026118278503418"
"18749","53.24357223510742","53.24357223510742","53.24357223510742","37.96993637084961","37.96993637084961","37.96993637084961","15.243602752685547","15.243602752685547","15.243602752685547","53.54447937011719","53.54447937011719","53.54447937011719","38.07464599609375","38.07464599609375","38.07464599609375","14.999396324157715","14.999396324157715","14.999396324157715"
"18779","55.05165100097656","55.05165100097656","55.05165100097656","40.12009048461914","40.12009048461914","40.12009048461914","15.026955604553223","15.026955604553223","15.026955604553223","54.87711715698242","54.87711715698242","54.87711715698242","40.991703033447266","40.991703033447266","40.991703033447266","14.703472137451172","14.703472137451172","14.703472137451172"
"18809","55.345848083496094","55.345848083496094","55.345848083496094","36.73517990112305","36.73517990112305","36.73517990112305","13.10518741607666","13.10518741607666","13.10518741607666","55.252567291259766","55.252567291259766","55.252567291259766","36.77302551269531","36.77302551269531","36.77302551269531","12.492776870727539","12.492776870727539","12.492776870727539"
"18839","58.51693344116211","58.51693344116211","58.51693344116211","41.60240173339844","41.60240173339844","41.60240173339844","15.940646171569824","15.940646171569824","15.940646171569824","58.19094467163086","58.19094467163086","58.19094467163086","42.96585464477539","42.96585464477539","42.96585464477539","15.804777145385742","15.804777145385742","15.804777145385742"
"18869","55.54549789428711","55.54549789428711","55.54549789428711","38.76500701904297","38.76500701904297","38.76500701904297","15.308481216430664","15.308481216430664","15.308481216430664","55.69953918457031","55.69953918457031","55.69953918457031","38.603118896484375","38.603118896484375","38.603118896484375","14.848176002502441","14.848176002502441","14.848176002502441"
"18899","56.677860260009766","56.677860260009766","56.677860260009766","39.2717170715332","39.2717170715332","39.2717170715332","14.534489631652832","14.534489631652832","14.534489631652832","56.71098327636719","56.71098327636719","56.71098327636719","39.13004684448242","39.13004684448242","39.13004684448242","13.963326454162598","13.963326454162598","13.963326454162598"
"18929","60.5712890625","60.5712890625","60.5712890625","41.59436798095703","41.59436798095703","41.59436798095703","14.586614608764648","14.586614608764648","14.586614608764648","60.63850784301758","60.63850784301758","60.63850784301758","42.596370697021484","42.596370697021484","42.596370697021484","14.429807662963867","14.429807662963867","14.429807662963867"
"18959","59.020545959472656","59.020545959472656","59.020545959472656","38.609798431396484","38.609798431396484","38.609798431396484","14.705096244812012","14.705096244812012","14.705096244812012","59.16366195678711","59.16366195678711","59.16366195678711","38.81721115112305","38.81721115112305","38.81721115112305","14.04606819152832","14.04606819152832","14.04606819152832"
"18989","52.50115966796875","52.50115966796875","52.50115966796875","37.63386535644531","37.63386535644531","37.63386535644531","14.397979736328125","14.397979736328125","14.397979736328125","52.374534606933594","52.374534606933594","52.374534606933594","37.6540412902832","37.6540412902832","37.6540412902832","13.865683555603027","13.865683555603027","13.865683555603027"
"19019","55.948974609375","55.948974609375","55.948974609375","36.03850173950195","36.03850173950195","36.03850173950195","13.818439483642578","13.818439483642578","13.818439483642578","55.69362258911133","55.69362258911133","55.69362258911133","35.8206787109375","35.8206787109375","35.8206787109375","13.441000938415527","13.441000938415527","13.441000938415527"
"19049","52.59402084350586","52.59402084350586","52.59402084350586","35.66840744018555","35.66840744018555","35.66840744018555","12.160478591918945","12.160478591918945","12.160478591918945","53.056640625","53.056640625","53.056640625","35.77621841430664","35.77621841430664","35.77621841430664","11.744515419006348","11.744515419006348","11.744515419006348"
"19079","53.27117919921875","53.27117919921875","53.27117919921875","36.0712776184082","36.0712776184082","36.0712776184082","13.275272369384766","13.275272369384766","13.275272369384766","53.46043395996094","53.46043395996094","53.46043395996094","36.317291259765625","36.317291259765625","36.317291259765625","13.233208656311035","13.233208656311035","13.233208656311035"
"19109","55.39057159423828","55.39057159423828","55.39057159423828","40.45071029663086","40.45071029663086","40.45071029663086","13.701396942138672","13.701396942138672","13.701396942138672","55.45035934448242","55.45035934448242","55.45035934448242","41.02377700805664","41.02377700805664","41.02377700805664","13.25137996673584","13.25137996673584","13.25137996673584"
"19139","52.80234909057617","52.80234909057617","52.80234909057617","36.212623596191406","36.212623596191406","36.212623596191406","12.664650917053223","12.664650917053223","12.664650917053223","52.80195236206055","52.80195236206055","52.80195236206055","35.9923095703125","35.9923095703125","35.9923095703125","12.556608200073242","12.556608200073242","12.556608200073242"
"19169","57.33156204223633","57.33156204223633","57.33156204223633","39.35418701171875","39.35418701171875","39.35418701171875","15.206500053405762","15.206500053405762","15.206500053405762","57.09166717529297","57.09166717529297","57.09166717529297","39.41196823120117","39.41196823120117","39.41196823120117","14.865213394165039","14.865213394165039","14.865213394165039"
"19199","57.310585021972656","57.310585021972656","57.310585021972656","39.430809020996094","39.430809020996094","39.430809020996094","14.286455154418945","14.286455154418945","14.286455154418945","57.04508590698242","57.04508590698242","57.04508590698242","39.580322265625","39.580322265625","39.580322265625","13.712993621826172","13.712993621826172","13.712993621826172"
"19229","52.76875686645508","52.76875686645508","52.76875686645508","35.401248931884766","35.401248931884766","35.401248931884766","13.778078079223633","13.778078079223633","13.778078079223633","52.6217041015625","52.6217041015625","52.6217041015625","35.26506805419922","35.26506805419922","35.26506805419922","14.162233352661133","14.162233352661133","14.162233352661133"
"19259","56.95577621459961","56.95577621459961","56.95577621459961","41.01404571533203","41.01404571533203","41.01404571533203","15.794710159301758","15.794710159301758","15.794710159301758","56.69898986816406","56.69898986816406","56.69898986816406","41.02063751220703","41.02063751220703","41.02063751220703","15.149028778076172","15.149028778076172","15.149028778076172"
"19289","53.686614990234375","53.686614990234375","53.686614990234375","36.32221984863281","36.32221984863281","36.32221984863281","12.501105308532715","12.501105308532715","12.501105308532715","53.46237564086914","53.46237564086914","53.46237564086914","36.11094665527344","36.11094665527344","36.11094665527344","12.383455276489258","12.383455276489258","12.383455276489258"
"19319","60.379051208496094","60.379051208496094","60.379051208496094","43.447879791259766","43.447879791259766","43.447879791259766","18.17156219482422","18.17156219482422","18.17156219482422","60.23853302001953","60.23853302001953","60.23853302001953","43.46448516845703","43.46448516845703","43.46448516845703","17.717618942260742","17.717618942260742","17.717618942260742"
"19349","55.80509948730469","55.80509948730469","55.80509948730469","41.54017639160156","41.54017639160156","41.54017639160156","15.172800064086914","15.172800064086914","15.172800064086914","55.56867980957031","55.56867980957031","55.56867980957031","41.690643310546875","41.690643310546875","41.690643310546875","14.673129081726074","14.673129081726074","14.673129081726074"
"19379","56.36933517456055","56.36933517456055","56.36933517456055","39.83163833618164","39.83163833618164","39.83163833618164","14.272013664245605","14.272013664245605","14.272013664245605","56.113670349121094","56.113670349121094","56.113670349121094","39.95929718017578","39.95929718017578","39.95929718017578","14.075517654418945","14.075517654418945","14.075517654418945"
"19409","53.25209426879883","53.25209426879883","53.25209426879883","34.526329040527344","34.526329040527344","34.526329040527344","13.70329761505127","13.70329761505127","13.70329761505127","53.39705276489258","53.39705276489258","53.39705276489258","34.59811782836914","34.59811782836914","34.59811782836914","13.488600730895996","13.488600730895996","13.488600730895996"
"19439","51.351829528808594","51.351829528808594","51.351829528808594","33.744232177734375","33.744232177734375","33.744232177734375","12.305340766906738","12.305340766906738","12.305340766906738","51.511531829833984","51.511531829833984","51.511531829833984","33.69023513793945","33.69023513793945","33.69023513793945","11.948298454284668","11.948298454284668","11.948298454284668"
"19469","52.35489273071289","52.35489273071289","52.35489273071289","33.8339729309082","33.8339729309082","33.8339729309082","12.386091232299805","12.386091232299805","12.386091232299805","52.146297454833984","52.146297454833984","52.146297454833984","34.05586242675781","34.05586242675781","34.05586242675781","12.07175064086914","12.07175064086914","12.07175064086914"
"19499","57.87226867675781","57.87226867675781","57.87226867675781","42.60883712768555","42.60883712768555","42.60883712768555","15.34926986694336","15.34926986694336","15.34926986694336","57.56161880493164","57.56161880493164","57.56161880493164","42.72316360473633","42.72316360473633","42.72316360473633","14.827817916870117","14.827817916870117","14.827817916870117"
"19529","57.61686325073242","57.61686325073242","57.61686325073242","39.33562088012695","39.33562088012695","39.33562088012695","14.850569725036621","14.850569725036621","14.850569725036621","57.55421829223633","57.55421829223633","57.55421829223633","39.78404235839844","39.78404235839844","39.78404235839844","14.497406959533691","14.497406959533691","14.497406959533691"
"19559","52.42665100097656","52.42665100097656","52.42665100097656","37.44776153564453","37.44776153564453","37.44776153564453","13.793987274169922","13.793987274169922","13.793987274169922","52.32999038696289","52.32999038696289","52.32999038696289","37.49520492553711","37.49520492553711","37.49520492553711","13.46268081665039","13.46268081665039","13.46268081665039"
"19589","58.338539123535156","58.338539123535156","58.338539123535156","40.51727294921875","40.51727294921875","40.51727294921875","15.118292808532715","15.118292808532715","15.118292808532715","58.56172561645508","58.56172561645508","58.56172561645508","40.40153121948242","40.40153121948242","40.40153121948242","14.826452255249023","14.826452255249023","14.826452255249023"
"19619","51.49129867553711","51.49129867553711","51.49129867553711","36.92453384399414","36.92453384399414","36.92453384399414","13.831039428710938","13.831039428710938","13.831039428710938","51.36965560913086","51.36965560913086","51.36965560913086","37.1291389465332","37.1291389465332","37.1291389465332","13.415729522705078","13.415729522705078","13.415729522705078"
"19649","60.354251861572266","60.354251861572266","60.354251861572266","42.9375","42.9375","42.9375","16.05014419555664","16.05014419555664","16.05014419555664","60.27189636230469","60.27189636230469","60.27189636230469","43.18507385253906","43.18507385253906","43.18507385253906","15.405519485473633","15.405519485473633","15.405519485473633"
"19679","51.37092971801758","51.37092971801758","51.37092971801758","34.26490020751953","34.26490020751953","34.26490020751953","12.228849411010742","12.228849411010742","12.228849411010742","51.328792572021484","51.328792572021484","51.328792572021484","34.242881774902344","34.242881774902344","34.242881774902344","11.727134704589844","11.727134704589844","11.727134704589844"
"19709","54.62842559814453","54.62842559814453","54.62842559814453","39.50811004638672","39.50811004638672","39.50811004638672","13.346794128417969","13.346794128417969","13.346794128417969","54.52294921875","54.52294921875","54.52294921875","37.10890579223633","37.10890579223633","37.10890579223633","12.981337547302246","12.981337547302246","12.981337547302246"
"19739","52.72139358520508","52.72139358520508","52.72139358520508","36.82575988769531","36.82575988769531","36.82575988769531","13.200976371765137","13.200976371765137","13.200976371765137","52.7866096496582","52.7866096496582","52.7866096496582","36.74058151245117","36.74058151245117","36.74058151245117","12.79699420928955","12.79699420928955","12.79699420928955"
"19769","49.64459991455078","49.64459991455078","49.64459991455078","31.845094680786133","31.845094680786133","31.845094680786133","12.405784606933594","12.405784606933594","12.405784606933594","49.82353591918945","49.82353591918945","49.82353591918945","32.05747604370117","32.05747604370117","32.05747604370117","12.315722465515137","12.315722465515137","12.315722465515137"
"19799","58.45989227294922","58.45989227294922","58.45989227294922","38.29318618774414","38.29318618774414","38.29318618774414","13.77663803100586","13.77663803100586","13.77663803100586","58.01137924194336","58.01137924194336","58.01137924194336","38.39520263671875","38.39520263671875","38.39520263671875","13.30677318572998","13.30677318572998","13.30677318572998"
"19829","52.9435920715332","52.9435920715332","52.9435920715332","42.10177993774414","42.10177993774414","42.10177993774414","15.195704460144043","15.195704460144043","15.195704460144043","52.66631317138672","52.66631317138672","52.66631317138672","45.61056900024414","45.61056900024414","45.61056900024414","15.092442512512207","15.092442512512207","15.092442512512207"
"19859","57.0445442199707","57.0445442199707","57.0445442199707","38.13051986694336","38.13051986694336","38.13051986694336","14.59984302520752","14.59984302520752","14.59984302520752","57.05731201171875","57.05731201171875","57.05731201171875","37.91012191772461","37.91012191772461","37.91012191772461","14.288713455200195","14.288713455200195","14.288713455200195"
"19889","49.06312561035156","49.06312561035156","49.06312561035156","35.37070083618164","35.37070083618164","35.37070083618164","13.051271438598633","13.051271438598633","13.051271438598633","49.04068374633789","49.04068374633789","49.04068374633789","35.4706916809082","35.4706916809082","35.4706916809082","12.87514591217041","12.87514591217041","12.87514591217041"
"19919","60.02510452270508","60.02510452270508","60.02510452270508","57.73442077636719","57.73442077636719","57.73442077636719","14.212916374206543","14.212916374206543","14.212916374206543","60.378475189208984","60.378475189208984","60.378475189208984","55.865692138671875","55.865692138671875","55.865692138671875","14.1356201171875","14.1356201171875","14.1356201171875"
"19949","55.53627395629883","55.53627395629883","55.53627395629883","39.56952667236328","39.56952667236328","39.56952667236328","15.627507209777832","15.627507209777832","15.627507209777832","55.25847625732422","55.25847625732422","55.25847625732422","39.6434211730957","39.6434211730957","39.6434211730957","15.34204387664795","15.34204387664795","15.34204387664795"
"19979","50.88080596923828","50.88080596923828","50.88080596923828","35.26856231689453","35.26856231689453","35.26856231689453","13.014524459838867","13.014524459838867","13.014524459838867","50.70179748535156","50.70179748535156","50.70179748535156","35.02789306640625","35.02789306640625","35.02789306640625","12.88473129272461","12.88473129272461","12.88473129272461"