"Step","layer_10_hook_resid_mid_gpt2_standard_fisher_true_project_TheStackJava - losses/fisher_reg_term","layer_10_hook_resid_mid_gpt2_standard_fisher_true_project_TheStackJava - losses/fisher_reg_term__MIN","layer_10_hook_resid_mid_gpt2_standard_fisher_true_project_TheStackJava - losses/fisher_reg_term__MAX","layer_5_hook_resid_mid_gpt2_standard_fisher_true_project_TheStackJava - losses/fisher_reg_term","layer_5_hook_resid_mid_gpt2_standard_fisher_true_project_TheStackJava - losses/fisher_reg_term__MIN","layer_5_hook_resid_mid_gpt2_standard_fisher_true_project_TheStackJava - losses/fisher_reg_term__MAX","layer_0_hook_resid_mid_gpt2_standard_fisher_true_project_TheStackJava - losses/fisher_reg_term","layer_0_hook_resid_mid_gpt2_standard_fisher_true_project_TheStackJava - losses/fisher_reg_term__MIN","layer_0_hook_resid_mid_gpt2_standard_fisher_true_project_TheStackJava - losses/fisher_reg_term__MAX"
"29","21.947242736816406","21.947242736816406","21.947242736816406","20.759990692138672","20.759990692138672","20.759990692138672","22.444120407104492","22.444120407104492","22.444120407104492"
"59","15.796061515808105","15.796061515808105","15.796061515808105","12.002062797546387","12.002062797546387","12.002062797546387","25.681142807006836","25.681142807006836","25.681142807006836"
"89","15.640265464782715","15.640265464782715","15.640265464782715","10.587270736694336","10.587270736694336","10.587270736694336","20.672611236572266","20.672611236572266","20.672611236572266"
"119","13.662429809570312","13.662429809570312","13.662429809570312","8.623160362243652","8.623160362243652","8.623160362243652","17.433473587036133","17.433473587036133","17.433473587036133"
"149","38.60631561279297","38.60631561279297","38.60631561279297","52.14480972290039","52.14480972290039","52.14480972290039","14.592426300048828","14.592426300048828","14.592426300048828"
"179","41.228031158447266","41.228031158447266","41.228031158447266","53.46833038330078","53.46833038330078","53.46833038330078","12.334311485290527","12.334311485290527","12.334311485290527"
"209","9.382585525512695","9.382585525512695","9.382585525512695","7.256783485412598","7.256783485412598","7.256783485412598","12.409892082214355","12.409892082214355","12.409892082214355"
"239","8.133467674255371","8.133467674255371","8.133467674255371","6.123997688293457","6.123997688293457","6.123997688293457","10.389214515686035","10.389214515686035","10.389214515686035"
"269","7.613072395324707","7.613072395324707","7.613072395324707","6.209178924560547","6.209178924560547","6.209178924560547","9.87666130065918","9.87666130065918","9.87666130065918"
"299","7.05732536315918","7.05732536315918","7.05732536315918","4.911421775817871","4.911421775817871","4.911421775817871","8.205406188964844","8.205406188964844","8.205406188964844"
"329","65.93364715576172","65.93364715576172","65.93364715576172","37.23672103881836","37.23672103881836","37.23672103881836","9.485058784484863","9.485058784484863","9.485058784484863"
"359","57.90747833251953","57.90747833251953","57.90747833251953","28.683168411254883","28.683168411254883","28.683168411254883","8.152565956115723","8.152565956115723","8.152565956115723"
"389","60.736572265625","60.736572265625","60.736572265625","25.784423828125","25.784423828125","25.784423828125","7.527253150939941","7.527253150939941","7.527253150939941"
"419","55.78155517578125","55.78155517578125","55.78155517578125","24.33156394958496","24.33156394958496","24.33156394958496","7.4347968101501465","7.4347968101501465","7.4347968101501465"
"449","52.33611297607422","52.33611297607422","52.33611297607422","20.7342472076416","20.7342472076416","20.7342472076416","7.195424556732178","7.195424556732178","7.195424556732178"
"479","51.07915115356445","51.07915115356445","51.07915115356445","22.70417022705078","22.70417022705078","22.70417022705078","6.606155872344971","6.606155872344971","6.606155872344971"
"509","52.76384735107422","52.76384735107422","52.76384735107422","22.326276779174805","22.326276779174805","22.326276779174805","6.5000901222229","6.5000901222229","6.5000901222229"
"539","43.16489028930664","43.16489028930664","43.16489028930664","43.44198989868164","43.44198989868164","43.44198989868164","6.214921951293945","6.214921951293945","6.214921951293945"
"569","44.27587127685547","44.27587127685547","44.27587127685547","19.31224822998047","19.31224822998047","19.31224822998047","6.259725093841553","6.259725093841553","6.259725093841553"
"599","51.3310546875","51.3310546875","51.3310546875","20.412458419799805","20.412458419799805","20.412458419799805","5.5893378257751465","5.5893378257751465","5.5893378257751465"
"629","52.59187316894531","52.59187316894531","52.59187316894531","21.603641510009766","21.603641510009766","21.603641510009766","6.144610404968262","6.144610404968262","6.144610404968262"
"659","55.17979431152344","55.17979431152344","55.17979431152344","23.516918182373047","23.516918182373047","23.516918182373047","5.745615005493164","5.745615005493164","5.745615005493164"
"689","58.04000473022461","58.04000473022461","58.04000473022461","56.375911712646484","56.375911712646484","56.375911712646484","5.452764987945557","5.452764987945557","5.452764987945557"
"719","51.454246520996094","51.454246520996094","51.454246520996094","20.565309524536133","20.565309524536133","20.565309524536133","5.42421817779541","5.42421817779541","5.42421817779541"
"749","48.29423904418945","48.29423904418945","48.29423904418945","18.848735809326172","18.848735809326172","18.848735809326172","5.032278060913086","5.032278060913086","5.032278060913086"
"779","47.89311981201172","47.89311981201172","47.89311981201172","18.745786666870117","18.745786666870117","18.745786666870117","5.079282283782959","5.079282283782959","5.079282283782959"
"809","56.678001403808594","56.678001403808594","56.678001403808594","55.69147491455078","55.69147491455078","55.69147491455078","5.064495086669922","5.064495086669922","5.064495086669922"
"839","49.98200988769531","49.98200988769531","49.98200988769531","18.673372268676758","18.673372268676758","18.673372268676758","4.715263843536377","4.715263843536377","4.715263843536377"
"869","54.326454162597656","54.326454162597656","54.326454162597656","54.259071350097656","54.259071350097656","54.259071350097656","4.988358497619629","4.988358497619629","4.988358497619629"
"899","47.49211883544922","47.49211883544922","47.49211883544922","17.444931030273438","17.444931030273438","17.444931030273438","4.4224958419799805","4.4224958419799805","4.4224958419799805"
"929","50.16187286376953","50.16187286376953","50.16187286376953","18.99588394165039","18.99588394165039","18.99588394165039","4.607048034667969","4.607048034667969","4.607048034667969"
"959","38.186363220214844","38.186363220214844","38.186363220214844","39.55441665649414","39.55441665649414","39.55441665649414","4.522834300994873","4.522834300994873","4.522834300994873"
"989","61.02930450439453","61.02930450439453","61.02930450439453","19.933189392089844","19.933189392089844","19.933189392089844","4.253432750701904","4.253432750701904","4.253432750701904"
"1019","58.825897216796875","58.825897216796875","58.825897216796875","55.06482696533203","55.06482696533203","55.06482696533203","4.428186893463135","4.428186893463135","4.428186893463135"
"1049","53.02466583251953","53.02466583251953","53.02466583251953","18.76117706298828","18.76117706298828","18.76117706298828","4.090797424316406","4.090797424316406","4.090797424316406"
"1079","51.97341537475586","51.97341537475586","51.97341537475586","17.677276611328125","17.677276611328125","17.677276611328125","4.378424167633057","4.378424167633057","4.378424167633057"
"1109","57.98579025268555","57.98579025268555","57.98579025268555","53.99477005004883","53.99477005004883","53.99477005004883","4.161003112792969","4.161003112792969","4.161003112792969"
"1139","46.151248931884766","46.151248931884766","46.151248931884766","16.23356819152832","16.23356819152832","16.23356819152832","4.427647590637207","4.427647590637207","4.427647590637207"
"1169","40.85617446899414","40.85617446899414","40.85617446899414","15.206015586853027","15.206015586853027","15.206015586853027","4.304117202758789","4.304117202758789","4.304117202758789"
"1199","42.640594482421875","42.640594482421875","42.640594482421875","16.188478469848633","16.188478469848633","16.188478469848633","4.361779689788818","4.361779689788818","4.361779689788818"
"1229","58.91533660888672","58.91533660888672","58.91533660888672","54.49081802368164","54.49081802368164","54.49081802368164","4.396990776062012","4.396990776062012","4.396990776062012"
"1259","45.467655181884766","45.467655181884766","45.467655181884766","16.113847732543945","16.113847732543945","16.113847732543945","4.096377372741699","4.096377372741699","4.096377372741699"
"1289","45.884521484375","45.884521484375","45.884521484375","15.181265830993652","15.181265830993652","15.181265830993652","4.0528483390808105","4.0528483390808105","4.0528483390808105"
"1319","44.194908142089844","44.194908142089844","44.194908142089844","41.50322341918945","41.50322341918945","41.50322341918945","4.044942855834961","4.044942855834961","4.044942855834961"
"1349","48.00572204589844","48.00572204589844","48.00572204589844","16.545475006103516","16.545475006103516","16.545475006103516","4.163279056549072","4.163279056549072","4.163279056549072"
"1379","43.51836395263672","43.51836395263672","43.51836395263672","14.64404296875","14.64404296875","14.64404296875","3.89239239692688","3.89239239692688","3.89239239692688"
"1409","42.6710205078125","42.6710205078125","42.6710205078125","13.81204605102539","13.81204605102539","13.81204605102539","3.5983591079711914","3.5983591079711914","3.5983591079711914"
"1439","39.29486846923828","39.29486846923828","39.29486846923828","14.090826988220215","14.090826988220215","14.090826988220215","3.9075517654418945","3.9075517654418945","3.9075517654418945"
"1469","40.92277145385742","40.92277145385742","40.92277145385742","13.745949745178223","13.745949745178223","13.745949745178223","3.9455976486206055","3.9455976486206055","3.9455976486206055"
"1499","39.8365592956543","39.8365592956543","39.8365592956543","12.964797019958496","12.964797019958496","12.964797019958496","3.9505505561828613","3.9505505561828613","3.9505505561828613"
"1529","40.306854248046875","40.306854248046875","40.306854248046875","12.740846633911133","12.740846633911133","12.740846633911133","3.5715904235839844","3.5715904235839844","3.5715904235839844"
"1559","41.72065734863281","41.72065734863281","41.72065734863281","14.299657821655273","14.299657821655273","14.299657821655273","3.7387285232543945","3.7387285232543945","3.7387285232543945"
"1589","39.41481399536133","39.41481399536133","39.41481399536133","13.788317680358887","13.788317680358887","13.788317680358887","3.7068052291870117","3.7068052291870117","3.7068052291870117"
"1619","39.27122116088867","39.27122116088867","39.27122116088867","36.79771041870117","36.79771041870117","36.79771041870117","3.461451292037964","3.461451292037964","3.461451292037964"
"1649","40.16427993774414","40.16427993774414","40.16427993774414","40.01246643066406","40.01246643066406","40.01246643066406","3.547200918197632","3.547200918197632","3.547200918197632"
"1679","37.373802185058594","37.373802185058594","37.373802185058594","12.723024368286133","12.723024368286133","12.723024368286133","3.615546226501465","3.615546226501465","3.615546226501465"
"1709","40.869232177734375","40.869232177734375","40.869232177734375","11.20920181274414","11.20920181274414","11.20920181274414","3.378178834915161","3.378178834915161","3.378178834915161"
"1739","39.522979736328125","39.522979736328125","39.522979736328125","11.24682331085205","11.24682331085205","11.24682331085205","3.6086320877075195","3.6086320877075195","3.6086320877075195"
"1769","37.874202728271484","37.874202728271484","37.874202728271484","12.301386833190918","12.301386833190918","12.301386833190918","3.2579567432403564","3.2579567432403564","3.2579567432403564"
"1799","36.31400680541992","36.31400680541992","36.31400680541992","11.683176040649414","11.683176040649414","11.683176040649414","3.620184898376465","3.620184898376465","3.620184898376465"
"1829","36.185340881347656","36.185340881347656","36.185340881347656","12.420562744140625","12.420562744140625","12.420562744140625","3.702756881713867","3.702756881713867","3.702756881713867"
"1859","34.686580657958984","34.686580657958984","34.686580657958984","12.852073669433594","12.852073669433594","12.852073669433594","3.949209451675415","3.949209451675415","3.949209451675415"
"1889","33.73471450805664","33.73471450805664","33.73471450805664","9.415733337402344","9.415733337402344","9.415733337402344","3.3228373527526855","3.3228373527526855","3.3228373527526855"
"1919","35.31218338012695","35.31218338012695","35.31218338012695","36.95123291015625","36.95123291015625","36.95123291015625","3.2147233486175537","3.2147233486175537","3.2147233486175537"
"1949","36.96289825439453","36.96289825439453","36.96289825439453","11.678117752075195","11.678117752075195","11.678117752075195","3.5794200897216797","3.5794200897216797","3.5794200897216797"
"1979","30.921518325805664","30.921518325805664","30.921518325805664","10.698652267456055","10.698652267456055","10.698652267456055","3.594989776611328","3.594989776611328","3.594989776611328"
"2009","32.911128997802734","32.911128997802734","32.911128997802734","9.698382377624512","9.698382377624512","9.698382377624512","3.047583818435669","3.047583818435669","3.047583818435669"
"2039","35.35422897338867","35.35422897338867","35.35422897338867","11.982160568237305","11.982160568237305","11.982160568237305","3.659365177154541","3.659365177154541","3.659365177154541"
"2069","33.13948059082031","33.13948059082031","33.13948059082031","11.552716255187988","11.552716255187988","11.552716255187988","3.383134603500366","3.383134603500366","3.383134603500366"
"2099","30.101505279541016","30.101505279541016","30.101505279541016","11.570221900939941","11.570221900939941","11.570221900939941","3.483757495880127","3.483757495880127","3.483757495880127"
"2129","34.966941833496094","34.966941833496094","34.966941833496094","11.097587585449219","11.097587585449219","11.097587585449219","3.4095256328582764","3.4095256328582764","3.4095256328582764"
"2159","35.2465934753418","35.2465934753418","35.2465934753418","8.969477653503418","8.969477653503418","8.969477653503418","3.4342401027679443","3.4342401027679443","3.4342401027679443"
"2189","32.48661422729492","32.48661422729492","32.48661422729492","10.188192367553711","10.188192367553711","10.188192367553711","3.5557925701141357","3.5557925701141357","3.5557925701141357"
"2219","31.429576873779297","31.429576873779297","31.429576873779297","11.169037818908691","11.169037818908691","11.169037818908691","3.564150810241699","3.564150810241699","3.564150810241699"
"2249","31.12338638305664","31.12338638305664","31.12338638305664","10.079909324645996","10.079909324645996","10.079909324645996","3.2931315898895264","3.2931315898895264","3.2931315898895264"
"2279","260.49322509765625","260.49322509765625","260.49322509765625","112.3228759765625","112.3228759765625","112.3228759765625","49.988338470458984","49.988338470458984","49.988338470458984"
"2309","26.524600982666016","26.524600982666016","26.524600982666016","8.699000358581543","8.699000358581543","8.699000358581543","3.282571315765381","3.282571315765381","3.282571315765381"
"2339","33.244102478027344","33.244102478027344","33.244102478027344","35.17733383178711","35.17733383178711","35.17733383178711","3.47686505317688","3.47686505317688","3.47686505317688"
"2369","32.4113655090332","32.4113655090332","32.4113655090332","37.02534484863281","37.02534484863281","37.02534484863281","3.1924188137054443","3.1924188137054443","3.1924188137054443"
"2399","32.30036544799805","32.30036544799805","32.30036544799805","33.96729278564453","33.96729278564453","33.96729278564453","3.1917290687561035","3.1917290687561035","3.1917290687561035"
"2429","30.015331268310547","30.015331268310547","30.015331268310547","7.254173278808594","7.254173278808594","7.254173278808594","3.0731654167175293","3.0731654167175293","3.0731654167175293"
"2459","27.46421241760254","27.46421241760254","27.46421241760254","8.675979614257812","8.675979614257812","8.675979614257812","3.2789721488952637","3.2789721488952637","3.2789721488952637"
"2489","26.33573341369629","26.33573341369629","26.33573341369629","8.265395164489746","8.265395164489746","8.265395164489746","3.059746026992798","3.059746026992798","3.059746026992798"
"2519","28.858129501342773","28.858129501342773","28.858129501342773","8.454046249389648","8.454046249389648","8.454046249389648","3.1497209072113037","3.1497209072113037","3.1497209072113037"
"2549","26.54304313659668","26.54304313659668","26.54304313659668","8.771233558654785","8.771233558654785","8.771233558654785","3.261826753616333","3.261826753616333","3.261826753616333"
"2579","31.154653549194336","31.154653549194336","31.154653549194336","32.476722717285156","32.476722717285156","32.476722717285156","3.2344348430633545","3.2344348430633545","3.2344348430633545"
"2609","23.8717041015625","23.8717041015625","23.8717041015625","7.995108604431152","7.995108604431152","7.995108604431152","3.042949676513672","3.042949676513672","3.042949676513672"
"2639","13.967890739440918","13.967890739440918","13.967890739440918","5.099954605102539","5.099954605102539","5.099954605102539","3.162374258041382","3.162374258041382","3.162374258041382"
"2669","28.709516525268555","28.709516525268555","28.709516525268555","8.853582382202148","8.853582382202148","8.853582382202148","3.012148380279541","3.012148380279541","3.012148380279541"
"2699","27.578739166259766","27.578739166259766","27.578739166259766","8.81535530090332","8.81535530090332","8.81535530090332","3.093107223510742","3.093107223510742","3.093107223510742"
"2729","27.2142333984375","27.2142333984375","27.2142333984375","9.199478149414062","9.199478149414062","9.199478149414062","3.25264573097229","3.25264573097229","3.25264573097229"
"2759","20.002052307128906","20.002052307128906","20.002052307128906","5.133652210235596","5.133652210235596","5.133652210235596","2.9604785442352295","2.9604785442352295","2.9604785442352295"
"2789","24.930152893066406","24.930152893066406","24.930152893066406","6.768877983093262","6.768877983093262","6.768877983093262","2.9599101543426514","2.9599101543426514","2.9599101543426514"
"2819","20.74611473083496","20.74611473083496","20.74611473083496","6.03935432434082","6.03935432434082","6.03935432434082","3.0810112953186035","3.0810112953186035","3.0810112953186035"
"2849","26.65027618408203","26.65027618408203","26.65027618408203","9.155496597290039","9.155496597290039","9.155496597290039","3.0908641815185547","3.0908641815185547","3.0908641815185547"
"2879","29.140600204467773","29.140600204467773","29.140600204467773","31.29945945739746","31.29945945739746","31.29945945739746","2.9842028617858887","2.9842028617858887","2.9842028617858887"
"2909","21.26408576965332","21.26408576965332","21.26408576965332","6.207150936126709","6.207150936126709","6.207150936126709","3.007891893386841","3.007891893386841","3.007891893386841"
"2939","15.630247116088867","15.630247116088867","15.630247116088867","5.01517915725708","5.01517915725708","5.01517915725708","2.9384288787841797","2.9384288787841797","2.9384288787841797"
"2969","30.1579532623291","30.1579532623291","30.1579532623291","31.092426300048828","31.092426300048828","31.092426300048828","3.1732685565948486","3.1732685565948486","3.1732685565948486"
"2999","19.18079948425293","19.18079948425293","19.18079948425293","5.400750637054443","5.400750637054443","5.400750637054443","3.00925350189209","3.00925350189209","3.00925350189209"
"3029","30.35795783996582","30.35795783996582","30.35795783996582","33.16487503051758","33.16487503051758","33.16487503051758","2.940007209777832","2.940007209777832","2.940007209777832"
"3059","20.83125877380371","20.83125877380371","20.83125877380371","7.110997200012207","7.110997200012207","7.110997200012207","2.924806833267212","2.924806833267212","2.924806833267212"
"3089","14.29832649230957","14.29832649230957","14.29832649230957","4.063159942626953","4.063159942626953","4.063159942626953","2.817814826965332","2.817814826965332","2.817814826965332"
"3119","23.666698455810547","23.666698455810547","23.666698455810547","7.251412868499756","7.251412868499756","7.251412868499756","3.221339702606201","3.221339702606201","3.221339702606201"
"3149","13.865924835205078","13.865924835205078","13.865924835205078","4.6926164627075195","4.6926164627075195","4.6926164627075195","2.914915084838867","2.914915084838867","2.914915084838867"
"3179","14.918646812438965","14.918646812438965","14.918646812438965","4.885457515716553","4.885457515716553","4.885457515716553","2.8777453899383545","2.8777453899383545","2.8777453899383545"
"3209","21.895858764648438","21.895858764648438","21.895858764648438","7.112307071685791","7.112307071685791","7.112307071685791","3.077131986618042","3.077131986618042","3.077131986618042"
"3239","22.85580062866211","22.85580062866211","22.85580062866211","7.556375503540039","7.556375503540039","7.556375503540039","3.0349392890930176","3.0349392890930176","3.0349392890930176"
"3269","20.31024932861328","20.31024932861328","20.31024932861328","6.160669803619385","6.160669803619385","6.160669803619385","3.048935890197754","3.048935890197754","3.048935890197754"
"3299","20.2874755859375","20.2874755859375","20.2874755859375","6.059815406799316","6.059815406799316","6.059815406799316","2.9077391624450684","2.9077391624450684","2.9077391624450684"
"3329","21.597660064697266","21.597660064697266","21.597660064697266","7.871246814727783","7.871246814727783","7.871246814727783","3.00201153755188","3.00201153755188","3.00201153755188"
"3359","23.363691329956055","23.363691329956055","23.363691329956055","7.376729965209961","7.376729965209961","7.376729965209961","2.842923164367676","2.842923164367676","2.842923164367676"
"3389","7.012399673461914","7.012399673461914","7.012399673461914","3.340214729309082","3.340214729309082","3.340214729309082","2.7544686794281006","2.7544686794281006","2.7544686794281006"
"3419","20.425769805908203","20.425769805908203","20.425769805908203","6.183604717254639","6.183604717254639","6.183604717254639","2.976999521255493","2.976999521255493","2.976999521255493"
"3449","12.390084266662598","12.390084266662598","12.390084266662598","4.00714635848999","4.00714635848999","4.00714635848999","2.6737077236175537","2.6737077236175537","2.6737077236175537"
"3479","19.287336349487305","19.287336349487305","19.287336349487305","6.093447208404541","6.093447208404541","6.093447208404541","2.803868293762207","2.803868293762207","2.803868293762207"
"3509","23.884843826293945","23.884843826293945","23.884843826293945","27.454120635986328","27.454120635986328","27.454120635986328","2.6972460746765137","2.6972460746765137","2.6972460746765137"
"3539","19.559886932373047","19.559886932373047","19.559886932373047","7.051409721374512","7.051409721374512","7.051409721374512","2.806065320968628","2.806065320968628","2.806065320968628"
"3569","12.009378433227539","12.009378433227539","12.009378433227539","4.811830520629883","4.811830520629883","4.811830520629883","2.7266478538513184","2.7266478538513184","2.7266478538513184"
"3599","17.20195770263672","17.20195770263672","17.20195770263672","4.926548480987549","4.926548480987549","4.926548480987549","2.7727794647216797","2.7727794647216797","2.7727794647216797"
"3629","6.824563026428223","6.824563026428223","6.824563026428223","3.4693784713745117","3.4693784713745117","3.4693784713745117","2.761003255844116","2.761003255844116","2.761003255844116"
"3659","19.844682693481445","19.844682693481445","19.844682693481445","27.016647338867188","27.016647338867188","27.016647338867188","2.7582719326019287","2.7582719326019287","2.7582719326019287"
"3689","3.6352038383483887","3.6352038383483887","3.6352038383483887","2.7559423446655273","2.7559423446655273","2.7559423446655273","2.5740556716918945","2.5740556716918945","2.5740556716918945"
"3719","13.9239501953125","13.9239501953125","13.9239501953125","5.843199253082275","5.843199253082275","5.843199253082275","2.864675521850586","2.864675521850586","2.864675521850586"
"3749","3.799777030944824","3.799777030944824","3.799777030944824","2.862286329269409","2.862286329269409","2.862286329269409","2.6777145862579346","2.6777145862579346","2.6777145862579346"
"3779","11.816027641296387","11.816027641296387","11.816027641296387","4.297741413116455","4.297741413116455","4.297741413116455","2.8945932388305664","2.8945932388305664","2.8945932388305664"
"3809","17.960145950317383","17.960145950317383","17.960145950317383","5.667092323303223","5.667092323303223","5.667092323303223","2.907104730606079","2.907104730606079","2.907104730606079"
"3839","9.653199195861816","9.653199195861816","9.653199195861816","4.058087348937988","4.058087348937988","4.058087348937988","2.6974666118621826","2.6974666118621826","2.6974666118621826"
"3869","20.494609832763672","20.494609832763672","20.494609832763672","26.01957893371582","26.01957893371582","26.01957893371582","2.761104106903076","2.761104106903076","2.761104106903076"
"3899","13.480724334716797","13.480724334716797","13.480724334716797","4.101471424102783","4.101471424102783","4.101471424102783","2.6406853199005127","2.6406853199005127","2.6406853199005127"
"3929","8.925268173217773","8.925268173217773","8.925268173217773","3.757880210876465","3.757880210876465","3.757880210876465","2.7536826133728027","2.7536826133728027","2.7536826133728027"
"3959","11.717509269714355","11.717509269714355","11.717509269714355","4.147154331207275","4.147154331207275","4.147154331207275","2.81286358833313","2.81286358833313","2.81286358833313"
"3989","9.555554389953613","9.555554389953613","9.555554389953613","3.54107403755188","3.54107403755188","3.54107403755188","2.8615689277648926","2.8615689277648926","2.8615689277648926"
"4019","15.776595115661621","15.776595115661621","15.776595115661621","25.36538314819336","25.36538314819336","25.36538314819336","2.6570346355438232","2.6570346355438232","2.6570346355438232"
"4049","8.715456008911133","8.715456008911133","8.715456008911133","3.3989176750183105","3.3989176750183105","3.3989176750183105","2.565509080886841","2.565509080886841","2.565509080886841"
"4079","14.05500316619873","14.05500316619873","14.05500316619873","4.779282569885254","4.779282569885254","4.779282569885254","2.693160057067871","2.693160057067871","2.693160057067871"
"4109","14.77674674987793","14.77674674987793","14.77674674987793","5.327326774597168","5.327326774597168","5.327326774597168","2.6746513843536377","2.6746513843536377","2.6746513843536377"
"4139","21.41490936279297","21.41490936279297","21.41490936279297","7.2430901527404785","7.2430901527404785","7.2430901527404785","2.7401363849639893","2.7401363849639893","2.7401363849639893"
"4169","13.839649200439453","13.839649200439453","13.839649200439453","6.339541912078857","6.339541912078857","6.339541912078857","2.7563226222991943","2.7563226222991943","2.7563226222991943"
"4199","12.30213737487793","12.30213737487793","12.30213737487793","3.6668994426727295","3.6668994426727295","3.6668994426727295","2.436202049255371","2.436202049255371","2.436202049255371"
"4229","17.83254051208496","17.83254051208496","17.83254051208496","6.781447410583496","6.781447410583496","6.781447410583496","2.614664316177368","2.614664316177368","2.614664316177368"
"4259","3.6161930561065674","3.6161930561065674","3.6161930561065674","3.0920252799987793","3.0920252799987793","3.0920252799987793","2.82230544090271","2.82230544090271","2.82230544090271"
"4289","3.057373046875","3.057373046875","3.057373046875","2.638521671295166","2.638521671295166","2.638521671295166","2.4722366333007812","2.4722366333007812","2.4722366333007812"
"4319","3.2726378440856934","3.2726378440856934","3.2726378440856934","2.6961076259613037","2.6961076259613037","2.6961076259613037","2.492940902709961","2.492940902709961","2.492940902709961"
"4349","3.242177724838257","3.242177724838257","3.242177724838257","2.9029598236083984","2.9029598236083984","2.9029598236083984","2.655223846435547","2.655223846435547","2.655223846435547"
"4379","14.83257007598877","14.83257007598877","14.83257007598877","24.010089874267578","24.010089874267578","24.010089874267578","2.4759674072265625","2.4759674072265625","2.4759674072265625"
"4409","3.5047454833984375","3.5047454833984375","3.5047454833984375","2.8831541538238525","2.8831541538238525","2.8831541538238525","2.6496171951293945","2.6496171951293945","2.6496171951293945"
"4439","9.091609001159668","9.091609001159668","9.091609001159668","3.583956718444824","3.583956718444824","3.583956718444824","2.4568393230438232","2.4568393230438232","2.4568393230438232"
"4469","3.3045079708099365","3.3045079708099365","3.3045079708099365","2.923153877258301","2.923153877258301","2.923153877258301","2.7324860095977783","2.7324860095977783","2.7324860095977783"
"4499","12.9244384765625","12.9244384765625","12.9244384765625","23.62803077697754","23.62803077697754","23.62803077697754","2.384821653366089","2.384821653366089","2.384821653366089"
"4529","6.394279479980469","6.394279479980469","6.394279479980469","3.366827964782715","3.366827964782715","3.366827964782715","2.6361584663391113","2.6361584663391113","2.6361584663391113"
"4559","17.294647216796875","17.294647216796875","17.294647216796875","5.135444164276123","5.135444164276123","5.135444164276123","2.593658924102783","2.593658924102783","2.593658924102783"
"4589","3.0628819465637207","3.0628819465637207","3.0628819465637207","2.6243975162506104","2.6243975162506104","2.6243975162506104","2.4112350940704346","2.4112350940704346","2.4112350940704346"
"4619","3.0588128566741943","3.0588128566741943","3.0588128566741943","2.6859679222106934","2.6859679222106934","2.6859679222106934","2.530010461807251","2.530010461807251","2.530010461807251"
"4649","10.055445671081543","10.055445671081543","10.055445671081543","23.21991729736328","23.21991729736328","23.21991729736328","2.391087293624878","2.391087293624878","2.391087293624878"
"4679","15.00344467163086","15.00344467163086","15.00344467163086","4.818550109863281","4.818550109863281","4.818550109863281","2.4556422233581543","2.4556422233581543","2.4556422233581543"
"4709","14.52037525177002","14.52037525177002","14.52037525177002","4.084569454193115","4.084569454193115","4.084569454193115","2.4189226627349854","2.4189226627349854","2.4189226627349854"
"4739","18.7639102935791","18.7639102935791","18.7639102935791","6.188159465789795","6.188159465789795","6.188159465789795","2.3395192623138428","2.3395192623138428","2.3395192623138428"
"4769","11.11116886138916","11.11116886138916","11.11116886138916","4.223801612854004","4.223801612854004","4.223801612854004","2.429720163345337","2.429720163345337","2.429720163345337"
"4799","9.44847583770752","9.44847583770752","9.44847583770752","4.412441730499268","4.412441730499268","4.412441730499268","2.504472494125366","2.504472494125366","2.504472494125366"
"4829","9.54824161529541","9.54824161529541","9.54824161529541","4.6795525550842285","4.6795525550842285","4.6795525550842285","2.323198080062866","2.323198080062866","2.323198080062866"
"4859","2.705288887023926","2.705288887023926","2.705288887023926","2.465845823287964","2.465845823287964","2.465845823287964","2.2766036987304688","2.2766036987304688","2.2766036987304688"
"4889","2.6514549255371094","2.6514549255371094","2.6514549255371094","2.444776773452759","2.444776773452759","2.444776773452759","2.2072031497955322","2.2072031497955322","2.2072031497955322"
"4919","13.201539993286133","13.201539993286133","13.201539993286133","22.026418685913086","22.026418685913086","22.026418685913086","2.4133200645446777","2.4133200645446777","2.4133200645446777"
"4949","2.8215701580047607","2.8215701580047607","2.8215701580047607","2.648202657699585","2.648202657699585","2.648202657699585","2.3538408279418945","2.3538408279418945","2.3538408279418945"
"4979","2.8819591999053955","2.8819591999053955","2.8819591999053955","2.584110736846924","2.584110736846924","2.584110736846924","2.3992464542388916","2.3992464542388916","2.3992464542388916"
"5009","2.7887520790100098","2.7887520790100098","2.7887520790100098","2.5319228172302246","2.5319228172302246","2.5319228172302246","2.315556049346924","2.315556049346924","2.315556049346924"
"5039","2.9539384841918945","2.9539384841918945","2.9539384841918945","2.700554370880127","2.700554370880127","2.700554370880127","2.4445033073425293","2.4445033073425293","2.4445033073425293"
"5069","2.8934881687164307","2.8934881687164307","2.8934881687164307","2.6116724014282227","2.6116724014282227","2.6116724014282227","2.4826371669769287","2.4826371669769287","2.4826371669769287"
"5099","2.7808618545532227","2.7808618545532227","2.7808618545532227","2.6076061725616455","2.6076061725616455","2.6076061725616455","2.3417246341705322","2.3417246341705322","2.3417246341705322"
"5129","2.807565212249756","2.807565212249756","2.807565212249756","2.579301118850708","2.579301118850708","2.579301118850708","2.303891897201538","2.303891897201538","2.303891897201538"
"5159","9.95132064819336","9.95132064819336","9.95132064819336","4.81842565536499","4.81842565536499","4.81842565536499","2.3660728931427","2.3660728931427","2.3660728931427"
"5189","2.8742363452911377","2.8742363452911377","2.8742363452911377","2.5806548595428467","2.5806548595428467","2.5806548595428467","2.315192937850952","2.315192937850952","2.315192937850952"
"5219","7.936112403869629","7.936112403869629","7.936112403869629","20.482080459594727","20.482080459594727","20.482080459594727","2.206355571746826","2.206355571746826","2.206355571746826"
"5249","2.896474838256836","2.896474838256836","2.896474838256836","2.7012248039245605","2.7012248039245605","2.7012248039245605","2.4315757751464844","2.4315757751464844","2.4315757751464844"
"5279","7.838750839233398","7.838750839233398","7.838750839233398","20.270893096923828","20.270893096923828","20.270893096923828","2.342601776123047","2.342601776123047","2.342601776123047"
"5309","7.664496421813965","7.664496421813965","7.664496421813965","20.177387237548828","20.177387237548828","20.177387237548828","2.2638256549835205","2.2638256549835205","2.2638256549835205"
"5339","7.5541090965271","7.5541090965271","7.5541090965271","20.014646530151367","20.014646530151367","20.014646530151367","2.2303147315979004","2.2303147315979004","2.2303147315979004"
"5369","11.567465782165527","11.567465782165527","11.567465782165527","3.80612850189209","3.80612850189209","3.80612850189209","2.3364946842193604","2.3364946842193604","2.3364946842193604"
"5399","2.9519853591918945","2.9519853591918945","2.9519853591918945","2.800334930419922","2.800334930419922","2.800334930419922","2.465517044067383","2.465517044067383","2.465517044067383"
"5429","2.607326030731201","2.607326030731201","2.607326030731201","2.410776376724243","2.410776376724243","2.410776376724243","2.1187503337860107","2.1187503337860107","2.1187503337860107"
"5459","7.381971836090088","7.381971836090088","7.381971836090088","19.69732666015625","19.69732666015625","19.69732666015625","2.311655282974243","2.311655282974243","2.311655282974243"
"5489","2.796422004699707","2.796422004699707","2.796422004699707","2.5594911575317383","2.5594911575317383","2.5594911575317383","2.271728277206421","2.271728277206421","2.271728277206421"
"5519","2.679487943649292","2.679487943649292","2.679487943649292","2.475109338760376","2.475109338760376","2.475109338760376","2.185184955596924","2.185184955596924","2.185184955596924"
"5549","2.708746910095215","2.708746910095215","2.708746910095215","2.498762845993042","2.498762845993042","2.498762845993042","2.2413902282714844","2.2413902282714844","2.2413902282714844"
"5579","6.494391918182373","6.494391918182373","6.494391918182373","3.0609145164489746","3.0609145164489746","3.0609145164489746","2.1422293186187744","2.1422293186187744","2.1422293186187744"
"5609","6.904458045959473","6.904458045959473","6.904458045959473","19.19774055480957","19.19774055480957","19.19774055480957","2.270451784133911","2.270451784133911","2.270451784133911"
"5639","2.674271821975708","2.674271821975708","2.674271821975708","2.547515392303467","2.547515392303467","2.547515392303467","2.4807066917419434","2.4807066917419434","2.4807066917419434"
"5669","2.5015697479248047","2.5015697479248047","2.5015697479248047","2.3921895027160645","2.3921895027160645","2.3921895027160645","2.1701784133911133","2.1701784133911133","2.1701784133911133"
"5699","13.667561531066895","13.667561531066895","13.667561531066895","5.296483039855957","5.296483039855957","5.296483039855957","2.329364061355591","2.329364061355591","2.329364061355591"
"5729","2.552424669265747","2.552424669265747","2.552424669265747","2.4723167419433594","2.4723167419433594","2.4723167419433594","2.2334134578704834","2.2334134578704834","2.2334134578704834"
"5759","2.620500326156616","2.620500326156616","2.620500326156616","2.5788490772247314","2.5788490772247314","2.5788490772247314","2.3310298919677734","2.3310298919677734","2.3310298919677734"
"5789","2.5473244190216064","2.5473244190216064","2.5473244190216064","2.5182275772094727","2.5182275772094727","2.5182275772094727","2.2580718994140625","2.2580718994140625","2.2580718994140625"
"5819","2.257167100906372","2.257167100906372","2.257167100906372","2.270420551300049","2.270420551300049","2.270420551300049","2.0904898643493652","2.0904898643493652","2.0904898643493652"
"5849","2.530510902404785","2.530510902404785","2.530510902404785","2.4644157886505127","2.4644157886505127","2.4644157886505127","2.145533800125122","2.145533800125122","2.145533800125122"
"5879","2.642059326171875","2.642059326171875","2.642059326171875","2.5495259761810303","2.5495259761810303","2.5495259761810303","2.314908504486084","2.314908504486084","2.314908504486084"
"5909","2.6673669815063477","2.6673669815063477","2.6673669815063477","2.600961446762085","2.600961446762085","2.600961446762085","2.3725874423980713","2.3725874423980713","2.3725874423980713"
"5939","12.418577194213867","12.418577194213867","12.418577194213867","4.139352321624756","4.139352321624756","4.139352321624756","2.248988389968872","2.248988389968872","2.248988389968872"
"5969","2.6126151084899902","2.6126151084899902","2.6126151084899902","2.5704665184020996","2.5704665184020996","2.5704665184020996","2.240787982940674","2.240787982940674","2.240787982940674"
"5999","2.4088339805603027","2.4088339805603027","2.4088339805603027","2.407252550125122","2.407252550125122","2.407252550125122","2.1223700046539307","2.1223700046539307","2.1223700046539307"
"6029","2.3712451457977295","2.3712451457977295","2.3712451457977295","2.3737950325012207","2.3737950325012207","2.3737950325012207","2.1073176860809326","2.1073176860809326","2.1073176860809326"
"6059","8.250236511230469","8.250236511230469","8.250236511230469","3.3832995891571045","3.3832995891571045","3.3832995891571045","2.124044179916382","2.124044179916382","2.124044179916382"
"6089","2.6370368003845215","2.6370368003845215","2.6370368003845215","2.549793004989624","2.549793004989624","2.549793004989624","2.313645839691162","2.313645839691162","2.313645839691162"
"6119","6.220564842224121","6.220564842224121","6.220564842224121","18.0009765625","18.0009765625","18.0009765625","2.0756404399871826","2.0756404399871826","2.0756404399871826"
"6149","2.577653646469116","2.577653646469116","2.577653646469116","2.5535449981689453","2.5535449981689453","2.5535449981689453","2.229689359664917","2.229689359664917","2.229689359664917"
"6179","2.6671881675720215","2.6671881675720215","2.6671881675720215","2.7328639030456543","2.7328639030456543","2.7328639030456543","2.34810471534729","2.34810471534729","2.34810471534729"
"6209","12.989394187927246","12.989394187927246","12.989394187927246","4.30025577545166","4.30025577545166","4.30025577545166","2.1913535594940186","2.1913535594940186","2.1913535594940186"
"6239","2.3698103427886963","2.3698103427886963","2.3698103427886963","2.4106593132019043","2.4106593132019043","2.4106593132019043","2.1206305027008057","2.1206305027008057","2.1206305027008057"
"6269","2.346043109893799","2.346043109893799","2.346043109893799","2.34498929977417","2.34498929977417","2.34498929977417","2.076521158218384","2.076521158218384","2.076521158218384"
"6299","2.4803988933563232","2.4803988933563232","2.4803988933563232","2.4430787563323975","2.4430787563323975","2.4430787563323975","2.141649007797241","2.141649007797241","2.141649007797241"
"6329","17.196399688720703","17.196399688720703","17.196399688720703","4.220696449279785","4.220696449279785","4.220696449279785","2.1664068698883057","2.1664068698883057","2.1664068698883057"
"6359","5.93218994140625","5.93218994140625","5.93218994140625","17.660200119018555","17.660200119018555","17.660200119018555","2.13191819190979","2.13191819190979","2.13191819190979"
"6389","2.3865420818328857","2.3865420818328857","2.3865420818328857","2.389598846435547","2.389598846435547","2.389598846435547","2.0455899238586426","2.0455899238586426","2.0455899238586426"
"6419","2.3589022159576416","2.3589022159576416","2.3589022159576416","2.4021241664886475","2.4021241664886475","2.4021241664886475","2.114265203475952","2.114265203475952","2.114265203475952"
"6449","2.33439040184021","2.33439040184021","2.33439040184021","2.3899800777435303","2.3899800777435303","2.3899800777435303","2.027008295059204","2.027008295059204","2.027008295059204"
"6479","2.415332794189453","2.415332794189453","2.415332794189453","2.443185567855835","2.443185567855835","2.443185567855835","2.0535871982574463","2.0535871982574463","2.0535871982574463"
"6509","13.89595890045166","13.89595890045166","13.89595890045166","3.928849458694458","3.928849458694458","3.928849458694458","2.035414457321167","2.035414457321167","2.035414457321167"
"6539","2.369640350341797","2.369640350341797","2.369640350341797","2.4143943786621094","2.4143943786621094","2.4143943786621094","2.0280771255493164","2.0280771255493164","2.0280771255493164"
"6569","2.4350435733795166","2.4350435733795166","2.4350435733795166","2.5060713291168213","2.5060713291168213","2.5060713291168213","2.150383949279785","2.150383949279785","2.150383949279785"
"6599","2.3937907218933105","2.3937907218933105","2.3937907218933105","2.3926687240600586","2.3926687240600586","2.3926687240600586","2.0915331840515137","2.0915331840515137","2.0915331840515137"
"6629","2.3672468662261963","2.3672468662261963","2.3672468662261963","2.380445957183838","2.380445957183838","2.380445957183838","2.0080549716949463","2.0080549716949463","2.0080549716949463"
"6659","9.452193260192871","9.452193260192871","9.452193260192871","3.6884515285491943","3.6884515285491943","3.6884515285491943","2.094461679458618","2.094461679458618","2.094461679458618"
"6689","2.4313344955444336","2.4313344955444336","2.4313344955444336","2.5201730728149414","2.5201730728149414","2.5201730728149414","2.218651294708252","2.218651294708252","2.218651294708252"
"6719","2.4094955921173096","2.4094955921173096","2.4094955921173096","2.3901329040527344","2.3901329040527344","2.3901329040527344","2.0650253295898438","2.0650253295898438","2.0650253295898438"
"6749","10.766801834106445","10.766801834106445","10.766801834106445","3.8623454570770264","3.8623454570770264","3.8623454570770264","2.068631172180176","2.068631172180176","2.068631172180176"
"6779","13.133131980895996","13.133131980895996","13.133131980895996","4.196560382843018","4.196560382843018","4.196560382843018","2.1096181869506836","2.1096181869506836","2.1096181869506836"
"6809","2.3252949714660645","2.3252949714660645","2.3252949714660645","2.425525188446045","2.425525188446045","2.425525188446045","2.0362799167633057","2.0362799167633057","2.0362799167633057"
"6839","17.382171630859375","17.382171630859375","17.382171630859375","4.650469779968262","4.650469779968262","4.650469779968262","1.9484176635742188","1.9484176635742188","1.9484176635742188"
"6869","2.5105392932891846","2.5105392932891846","2.5105392932891846","2.600461006164551","2.600461006164551","2.600461006164551","2.134586811065674","2.134586811065674","2.134586811065674"
"6899","6.123127460479736","6.123127460479736","6.123127460479736","18.182647705078125","18.182647705078125","18.182647705078125","1.9722037315368652","1.9722037315368652","1.9722037315368652"
"6929","2.3355205059051514","2.3355205059051514","2.3355205059051514","2.43375825881958","2.43375825881958","2.43375825881958","2.039642095565796","2.039642095565796","2.039642095565796"
"6959","2.4127044677734375","2.4127044677734375","2.4127044677734375","2.59704852104187","2.59704852104187","2.59704852104187","2.1631619930267334","2.1631619930267334","2.1631619930267334"
"6989","2.3027279376983643","2.3027279376983643","2.3027279376983643","2.4085986614227295","2.4085986614227295","2.4085986614227295","2.013029098510742","2.013029098510742","2.013029098510742"
"7019","2.345142364501953","2.345142364501953","2.345142364501953","2.4254257678985596","2.4254257678985596","2.4254257678985596","2.0137693881988525","2.0137693881988525","2.0137693881988525"
"7049","9.312836647033691","9.312836647033691","9.312836647033691","3.2056994438171387","3.2056994438171387","3.2056994438171387","1.9112777709960938","1.9112777709960938","1.9112777709960938"
"7079","2.380342721939087","2.380342721939087","2.380342721939087","2.5267233848571777","2.5267233848571777","2.5267233848571777","2.10781192779541","2.10781192779541","2.10781192779541"
"7109","2.4745407104492188","2.4745407104492188","2.4745407104492188","2.633558988571167","2.633558988571167","2.633558988571167","2.128697395324707","2.128697395324707","2.128697395324707"
"7139","2.353198289871216","2.353198289871216","2.353198289871216","2.4937541484832764","2.4937541484832764","2.4937541484832764","2.0821340084075928","2.0821340084075928","2.0821340084075928"
"7169","2.306668281555176","2.306668281555176","2.306668281555176","2.4299492835998535","2.4299492835998535","2.4299492835998535","2.002692461013794","2.002692461013794","2.002692461013794"
"7199","2.335507392883301","2.335507392883301","2.335507392883301","2.470933437347412","2.470933437347412","2.470933437347412","2.0606956481933594","2.0606956481933594","2.0606956481933594"
"7229","2.3524441719055176","2.3524441719055176","2.3524441719055176","2.4725213050842285","2.4725213050842285","2.4725213050842285","2.138253688812256","2.138253688812256","2.138253688812256"
"7259","11.944876670837402","11.944876670837402","11.944876670837402","16.30436897277832","16.30436897277832","16.30436897277832","1.9191821813583374","1.9191821813583374","1.9191821813583374"
"7289","2.3180809020996094","2.3180809020996094","2.3180809020996094","2.370675563812256","2.370675563812256","2.370675563812256","2.046483039855957","2.046483039855957","2.046483039855957"
"7319","2.3365654945373535","2.3365654945373535","2.3365654945373535","2.488593578338623","2.488593578338623","2.488593578338623","2.0459635257720947","2.0459635257720947","2.0459635257720947"
"7349","2.2638533115386963","2.2638533115386963","2.2638533115386963","2.228800058364868","2.228800058364868","2.228800058364868","1.828526258468628","1.828526258468628","1.828526258468628"
"7379","2.4300949573516846","2.4300949573516846","2.4300949573516846","2.62954044342041","2.62954044342041","2.62954044342041","2.196197271347046","2.196197271347046","2.196197271347046"
"7409","2.3618075847625732","2.3618075847625732","2.3618075847625732","2.455535888671875","2.455535888671875","2.455535888671875","1.9637479782104492","1.9637479782104492","1.9637479782104492"
"7439","2.242232322692871","2.242232322692871","2.242232322692871","2.3375260829925537","2.3375260829925537","2.3375260829925537","1.9175785779953003","1.9175785779953003","1.9175785779953003"
"7469","4.960993766784668","4.960993766784668","4.960993766784668","15.313542366027832","15.313542366027832","15.313542366027832","1.9832388162612915","1.9832388162612915","1.9832388162612915"
"7499","2.1862599849700928","2.1862599849700928","2.1862599849700928","2.353257656097412","2.353257656097412","2.353257656097412","1.8972219228744507","1.8972219228744507","1.8972219228744507"
"7529","2.2958691120147705","2.2958691120147705","2.2958691120147705","2.3603880405426025","2.3603880405426025","2.3603880405426025","1.9249764680862427","1.9249764680862427","1.9249764680862427"
"7559","2.2374966144561768","2.2374966144561768","2.2374966144561768","2.384014844894409","2.384014844894409","2.384014844894409","1.887207269668579","1.887207269668579","1.887207269668579"
"7589","2.313685894012451","2.313685894012451","2.313685894012451","2.4748175144195557","2.4748175144195557","2.4748175144195557","2.0501298904418945","2.0501298904418945","2.0501298904418945"
"7619","15.184568405151367","15.184568405151367","15.184568405151367","4.2914719581604","4.2914719581604","4.2914719581604","2.0382072925567627","2.0382072925567627","2.0382072925567627"
"7649","2.254336357116699","2.254336357116699","2.254336357116699","2.3551313877105713","2.3551313877105713","2.3551313877105713","1.8325475454330444","1.8325475454330444","1.8325475454330444"
"7679","2.3827896118164062","2.3827896118164062","2.3827896118164062","2.4686813354492188","2.4686813354492188","2.4686813354492188","2.018038272857666","2.018038272857666","2.018038272857666"
"7709","2.0968239307403564","2.0968239307403564","2.0968239307403564","2.2753636837005615","2.2753636837005615","2.2753636837005615","1.8414074182510376","1.8414074182510376","1.8414074182510376"
"7739","2.151235342025757","2.151235342025757","2.151235342025757","2.3230767250061035","2.3230767250061035","2.3230767250061035","1.8843413591384888","1.8843413591384888","1.8843413591384888"
"7769","2.3186891078948975","2.3186891078948975","2.3186891078948975","2.4914088249206543","2.4914088249206543","2.4914088249206543","2.0126287937164307","2.0126287937164307","2.0126287937164307"
"7799","2.208494186401367","2.208494186401367","2.208494186401367","2.3549368381500244","2.3549368381500244","2.3549368381500244","1.871659755706787","1.871659755706787","1.871659755706787"
"7829","4.677179336547852","4.677179336547852","4.677179336547852","14.853730201721191","14.853730201721191","14.853730201721191","1.998733639717102","1.998733639717102","1.998733639717102"
"7859","2.184347152709961","2.184347152709961","2.184347152709961","2.3091201782226562","2.3091201782226562","2.3091201782226562","1.871040940284729","1.871040940284729","1.871040940284729"
"7889","2.1494858264923096","2.1494858264923096","2.1494858264923096","2.336566925048828","2.336566925048828","2.336566925048828","1.9064668416976929","1.9064668416976929","1.9064668416976929"
"7919","2.1299145221710205","2.1299145221710205","2.1299145221710205","2.372112512588501","2.372112512588501","2.372112512588501","1.9372320175170898","1.9372320175170898","1.9372320175170898"
"7949","2.129718065261841","2.129718065261841","2.129718065261841","2.4291322231292725","2.4291322231292725","2.4291322231292725","1.9976673126220703","1.9976673126220703","1.9976673126220703"
"7979","2.286656379699707","2.286656379699707","2.286656379699707","2.5770814418792725","2.5770814418792725","2.5770814418792725","2.1466286182403564","2.1466286182403564","2.1466286182403564"
"8009","4.578797340393066","4.578797340393066","4.578797340393066","14.386880874633789","14.386880874633789","14.386880874633789","1.9715512990951538","1.9715512990951538","1.9715512990951538"
"8039","2.189955711364746","2.189955711364746","2.189955711364746","2.3551580905914307","2.3551580905914307","2.3551580905914307","1.8761600255966187","1.8761600255966187","1.8761600255966187"
"8069","2.0211730003356934","2.0211730003356934","2.0211730003356934","2.2267348766326904","2.2267348766326904","2.2267348766326904","1.7443033456802368","1.7443033456802368","1.7443033456802368"
"8099","2.187030792236328","2.187030792236328","2.187030792236328","2.399712085723877","2.399712085723877","2.399712085723877","1.8968523740768433","1.8968523740768433","1.8968523740768433"
"8129","2.2022533416748047","2.2022533416748047","2.2022533416748047","2.473928689956665","2.473928689956665","2.473928689956665","1.9379992485046387","1.9379992485046387","1.9379992485046387"
"8159","2.1032040119171143","2.1032040119171143","2.1032040119171143","2.3088064193725586","2.3088064193725586","2.3088064193725586","1.810447096824646","1.810447096824646","1.810447096824646"
"8189","4.229360103607178","4.229360103607178","4.229360103607178","13.744538307189941","13.744538307189941","13.744538307189941","1.7746714353561401","1.7746714353561401","1.7746714353561401"
"8219","4.433809280395508","4.433809280395508","4.433809280395508","13.92039966583252","13.92039966583252","13.92039966583252","1.8056340217590332","1.8056340217590332","1.8056340217590332"
"8249","2.131765365600586","2.131765365600586","2.131765365600586","2.3470659255981445","2.3470659255981445","2.3470659255981445","1.8375475406646729","1.8375475406646729","1.8375475406646729"
"8279","2.2340190410614014","2.2340190410614014","2.2340190410614014","2.2835793495178223","2.2835793495178223","2.2835793495178223","1.8437987565994263","1.8437987565994263","1.8437987565994263"
"8309","2.12119197845459","2.12119197845459","2.12119197845459","2.4325780868530273","2.4325780868530273","2.4325780868530273","1.9335967302322388","1.9335967302322388","1.9335967302322388"
"8339","2.1941421031951904","2.1941421031951904","2.1941421031951904","2.3603508472442627","2.3603508472442627","2.3603508472442627","1.9287360906600952","1.9287360906600952","1.9287360906600952"
"8369","4.270436763763428","4.270436763763428","4.270436763763428","13.471833229064941","13.471833229064941","13.471833229064941","1.7966288328170776","1.7966288328170776","1.7966288328170776"
"8399","2.0781972408294678","2.0781972408294678","2.0781972408294678","2.2742929458618164","2.2742929458618164","2.2742929458618164","1.8232781887054443","1.8232781887054443","1.8232781887054443"
"8429","4.170623302459717","4.170623302459717","4.170623302459717","13.512879371643066","13.512879371643066","13.512879371643066","1.7026253938674927","1.7026253938674927","1.7026253938674927"
"8459","2.278256416320801","2.278256416320801","2.278256416320801","2.4535226821899414","2.4535226821899414","2.4535226821899414","1.9715677499771118","1.9715677499771118","1.9715677499771118"
"8489","2.0648224353790283","2.0648224353790283","2.0648224353790283","2.299142837524414","2.299142837524414","2.299142837524414","1.8576310873031616","1.8576310873031616","1.8576310873031616"
"8519","4.217076778411865","4.217076778411865","4.217076778411865","13.417652130126953","13.417652130126953","13.417652130126953","1.8409206867218018","1.8409206867218018","1.8409206867218018"
"8549","2.0749855041503906","2.0749855041503906","2.0749855041503906","2.2646915912628174","2.2646915912628174","2.2646915912628174","1.8298465013504028","1.8298465013504028","1.8298465013504028"
"8579","4.198675632476807","4.198675632476807","4.198675632476807","13.46373176574707","13.46373176574707","13.46373176574707","1.9537107944488525","1.9537107944488525","1.9537107944488525"
"8609","2.014248847961426","2.014248847961426","2.014248847961426","2.245404005050659","2.245404005050659","2.245404005050659","1.7778304815292358","1.7778304815292358","1.7778304815292358"
"8639","2.020280122756958","2.020280122756958","2.020280122756958","2.232800245285034","2.232800245285034","2.232800245285034","1.7347406148910522","1.7347406148910522","1.7347406148910522"
"8669","2.0582435131073","2.0582435131073","2.0582435131073","2.321335792541504","2.321335792541504","2.321335792541504","1.8747386932373047","1.8747386932373047","1.8747386932373047"
"8699","2.1603262424468994","2.1603262424468994","2.1603262424468994","2.535170316696167","2.535170316696167","2.535170316696167","1.9568358659744263","1.9568358659744263","1.9568358659744263"
"8729","2.059906244277954","2.059906244277954","2.059906244277954","2.2411251068115234","2.2411251068115234","2.2411251068115234","1.7471487522125244","1.7471487522125244","1.7471487522125244"
"8759","2.0877130031585693","2.0877130031585693","2.0877130031585693","2.363382577896118","2.363382577896118","2.363382577896118","1.815662145614624","1.815662145614624","1.815662145614624"
"8789","4.421780109405518","4.421780109405518","4.421780109405518","14.215259552001953","14.215259552001953","14.215259552001953","1.6872285604476929","1.6872285604476929","1.6872285604476929"
"8819","2.10332989692688","2.10332989692688","2.10332989692688","2.320690631866455","2.320690631866455","2.320690631866455","1.8668386936187744","1.8668386936187744","1.8668386936187744"
"8849","2.0228123664855957","2.0228123664855957","2.0228123664855957","2.323390007019043","2.323390007019043","2.323390007019043","1.8636010885238647","1.8636010885238647","1.8636010885238647"
"8879","2.0499041080474854","2.0499041080474854","2.0499041080474854","2.2853729724884033","2.2853729724884033","2.2853729724884033","1.7642263174057007","1.7642263174057007","1.7642263174057007"
"8909","2.108067512512207","2.108067512512207","2.108067512512207","2.34897780418396","2.34897780418396","2.34897780418396","1.830391526222229","1.830391526222229","1.830391526222229"
"8939","1.9827226400375366","1.9827226400375366","1.9827226400375366","2.2338249683380127","2.2338249683380127","2.2338249683380127","1.7248175144195557","1.7248175144195557","1.7248175144195557"
"8969","2.1377687454223633","2.1377687454223633","2.1377687454223633","2.4552431106567383","2.4552431106567383","2.4552431106567383","1.9549604654312134","1.9549604654312134","1.9549604654312134"
"8999","4.086777687072754","4.086777687072754","4.086777687072754","12.735595703125","12.735595703125","12.735595703125","1.8601878881454468","1.8601878881454468","1.8601878881454468"
"9029","2.0920522212982178","2.0920522212982178","2.0920522212982178","2.4094462394714355","2.4094462394714355","2.4094462394714355","1.8194808959960938","1.8194808959960938","1.8194808959960938"
"9059","2.0578842163085938","2.0578842163085938","2.0578842163085938","2.348897695541382","2.348897695541382","2.348897695541382","1.811995506286621","1.811995506286621","1.811995506286621"
"9089","2.1135976314544678","2.1135976314544678","2.1135976314544678","2.4385669231414795","2.4385669231414795","2.4385669231414795","1.8211742639541626","1.8211742639541626","1.8211742639541626"
"9119","2.0603325366973877","2.0603325366973877","2.0603325366973877","2.4464738368988037","2.4464738368988037","2.4464738368988037","1.917100429534912","1.917100429534912","1.917100429534912"
"9149","2.0784430503845215","2.0784430503845215","2.0784430503845215","2.3099782466888428","2.3099782466888428","2.3099782466888428","1.8296749591827393","1.8296749591827393","1.8296749591827393"
"9179","2.030000925064087","2.030000925064087","2.030000925064087","2.2441015243530273","2.2441015243530273","2.2441015243530273","1.6830458641052246","1.6830458641052246","1.6830458641052246"
"9209","3.832418203353882","3.832418203353882","3.832418203353882","12.321413040161133","12.321413040161133","12.321413040161133","1.6932672262191772","1.6932672262191772","1.6932672262191772"
"9239","2.0870752334594727","2.0870752334594727","2.0870752334594727","2.4173190593719482","2.4173190593719482","2.4173190593719482","1.8209010362625122","1.8209010362625122","1.8209010362625122"
"9269","2.1206233501434326","2.1206233501434326","2.1206233501434326","2.2365005016326904","2.2365005016326904","2.2365005016326904","1.6454675197601318","1.6454675197601318","1.6454675197601318"
"9299","2.0255961418151855","2.0255961418151855","2.0255961418151855","2.3060576915740967","2.3060576915740967","2.3060576915740967","1.7509655952453613","1.7509655952453613","1.7509655952453613"
"9329","2.1243486404418945","2.1243486404418945","2.1243486404418945","2.383516550064087","2.383516550064087","2.383516550064087","1.864655613899231","1.864655613899231","1.864655613899231"
"9359","2.0225300788879395","2.0225300788879395","2.0225300788879395","2.313474416732788","2.313474416732788","2.313474416732788","1.7774124145507812","1.7774124145507812","1.7774124145507812"
"9389","2.0629961490631104","2.0629961490631104","2.0629961490631104","2.34096360206604","2.34096360206604","2.34096360206604","1.7954070568084717","1.7954070568084717","1.7954070568084717"
"9419","2.1538543701171875","2.1538543701171875","2.1538543701171875","2.4880943298339844","2.4880943298339844","2.4880943298339844","1.942008376121521","1.942008376121521","1.942008376121521"
"9449","1.8973428010940552","1.8973428010940552","1.8973428010940552","2.150514602661133","2.150514602661133","2.150514602661133","1.6349385976791382","1.6349385976791382","1.6349385976791382"
"9479","2.055713653564453","2.055713653564453","2.055713653564453","2.312230110168457","2.312230110168457","2.312230110168457","1.7559545040130615","1.7559545040130615","1.7559545040130615"
"9509","2.0265860557556152","2.0265860557556152","2.0265860557556152","2.2194266319274902","2.2194266319274902","2.2194266319274902","1.638110637664795","1.638110637664795","1.638110637664795"
"9539","2.055689573287964","2.055689573287964","2.055689573287964","2.294611692428589","2.294611692428589","2.294611692428589","1.7956911325454712","1.7956911325454712","1.7956911325454712"
"9569","1.9883482456207275","1.9883482456207275","1.9883482456207275","2.2614243030548096","2.2614243030548096","2.2614243030548096","1.7445483207702637","1.7445483207702637","1.7445483207702637"
"9599","2.0179078578948975","2.0179078578948975","2.0179078578948975","2.437282085418701","2.437282085418701","2.437282085418701","1.8593730926513672","1.8593730926513672","1.8593730926513672"
"9629","2.0077102184295654","2.0077102184295654","2.0077102184295654","2.289111375808716","2.289111375808716","2.289111375808716","1.744877576828003","1.744877576828003","1.744877576828003"
"9659","17.085039138793945","17.085039138793945","17.085039138793945","6.914387226104736","6.914387226104736","6.914387226104736","1.7221940755844116","1.7221940755844116","1.7221940755844116"
"9689","1.950303554534912","1.950303554534912","1.950303554534912","2.296379566192627","2.296379566192627","2.296379566192627","1.742186188697815","1.742186188697815","1.742186188697815"
"9719","2.014817714691162","2.014817714691162","2.014817714691162","2.188084363937378","2.188084363937378","2.188084363937378","1.662622332572937","1.662622332572937","1.662622332572937"
"9749","1.9484511613845825","1.9484511613845825","1.9484511613845825","2.2164413928985596","2.2164413928985596","2.2164413928985596","1.6734734773635864","1.6734734773635864","1.6734734773635864"
"9779","1.9649999141693115","1.9649999141693115","1.9649999141693115","2.200378179550171","2.200378179550171","2.200378179550171","1.6788736581802368","1.6788736581802368","1.6788736581802368"
"9809","1.9888066053390503","1.9888066053390503","1.9888066053390503","2.3459930419921875","2.3459930419921875","2.3459930419921875","1.786655068397522","1.786655068397522","1.786655068397522"
"9839","1.9688940048217773","1.9688940048217773","1.9688940048217773","2.347728729248047","2.347728729248047","2.347728729248047","1.7377219200134277","1.7377219200134277","1.7377219200134277"
"9869","3.6087396144866943","3.6087396144866943","3.6087396144866943","11.623087882995605","11.623087882995605","11.623087882995605","1.7362951040267944","1.7362951040267944","1.7362951040267944"
"9899","1.940454363822937","1.940454363822937","1.940454363822937","2.329899311065674","2.329899311065674","2.329899311065674","1.7986146211624146","1.7986146211624146","1.7986146211624146"
"9929","1.900315761566162","1.900315761566162","1.900315761566162","2.1864876747131348","2.1864876747131348","2.1864876747131348","1.6317343711853027","1.6317343711853027","1.6317343711853027"
"9959","1.8868688344955444","1.8868688344955444","1.8868688344955444","2.192732095718384","2.192732095718384","2.192732095718384","1.664723515510559","1.664723515510559","1.664723515510559"
"9989","1.9936877489089966","1.9936877489089966","1.9936877489089966","2.422895669937134","2.422895669937134","2.422895669937134","1.851143479347229","1.851143479347229","1.851143479347229"
"10019","1.885944128036499","1.885944128036499","1.885944128036499","2.1701295375823975","2.1701295375823975","2.1701295375823975","1.6249910593032837","1.6249910593032837","1.6249910593032837"
"10049","1.9962621927261353","1.9962621927261353","1.9962621927261353","2.3024094104766846","2.3024094104766846","2.3024094104766846","1.7165406942367554","1.7165406942367554","1.7165406942367554"
"10079","1.8972958326339722","1.8972958326339722","1.8972958326339722","2.204122304916382","2.204122304916382","2.204122304916382","1.6298882961273193","1.6298882961273193","1.6298882961273193"
"10109","1.9708226919174194","1.9708226919174194","1.9708226919174194","2.3764703273773193","2.3764703273773193","2.3764703273773193","1.8063092231750488","1.8063092231750488","1.8063092231750488"
"10139","1.962533950805664","1.962533950805664","1.962533950805664","2.2902045249938965","2.2902045249938965","2.2902045249938965","1.748141884803772","1.748141884803772","1.748141884803772"
"10169","2.0008738040924072","2.0008738040924072","2.0008738040924072","2.2617905139923096","2.2617905139923096","2.2617905139923096","1.6372387409210205","1.6372387409210205","1.6372387409210205"
"10199","1.9166017770767212","1.9166017770767212","1.9166017770767212","2.2738258838653564","2.2738258838653564","2.2738258838653564","1.6722371578216553","1.6722371578216553","1.6722371578216553"
"10229","1.916982889175415","1.916982889175415","1.916982889175415","2.223236560821533","2.223236560821533","2.223236560821533","1.6144732236862183","1.6144732236862183","1.6144732236862183"
"10259","1.9811034202575684","1.9811034202575684","1.9811034202575684","2.342582941055298","2.342582941055298","2.342582941055298","1.7271052598953247","1.7271052598953247","1.7271052598953247"
"10289","2.0678224563598633","2.0678224563598633","2.0678224563598633","2.420158863067627","2.420158863067627","2.420158863067627","1.7589800357818604","1.7589800357818604","1.7589800357818604"
"10319","1.9469311237335205","1.9469311237335205","1.9469311237335205","2.254412889480591","2.254412889480591","2.254412889480591","1.620657205581665","1.620657205581665","1.620657205581665"
"10349","1.7748419046401978","1.7748419046401978","1.7748419046401978","2.0799498558044434","2.0799498558044434","2.0799498558044434","1.5289682149887085","1.5289682149887085","1.5289682149887085"
"10379","3.4805290699005127","3.4805290699005127","3.4805290699005127","11.165844917297363","11.165844917297363","11.165844917297363","1.7284098863601685","1.7284098863601685","1.7284098863601685"
"10409","1.930808186531067","1.930808186531067","1.930808186531067","2.233884334564209","2.233884334564209","2.233884334564209","1.5913753509521484","1.5913753509521484","1.5913753509521484"
"10439","1.9061293601989746","1.9061293601989746","1.9061293601989746","2.3180785179138184","2.3180785179138184","2.3180785179138184","1.7192155122756958","1.7192155122756958","1.7192155122756958"
"10469","3.853311061859131","3.853311061859131","3.853311061859131","12.457572937011719","12.457572937011719","12.457572937011719","1.6417217254638672","1.6417217254638672","1.6417217254638672"
"10499","1.8650610446929932","1.8650610446929932","1.8650610446929932","2.1719114780426025","2.1719114780426025","2.1719114780426025","1.5567044019699097","1.5567044019699097","1.5567044019699097"
"10529","23.41929054260254","23.41929054260254","23.41929054260254","5.336259841918945","5.336259841918945","5.336259841918945","1.6027482748031616","1.6027482748031616","1.6027482748031616"
"10559","1.8346604108810425","1.8346604108810425","1.8346604108810425","2.145097494125366","2.145097494125366","2.145097494125366","1.537904977798462","1.537904977798462","1.537904977798462"
"10589","1.8154476881027222","1.8154476881027222","1.8154476881027222","2.1579997539520264","2.1579997539520264","2.1579997539520264","1.5790413618087769","1.5790413618087769","1.5790413618087769"
"10619","1.875610589981079","1.875610589981079","1.875610589981079","2.2426881790161133","2.2426881790161133","2.2426881790161133","1.612787127494812","1.612787127494812","1.612787127494812"
"10649","1.9135369062423706","1.9135369062423706","1.9135369062423706","2.2236456871032715","2.2236456871032715","2.2236456871032715","1.6398900747299194","1.6398900747299194","1.6398900747299194"
"10679","1.9024044275283813","1.9024044275283813","1.9024044275283813","2.3500585556030273","2.3500585556030273","2.3500585556030273","1.7087429761886597","1.7087429761886597","1.7087429761886597"
"10709","3.3909246921539307","3.3909246921539307","3.3909246921539307","10.67966079711914","10.67966079711914","10.67966079711914","1.5558569431304932","1.5558569431304932","1.5558569431304932"
"10739","1.887468934059143","1.887468934059143","1.887468934059143","2.203622341156006","2.203622341156006","2.203622341156006","1.5511682033538818","1.5511682033538818","1.5511682033538818"
"10769","1.878348708152771","1.878348708152771","1.878348708152771","2.1659750938415527","2.1659750938415527","2.1659750938415527","1.537361741065979","1.537361741065979","1.537361741065979"
"10799","1.845255970954895","1.845255970954895","1.845255970954895","2.1722257137298584","2.1722257137298584","2.1722257137298584","1.571982741355896","1.571982741355896","1.571982741355896"
"10829","2.0375301837921143","2.0375301837921143","2.0375301837921143","2.3696279525756836","2.3696279525756836","2.3696279525756836","1.7436333894729614","1.7436333894729614","1.7436333894729614"
"10859","1.895084023475647","1.895084023475647","1.895084023475647","2.2493441104888916","2.2493441104888916","2.2493441104888916","1.6405051946640015","1.6405051946640015","1.6405051946640015"
"10889","3.431051015853882","3.431051015853882","3.431051015853882","10.76473617553711","10.76473617553711","10.76473617553711","1.6281801462173462","1.6281801462173462","1.6281801462173462"
"10919","3.3536975383758545","3.3536975383758545","3.3536975383758545","10.721540451049805","10.721540451049805","10.721540451049805","1.5959687232971191","1.5959687232971191","1.5959687232971191"
"10949","1.916378140449524","1.916378140449524","1.916378140449524","2.2911550998687744","2.2911550998687744","2.2911550998687744","1.731068730354309","1.731068730354309","1.731068730354309"
"10979","1.8746105432510376","1.8746105432510376","1.8746105432510376","2.1773312091827393","2.1773312091827393","2.1773312091827393","1.5289149284362793","1.5289149284362793","1.5289149284362793"
"11009","1.9527007341384888","1.9527007341384888","1.9527007341384888","2.2908589839935303","2.2908589839935303","2.2908589839935303","1.7313237190246582","1.7313237190246582","1.7313237190246582"
"11039","1.9007867574691772","1.9007867574691772","1.9007867574691772","2.231565475463867","2.231565475463867","2.231565475463867","1.592161774635315","1.592161774635315","1.592161774635315"
"11069","1.8454126119613647","1.8454126119613647","1.8454126119613647","2.2155938148498535","2.2155938148498535","2.2155938148498535","1.5927714109420776","1.5927714109420776","1.5927714109420776"
"11099","1.8070495128631592","1.8070495128631592","1.8070495128631592","2.192383050918579","2.192383050918579","2.192383050918579","1.5867595672607422","1.5867595672607422","1.5867595672607422"
"11129","1.9137017726898193","1.9137017726898193","1.9137017726898193","2.375411033630371","2.375411033630371","2.375411033630371","1.7028003931045532","1.7028003931045532","1.7028003931045532"
"11159","1.919765830039978","1.919765830039978","1.919765830039978","2.326195240020752","2.326195240020752","2.326195240020752","1.571067452430725","1.571067452430725","1.571067452430725"
"11189","3.7233877182006836","3.7233877182006836","3.7233877182006836","11.82204532623291","11.82204532623291","11.82204532623291","1.673354148864746","1.673354148864746","1.673354148864746"
"11219","1.9618988037109375","1.9618988037109375","1.9618988037109375","2.2969865798950195","2.2969865798950195","2.2969865798950195","1.6257015466690063","1.6257015466690063","1.6257015466690063"
"11249","1.8591028451919556","1.8591028451919556","1.8591028451919556","2.185373067855835","2.185373067855835","2.185373067855835","1.5458446741104126","1.5458446741104126","1.5458446741104126"
"11279","1.907279372215271","1.907279372215271","1.907279372215271","2.2388691902160645","2.2388691902160645","2.2388691902160645","1.5936287641525269","1.5936287641525269","1.5936287641525269"
"11309","3.3951733112335205","3.3951733112335205","3.3951733112335205","10.554631233215332","10.554631233215332","10.554631233215332","1.6157004833221436","1.6157004833221436","1.6157004833221436"
"11339","1.8748081922531128","1.8748081922531128","1.8748081922531128","2.140634298324585","2.140634298324585","2.140634298324585","1.5277938842773438","1.5277938842773438","1.5277938842773438"
"11369","2.072852849960327","2.072852849960327","2.072852849960327","2.424894332885742","2.424894332885742","2.424894332885742","1.721885085105896","1.721885085105896","1.721885085105896"
"11399","1.881545066833496","1.881545066833496","1.881545066833496","2.224802255630493","2.224802255630493","2.224802255630493","1.5586730241775513","1.5586730241775513","1.5586730241775513"
"11429","3.4086015224456787","3.4086015224456787","3.4086015224456787","10.516636848449707","10.516636848449707","10.516636848449707","1.7042678594589233","1.7042678594589233","1.7042678594589233"
"11459","1.8277509212493896","1.8277509212493896","1.8277509212493896","2.157684087753296","2.157684087753296","2.157684087753296","1.571189522743225","1.571189522743225","1.571189522743225"
"11489","1.8484030961990356","1.8484030961990356","1.8484030961990356","2.2363791465759277","2.2363791465759277","2.2363791465759277","1.5778647661209106","1.5778647661209106","1.5778647661209106"
"11519","1.8953059911727905","1.8953059911727905","1.8953059911727905","2.2902848720550537","2.2902848720550537","2.2902848720550537","1.6375116109848022","1.6375116109848022","1.6375116109848022"
"11549","1.869494080543518","1.869494080543518","1.869494080543518","2.2610528469085693","2.2610528469085693","2.2610528469085693","1.5956178903579712","1.5956178903579712","1.5956178903579712"
"11579","3.244018793106079","3.244018793106079","3.244018793106079","10.269463539123535","10.269463539123535","10.269463539123535","1.6103342771530151","1.6103342771530151","1.6103342771530151"
"11609","1.8516050577163696","1.8516050577163696","1.8516050577163696","2.2807772159576416","2.2807772159576416","2.2807772159576416","1.6518688201904297","1.6518688201904297","1.6518688201904297"
"11639","3.279214382171631","3.279214382171631","3.279214382171631","10.308385848999023","10.308385848999023","10.308385848999023","1.6783965826034546","1.6783965826034546","1.6783965826034546"
"11669","1.8246450424194336","1.8246450424194336","1.8246450424194336","2.178393602371216","2.178393602371216","2.178393602371216","1.5346136093139648","1.5346136093139648","1.5346136093139648"
"11699","3.3049004077911377","3.3049004077911377","3.3049004077911377","10.348730087280273","10.348730087280273","10.348730087280273","1.6314055919647217","1.6314055919647217","1.6314055919647217"
"11729","1.9232233762741089","1.9232233762741089","1.9232233762741089","2.2717995643615723","2.2717995643615723","2.2717995643615723","1.581300139427185","1.581300139427185","1.581300139427185"
"11759","1.930682897567749","1.930682897567749","1.930682897567749","2.280790090560913","2.280790090560913","2.280790090560913","1.589063286781311","1.589063286781311","1.589063286781311"
"11789","1.8264907598495483","1.8264907598495483","1.8264907598495483","2.1589243412017822","2.1589243412017822","2.1589243412017822","1.4683074951171875","1.4683074951171875","1.4683074951171875"
"11819","1.885781168937683","1.885781168937683","1.885781168937683","2.2516419887542725","2.2516419887542725","2.2516419887542725","1.5931049585342407","1.5931049585342407","1.5931049585342407"
"11849","1.8283735513687134","1.8283735513687134","1.8283735513687134","2.136303663253784","2.136303663253784","2.136303663253784","1.488548994064331","1.488548994064331","1.488548994064331"
"11879","1.9105207920074463","1.9105207920074463","1.9105207920074463","2.247433662414551","2.247433662414551","2.247433662414551","1.6201415061950684","1.6201415061950684","1.6201415061950684"
"11909","3.1205663681030273","3.1205663681030273","3.1205663681030273","9.880107879638672","9.880107879638672","9.880107879638672","1.494759202003479","1.494759202003479","1.494759202003479"
"11939","1.857021450996399","1.857021450996399","1.857021450996399","2.144833564758301","2.144833564758301","2.144833564758301","1.4792536497116089","1.4792536497116089","1.4792536497116089"
"11969","1.9125109910964966","1.9125109910964966","1.9125109910964966","2.3347091674804688","2.3347091674804688","2.3347091674804688","1.6735804080963135","1.6735804080963135","1.6735804080963135"
"11999","3.1906731128692627","3.1906731128692627","3.1906731128692627","9.834012031555176","9.834012031555176","9.834012031555176","1.5406008958816528","1.5406008958816528","1.5406008958816528"
"12029","3.24114990234375","3.24114990234375","3.24114990234375","10.006791114807129","10.006791114807129","10.006791114807129","1.6055428981781006","1.6055428981781006","1.6055428981781006"
"12059","1.904923915863037","1.904923915863037","1.904923915863037","2.301967144012451","2.301967144012451","2.301967144012451","1.58482027053833","1.58482027053833","1.58482027053833"
"12089","1.928763747215271","1.928763747215271","1.928763747215271","2.319336175918579","2.319336175918579","2.319336175918579","1.5779876708984375","1.5779876708984375","1.5779876708984375"
"12119","44.40951156616211","44.40951156616211","44.40951156616211","107.48197174072266","107.48197174072266","107.48197174072266","26.975873947143555","26.975873947143555","26.975873947143555"
"12149","1.8185138702392578","1.8185138702392578","1.8185138702392578","2.189199209213257","2.189199209213257","2.189199209213257","1.5270168781280518","1.5270168781280518","1.5270168781280518"
"12179","1.9547998905181885","1.9547998905181885","1.9547998905181885","2.278867721557617","2.278867721557617","2.278867721557617","1.6176223754882812","1.6176223754882812","1.6176223754882812"
"12209","1.7921388149261475","1.7921388149261475","1.7921388149261475","2.1445682048797607","2.1445682048797607","2.1445682048797607","1.494160771369934","1.494160771369934","1.494160771369934"
"12239","1.9793444871902466","1.9793444871902466","1.9793444871902466","2.2673990726470947","2.2673990726470947","2.2673990726470947","1.576005220413208","1.576005220413208","1.576005220413208"
"12269","1.8744781017303467","1.8744781017303467","1.8744781017303467","2.236772298812866","2.236772298812866","2.236772298812866","1.5187312364578247","1.5187312364578247","1.5187312364578247"
"12299","1.9337722063064575","1.9337722063064575","1.9337722063064575","2.334949254989624","2.334949254989624","2.334949254989624","1.5573281049728394","1.5573281049728394","1.5573281049728394"
"12329","1.9207521677017212","1.9207521677017212","1.9207521677017212","2.377739906311035","2.377739906311035","2.377739906311035","1.6240038871765137","1.6240038871765137","1.6240038871765137"
"12359","3.1451945304870605","3.1451945304870605","3.1451945304870605","9.786551475524902","9.786551475524902","9.786551475524902","1.5583138465881348","1.5583138465881348","1.5583138465881348"
"12389","1.8080354928970337","1.8080354928970337","1.8080354928970337","2.1207990646362305","2.1207990646362305","2.1207990646362305","1.439549207687378","1.439549207687378","1.439549207687378"
"12419","1.792124629020691","1.792124629020691","1.792124629020691","2.132890462875366","2.132890462875366","2.132890462875366","1.4768685102462769","1.4768685102462769","1.4768685102462769"
"12449","3.1510729789733887","3.1510729789733887","3.1510729789733887","9.832046508789062","9.832046508789062","9.832046508789062","1.6008764505386353","1.6008764505386353","1.6008764505386353"
"12479","3.124173402786255","3.124173402786255","3.124173402786255","9.73794937133789","9.73794937133789","9.73794937133789","1.5106604099273682","1.5106604099273682","1.5106604099273682"
"12509","3.078348398208618","3.078348398208618","3.078348398208618","9.603429794311523","9.603429794311523","9.603429794311523","1.4252673387527466","1.4252673387527466","1.4252673387527466"
"12539","1.8330090045928955","1.8330090045928955","1.8330090045928955","2.1118528842926025","2.1118528842926025","2.1118528842926025","1.4101859331130981","1.4101859331130981","1.4101859331130981"
"12569","1.799182415008545","1.799182415008545","1.799182415008545","2.1967520713806152","2.1967520713806152","2.1967520713806152","1.5193111896514893","1.5193111896514893","1.5193111896514893"
"12599","1.7931241989135742","1.7931241989135742","1.7931241989135742","2.093306541442871","2.093306541442871","2.093306541442871","1.4567941427230835","1.4567941427230835","1.4567941427230835"
"12629","1.8903878927230835","1.8903878927230835","1.8903878927230835","2.250727891921997","2.250727891921997","2.250727891921997","1.5115975141525269","1.5115975141525269","1.5115975141525269"
"12659","1.8778661489486694","1.8778661489486694","1.8778661489486694","2.2069971561431885","2.2069971561431885","2.2069971561431885","1.4633132219314575","1.4633132219314575","1.4633132219314575"
"12689","1.915613055229187","1.915613055229187","1.915613055229187","2.2866415977478027","2.2866415977478027","2.2866415977478027","1.5455660820007324","1.5455660820007324","1.5455660820007324"
"12719","1.810513973236084","1.810513973236084","1.810513973236084","2.2363412380218506","2.2363412380218506","2.2363412380218506","1.5226811170578003","1.5226811170578003","1.5226811170578003"
"12749","1.7506927251815796","1.7506927251815796","1.7506927251815796","2.0819222927093506","2.0819222927093506","2.0819222927093506","1.382757544517517","1.382757544517517","1.382757544517517"
"12779","1.8487093448638916","1.8487093448638916","1.8487093448638916","2.2540674209594727","2.2540674209594727","2.2540674209594727","1.5067721605300903","1.5067721605300903","1.5067721605300903"
"12809","1.7520277500152588","1.7520277500152588","1.7520277500152588","2.072173833847046","2.072173833847046","2.072173833847046","1.4256271123886108","1.4256271123886108","1.4256271123886108"
"12839","1.8637996912002563","1.8637996912002563","1.8637996912002563","2.208317995071411","2.208317995071411","2.208317995071411","1.5168263912200928","1.5168263912200928","1.5168263912200928"
"12869","1.8366585969924927","1.8366585969924927","1.8366585969924927","2.2230184078216553","2.2230184078216553","2.2230184078216553","1.525016188621521","1.525016188621521","1.525016188621521"
"12899","1.8345807790756226","1.8345807790756226","1.8345807790756226","2.198505401611328","2.198505401611328","2.198505401611328","1.4981237649917603","1.4981237649917603","1.4981237649917603"
"12929","1.810265064239502","1.810265064239502","1.810265064239502","2.1015024185180664","2.1015024185180664","2.1015024185180664","1.4573379755020142","1.4573379755020142","1.4573379755020142"
"12959","3.663188934326172","3.663188934326172","3.663188934326172","11.703269004821777","11.703269004821777","11.703269004821777","1.5822118520736694","1.5822118520736694","1.5822118520736694"
"12989","1.837311029434204","1.837311029434204","1.837311029434204","2.179807424545288","2.179807424545288","2.179807424545288","1.495349407196045","1.495349407196045","1.495349407196045"
"13019","1.8133502006530762","1.8133502006530762","1.8133502006530762","2.1784369945526123","2.1784369945526123","2.1784369945526123","1.4820247888565063","1.4820247888565063","1.4820247888565063"
"13049","1.8845628499984741","1.8845628499984741","1.8845628499984741","2.30289626121521","2.30289626121521","2.30289626121521","1.5660721063613892","1.5660721063613892","1.5660721063613892"
"13079","1.8209728002548218","1.8209728002548218","1.8209728002548218","2.209132671356201","2.209132671356201","2.209132671356201","1.5038838386535645","1.5038838386535645","1.5038838386535645"
"13109","1.835199236869812","1.835199236869812","1.835199236869812","2.1262474060058594","2.1262474060058594","2.1262474060058594","1.443705439567566","1.443705439567566","1.443705439567566"
"13139","3.02716064453125","3.02716064453125","3.02716064453125","9.40114688873291","9.40114688873291","9.40114688873291","1.5448763370513916","1.5448763370513916","1.5448763370513916"
"13169","1.7560011148452759","1.7560011148452759","1.7560011148452759","2.1230180263519287","2.1230180263519287","2.1230180263519287","1.4694271087646484","1.4694271087646484","1.4694271087646484"
"13199","1.8673471212387085","1.8673471212387085","1.8673471212387085","2.1630988121032715","2.1630988121032715","2.1630988121032715","1.4838753938674927","1.4838753938674927","1.4838753938674927"
"13229","1.7838399410247803","1.7838399410247803","1.7838399410247803","2.1397018432617188","2.1397018432617188","2.1397018432617188","1.440617322921753","1.440617322921753","1.440617322921753"
"13259","1.8554198741912842","1.8554198741912842","1.8554198741912842","2.169156074523926","2.169156074523926","2.169156074523926","1.4463155269622803","1.4463155269622803","1.4463155269622803"
"13289","1.8323410749435425","1.8323410749435425","1.8323410749435425","2.143867254257202","2.143867254257202","2.143867254257202","1.404030442237854","1.404030442237854","1.404030442237854"
"13319","1.7757048606872559","1.7757048606872559","1.7757048606872559","2.0938827991485596","2.0938827991485596","2.0938827991485596","1.4977986812591553","1.4977986812591553","1.4977986812591553"
"13349","1.8609657287597656","1.8609657287597656","1.8609657287597656","2.149155616760254","2.149155616760254","2.149155616760254","1.4528732299804688","1.4528732299804688","1.4528732299804688"
"13379","1.8529332876205444","1.8529332876205444","1.8529332876205444","2.1007020473480225","2.1007020473480225","2.1007020473480225","1.458932876586914","1.458932876586914","1.458932876586914"
"13409","1.8986791372299194","1.8986791372299194","1.8986791372299194","2.2761361598968506","2.2761361598968506","2.2761361598968506","1.554734468460083","1.554734468460083","1.554734468460083"
"13439","1.9489163160324097","1.9489163160324097","1.9489163160324097","2.2390658855438232","2.2390658855438232","2.2390658855438232","1.478055715560913","1.478055715560913","1.478055715560913"
"13469","1.885940670967102","1.885940670967102","1.885940670967102","2.28910493850708","2.28910493850708","2.28910493850708","1.479933738708496","1.479933738708496","1.479933738708496"
"13499","1.8539848327636719","1.8539848327636719","1.8539848327636719","2.196037530899048","2.196037530899048","2.196037530899048","1.497949242591858","1.497949242591858","1.497949242591858"
"13529","1.8364031314849854","1.8364031314849854","1.8364031314849854","2.225865125656128","2.225865125656128","2.225865125656128","1.4608389139175415","1.4608389139175415","1.4608389139175415"
"13559","1.880846381187439","1.880846381187439","1.880846381187439","2.2428340911865234","2.2428340911865234","2.2428340911865234","1.5115116834640503","1.5115116834640503","1.5115116834640503"
"13589","1.9394248723983765","1.9394248723983765","1.9394248723983765","2.3746070861816406","2.3746070861816406","2.3746070861816406","1.5453218221664429","1.5453218221664429","1.5453218221664429"
"13619","1.8663095235824585","1.8663095235824585","1.8663095235824585","2.225895881652832","2.225895881652832","2.225895881652832","1.4137049913406372","1.4137049913406372","1.4137049913406372"
"13649","1.8429350852966309","1.8429350852966309","1.8429350852966309","2.2228262424468994","2.2228262424468994","2.2228262424468994","1.5091118812561035","1.5091118812561035","1.5091118812561035"
"13679","1.8344255685806274","1.8344255685806274","1.8344255685806274","2.188791036605835","2.188791036605835","2.188791036605835","1.4617639780044556","1.4617639780044556","1.4617639780044556"
"13709","2.9896037578582764","2.9896037578582764","2.9896037578582764","9.118515014648438","9.118515014648438","9.118515014648438","1.4526046514511108","1.4526046514511108","1.4526046514511108"
"13739","1.8450008630752563","1.8450008630752563","1.8450008630752563","2.280355215072632","2.280355215072632","2.280355215072632","1.5238256454467773","1.5238256454467773","1.5238256454467773"
"13769","1.8423898220062256","1.8423898220062256","1.8423898220062256","2.227739095687866","2.227739095687866","2.227739095687866","1.488715648651123","1.488715648651123","1.488715648651123"
"13799","1.7355791330337524","1.7355791330337524","1.7355791330337524","2.0855183601379395","2.0855183601379395","2.0855183601379395","1.3751403093338013","1.3751403093338013","1.3751403093338013"
"13829","1.862408995628357","1.862408995628357","1.862408995628357","2.2296948432922363","2.2296948432922363","2.2296948432922363","1.452722430229187","1.452722430229187","1.452722430229187"
"13859","1.7762141227722168","1.7762141227722168","1.7762141227722168","2.092580795288086","2.092580795288086","2.092580795288086","1.4351720809936523","1.4351720809936523","1.4351720809936523"
"13889","1.7960549592971802","1.7960549592971802","1.7960549592971802","2.2065582275390625","2.2065582275390625","2.2065582275390625","1.4448766708374023","1.4448766708374023","1.4448766708374023"
"13919","1.859434962272644","1.859434962272644","1.859434962272644","2.190352201461792","2.190352201461792","2.190352201461792","1.4392532110214233","1.4392532110214233","1.4392532110214233"
"13949","1.850486397743225","1.850486397743225","1.850486397743225","2.253235340118408","2.253235340118408","2.253235340118408","1.3940281867980957","1.3940281867980957","1.3940281867980957"
"13979","1.8366854190826416","1.8366854190826416","1.8366854190826416","2.23899245262146","2.23899245262146","2.23899245262146","1.4962997436523438","1.4962997436523438","1.4962997436523438"
"14009","1.7986208200454712","1.7986208200454712","1.7986208200454712","2.1806392669677734","2.1806392669677734","2.1806392669677734","1.3589473962783813","1.3589473962783813","1.3589473962783813"
"14039","1.771048903465271","1.771048903465271","1.771048903465271","2.191316843032837","2.191316843032837","2.191316843032837","1.4908950328826904","1.4908950328826904","1.4908950328826904"
"14069","2.901832103729248","2.901832103729248","2.901832103729248","8.849196434020996","8.849196434020996","8.849196434020996","1.4823675155639648","1.4823675155639648","1.4823675155639648"
"14099","1.760643482208252","1.760643482208252","1.760643482208252","2.0169942378997803","2.0169942378997803","2.0169942378997803","1.308734655380249","1.308734655380249","1.308734655380249"
"14129","1.8632839918136597","1.8632839918136597","1.8632839918136597","2.218891143798828","2.218891143798828","2.218891143798828","1.4530928134918213","1.4530928134918213","1.4530928134918213"
"14159","1.8196572065353394","1.8196572065353394","1.8196572065353394","2.169847249984741","2.169847249984741","2.169847249984741","1.375985860824585","1.375985860824585","1.375985860824585"
"14189","1.724709153175354","1.724709153175354","1.724709153175354","2.0465214252471924","2.0465214252471924","2.0465214252471924","1.2859383821487427","1.2859383821487427","1.2859383821487427"
"14219","1.8115359544754028","1.8115359544754028","1.8115359544754028","2.1705737113952637","2.1705737113952637","2.1705737113952637","1.432330846786499","1.432330846786499","1.432330846786499"
"14249","1.7181334495544434","1.7181334495544434","1.7181334495544434","2.0648610591888428","2.0648610591888428","2.0648610591888428","1.31062650680542","1.31062650680542","1.31062650680542"
"14279","1.73540461063385","1.73540461063385","1.73540461063385","2.0474634170532227","2.0474634170532227","2.0474634170532227","1.327581763267517","1.327581763267517","1.327581763267517"
"14309","1.8128163814544678","1.8128163814544678","1.8128163814544678","2.195493459701538","2.195493459701538","2.195493459701538","1.4653098583221436","1.4653098583221436","1.4653098583221436"
"14339","1.769216537475586","1.769216537475586","1.769216537475586","2.078603982925415","2.078603982925415","2.078603982925415","1.305129051208496","1.305129051208496","1.305129051208496"
"14369","1.857241153717041","1.857241153717041","1.857241153717041","2.200416326522827","2.200416326522827","2.200416326522827","1.4316253662109375","1.4316253662109375","1.4316253662109375"
"14399","1.8291301727294922","1.8291301727294922","1.8291301727294922","2.228757381439209","2.228757381439209","2.228757381439209","1.393060564994812","1.393060564994812","1.393060564994812"
"14429","1.8054163455963135","1.8054163455963135","1.8054163455963135","2.1381916999816895","2.1381916999816895","2.1381916999816895","1.4067068099975586","1.4067068099975586","1.4067068099975586"
"14459","1.853482723236084","1.853482723236084","1.853482723236084","2.187471628189087","2.187471628189087","2.187471628189087","1.4078664779663086","1.4078664779663086","1.4078664779663086"
"14489","1.8655321598052979","1.8655321598052979","1.8655321598052979","2.2769646644592285","2.2769646644592285","2.2769646644592285","1.4774755239486694","1.4774755239486694","1.4774755239486694"
"14519","1.8223437070846558","1.8223437070846558","1.8223437070846558","2.1018810272216797","2.1018810272216797","2.1018810272216797","1.382907509803772","1.382907509803772","1.382907509803772"
"14549","1.8646678924560547","1.8646678924560547","1.8646678924560547","2.2218549251556396","2.2218549251556396","2.2218549251556396","1.446276307106018","1.446276307106018","1.446276307106018"
"14579","1.7675161361694336","1.7675161361694336","1.7675161361694336","2.1486098766326904","2.1486098766326904","2.1486098766326904","1.394728183746338","1.394728183746338","1.394728183746338"
"14609","1.8287783861160278","1.8287783861160278","1.8287783861160278","2.1736624240875244","2.1736624240875244","2.1736624240875244","1.3894494771957397","1.3894494771957397","1.3894494771957397"
"14639","1.8783776760101318","1.8783776760101318","1.8783776760101318","2.3491358757019043","2.3491358757019043","2.3491358757019043","1.477693796157837","1.477693796157837","1.477693796157837"
"14669","1.8055506944656372","1.8055506944656372","1.8055506944656372","2.1432323455810547","2.1432323455810547","2.1432323455810547","1.41792631149292","1.41792631149292","1.41792631149292"
"14699","1.789143443107605","1.789143443107605","1.789143443107605","2.2105584144592285","2.2105584144592285","2.2105584144592285","1.4393893480300903","1.4393893480300903","1.4393893480300903"
"14729","1.8042211532592773","1.8042211532592773","1.8042211532592773","2.171720266342163","2.171720266342163","2.171720266342163","1.3657559156417847","1.3657559156417847","1.3657559156417847"
"14759","1.8361927270889282","1.8361927270889282","1.8361927270889282","2.1816656589508057","2.1816656589508057","2.1816656589508057","1.5566421747207642","1.5566421747207642","1.5566421747207642"
"14789","1.7649352550506592","1.7649352550506592","1.7649352550506592","2.1230361461639404","2.1230361461639404","2.1230361461639404","1.3581509590148926","1.3581509590148926","1.3581509590148926"
"14819","1.7400943040847778","1.7400943040847778","1.7400943040847778","2.1273977756500244","2.1273977756500244","2.1273977756500244","1.4002346992492676","1.4002346992492676","1.4002346992492676"
"14849","1.8451446294784546","1.8451446294784546","1.8451446294784546","2.244842767715454","2.244842767715454","2.244842767715454","1.4135030508041382","1.4135030508041382","1.4135030508041382"
"14879","1.7112551927566528","1.7112551927566528","1.7112551927566528","2.089492082595825","2.089492082595825","2.089492082595825","1.3006342649459839","1.3006342649459839","1.3006342649459839"
"14909","1.7088797092437744","1.7088797092437744","1.7088797092437744","2.0431060791015625","2.0431060791015625","2.0431060791015625","1.2808576822280884","1.2808576822280884","1.2808576822280884"
"14939","2.9353280067443848","2.9353280067443848","2.9353280067443848","8.488646507263184","8.488646507263184","8.488646507263184","1.3573870658874512","1.3573870658874512","1.3573870658874512"
"14969","1.8285735845565796","1.8285735845565796","1.8285735845565796","2.1517674922943115","2.1517674922943115","2.1517674922943115","1.375604510307312","1.375604510307312","1.375604510307312"
"14999","1.809364914894104","1.809364914894104","1.809364914894104","2.0783071517944336","2.0783071517944336","2.0783071517944336","1.3378020524978638","1.3378020524978638","1.3378020524978638"
"15029","1.7584481239318848","1.7584481239318848","1.7584481239318848","2.0980124473571777","2.0980124473571777","2.0980124473571777","1.3397793769836426","1.3397793769836426","1.3397793769836426"
"15059","1.8056867122650146","1.8056867122650146","1.8056867122650146","2.170074939727783","2.170074939727783","2.170074939727783","1.379944086074829","1.379944086074829","1.379944086074829"
"15089","1.8105307817459106","1.8105307817459106","1.8105307817459106","2.2494683265686035","2.2494683265686035","2.2494683265686035","1.4735177755355835","1.4735177755355835","1.4735177755355835"
"15119","1.7870407104492188","1.7870407104492188","1.7870407104492188","2.134873628616333","2.134873628616333","2.134873628616333","1.3301194906234741","1.3301194906234741","1.3301194906234741"
"15149","1.770093321800232","1.770093321800232","1.770093321800232","2.157625675201416","2.157625675201416","2.157625675201416","1.3792539834976196","1.3792539834976196","1.3792539834976196"
"15179","1.899941325187683","1.899941325187683","1.899941325187683","2.358826160430908","2.358826160430908","2.358826160430908","1.5094305276870728","1.5094305276870728","1.5094305276870728"
"15209","1.7629492282867432","1.7629492282867432","1.7629492282867432","2.176438570022583","2.176438570022583","2.176438570022583","1.4144598245620728","1.4144598245620728","1.4144598245620728"
"15239","1.7514235973358154","1.7514235973358154","1.7514235973358154","2.1299431324005127","2.1299431324005127","2.1299431324005127","1.3110684156417847","1.3110684156417847","1.3110684156417847"
"15269","1.8877184391021729","1.8877184391021729","1.8877184391021729","2.2810537815093994","2.2810537815093994","2.2810537815093994","1.3986530303955078","1.3986530303955078","1.3986530303955078"
"15299","1.7270550727844238","1.7270550727844238","1.7270550727844238","2.1015918254852295","2.1015918254852295","2.1015918254852295","1.3503365516662598","1.3503365516662598","1.3503365516662598"
"15329","1.7510613203048706","1.7510613203048706","1.7510613203048706","2.1541683673858643","2.1541683673858643","2.1541683673858643","1.353133201599121","1.353133201599121","1.353133201599121"
"15359","1.841205358505249","1.841205358505249","1.841205358505249","2.1777472496032715","2.1777472496032715","2.1777472496032715","1.3444396257400513","1.3444396257400513","1.3444396257400513"
"15389","1.8449664115905762","1.8449664115905762","1.8449664115905762","2.2401986122131348","2.2401986122131348","2.2401986122131348","1.4314905405044556","1.4314905405044556","1.4314905405044556"
"15419","1.972276210784912","1.972276210784912","1.972276210784912","2.159576177597046","2.159576177597046","2.159576177597046","1.3724621534347534","1.3724621534347534","1.3724621534347534"
"15449","2.761042833328247","2.761042833328247","2.761042833328247","8.090323448181152","8.090323448181152","8.090323448181152","1.3413643836975098","1.3413643836975098","1.3413643836975098"
"15479","1.9109772443771362","1.9109772443771362","1.9109772443771362","2.185962677001953","2.185962677001953","2.185962677001953","1.3495818376541138","1.3495818376541138","1.3495818376541138"
"15509","1.848767638206482","1.848767638206482","1.848767638206482","2.2372591495513916","2.2372591495513916","2.2372591495513916","1.4180700778961182","1.4180700778961182","1.4180700778961182"
"15539","1.7770997285842896","1.7770997285842896","1.7770997285842896","2.1571130752563477","2.1571130752563477","2.1571130752563477","1.4335994720458984","1.4335994720458984","1.4335994720458984"
"15569","2.7681732177734375","2.7681732177734375","2.7681732177734375","8.064558029174805","8.064558029174805","8.064558029174805","1.3589706420898438","1.3589706420898438","1.3589706420898438"
"15599","1.9460277557373047","1.9460277557373047","1.9460277557373047","2.3112409114837646","2.3112409114837646","2.3112409114837646","1.4396929740905762","1.4396929740905762","1.4396929740905762"
"15629","1.775578260421753","1.775578260421753","1.775578260421753","2.1113667488098145","2.1113667488098145","2.1113667488098145","1.3283110857009888","1.3283110857009888","1.3283110857009888"
"15659","1.745241403579712","1.745241403579712","1.745241403579712","2.096060037612915","2.096060037612915","2.096060037612915","1.350466012954712","1.350466012954712","1.350466012954712"
"15689","1.7527462244033813","1.7527462244033813","1.7527462244033813","2.118663787841797","2.118663787841797","2.118663787841797","1.32273268699646","1.32273268699646","1.32273268699646"
"15719","1.6919376850128174","1.6919376850128174","1.6919376850128174","2.0430715084075928","2.0430715084075928","2.0430715084075928","1.2822729349136353","1.2822729349136353","1.2822729349136353"
"15749","1.7595763206481934","1.7595763206481934","1.7595763206481934","2.0680201053619385","2.0680201053619385","2.0680201053619385","1.2798099517822266","1.2798099517822266","1.2798099517822266"
"15779","1.7511234283447266","1.7511234283447266","1.7511234283447266","2.0863614082336426","2.0863614082336426","2.0863614082336426","1.2855676412582397","1.2855676412582397","1.2855676412582397"
"15809","1.8767765760421753","1.8767765760421753","1.8767765760421753","2.2063841819763184","2.2063841819763184","2.2063841819763184","1.4369313716888428","1.4369313716888428","1.4369313716888428"
"15839","1.7964162826538086","1.7964162826538086","1.7964162826538086","2.1283373832702637","2.1283373832702637","2.1283373832702637","1.3224807977676392","1.3224807977676392","1.3224807977676392"
"15869","1.7987884283065796","1.7987884283065796","1.7987884283065796","2.1330573558807373","2.1330573558807373","2.1330573558807373","1.3386622667312622","1.3386622667312622","1.3386622667312622"
"15899","1.7399754524230957","1.7399754524230957","1.7399754524230957","2.01151704788208","2.01151704788208","2.01151704788208","1.2310566902160645","1.2310566902160645","1.2310566902160645"
"15929","2.7966203689575195","2.7966203689575195","2.7966203689575195","8.008417129516602","8.008417129516602","8.008417129516602","1.318679928779602","1.318679928779602","1.318679928779602"
"15959","1.7499723434448242","1.7499723434448242","1.7499723434448242","2.0774154663085938","2.0774154663085938","2.0774154663085938","1.322255253791809","1.322255253791809","1.322255253791809"
"15989","1.7049471139907837","1.7049471139907837","1.7049471139907837","2.041693687438965","2.041693687438965","2.041693687438965","1.2837082147598267","1.2837082147598267","1.2837082147598267"
"16019","1.7049318552017212","1.7049318552017212","1.7049318552017212","2.0068211555480957","2.0068211555480957","2.0068211555480957","1.2205406427383423","1.2205406427383423","1.2205406427383423"
"16049","1.7660644054412842","1.7660644054412842","1.7660644054412842","1.991233229637146","1.991233229637146","1.991233229637146","1.261884093284607","1.261884093284607","1.261884093284607"
"16079","1.7613946199417114","1.7613946199417114","1.7613946199417114","2.0824601650238037","2.0824601650238037","2.0824601650238037","1.3412089347839355","1.3412089347839355","1.3412089347839355"
"16109","2.7362217903137207","2.7362217903137207","2.7362217903137207","7.870203495025635","7.870203495025635","7.870203495025635","1.3282356262207031","1.3282356262207031","1.3282356262207031"
"16139","1.8779375553131104","1.8779375553131104","1.8779375553131104","2.172849655151367","2.172849655151367","2.172849655151367","1.3810664415359497","1.3810664415359497","1.3810664415359497"
"16169","1.8378745317459106","1.8378745317459106","1.8378745317459106","2.2403035163879395","2.2403035163879395","2.2403035163879395","1.3689664602279663","1.3689664602279663","1.3689664602279663"
"16199","1.7305742502212524","1.7305742502212524","1.7305742502212524","2.186086893081665","2.186086893081665","2.186086893081665","1.3494040966033936","1.3494040966033936","1.3494040966033936"
"16229","1.7196909189224243","1.7196909189224243","1.7196909189224243","2.0662765502929688","2.0662765502929688","2.0662765502929688","1.2444168329238892","1.2444168329238892","1.2444168329238892"
"16259","2.76851487159729","2.76851487159729","2.76851487159729","7.813663959503174","7.813663959503174","7.813663959503174","1.3171746730804443","1.3171746730804443","1.3171746730804443"
"16289","1.8446731567382812","1.8446731567382812","1.8446731567382812","2.1695966720581055","2.1695966720581055","2.1695966720581055","1.3235347270965576","1.3235347270965576","1.3235347270965576"
"16319","1.8015825748443604","1.8015825748443604","1.8015825748443604","2.140029191970825","2.140029191970825","2.140029191970825","1.31807541847229","1.31807541847229","1.31807541847229"
"16349","2.9305388927459717","2.9305388927459717","2.9305388927459717","8.887694358825684","8.887694358825684","8.887694358825684","1.2948278188705444","1.2948278188705444","1.2948278188705444"
"16379","1.8698114156723022","1.8698114156723022","1.8698114156723022","2.292173147201538","2.292173147201538","2.292173147201538","1.430686593055725","1.430686593055725","1.430686593055725"
"16409","1.8437399864196777","1.8437399864196777","1.8437399864196777","2.2321715354919434","2.2321715354919434","2.2321715354919434","1.3674992322921753","1.3674992322921753","1.3674992322921753"
"16439","1.8766632080078125","1.8766632080078125","1.8766632080078125","2.118607997894287","2.118607997894287","2.118607997894287","1.3093284368515015","1.3093284368515015","1.3093284368515015"
"16469","1.7337603569030762","1.7337603569030762","1.7337603569030762","2.04728364944458","2.04728364944458","2.04728364944458","1.2475529909133911","1.2475529909133911","1.2475529909133911"
"16499","1.7653673887252808","1.7653673887252808","1.7653673887252808","2.143497943878174","2.143497943878174","2.143497943878174","1.3341469764709473","1.3341469764709473","1.3341469764709473"
"16529","1.8140697479248047","1.8140697479248047","1.8140697479248047","2.19930100440979","2.19930100440979","2.19930100440979","1.329174518585205","1.329174518585205","1.329174518585205"
"16559","1.7028939723968506","1.7028939723968506","1.7028939723968506","2.0576398372650146","2.0576398372650146","2.0576398372650146","1.2621468305587769","1.2621468305587769","1.2621468305587769"
"16589","1.7206569910049438","1.7206569910049438","1.7206569910049438","2.12045955657959","2.12045955657959","2.12045955657959","1.2956805229187012","1.2956805229187012","1.2956805229187012"
"16619","1.8326678276062012","1.8326678276062012","1.8326678276062012","2.279381275177002","2.279381275177002","2.279381275177002","1.375016450881958","1.375016450881958","1.375016450881958"
"16649","1.8516967296600342","1.8516967296600342","1.8516967296600342","2.1966168880462646","2.1966168880462646","2.1966168880462646","1.3875298500061035","1.3875298500061035","1.3875298500061035"
"16679","2.6044442653656006","2.6044442653656006","2.6044442653656006","7.526281356811523","7.526281356811523","7.526281356811523","1.2364842891693115","1.2364842891693115","1.2364842891693115"
"16709","1.8409819602966309","1.8409819602966309","1.8409819602966309","2.1864564418792725","2.1864564418792725","2.1864564418792725","1.3310967683792114","1.3310967683792114","1.3310967683792114"
"16739","1.7853140830993652","1.7853140830993652","1.7853140830993652","2.1229453086853027","2.1229453086853027","2.1229453086853027","1.355928897857666","1.355928897857666","1.355928897857666"
"16769","1.8231121301651","1.8231121301651","1.8231121301651","2.1634671688079834","2.1634671688079834","2.1634671688079834","1.3272037506103516","1.3272037506103516","1.3272037506103516"
"16799","1.8094836473464966","1.8094836473464966","1.8094836473464966","2.2016069889068604","2.2016069889068604","2.2016069889068604","1.3432143926620483","1.3432143926620483","1.3432143926620483"
"16829","1.7505991458892822","1.7505991458892822","1.7505991458892822","2.0278732776641846","2.0278732776641846","2.0278732776641846","1.265740156173706","1.265740156173706","1.265740156173706"
"16859","1.754688024520874","1.754688024520874","1.754688024520874","2.068291664123535","2.068291664123535","2.068291664123535","1.2326278686523438","1.2326278686523438","1.2326278686523438"
"16889","3.103595018386841","3.103595018386841","3.103595018386841","9.429564476013184","9.429564476013184","9.429564476013184","1.2821580171585083","1.2821580171585083","1.2821580171585083"
"16919","2.741574287414551","2.741574287414551","2.741574287414551","7.605135440826416","7.605135440826416","7.605135440826416","1.359843373298645","1.359843373298645","1.359843373298645"
"16949","1.8834927082061768","1.8834927082061768","1.8834927082061768","2.1304101943969727","2.1304101943969727","2.1304101943969727","1.2922477722167969","1.2922477722167969","1.2922477722167969"
"16979","1.7685250043869019","1.7685250043869019","1.7685250043869019","2.135676145553589","2.135676145553589","2.135676145553589","1.3427224159240723","1.3427224159240723","1.3427224159240723"
"17009","1.745126485824585","1.745126485824585","1.745126485824585","2.100942373275757","2.100942373275757","2.100942373275757","1.3112543821334839","1.3112543821334839","1.3112543821334839"
"17039","1.8010185956954956","1.8010185956954956","1.8010185956954956","2.148653268814087","2.148653268814087","2.148653268814087","1.3051928281784058","1.3051928281784058","1.3051928281784058"
"17069","1.7654898166656494","1.7654898166656494","1.7654898166656494","2.0868937969207764","2.0868937969207764","2.0868937969207764","1.3027085065841675","1.3027085065841675","1.3027085065841675"
"17099","1.7625232934951782","1.7625232934951782","1.7625232934951782","2.1305510997772217","2.1305510997772217","2.1305510997772217","1.2519704103469849","1.2519704103469849","1.2519704103469849"
"17129","1.807742714881897","1.807742714881897","1.807742714881897","2.2245867252349854","2.2245867252349854","2.2245867252349854","1.3113735914230347","1.3113735914230347","1.3113735914230347"
"17159","1.7839678525924683","1.7839678525924683","1.7839678525924683","2.088076591491699","2.088076591491699","2.088076591491699","1.2338403463363647","1.2338403463363647","1.2338403463363647"
"17189","1.809855580329895","1.809855580329895","1.809855580329895","2.156697988510132","2.156697988510132","2.156697988510132","1.2907049655914307","1.2907049655914307","1.2907049655914307"
"17219","1.8262078762054443","1.8262078762054443","1.8262078762054443","2.1587274074554443","2.1587274074554443","2.1587274074554443","1.3004214763641357","1.3004214763641357","1.3004214763641357"
"17249","1.8430856466293335","1.8430856466293335","1.8430856466293335","2.2044429779052734","2.2044429779052734","2.2044429779052734","1.335249900817871","1.335249900817871","1.335249900817871"
"17279","1.6683317422866821","1.6683317422866821","1.6683317422866821","2.032471179962158","2.032471179962158","2.032471179962158","1.2431199550628662","1.2431199550628662","1.2431199550628662"
"17309","1.7956664562225342","1.7956664562225342","1.7956664562225342","2.063797950744629","2.063797950744629","2.063797950744629","1.2602683305740356","1.2602683305740356","1.2602683305740356"
"17339","1.7448477745056152","1.7448477745056152","1.7448477745056152","2.112929344177246","2.112929344177246","2.112929344177246","1.2553393840789795","1.2553393840789795","1.2553393840789795"
"17369","1.795058250427246","1.795058250427246","1.795058250427246","2.1768527030944824","2.1768527030944824","2.1768527030944824","1.4001809358596802","1.4001809358596802","1.4001809358596802"
"17399","1.7977056503295898","1.7977056503295898","1.7977056503295898","2.174772262573242","2.174772262573242","2.174772262573242","1.3697805404663086","1.3697805404663086","1.3697805404663086"
"17429","2.674834728240967","2.674834728240967","2.674834728240967","7.386091232299805","7.386091232299805","7.386091232299805","1.3281883001327515","1.3281883001327515","1.3281883001327515"
"17459","1.699057936668396","1.699057936668396","1.699057936668396","2.0055336952209473","2.0055336952209473","2.0055336952209473","1.1760777235031128","1.1760777235031128","1.1760777235031128"
"17489","2.7353851795196533","2.7353851795196533","2.7353851795196533","7.41428804397583","7.41428804397583","7.41428804397583","1.2521625757217407","1.2521625757217407","1.2521625757217407"
"17519","1.7397730350494385","1.7397730350494385","1.7397730350494385","2.0337326526641846","2.0337326526641846","2.0337326526641846","1.1904089450836182","1.1904089450836182","1.1904089450836182"
"17549","1.9325469732284546","1.9325469732284546","1.9325469732284546","2.149888515472412","2.149888515472412","2.149888515472412","1.2995226383209229","1.2995226383209229","1.2995226383209229"
"17579","1.7921907901763916","1.7921907901763916","1.7921907901763916","2.112863779067993","2.112863779067993","2.112863779067993","1.2892587184906006","1.2892587184906006","1.2892587184906006"
"17609","1.8488320112228394","1.8488320112228394","1.8488320112228394","2.208372116088867","2.208372116088867","2.208372116088867","1.3045192956924438","1.3045192956924438","1.3045192956924438"
"17639","1.8216546773910522","1.8216546773910522","1.8216546773910522","2.1871275901794434","2.1871275901794434","2.1871275901794434","1.3048897981643677","1.3048897981643677","1.3048897981643677"
"17669","1.8308993577957153","1.8308993577957153","1.8308993577957153","2.2432427406311035","2.2432427406311035","2.2432427406311035","1.3670501708984375","1.3670501708984375","1.3670501708984375"
"17699","1.817205786705017","1.817205786705017","1.817205786705017","2.2348082065582275","2.2348082065582275","2.2348082065582275","1.3194291591644287","1.3194291591644287","1.3194291591644287"
"17729","1.7700778245925903","1.7700778245925903","1.7700778245925903","2.1667163372039795","2.1667163372039795","2.1667163372039795","1.2539118528366089","1.2539118528366089","1.2539118528366089"
"17759","1.8917598724365234","1.8917598724365234","1.8917598724365234","2.2883403301239014","2.2883403301239014","2.2883403301239014","1.3728185892105103","1.3728185892105103","1.3728185892105103"
"17789","1.801243543624878","1.801243543624878","1.801243543624878","2.156649112701416","2.156649112701416","2.156649112701416","1.241210699081421","1.241210699081421","1.241210699081421"
"17819","1.873422622680664","1.873422622680664","1.873422622680664","2.197223424911499","2.197223424911499","2.197223424911499","1.3798989057540894","1.3798989057540894","1.3798989057540894"
"17849","1.9481273889541626","1.9481273889541626","1.9481273889541626","2.3025267124176025","2.3025267124176025","2.3025267124176025","1.4388591051101685","1.4388591051101685","1.4388591051101685"
"17879","1.869484543800354","1.869484543800354","1.869484543800354","2.1982197761535645","2.1982197761535645","2.1982197761535645","1.3035732507705688","1.3035732507705688","1.3035732507705688"
"17909","2.5917394161224365","2.5917394161224365","2.5917394161224365","7.267509460449219","7.267509460449219","7.267509460449219","1.2645949125289917","1.2645949125289917","1.2645949125289917"
"17939","1.8603562116622925","1.8603562116622925","1.8603562116622925","2.1642966270446777","2.1642966270446777","2.1642966270446777","1.263338327407837","1.263338327407837","1.263338327407837"
"17969","1.8207906484603882","1.8207906484603882","1.8207906484603882","2.1150336265563965","2.1150336265563965","2.1150336265563965","1.2679766416549683","1.2679766416549683","1.2679766416549683"
"17999","2.509000539779663","2.509000539779663","2.509000539779663","7.074434757232666","7.074434757232666","7.074434757232666","1.1071972846984863","1.1071972846984863","1.1071972846984863"
"18029","1.822620153427124","1.822620153427124","1.822620153427124","2.1434667110443115","2.1434667110443115","2.1434667110443115","1.3316311836242676","1.3316311836242676","1.3316311836242676"
"18059","1.751497745513916","1.751497745513916","1.751497745513916","2.1467607021331787","2.1467607021331787","2.1467607021331787","1.2570351362228394","1.2570351362228394","1.2570351362228394"
"18089","1.7664333581924438","1.7664333581924438","1.7664333581924438","2.108201742172241","2.108201742172241","2.108201742172241","1.2144088745117188","1.2144088745117188","1.2144088745117188"
"18119","1.860410451889038","1.860410451889038","1.860410451889038","2.195988178253174","2.195988178253174","2.195988178253174","1.2773878574371338","1.2773878574371338","1.2773878574371338"
"18149","1.8585714101791382","1.8585714101791382","1.8585714101791382","2.1677262783050537","2.1677262783050537","2.1677262783050537","1.3183691501617432","1.3183691501617432","1.3183691501617432"
"18179","1.8364760875701904","1.8364760875701904","1.8364760875701904","2.192426919937134","2.192426919937134","2.192426919937134","1.294659972190857","1.294659972190857","1.294659972190857"
"18209","2.84770131111145","2.84770131111145","2.84770131111145","8.283404350280762","8.283404350280762","8.283404350280762","1.2358903884887695","1.2358903884887695","1.2358903884887695"
"18239","1.755880355834961","1.755880355834961","1.755880355834961","2.063654661178589","2.063654661178589","2.063654661178589","1.2314294576644897","1.2314294576644897","1.2314294576644897"
"18269","1.7538172006607056","1.7538172006607056","1.7538172006607056","2.03525972366333","2.03525972366333","2.03525972366333","1.1930263042449951","1.1930263042449951","1.1930263042449951"
"18299","2.552751064300537","2.552751064300537","2.552751064300537","7.13225793838501","7.13225793838501","7.13225793838501","1.1815754175186157","1.1815754175186157","1.1815754175186157"
"18329","1.7937116622924805","1.7937116622924805","1.7937116622924805","2.194155693054199","2.194155693054199","2.194155693054199","1.3021283149719238","1.3021283149719238","1.3021283149719238"
"18359","2.6070263385772705","2.6070263385772705","2.6070263385772705","7.103884696960449","7.103884696960449","7.103884696960449","1.1750378608703613","1.1750378608703613","1.1750378608703613"
"18389","1.791947603225708","1.791947603225708","1.791947603225708","2.170736074447632","2.170736074447632","2.170736074447632","1.2814347743988037","1.2814347743988037","1.2814347743988037"
"18419","1.693170428276062","1.693170428276062","1.693170428276062","2.0574657917022705","2.0574657917022705","2.0574657917022705","1.2033392190933228","1.2033392190933228","1.2033392190933228"
"18449","1.752976655960083","1.752976655960083","1.752976655960083","2.0901455879211426","2.0901455879211426","2.0901455879211426","1.2548789978027344","1.2548789978027344","1.2548789978027344"
"18479","1.7254223823547363","1.7254223823547363","1.7254223823547363","2.066316843032837","2.066316843032837","2.066316843032837","1.242351770401001","1.242351770401001","1.242351770401001"
"18509","1.8520660400390625","1.8520660400390625","1.8520660400390625","2.1501498222351074","2.1501498222351074","2.1501498222351074","1.280969262123108","1.280969262123108","1.280969262123108"
"18539","1.8341217041015625","1.8341217041015625","1.8341217041015625","2.199497938156128","2.199497938156128","2.199497938156128","1.3514260053634644","1.3514260053634644","1.3514260053634644"
"18569","1.75471031665802","1.75471031665802","1.75471031665802","2.1726911067962646","2.1726911067962646","2.1726911067962646","1.2934668064117432","1.2934668064117432","1.2934668064117432"
"18599","1.7638671398162842","1.7638671398162842","1.7638671398162842","2.192521810531616","2.192521810531616","2.192521810531616","1.319114327430725","1.319114327430725","1.319114327430725"
"18629","1.7663369178771973","1.7663369178771973","1.7663369178771973","2.074842691421509","2.074842691421509","2.074842691421509","1.205567479133606","1.205567479133606","1.205567479133606"
"18659","2.6741654872894287","2.6741654872894287","2.6741654872894287","7.264694690704346","7.264694690704346","7.264694690704346","1.353931188583374","1.353931188583374","1.353931188583374"
"18689","1.7585211992263794","1.7585211992263794","1.7585211992263794","2.0977792739868164","2.0977792739868164","2.0977792739868164","1.2217328548431396","1.2217328548431396","1.2217328548431396"
"18719","1.7721688747406006","1.7721688747406006","1.7721688747406006","2.1146140098571777","2.1146140098571777","2.1146140098571777","1.251600742340088","1.251600742340088","1.251600742340088"
"18749","1.722635269165039","1.722635269165039","1.722635269165039","2.041053295135498","2.041053295135498","2.041053295135498","1.1757569313049316","1.1757569313049316","1.1757569313049316"
"18779","2.555772542953491","2.555772542953491","2.555772542953491","6.989167213439941","6.989167213439941","6.989167213439941","1.1851208209991455","1.1851208209991455","1.1851208209991455"
"18809","1.835378646850586","1.835378646850586","1.835378646850586","2.144674301147461","2.144674301147461","2.144674301147461","1.2805123329162598","1.2805123329162598","1.2805123329162598"
"18839","2.614811658859253","2.614811658859253","2.614811658859253","7.095555782318115","7.095555782318115","7.095555782318115","1.2067856788635254","1.2067856788635254","1.2067856788635254"
"18869","1.7627520561218262","1.7627520561218262","1.7627520561218262","2.1309850215911865","2.1309850215911865","2.1309850215911865","1.2533247470855713","1.2533247470855713","1.2533247470855713"
"18899","1.7704812288284302","1.7704812288284302","1.7704812288284302","2.0995523929595947","2.0995523929595947","2.0995523929595947","1.2476285696029663","1.2476285696029663","1.2476285696029663"
"18929","2.564190626144409","2.564190626144409","2.564190626144409","7.0541815757751465","7.0541815757751465","7.0541815757751465","1.1610556840896606","1.1610556840896606","1.1610556840896606"
"18959","1.6806052923202515","1.6806052923202515","1.6806052923202515","2.0028369426727295","2.0028369426727295","2.0028369426727295","1.1631730794906616","1.1631730794906616","1.1631730794906616"
"18989","1.7985267639160156","1.7985267639160156","1.7985267639160156","2.1251726150512695","2.1251726150512695","2.1251726150512695","1.2118070125579834","1.2118070125579834","1.2118070125579834"
"19019","1.7632911205291748","1.7632911205291748","1.7632911205291748","2.0776171684265137","2.0776171684265137","2.0776171684265137","1.1912519931793213","1.1912519931793213","1.1912519931793213"
"19049","1.7646692991256714","1.7646692991256714","1.7646692991256714","2.1608633995056152","2.1608633995056152","2.1608633995056152","1.238203525543213","1.238203525543213","1.238203525543213"
"19079","1.768912672996521","1.768912672996521","1.768912672996521","2.165959119796753","2.165959119796753","2.165959119796753","1.2317644357681274","1.2317644357681274","1.2317644357681274"
"19109","2.572923183441162","2.572923183441162","2.572923183441162","7.018768310546875","7.018768310546875","7.018768310546875","1.2060483694076538","1.2060483694076538","1.2060483694076538"
"19139","1.8909227848052979","1.8909227848052979","1.8909227848052979","2.225999593734741","2.225999593734741","2.225999593734741","1.2550303936004639","1.2550303936004639","1.2550303936004639"
"19169","1.6750245094299316","1.6750245094299316","1.6750245094299316","1.9892572164535522","1.9892572164535522","1.9892572164535522","1.1404671669006348","1.1404671669006348","1.1404671669006348"
"19199","1.7260769605636597","1.7260769605636597","1.7260769605636597","2.0487849712371826","2.0487849712371826","2.0487849712371826","1.1425122022628784","1.1425122022628784","1.1425122022628784"
"19229","1.7730437517166138","1.7730437517166138","1.7730437517166138","2.0814571380615234","2.0814571380615234","2.0814571380615234","1.1926482915878296","1.1926482915878296","1.1926482915878296"
"19259","1.7465670108795166","1.7465670108795166","1.7465670108795166","2.029991388320923","2.029991388320923","2.029991388320923","1.152438759803772","1.152438759803772","1.152438759803772"
"19289","1.8457577228546143","1.8457577228546143","1.8457577228546143","2.1437900066375732","2.1437900066375732","2.1437900066375732","1.2873306274414062","1.2873306274414062","1.2873306274414062"
"19319","1.7367867231369019","1.7367867231369019","1.7367867231369019","2.0525169372558594","2.0525169372558594","2.0525169372558594","1.2498900890350342","1.2498900890350342","1.2498900890350342"
"19349","1.7173311710357666","1.7173311710357666","1.7173311710357666","1.9859709739685059","1.9859709739685059","1.9859709739685059","1.132985234260559","1.132985234260559","1.132985234260559"
"19379","1.7175744771957397","1.7175744771957397","1.7175744771957397","2.072289228439331","2.072289228439331","2.072289228439331","1.2030775547027588","1.2030775547027588","1.2030775547027588"
"19409","1.8182216882705688","1.8182216882705688","1.8182216882705688","2.1613376140594482","2.1613376140594482","2.1613376140594482","1.233572244644165","1.233572244644165","1.233572244644165"
"19439","1.8478766679763794","1.8478766679763794","1.8478766679763794","2.231297016143799","2.231297016143799","2.231297016143799","1.2381842136383057","1.2381842136383057","1.2381842136383057"
"19469","1.7750005722045898","1.7750005722045898","1.7750005722045898","2.124873638153076","2.124873638153076","2.124873638153076","1.2197647094726562","1.2197647094726562","1.2197647094726562"
"19499","1.734435796737671","1.734435796737671","1.734435796737671","2.0972952842712402","2.0972952842712402","2.0972952842712402","1.2221221923828125","1.2221221923828125","1.2221221923828125"
"19529","1.819553017616272","1.819553017616272","1.819553017616272","2.0944299697875977","2.0944299697875977","2.0944299697875977","1.2441483736038208","1.2441483736038208","1.2441483736038208"
"19559","1.7791374921798706","1.7791374921798706","1.7791374921798706","2.11665940284729","2.11665940284729","2.11665940284729","1.2051609754562378","1.2051609754562378","1.2051609754562378"
"19589","1.7459932565689087","1.7459932565689087","1.7459932565689087","1.9943102598190308","1.9943102598190308","1.9943102598190308","1.1874276399612427","1.1874276399612427","1.1874276399612427"
"19619","1.8008843660354614","1.8008843660354614","1.8008843660354614","2.0847814083099365","2.0847814083099365","2.0847814083099365","1.1640055179595947","1.1640055179595947","1.1640055179595947"
"19649","1.816162109375","1.816162109375","1.816162109375","2.049697160720825","2.049697160720825","2.049697160720825","1.1815457344055176","1.1815457344055176","1.1815457344055176"
"19679","1.8212412595748901","1.8212412595748901","1.8212412595748901","2.159329891204834","2.159329891204834","2.159329891204834","1.269072413444519","1.269072413444519","1.269072413444519"
"19709","2.568528652191162","2.568528652191162","2.568528652191162","6.920797348022461","6.920797348022461","6.920797348022461","1.182918906211853","1.182918906211853","1.182918906211853"
"19739","1.817280888557434","1.817280888557434","1.817280888557434","2.0861504077911377","2.0861504077911377","2.0861504077911377","1.2095524072647095","1.2095524072647095","1.2095524072647095"
"19769","1.7637953758239746","1.7637953758239746","1.7637953758239746","2.136453151702881","2.136453151702881","2.136453151702881","1.2370506525039673","1.2370506525039673","1.2370506525039673"
"19799","1.7304636240005493","1.7304636240005493","1.7304636240005493","2.036588430404663","2.036588430404663","2.036588430404663","1.1882609128952026","1.1882609128952026","1.1882609128952026"
"19829","2.552081823348999","2.552081823348999","2.552081823348999","6.874228477478027","6.874228477478027","6.874228477478027","1.208432912826538","1.208432912826538","1.208432912826538"
"19859","1.7226444482803345","1.7226444482803345","1.7226444482803345","2.043020009994507","2.043020009994507","2.043020009994507","1.185028076171875","1.185028076171875","1.185028076171875"
"19889","1.8395339250564575","1.8395339250564575","1.8395339250564575","2.1368026733398438","2.1368026733398438","2.1368026733398438","1.2275636196136475","1.2275636196136475","1.2275636196136475"
"19919","2.5299601554870605","2.5299601554870605","2.5299601554870605","6.818909645080566","6.818909645080566","6.818909645080566","1.2216869592666626","1.2216869592666626","1.2216869592666626"
"19949","1.7484568357467651","1.7484568357467651","1.7484568357467651","2.1063432693481445","2.1063432693481445","2.1063432693481445","1.227449893951416","1.227449893951416","1.227449893951416"
"19979","1.807952880859375","1.807952880859375","1.807952880859375","2.181530237197876","2.181530237197876","2.181530237197876","1.2436147928237915","1.2436147928237915","1.2436147928237915"