"Step","layer_10_hook_resid_mid_gpt2_standard_fisher_false_project_TheStackJava - losses/mse_loss","layer_10_hook_resid_mid_gpt2_standard_fisher_false_project_TheStackJava - losses/mse_loss__MIN","layer_10_hook_resid_mid_gpt2_standard_fisher_false_project_TheStackJava - losses/mse_loss__MAX","layer_5_hook_resid_mid_gpt2_standard_fisher_false_project_TheStackJava - losses/mse_loss","layer_5_hook_resid_mid_gpt2_standard_fisher_false_project_TheStackJava - losses/mse_loss__MIN","layer_5_hook_resid_mid_gpt2_standard_fisher_false_project_TheStackJava - losses/mse_loss__MAX","layer_0_hook_resid_mid_gpt2_standard_fisher_false_project_TheStackJava - losses/mse_loss","layer_0_hook_resid_mid_gpt2_standard_fisher_false_project_TheStackJava - losses/mse_loss__MIN","layer_0_hook_resid_mid_gpt2_standard_fisher_false_project_TheStackJava - losses/mse_loss__MAX","layer_10_hook_resid_mid_gpt2_standard_fisher_true_project_TheStackJava - losses/mse_loss","layer_10_hook_resid_mid_gpt2_standard_fisher_true_project_TheStackJava - losses/mse_loss__MIN","layer_10_hook_resid_mid_gpt2_standard_fisher_true_project_TheStackJava - losses/mse_loss__MAX","layer_5_hook_resid_mid_gpt2_standard_fisher_true_project_TheStackJava - losses/mse_loss","layer_5_hook_resid_mid_gpt2_standard_fisher_true_project_TheStackJava - losses/mse_loss__MIN","layer_5_hook_resid_mid_gpt2_standard_fisher_true_project_TheStackJava - losses/mse_loss__MAX","layer_0_hook_resid_mid_gpt2_standard_fisher_true_project_TheStackJava - losses/mse_loss","layer_0_hook_resid_mid_gpt2_standard_fisher_true_project_TheStackJava - losses/mse_loss__MIN","layer_0_hook_resid_mid_gpt2_standard_fisher_true_project_TheStackJava - losses/mse_loss__MAX"
"29","9819.1943359375","9819.1943359375","9819.1943359375","2207.306396484375","2207.306396484375","2207.306396484375","348.21038818359375","348.21038818359375","348.21038818359375","9813.8876953125","9813.8876953125","9813.8876953125","2201.20703125","2201.20703125","2201.20703125","368.2731018066406","368.2731018066406","368.2731018066406"
"59","6445.08349609375","6445.08349609375","6445.08349609375","1459.9793701171875","1459.9793701171875","1459.9793701171875","118.50741577148438","118.50741577148438","118.50741577148438","6436.39111328125","6436.39111328125","6436.39111328125","1454.079833984375","1454.079833984375","1454.079833984375","125.63319396972656","125.63319396972656","125.63319396972656"
"89","4701.4755859375","4701.4755859375","4701.4755859375","1077.621826171875","1077.621826171875","1077.621826171875","69.99681854248047","69.99681854248047","69.99681854248047","4692.39013671875","4692.39013671875","4692.39013671875","1070.107666015625","1070.107666015625","1070.107666015625","68.04325866699219","68.04325866699219","68.04325866699219"
"119","3974.618896484375","3974.618896484375","3974.618896484375","842.4404296875","842.4404296875","842.4404296875","53.50734329223633","53.50734329223633","53.50734329223633","3967.20556640625","3967.20556640625","3967.20556640625","836.4076538085938","836.4076538085938","836.4076538085938","51.41271209716797","51.41271209716797","51.41271209716797"
"149","43862.2421875","43862.2421875","43862.2421875","35066.03515625","35066.03515625","35066.03515625","48.043094635009766","48.043094635009766","48.043094635009766","43819.25","43819.25","43819.25","34970.1328125","34970.1328125","34970.1328125","45.57931900024414","45.57931900024414","45.57931900024414"
"179","35244.6640625","35244.6640625","35244.6640625","27523.419921875","27523.419921875","27523.419921875","45.70201873779297","45.70201873779297","45.70201873779297","35200.0234375","35200.0234375","35200.0234375","27424.3515625","27424.3515625","27424.3515625","42.86280822753906","42.86280822753906","42.86280822753906"
"209","2779.11083984375","2779.11083984375","2779.11083984375","548.0595703125","548.0595703125","548.0595703125","30.89731216430664","30.89731216430664","30.89731216430664","2772.757080078125","2772.757080078125","2772.757080078125","543.780517578125","543.780517578125","543.780517578125","29.057607650756836","29.057607650756836","29.057607650756836"
"239","2762.949951171875","2762.949951171875","2762.949951171875","550.7173461914062","550.7173461914062","550.7173461914062","28.598295211791992","28.598295211791992","28.598295211791992","2756.240966796875","2756.240966796875","2756.240966796875","546.3172607421875","546.3172607421875","546.3172607421875","26.684675216674805","26.684675216674805","26.684675216674805"
"269","2677.29931640625","2677.29931640625","2677.29931640625","522.4849243164062","522.4849243164062","522.4849243164062","26.475587844848633","26.475587844848633","26.475587844848633","2669.3583984375","2669.3583984375","2669.3583984375","517.6492309570312","517.6492309570312","517.6492309570312","24.706560134887695","24.706560134887695","24.706560134887695"
"299","2742.95751953125","2742.95751953125","2742.95751953125","565.5518188476562","565.5518188476562","565.5518188476562","27.970922470092773","27.970922470092773","27.970922470092773","2735.95263671875","2735.95263671875","2735.95263671875","561.313232421875","561.313232421875","561.313232421875","26.077457427978516","26.077457427978516","26.077457427978516"
"329","926.9676513671875","926.9676513671875","926.9676513671875","191.91720581054688","191.91720581054688","191.91720581054688","15.463943481445312","15.463943481445312","15.463943481445312","924.2297973632812","924.2297973632812","924.2297973632812","190.67970275878906","190.67970275878906","190.67970275878906","14.380070686340332","14.380070686340332","14.380070686340332"
"359","1252.652099609375","1252.652099609375","1252.652099609375","266.0232849121094","266.0232849121094","266.0232849121094","15.603715896606445","15.603715896606445","15.603715896606445","1250.5992431640625","1250.5992431640625","1250.5992431640625","265.66363525390625","265.66363525390625","265.66363525390625","14.512024879455566","14.512024879455566","14.512024879455566"
"389","1074.8101806640625","1074.8101806640625","1074.8101806640625","231.96847534179688","231.96847534179688","231.96847534179688","15.485053062438965","15.485053062438965","15.485053062438965","1072.082275390625","1072.082275390625","1072.082275390625","231.5330810546875","231.5330810546875","231.5330810546875","14.488896369934082","14.488896369934082","14.488896369934082"
"419","943.5304565429688","943.5304565429688","943.5304565429688","201.76451110839844","201.76451110839844","201.76451110839844","13.073286056518555","13.073286056518555","13.073286056518555","935.9654541015625","935.9654541015625","935.9654541015625","198.7863311767578","198.7863311767578","198.7863311767578","12.160661697387695","12.160661697387695","12.160661697387695"
"449","897.7903442382812","897.7903442382812","897.7903442382812","189.1277313232422","189.1277313232422","189.1277313232422","10.834195137023926","10.834195137023926","10.834195137023926","891.8609008789062","891.8609008789062","891.8609008789062","190.1539764404297","190.1539764404297","190.1539764404297","10.023724555969238","10.023724555969238","10.023724555969238"
"479","931.5543823242188","931.5543823242188","931.5543823242188","199.14849853515625","199.14849853515625","199.14849853515625","10.646477699279785","10.646477699279785","10.646477699279785","926.2219848632812","926.2219848632812","926.2219848632812","198.0325469970703","198.0325469970703","198.0325469970703","9.893451690673828","9.893451690673828","9.893451690673828"
"509","932.493896484375","932.493896484375","932.493896484375","195.28587341308594","195.28587341308594","195.28587341308594","10.642426490783691","10.642426490783691","10.642426490783691","927.7930297851562","927.7930297851562","927.7930297851562","192.03176879882812","192.03176879882812","192.03176879882812","9.891971588134766","9.891971588134766","9.891971588134766"
"539","878.1460571289062","878.1460571289062","878.1460571289062","207.8528289794922","207.8528289794922","207.8528289794922","8.72869873046875","8.72869873046875","8.72869873046875","862.8993530273438","862.8993530273438","862.8993530273438","215.0769500732422","215.0769500732422","215.0769500732422","8.016925811767578","8.016925811767578","8.016925811767578"
"569","900.6665649414062","900.6665649414062","900.6665649414062","163.08018493652344","163.08018493652344","163.08018493652344","7.259872913360596","7.259872913360596","7.259872913360596","894.0807495117188","894.0807495117188","894.0807495117188","160.99139404296875","160.99139404296875","160.99139404296875","6.676055908203125","6.676055908203125","6.676055908203125"
"599","697.044677734375","697.044677734375","697.044677734375","137.69786071777344","137.69786071777344","137.69786071777344","8.028441429138184","8.028441429138184","8.028441429138184","683.25537109375","683.25537109375","683.25537109375","136.22198486328125","136.22198486328125","136.22198486328125","7.365830898284912","7.365830898284912","7.365830898284912"
"629","565.6165161132812","565.6165161132812","565.6165161132812","100.3925552368164","100.3925552368164","100.3925552368164","5.601741313934326","5.601741313934326","5.601741313934326","556.9790649414062","556.9790649414062","556.9790649414062","96.84430694580078","96.84430694580078","96.84430694580078","5.10867977142334","5.10867977142334","5.10867977142334"
"659","552.8438110351562","552.8438110351562","552.8438110351562","113.57366943359375","113.57366943359375","113.57366943359375","5.913626194000244","5.913626194000244","5.913626194000244","541.8435668945312","541.8435668945312","541.8435668945312","114.05152893066406","114.05152893066406","114.05152893066406","5.390327453613281","5.390327453613281","5.390327453613281"
"689","551.0675048828125","551.0675048828125","551.0675048828125","139.37451171875","139.37451171875","139.37451171875","5.810884475708008","5.810884475708008","5.810884475708008","545.0717163085938","545.0717163085938","545.0717163085938","135.9376678466797","135.9376678466797","135.9376678466797","5.395501136779785","5.395501136779785","5.395501136779785"
"719","482.7502136230469","482.7502136230469","482.7502136230469","107.58551788330078","107.58551788330078","107.58551788330078","4.955432415008545","4.955432415008545","4.955432415008545","472.9114074707031","472.9114074707031","472.9114074707031","104.4904556274414","104.4904556274414","104.4904556274414","4.5468926429748535","4.5468926429748535","4.5468926429748535"
"749","609.9515380859375","609.9515380859375","609.9515380859375","120.9426498413086","120.9426498413086","120.9426498413086","5.532787322998047","5.532787322998047","5.532787322998047","595.7017211914062","595.7017211914062","595.7017211914062","117.81788635253906","117.81788635253906","117.81788635253906","5.03914213180542","5.03914213180542","5.03914213180542"
"779","431.69091796875","431.69091796875","431.69091796875","92.35276794433594","92.35276794433594","92.35276794433594","4.3351945877075195","4.3351945877075195","4.3351945877075195","418.7806091308594","418.7806091308594","418.7806091308594","88.9654312133789","88.9654312133789","88.9654312133789","3.9511101245880127","3.9511101245880127","3.9511101245880127"
"809","645.1860961914062","645.1860961914062","645.1860961914062","365.1885986328125","365.1885986328125","365.1885986328125","4.288242816925049","4.288242816925049","4.288242816925049","645.2498779296875","645.2498779296875","645.2498779296875","274.0898742675781","274.0898742675781","274.0898742675781","3.8713176250457764","3.8713176250457764","3.8713176250457764"
"839","466.4942932128906","466.4942932128906","466.4942932128906","97.70375061035156","97.70375061035156","97.70375061035156","4.335094451904297","4.335094451904297","4.335094451904297","449.2418518066406","449.2418518066406","449.2418518066406","93.82125854492188","93.82125854492188","93.82125854492188","3.961491584777832","3.961491584777832","3.961491584777832"
"869","635.2456665039062","635.2456665039062","635.2456665039062","198.57347106933594","198.57347106933594","198.57347106933594","3.7167365550994873","3.7167365550994873","3.7167365550994873","646.8050537109375","646.8050537109375","646.8050537109375","202.449951171875","202.449951171875","202.449951171875","3.3803887367248535","3.3803887367248535","3.3803887367248535"
"899","457.78057861328125","457.78057861328125","457.78057861328125","92.2201156616211","92.2201156616211","92.2201156616211","4.247363090515137","4.247363090515137","4.247363090515137","437.8250732421875","437.8250732421875","437.8250732421875","87.7946548461914","87.7946548461914","87.7946548461914","3.8712737560272217","3.8712737560272217","3.8712737560272217"
"929","426.4861145019531","426.4861145019531","426.4861145019531","93.201171875","93.201171875","93.201171875","4.005980014801025","4.005980014801025","4.005980014801025","405.2593688964844","405.2593688964844","405.2593688964844","87.54737091064453","87.54737091064453","87.54737091064453","3.6475541591644287","3.6475541591644287","3.6475541591644287"
"959","443.0145263671875","443.0145263671875","443.0145263671875","101.34619903564453","101.34619903564453","101.34619903564453","3.7577199935913086","3.7577199935913086","3.7577199935913086","422.0270080566406","422.0270080566406","422.0270080566406","97.06306457519531","97.06306457519531","97.06306457519531","3.4261441230773926","3.4261441230773926","3.4261441230773926"
"989","211.994140625","211.994140625","211.994140625","42.91228103637695","42.91228103637695","42.91228103637695","3.2253544330596924","3.2253544330596924","3.2253544330596924","201.2998809814453","201.2998809814453","201.2998809814453","42.20841598510742","42.20841598510742","42.20841598510742","2.9760801792144775","2.9760801792144775","2.9760801792144775"
"1019","483.7672424316406","483.7672424316406","483.7672424316406","303.2653503417969","303.2653503417969","303.2653503417969","2.797861337661743","2.797861337661743","2.797861337661743","464.8534240722656","464.8534240722656","464.8534240722656","324.9704284667969","324.9704284667969","324.9704284667969","2.531493663787842","2.531493663787842","2.531493663787842"
"1049","244.08670043945312","244.08670043945312","244.08670043945312","55.1924934387207","55.1924934387207","55.1924934387207","3.0070762634277344","3.0070762634277344","3.0070762634277344","237.54022216796875","237.54022216796875","237.54022216796875","55.45552444458008","55.45552444458008","55.45552444458008","2.759138345718384","2.759138345718384","2.759138345718384"
"1079","153.83448791503906","153.83448791503906","153.83448791503906","37.63679504394531","37.63679504394531","37.63679504394531","2.467942953109741","2.467942953109741","2.467942953109741","148.60940551757812","148.60940551757812","148.60940551757812","36.2541389465332","36.2541389465332","36.2541389465332","2.261463165283203","2.261463165283203","2.261463165283203"
"1109","525.8097534179688","525.8097534179688","525.8097534179688","106.24853515625","106.24853515625","106.24853515625","2.504434108734131","2.504434108734131","2.504434108734131","518.8909912109375","518.8909912109375","518.8909912109375","103.37962341308594","103.37962341308594","103.37962341308594","2.2725579738616943","2.2725579738616943","2.2725579738616943"
"1139","199.73760986328125","199.73760986328125","199.73760986328125","46.59850311279297","46.59850311279297","46.59850311279297","2.253899574279785","2.253899574279785","2.253899574279785","192.71925354003906","192.71925354003906","192.71925354003906","45.00127029418945","45.00127029418945","45.00127029418945","2.0741219520568848","2.0741219520568848","2.0741219520568848"
"1169","209.60305786132812","209.60305786132812","209.60305786132812","42.61349868774414","42.61349868774414","42.61349868774414","2.2959201335906982","2.2959201335906982","2.2959201335906982","200.3871612548828","200.3871612548828","200.3871612548828","42.128719329833984","42.128719329833984","42.128719329833984","2.1116464138031006","2.1116464138031006","2.1116464138031006"
"1199","235.36648559570312","235.36648559570312","235.36648559570312","44.26984786987305","44.26984786987305","44.26984786987305","2.1457226276397705","2.1457226276397705","2.1457226276397705","226.29266357421875","226.29266357421875","226.29266357421875","45.31179428100586","45.31179428100586","45.31179428100586","1.9931014776229858","1.9931014776229858","1.9931014776229858"
"1229","385.8221740722656","385.8221740722656","385.8221740722656","226.75946044921875","226.75946044921875","226.75946044921875","1.7006407976150513","1.7006407976150513","1.7006407976150513","328.09906005859375","328.09906005859375","328.09906005859375","225.7723846435547","225.7723846435547","225.7723846435547","1.5428780317306519","1.5428780317306519","1.5428780317306519"
"1259","187.44302368164062","187.44302368164062","187.44302368164062","45.33536911010742","45.33536911010742","45.33536911010742","2.2520105838775635","2.2520105838775635","2.2520105838775635","181.6925811767578","181.6925811767578","181.6925811767578","45.30240249633789","45.30240249633789","45.30240249633789","2.1151726245880127","2.1151726245880127","2.1151726245880127"
"1289","137.7214813232422","137.7214813232422","137.7214813232422","33.54111862182617","33.54111862182617","33.54111862182617","1.778862714767456","1.778862714767456","1.778862714767456","134.44505310058594","134.44505310058594","134.44505310058594","32.70425033569336","32.70425033569336","32.70425033569336","1.6441195011138916","1.6441195011138916","1.6441195011138916"
"1319","169.51596069335938","169.51596069335938","169.51596069335938","53.45303726196289","53.45303726196289","53.45303726196289","1.851561188697815","1.851561188697815","1.851561188697815","168.1451873779297","168.1451873779297","168.1451873779297","74.76144409179688","74.76144409179688","74.76144409179688","1.7384872436523438","1.7384872436523438","1.7384872436523438"
"1349","161.99185180664062","161.99185180664062","161.99185180664062","40.16276931762695","40.16276931762695","40.16276931762695","1.775102138519287","1.775102138519287","1.775102138519287","156.466064453125","156.466064453125","156.466064453125","40.53815460205078","40.53815460205078","40.53815460205078","1.642061710357666","1.642061710357666","1.642061710357666"
"1379","117.54426574707031","117.54426574707031","117.54426574707031","30.039682388305664","30.039682388305664","30.039682388305664","1.819531798362732","1.819531798362732","1.819531798362732","112.92250061035156","112.92250061035156","112.92250061035156","30.03912353515625","30.03912353515625","30.03912353515625","1.7402938604354858","1.7402938604354858","1.7402938604354858"
"1409","164.91769409179688","164.91769409179688","164.91769409179688","40.362632751464844","40.362632751464844","40.362632751464844","1.8280476331710815","1.8280476331710815","1.8280476331710815","158.399658203125","158.399658203125","158.399658203125","39.60970687866211","39.60970687866211","39.60970687866211","1.6982342004776","1.6982342004776","1.6982342004776"
"1439","133.2603302001953","133.2603302001953","133.2603302001953","38.16135025024414","38.16135025024414","38.16135025024414","1.7678126096725464","1.7678126096725464","1.7678126096725464","129.8524169921875","129.8524169921875","129.8524169921875","39.28620147705078","39.28620147705078","39.28620147705078","1.7000411748886108","1.7000411748886108","1.7000411748886108"
"1469","184.40736389160156","184.40736389160156","184.40736389160156","37.62164306640625","37.62164306640625","37.62164306640625","1.59920072555542","1.59920072555542","1.59920072555542","174.78759765625","174.78759765625","174.78759765625","37.130462646484375","37.130462646484375","37.130462646484375","1.5389213562011719","1.5389213562011719","1.5389213562011719"
"1499","131.9933624267578","131.9933624267578","131.9933624267578","27.68877410888672","27.68877410888672","27.68877410888672","1.4219286441802979","1.4219286441802979","1.4219286441802979","124.93861389160156","124.93861389160156","124.93861389160156","28.063119888305664","28.063119888305664","28.063119888305664","1.378453016281128","1.378453016281128","1.378453016281128"
"1529","97.41375732421875","97.41375732421875","97.41375732421875","23.395145416259766","23.395145416259766","23.395145416259766","1.5851961374282837","1.5851961374282837","1.5851961374282837","93.2876968383789","93.2876968383789","93.2876968383789","24.35561752319336","24.35561752319336","24.35561752319336","1.525262713432312","1.525262713432312","1.525262713432312"
"1559","100.27687072753906","100.27687072753906","100.27687072753906","25.86136245727539","25.86136245727539","25.86136245727539","1.351502537727356","1.351502537727356","1.351502537727356","97.65789031982422","97.65789031982422","97.65789031982422","26.952856063842773","26.952856063842773","26.952856063842773","1.299214482307434","1.299214482307434","1.299214482307434"
"1589","101.05620574951172","101.05620574951172","101.05620574951172","27.588022232055664","27.588022232055664","27.588022232055664","1.433770775794983","1.433770775794983","1.433770775794983","97.60498046875","97.60498046875","97.60498046875","25.98110008239746","25.98110008239746","25.98110008239746","1.374477505683899","1.374477505683899","1.374477505683899"
"1619","153.2190704345703","153.2190704345703","153.2190704345703","46.54036331176758","46.54036331176758","46.54036331176758","1.6104626655578613","1.6104626655578613","1.6104626655578613","142.22274780273438","142.22274780273438","142.22274780273438","44.198055267333984","44.198055267333984","44.198055267333984","1.5693844556808472","1.5693844556808472","1.5693844556808472"
"1649","60.20086669921875","60.20086669921875","60.20086669921875","19.07289695739746","19.07289695739746","19.07289695739746","1.2740797996520996","1.2740797996520996","1.2740797996520996","60.76630783081055","60.76630783081055","60.76630783081055","19.8787784576416","19.8787784576416","19.8787784576416","1.245131015777588","1.245131015777588","1.245131015777588"
"1679","61.36491012573242","61.36491012573242","61.36491012573242","18.717628479003906","18.717628479003906","18.717628479003906","1.2596031427383423","1.2596031427383423","1.2596031427383423","60.201698303222656","60.201698303222656","60.201698303222656","18.55548667907715","18.55548667907715","18.55548667907715","1.22725248336792","1.22725248336792","1.22725248336792"
"1709","51.748207092285156","51.748207092285156","51.748207092285156","17.223968505859375","17.223968505859375","17.223968505859375","1.2649043798446655","1.2649043798446655","1.2649043798446655","52.13662338256836","52.13662338256836","52.13662338256836","17.72360610961914","17.72360610961914","17.72360610961914","1.2880914211273193","1.2880914211273193","1.2880914211273193"
"1739","43.72182083129883","43.72182083129883","43.72182083129883","15.518561363220215","15.518561363220215","15.518561363220215","1.074347972869873","1.074347972869873","1.074347972869873","40.04616165161133","40.04616165161133","40.04616165161133","13.822067260742188","13.822067260742188","13.822067260742188","1.0362390279769897","1.0362390279769897","1.0362390279769897"
"1769","105.21422576904297","105.21422576904297","105.21422576904297","26.366369247436523","26.366369247436523","26.366369247436523","1.4208098649978638","1.4208098649978638","1.4208098649978638","103.4698715209961","103.4698715209961","103.4698715209961","28.067420959472656","28.067420959472656","28.067420959472656","1.4276516437530518","1.4276516437530518","1.4276516437530518"
"1799","57.94276428222656","57.94276428222656","57.94276428222656","15.168269157409668","15.168269157409668","15.168269157409668","1.0221015214920044","1.0221015214920044","1.0221015214920044","60.32168960571289","60.32168960571289","60.32168960571289","15.84434986114502","15.84434986114502","15.84434986114502","0.9775228500366211","0.9775228500366211","0.9775228500366211"
"1829","81.16981506347656","81.16981506347656","81.16981506347656","20.34622573852539","20.34622573852539","20.34622573852539","1.0738940238952637","1.0738940238952637","1.0738940238952637","81.7421646118164","81.7421646118164","81.7421646118164","22.5682315826416","22.5682315826416","22.5682315826416","1.0615617036819458","1.0615617036819458","1.0615617036819458"
"1859","75.6603775024414","75.6603775024414","75.6603775024414","18.48594093322754","18.48594093322754","18.48594093322754","0.7976393103599548","0.7976393103599548","0.7976393103599548","79.88835144042969","79.88835144042969","79.88835144042969","19.767961502075195","19.767961502075195","19.767961502075195","0.7542437314987183","0.7542437314987183","0.7542437314987183"
"1889","56.19567108154297","56.19567108154297","56.19567108154297","11.002960205078125","11.002960205078125","11.002960205078125","1.0153363943099976","1.0153363943099976","1.0153363943099976","61.35445022583008","61.35445022583008","61.35445022583008","11.362336158752441","11.362336158752441","11.362336158752441","0.9938251972198486","0.9938251972198486","0.9938251972198486"
"1919","56.688289642333984","56.688289642333984","56.688289642333984","40.06800842285156","40.06800842285156","40.06800842285156","0.9638129472732544","0.9638129472732544","0.9638129472732544","61.68117904663086","61.68117904663086","61.68117904663086","35.4059944152832","35.4059944152832","35.4059944152832","0.9458410143852234","0.9458410143852234","0.9458410143852234"
"1949","55.05495834350586","55.05495834350586","55.05495834350586","13.151310920715332","13.151310920715332","13.151310920715332","1.0427355766296387","1.0427355766296387","1.0427355766296387","56.056121826171875","56.056121826171875","56.056121826171875","14.27248477935791","14.27248477935791","14.27248477935791","1.0212771892547607","1.0212771892547607","1.0212771892547607"
"1979","39.033016204833984","39.033016204833984","39.033016204833984","11.252233505249023","11.252233505249023","11.252233505249023","0.8721178770065308","0.8721178770065308","0.8721178770065308","41.64966583251953","41.64966583251953","41.64966583251953","12.308877944946289","12.308877944946289","12.308877944946289","0.855932354927063","0.855932354927063","0.855932354927063"
"2009","36.34919357299805","36.34919357299805","36.34919357299805","11.066834449768066","11.066834449768066","11.066834449768066","0.905558168888092","0.905558168888092","0.905558168888092","39.69613265991211","39.69613265991211","39.69613265991211","11.41827392578125","11.41827392578125","11.41827392578125","0.9228508472442627","0.9228508472442627","0.9228508472442627"
"2039","48.602542877197266","48.602542877197266","48.602542877197266","11.234832763671875","11.234832763671875","11.234832763671875","0.7427122592926025","0.7427122592926025","0.7427122592926025","53.62811279296875","53.62811279296875","53.62811279296875","13.691731452941895","13.691731452941895","13.691731452941895","0.7639498710632324","0.7639498710632324","0.7639498710632324"
"2069","60.47553634643555","60.47553634643555","60.47553634643555","15.436176300048828","15.436176300048828","15.436176300048828","0.9408950805664062","0.9408950805664062","0.9408950805664062","64.89462280273438","64.89462280273438","64.89462280273438","15.95012378692627","15.95012378692627","15.95012378692627","0.9661647081375122","0.9661647081375122","0.9661647081375122"
"2099","58.375144958496094","58.375144958496094","58.375144958496094","17.149669647216797","17.149669647216797","17.149669647216797","0.8869578242301941","0.8869578242301941","0.8869578242301941","64.39073944091797","64.39073944091797","64.39073944091797","17.12211799621582","17.12211799621582","17.12211799621582","0.9044543504714966","0.9044543504714966","0.9044543504714966"
"2129","44.46642303466797","44.46642303466797","44.46642303466797","12.757377624511719","12.757377624511719","12.757377624511719","0.9401717782020569","0.9401717782020569","0.9401717782020569","49.112186431884766","49.112186431884766","49.112186431884766","13.955989837646484","13.955989837646484","13.955989837646484","0.9658766984939575","0.9658766984939575","0.9658766984939575"
"2159","29.454729080200195","29.454729080200195","29.454729080200195","9.626534461975098","9.626534461975098","9.626534461975098","0.7968506217002869","0.7968506217002869","0.7968506217002869","31.059112548828125","31.059112548828125","31.059112548828125","9.854519844055176","9.854519844055176","9.854519844055176","0.8014839887619019","0.8014839887619019","0.8014839887619019"
"2189","40.88121795654297","40.88121795654297","40.88121795654297","10.226819038391113","10.226819038391113","10.226819038391113","0.649134635925293","0.649134635925293","0.649134635925293","44.21198272705078","44.21198272705078","44.21198272705078","10.868986129760742","10.868986129760742","10.868986129760742","0.6287011504173279","0.6287011504173279","0.6287011504173279"
"2219","46.27717208862305","46.27717208862305","46.27717208862305","14.787847518920898","14.787847518920898","14.787847518920898","0.78464674949646","0.78464674949646","0.78464674949646","52.41733932495117","52.41733932495117","52.41733932495117","13.797054290771484","13.797054290771484","13.797054290771484","0.7812728881835938","0.7812728881835938","0.7812728881835938"
"2249","38.075443267822266","38.075443267822266","38.075443267822266","11.070854187011719","11.070854187011719","11.070854187011719","0.7580265402793884","0.7580265402793884","0.7580265402793884","44.8460693359375","44.8460693359375","44.8460693359375","12.94665241241455","12.94665241241455","12.94665241241455","0.7960281372070312","0.7960281372070312","0.7960281372070312"
"2279","65.32203674316406","65.32203674316406","65.32203674316406","13.40434455871582","13.40434455871582","13.40434455871582","0.6619097590446472","0.6619097590446472","0.6619097590446472","70.93230438232422","70.93230438232422","70.93230438232422","13.979254722595215","13.979254722595215","13.979254722595215","0.6367219686508179","0.6367219686508179","0.6367219686508179"
"2309","23.458906173706055","23.458906173706055","23.458906173706055","8.885368347167969","8.885368347167969","8.885368347167969","0.7063972353935242","0.7063972353935242","0.7063972353935242","26.34186553955078","26.34186553955078","26.34186553955078","9.549137115478516","9.549137115478516","9.549137115478516","0.720160961151123","0.720160961151123","0.720160961151123"
"2339","33.99729537963867","33.99729537963867","33.99729537963867","21.889589309692383","21.889589309692383","21.889589309692383","0.6847774982452393","0.6847774982452393","0.6847774982452393","40.83694839477539","40.83694839477539","40.83694839477539","21.056156158447266","21.056156158447266","21.056156158447266","0.7085661292076111","0.7085661292076111","0.7085661292076111"
"2369","30.357851028442383","30.357851028442383","30.357851028442383","13.869725227355957","13.869725227355957","13.869725227355957","0.7003433108329773","0.7003433108329773","0.7003433108329773","38.60440444946289","38.60440444946289","38.60440444946289","17.109224319458008","17.109224319458008","17.109224319458008","0.732193112373352","0.732193112373352","0.732193112373352"
"2399","33.72639465332031","33.72639465332031","33.72639465332031","52.67169189453125","52.67169189453125","52.67169189453125","0.568838357925415","0.568838357925415","0.568838357925415","40.75361251831055","40.75361251831055","40.75361251831055","83.88420867919922","83.88420867919922","83.88420867919922","0.5616296529769897","0.5616296529769897","0.5616296529769897"
"2429","21.72602081298828","21.72602081298828","21.72602081298828","6.813827991485596","6.813827991485596","6.813827991485596","0.700177013874054","0.700177013874054","0.700177013874054","25.985824584960938","25.985824584960938","25.985824584960938","7.822850704193115","7.822850704193115","7.822850704193115","0.7171713709831238","0.7171713709831238","0.7171713709831238"
"2459","22.73542022705078","22.73542022705078","22.73542022705078","6.505995750427246","6.505995750427246","6.505995750427246","0.6548866033554077","0.6548866033554077","0.6548866033554077","28.01531219482422","28.01531219482422","28.01531219482422","8.9179048538208","8.9179048538208","8.9179048538208","0.6790345907211304","0.6790345907211304","0.6790345907211304"
"2489","24.076383590698242","24.076383590698242","24.076383590698242","7.074716567993164","7.074716567993164","7.074716567993164","0.6417433619499207","0.6417433619499207","0.6417433619499207","30.533849716186523","30.533849716186523","30.533849716186523","8.112374305725098","8.112374305725098","8.112374305725098","0.661245584487915","0.661245584487915","0.661245584487915"
"2519","25.162626266479492","25.162626266479492","25.162626266479492","8.025677680969238","8.025677680969238","8.025677680969238","0.5642585158348083","0.5642585158348083","0.5642585158348083","28.75123405456543","28.75123405456543","28.75123405456543","8.98010540008545","8.98010540008545","8.98010540008545","0.5831409096717834","0.5831409096717834","0.5831409096717834"
"2549","24.12839698791504","24.12839698791504","24.12839698791504","7.877553462982178","7.877553462982178","7.877553462982178","0.5661062598228455","0.5661062598228455","0.5661062598228455","32.58604049682617","32.58604049682617","32.58604049682617","8.257533073425293","8.257533073425293","8.257533073425293","0.6046545505523682","0.6046545505523682","0.6046545505523682"
"2579","20.110424041748047","20.110424041748047","20.110424041748047","9.073143005371094","9.073143005371094","9.073143005371094","0.6059700846672058","0.6059700846672058","0.6059700846672058","24.739362716674805","24.739362716674805","24.739362716674805","9.54654598236084","9.54654598236084","9.54654598236084","0.653928279876709","0.653928279876709","0.653928279876709"
"2609","18.115489959716797","18.115489959716797","18.115489959716797","6.135345458984375","6.135345458984375","6.135345458984375","0.6139023303985596","0.6139023303985596","0.6139023303985596","24.25962257385254","24.25962257385254","24.25962257385254","6.434523582458496","6.434523582458496","6.434523582458496","0.6668747663497925","0.6668747663497925","0.6668747663497925"
"2639","7.19766902923584","7.19766902923584","7.19766902923584","3.7652177810668945","3.7652177810668945","3.7652177810668945","0.4589553475379944","0.4589553475379944","0.4589553475379944","9.830866813659668","9.830866813659668","9.830866813659668","4.3761887550354","4.3761887550354","4.3761887550354","0.47420790791511536","0.47420790791511536","0.47420790791511536"
"2669","30.19241714477539","30.19241714477539","30.19241714477539","7.733293056488037","7.733293056488037","7.733293056488037","0.7359475493431091","0.7359475493431091","0.7359475493431091","35.598934173583984","35.598934173583984","35.598934173583984","9.106464385986328","9.106464385986328","9.106464385986328","0.7674418687820435","0.7674418687820435","0.7674418687820435"
"2699","26.866207122802734","26.866207122802734","26.866207122802734","7.591005802154541","7.591005802154541","7.591005802154541","0.5626484751701355","0.5626484751701355","0.5626484751701355","37.772178649902344","37.772178649902344","37.772178649902344","8.41487979888916","8.41487979888916","8.41487979888916","0.6130995154380798","0.6130995154380798","0.6130995154380798"
"2729","29.73871421813965","29.73871421813965","29.73871421813965","6.806447505950928","6.806447505950928","6.806447505950928","0.5071617960929871","0.5071617960929871","0.5071617960929871","39.36663818359375","39.36663818359375","39.36663818359375","7.928982257843018","7.928982257843018","7.928982257843018","0.5312302112579346","0.5312302112579346","0.5312302112579346"
"2759","12.55582332611084","12.55582332611084","12.55582332611084","4.974298000335693","4.974298000335693","4.974298000335693","0.5695907473564148","0.5695907473564148","0.5695907473564148","15.974032402038574","15.974032402038574","15.974032402038574","5.976036071777344","5.976036071777344","5.976036071777344","0.6060829162597656","0.6060829162597656","0.6060829162597656"
"2789","14.041037559509277","14.041037559509277","14.041037559509277","5.178893089294434","5.178893089294434","5.178893089294434","0.5369037985801697","0.5369037985801697","0.5369037985801697","18.94083023071289","18.94083023071289","18.94083023071289","6.885448932647705","6.885448932647705","6.885448932647705","0.5876055955886841","0.5876055955886841","0.5876055955886841"
"2819","9.859686851501465","9.859686851501465","9.859686851501465","3.132732391357422","3.132732391357422","3.132732391357422","0.39280036091804504","0.39280036091804504","0.39280036091804504","13.160893440246582","13.160893440246582","13.160893440246582","4.460283279418945","4.460283279418945","4.460283279418945","0.43224212527275085","0.43224212527275085","0.43224212527275085"
"2849","23.89131736755371","23.89131736755371","23.89131736755371","7.38796329498291","7.38796329498291","7.38796329498291","0.5247902870178223","0.5247902870178223","0.5247902870178223","32.89574432373047","32.89574432373047","32.89574432373047","7.979380130767822","7.979380130767822","7.979380130767822","0.5897658467292786","0.5897658467292786","0.5897658467292786"
"2879","18.730390548706055","18.730390548706055","18.730390548706055","8.913599014282227","8.913599014282227","8.913599014282227","0.5776732563972473","0.5776732563972473","0.5776732563972473","24.07929229736328","24.07929229736328","24.07929229736328","12.414464950561523","12.414464950561523","12.414464950561523","0.6432421803474426","0.6432421803474426","0.6432421803474426"
"2909","10.221985816955566","10.221985816955566","10.221985816955566","3.795666217803955","3.795666217803955","3.795666217803955","0.45905575156211853","0.45905575156211853","0.45905575156211853","13.624897003173828","13.624897003173828","13.624897003173828","5.014056205749512","5.014056205749512","5.014056205749512","0.48396170139312744","0.48396170139312744","0.48396170139312744"
"2939","6.135916709899902","6.135916709899902","6.135916709899902","3.242805004119873","3.242805004119873","3.242805004119873","0.4811103045940399","0.4811103045940399","0.4811103045940399","7.894010066986084","7.894010066986084","7.894010066986084","4.1814751625061035","4.1814751625061035","4.1814751625061035","0.5802873969078064","0.5802873969078064","0.5802873969078064"
"2969","13.30105209350586","13.30105209350586","13.30105209350586","26.9387149810791","26.9387149810791","26.9387149810791","0.47032561898231506","0.47032561898231506","0.47032561898231506","19.652381896972656","19.652381896972656","19.652381896972656","42.64564895629883","42.64564895629883","42.64564895629883","0.5411497354507446","0.5411497354507446","0.5411497354507446"
"2999","9.348758697509766","9.348758697509766","9.348758697509766","4.67425537109375","4.67425537109375","4.67425537109375","0.42074480652809143","0.42074480652809143","0.42074480652809143","14.270516395568848","14.270516395568848","14.270516395568848","4.48157262802124","4.48157262802124","4.48157262802124","0.4390001595020294","0.4390001595020294","0.4390001595020294"
"3029","17.514429092407227","17.514429092407227","17.514429092407227","24.696115493774414","24.696115493774414","24.696115493774414","0.4202389419078827","0.4202389419078827","0.4202389419078827","26.073095321655273","26.073095321655273","26.073095321655273","48.21422576904297","48.21422576904297","48.21422576904297","0.4668571650981903","0.4668571650981903","0.4668571650981903"
"3059","16.215681076049805","16.215681076049805","16.215681076049805","8.440814018249512","8.440814018249512","8.440814018249512","0.45128339529037476","0.45128339529037476","0.45128339529037476","23.135995864868164","23.135995864868164","23.135995864868164","5.815033912658691","5.815033912658691","5.815033912658691","0.5037069916725159","0.5037069916725159","0.5037069916725159"
"3089","6.075775146484375","6.075775146484375","6.075775146484375","2.821228265762329","2.821228265762329","2.821228265762329","0.47113800048828125","0.47113800048828125","0.47113800048828125","8.903564453125","8.903564453125","8.903564453125","3.5130257606506348","3.5130257606506348","3.5130257606506348","0.5240259766578674","0.5240259766578674","0.5240259766578674"
"3119","12.176827430725098","12.176827430725098","12.176827430725098","3.068326234817505","3.068326234817505","3.068326234817505","0.4146447777748108","0.4146447777748108","0.4146447777748108","17.723676681518555","17.723676681518555","17.723676681518555","4.247688293457031","4.247688293457031","4.247688293457031","0.4750840365886688","0.4750840365886688","0.4750840365886688"
"3149","5.595827579498291","5.595827579498291","5.595827579498291","2.387913465499878","2.387913465499878","2.387913465499878","0.4071110486984253","0.4071110486984253","0.4071110486984253","8.498126983642578","8.498126983642578","8.498126983642578","3.1446642875671387","3.1446642875671387","3.1446642875671387","0.46993356943130493","0.46993356943130493","0.46993356943130493"
"3179","8.598799705505371","8.598799705505371","8.598799705505371","2.8461074829101562","2.8461074829101562","2.8461074829101562","0.4538181722164154","0.4538181722164154","0.4538181722164154","15.16424560546875","15.16424560546875","15.16424560546875","3.631924629211426","3.631924629211426","3.631924629211426","0.5520118474960327","0.5520118474960327","0.5520118474960327"
"3209","10.083606719970703","10.083606719970703","10.083606719970703","3.162227153778076","3.162227153778076","3.162227153778076","0.4067462086677551","0.4067462086677551","0.4067462086677551","14.761282920837402","14.761282920837402","14.761282920837402","3.851297616958618","3.851297616958618","3.851297616958618","0.4209103286266327","0.4209103286266327","0.4209103286266327"
"3239","12.781923294067383","12.781923294067383","12.781923294067383","3.482984781265259","3.482984781265259","3.482984781265259","0.44601306319236755","0.44601306319236755","0.44601306319236755","19.243785858154297","19.243785858154297","19.243785858154297","4.728848934173584","4.728848934173584","4.728848934173584","0.5024158954620361","0.5024158954620361","0.5024158954620361"
"3269","7.3540849685668945","7.3540849685668945","7.3540849685668945","2.773280382156372","2.773280382156372","2.773280382156372","0.352080374956131","0.352080374956131","0.352080374956131","13.074760437011719","13.074760437011719","13.074760437011719","3.2892978191375732","3.2892978191375732","3.2892978191375732","0.3758123815059662","0.3758123815059662","0.3758123815059662"
"3299","8.784263610839844","8.784263610839844","8.784263610839844","3.4434869289398193","3.4434869289398193","3.4434869289398193","0.415073037147522","0.415073037147522","0.415073037147522","14.194429397583008","14.194429397583008","14.194429397583008","4.550868511199951","4.550868511199951","4.550868511199951","0.4812146723270416","0.4812146723270416","0.4812146723270416"
"3329","11.36273193359375","11.36273193359375","11.36273193359375","3.153160333633423","3.153160333633423","3.153160333633423","0.38486263155937195","0.38486263155937195","0.38486263155937195","20.326688766479492","20.326688766479492","20.326688766479492","4.543947219848633","4.543947219848633","4.543947219848633","0.3976760804653168","0.3976760804653168","0.3976760804653168"
"3359","17.04022979736328","17.04022979736328","17.04022979736328","3.496961832046509","3.496961832046509","3.496961832046509","0.42221900820732117","0.42221900820732117","0.42221900820732117","22.403133392333984","22.403133392333984","22.403133392333984","4.780037879943848","4.780037879943848","4.780037879943848","0.46841323375701904","0.46841323375701904","0.46841323375701904"
"3389","4.128851890563965","4.128851890563965","4.128851890563965","2.115499258041382","2.115499258041382","2.115499258041382","0.3692795932292938","0.3692795932292938","0.3692795932292938","5.64911413192749","5.64911413192749","5.64911413192749","2.5089125633239746","2.5089125633239746","2.5089125633239746","0.460924357175827","0.460924357175827","0.460924357175827"
"3419","8.000134468078613","8.000134468078613","8.000134468078613","2.4224395751953125","2.4224395751953125","2.4224395751953125","0.326945424079895","0.326945424079895","0.326945424079895","11.994763374328613","11.994763374328613","11.994763374328613","3.237765073776245","3.237765073776245","3.237765073776245","0.3986752927303314","0.3986752927303314","0.3986752927303314"
"3449","5.667564392089844","5.667564392089844","5.667564392089844","2.399873733520508","2.399873733520508","2.399873733520508","0.40483585000038147","0.40483585000038147","0.40483585000038147","8.670942306518555","8.670942306518555","8.670942306518555","2.993927478790283","2.993927478790283","2.993927478790283","0.4660535454750061","0.4660535454750061","0.4660535454750061"
"3479","9.762468338012695","9.762468338012695","9.762468338012695","2.6467208862304688","2.6467208862304688","2.6467208862304688","0.3802565038204193","0.3802565038204193","0.3802565038204193","19.056650161743164","19.056650161743164","19.056650161743164","3.9763543605804443","3.9763543605804443","3.9763543605804443","0.42860910296440125","0.42860910296440125","0.42860910296440125"
"3509","10.505155563354492","10.505155563354492","10.505155563354492","5.378374099731445","5.378374099731445","5.378374099731445","0.4037635028362274","0.4037635028362274","0.4037635028362274","19.401493072509766","19.401493072509766","19.401493072509766","8.651471138000488","8.651471138000488","8.651471138000488","0.4410485327243805","0.4410485327243805","0.4410485327243805"
"3539","10.634012222290039","10.634012222290039","10.634012222290039","4.07097053527832","4.07097053527832","4.07097053527832","0.3534625172615051","0.3534625172615051","0.3534625172615051","14.659345626831055","14.659345626831055","14.659345626831055","5.165104389190674","5.165104389190674","5.165104389190674","0.4198523759841919","0.4198523759841919","0.4198523759841919"
"3569","4.585386276245117","4.585386276245117","4.585386276245117","1.9547770023345947","1.9547770023345947","1.9547770023345947","0.34607553482055664","0.34607553482055664","0.34607553482055664","7.761801719665527","7.761801719665527","7.761801719665527","2.8262414932250977","2.8262414932250977","2.8262414932250977","0.4053117036819458","0.4053117036819458","0.4053117036819458"
"3599","5.832559108734131","5.832559108734131","5.832559108734131","2.987351655960083","2.987351655960083","2.987351655960083","0.3060837388038635","0.3060837388038635","0.3060837388038635","10.877690315246582","10.877690315246582","10.877690315246582","3.2300753593444824","3.2300753593444824","3.2300753593444824","0.35556837916374207","0.35556837916374207","0.35556837916374207"
"3629","3.2999258041381836","3.2999258041381836","3.2999258041381836","1.8869045972824097","1.8869045972824097","1.8869045972824097","0.2909935712814331","0.2909935712814331","0.2909935712814331","5.671182632446289","5.671182632446289","5.671182632446289","2.272034168243408","2.272034168243408","2.272034168243408","0.35008445382118225","0.35008445382118225","0.35008445382118225"
"3659","11.940861701965332","11.940861701965332","11.940861701965332","4.244223594665527","4.244223594665527","4.244223594665527","0.31281381845474243","0.31281381845474243","0.31281381845474243","16.689809799194336","16.689809799194336","16.689809799194336","6.361970901489258","6.361970901489258","6.361970901489258","0.3797082006931305","0.3797082006931305","0.3797082006931305"
"3689","3.0073137283325195","3.0073137283325195","3.0073137283325195","1.7496609687805176","1.7496609687805176","1.7496609687805176","0.3393317759037018","0.3393317759037018","0.3393317759037018","4.592780590057373","4.592780590057373","4.592780590057373","2.578923225402832","2.578923225402832","2.578923225402832","0.4009934961795807","0.4009934961795807","0.4009934961795807"
"3719","4.577331066131592","4.577331066131592","4.577331066131592","1.6630587577819824","1.6630587577819824","1.6630587577819824","0.29588672518730164","0.29588672518730164","0.29588672518730164","9.388751029968262","9.388751029968262","9.388751029968262","2.3335890769958496","2.3335890769958496","2.3335890769958496","0.30881285667419434","0.30881285667419434","0.30881285667419434"
"3749","2.673571825027466","2.673571825027466","2.673571825027466","1.5383710861206055","1.5383710861206055","1.5383710861206055","0.2887558937072754","0.2887558937072754","0.2887558937072754","4.617095470428467","4.617095470428467","4.617095470428467","2.1510002613067627","2.1510002613067627","2.1510002613067627","0.3444351255893707","0.3444351255893707","0.3444351255893707"
"3779","3.2573955059051514","3.2573955059051514","3.2573955059051514","1.7797514200210571","1.7797514200210571","1.7797514200210571","0.2745397388935089","0.2745397388935089","0.2745397388935089","6.264583110809326","6.264583110809326","6.264583110809326","2.235413074493408","2.235413074493408","2.235413074493408","0.3281708061695099","0.3281708061695099","0.3281708061695099"
"3809","4.499464511871338","4.499464511871338","4.499464511871338","1.465901494026184","1.465901494026184","1.465901494026184","0.3057531416416168","0.3057531416416168","0.3057531416416168","8.33881950378418","8.33881950378418","8.33881950378418","2.072092294692993","2.072092294692993","2.072092294692993","0.3542245328426361","0.3542245328426361","0.3542245328426361"
"3839","3.115116596221924","3.115116596221924","3.115116596221924","1.3825137615203857","1.3825137615203857","1.3825137615203857","0.30330535769462585","0.30330535769462585","0.30330535769462585","5.6714701652526855","5.6714701652526855","5.6714701652526855","2.08516526222229","2.08516526222229","2.08516526222229","0.34098318219184875","0.34098318219184875","0.34098318219184875"
"3869","8.945180892944336","8.945180892944336","8.945180892944336","3.9195168018341064","3.9195168018341064","3.9195168018341064","0.30548954010009766","0.30548954010009766","0.30548954010009766","14.944347381591797","14.944347381591797","14.944347381591797","4.263974666595459","4.263974666595459","4.263974666595459","0.3795836567878723","0.3795836567878723","0.3795836567878723"
"3899","5.575753211975098","5.575753211975098","5.575753211975098","1.6674251556396484","1.6674251556396484","1.6674251556396484","0.3218432068824768","0.3218432068824768","0.3218432068824768","10.063255310058594","10.063255310058594","10.063255310058594","2.4114999771118164","2.4114999771118164","2.4114999771118164","0.36483699083328247","0.36483699083328247","0.36483699083328247"
"3929","2.8290581703186035","2.8290581703186035","2.8290581703186035","1.161813497543335","1.161813497543335","1.161813497543335","0.27425259351730347","0.27425259351730347","0.27425259351730347","5.1234049797058105","5.1234049797058105","5.1234049797058105","2.0367469787597656","2.0367469787597656","2.0367469787597656","0.4716065227985382","0.4716065227985382","0.4716065227985382"
"3959","2.622847557067871","2.622847557067871","2.622847557067871","1.1058695316314697","1.1058695316314697","1.1058695316314697","0.25436821579933167","0.25436821579933167","0.25436821579933167","5.103448867797852","5.103448867797852","5.103448867797852","1.6827938556671143","1.6827938556671143","1.6827938556671143","0.31185346841812134","0.31185346841812134","0.31185346841812134"
"3989","2.2232675552368164","2.2232675552368164","2.2232675552368164","1.0381478071212769","1.0381478071212769","1.0381478071212769","0.2319054901599884","0.2319054901599884","0.2319054901599884","4.435273170471191","4.435273170471191","4.435273170471191","1.7162203788757324","1.7162203788757324","1.7162203788757324","0.3266621232032776","0.3266621232032776","0.3266621232032776"
"4019","6.139583587646484","6.139583587646484","6.139583587646484","26.021371841430664","26.021371841430664","26.021371841430664","0.285787969827652","0.285787969827652","0.285787969827652","8.929862976074219","8.929862976074219","8.929862976074219","16.079233169555664","16.079233169555664","16.079233169555664","0.3401666283607483","0.3401666283607483","0.3401666283607483"
"4049","2.6616482734680176","2.6616482734680176","2.6616482734680176","1.619537591934204","1.619537591934204","1.619537591934204","0.2792200744152069","0.2792200744152069","0.2792200744152069","5.4988837242126465","5.4988837242126465","5.4988837242126465","1.8189458847045898","1.8189458847045898","1.8189458847045898","0.3124709129333496","0.3124709129333496","0.3124709129333496"
"4079","3.21577787399292","3.21577787399292","3.21577787399292","1.1527284383773804","1.1527284383773804","1.1527284383773804","0.25839775800704956","0.25839775800704956","0.25839775800704956","6.685086727142334","6.685086727142334","6.685086727142334","1.6969168186187744","1.6969168186187744","1.6969168186187744","0.32100722193717957","0.32100722193717957","0.32100722193717957"
"4109","3.7355430126190186","3.7355430126190186","3.7355430126190186","1.4949053525924683","1.4949053525924683","1.4949053525924683","0.27529945969581604","0.27529945969581604","0.27529945969581604","7.606664657592773","7.606664657592773","7.606664657592773","2.279902219772339","2.279902219772339","2.279902219772339","0.3579949736595154","0.3579949736595154","0.3579949736595154"
"4139","6.2065253257751465","6.2065253257751465","6.2065253257751465","1.3232313394546509","1.3232313394546509","1.3232313394546509","0.24964484572410583","0.24964484572410583","0.24964484572410583","13.247151374816895","13.247151374816895","13.247151374816895","2.3728561401367188","2.3728561401367188","2.3728561401367188","0.3279799818992615","0.3279799818992615","0.3279799818992615"
"4169","3.5242652893066406","3.5242652893066406","3.5242652893066406","1.2234463691711426","1.2234463691711426","1.2234463691711426","0.21462737023830414","0.21462737023830414","0.21462737023830414","10.154348373413086","10.154348373413086","10.154348373413086","2.1290340423583984","2.1290340423583984","2.1290340423583984","0.3003256618976593","0.3003256618976593","0.3003256618976593"
"4199","4.259061813354492","4.259061813354492","4.259061813354492","2.741891384124756","2.741891384124756","2.741891384124756","0.27994704246520996","0.27994704246520996","0.27994704246520996","8.76952838897705","8.76952838897705","8.76952838897705","3.1702253818511963","3.1702253818511963","3.1702253818511963","0.36289581656455994","0.36289581656455994","0.36289581656455994"
"4229","5.791380882263184","5.791380882263184","5.791380882263184","1.5476772785186768","1.5476772785186768","1.5476772785186768","0.250153511762619","0.250153511762619","0.250153511762619","12.72451114654541","12.72451114654541","12.72451114654541","2.573448419570923","2.573448419570923","2.573448419570923","0.32217106223106384","0.32217106223106384","0.32217106223106384"
"4259","1.6620376110076904","1.6620376110076904","1.6620376110076904","0.8023834228515625","0.8023834228515625","0.8023834228515625","0.18385273218154907","0.18385273218154907","0.18385273218154907","3.2992424964904785","3.2992424964904785","3.2992424964904785","1.2591044902801514","1.2591044902801514","1.2591044902801514","0.23018933832645416","0.23018933832645416","0.23018933832645416"
"4289","1.4810948371887207","1.4810948371887207","1.4810948371887207","0.8557353019714355","0.8557353019714355","0.8557353019714355","0.24884788691997528","0.24884788691997528","0.24884788691997528","3.0560686588287354","3.0560686588287354","3.0560686588287354","1.3037440776824951","1.3037440776824951","1.3037440776824951","0.30838078260421753","0.30838078260421753","0.30838078260421753"
"4319","1.6903917789459229","1.6903917789459229","1.6903917789459229","1.6797901391983032","1.6797901391983032","1.6797901391983032","0.26410433650016785","0.26410433650016785","0.26410433650016785","3.3794853687286377","3.3794853687286377","3.3794853687286377","1.6910367012023926","1.6910367012023926","1.6910367012023926","0.300251305103302","0.300251305103302","0.300251305103302"
"4349","1.4546090364456177","1.4546090364456177","1.4546090364456177","0.8206446766853333","0.8206446766853333","0.8206446766853333","0.2431209683418274","0.2431209683418274","0.2431209683418274","2.854048490524292","2.854048490524292","2.854048490524292","1.2526463270187378","1.2526463270187378","1.2526463270187378","0.29322150349617004","0.29322150349617004","0.29322150349617004"
"4379","3.333315134048462","3.333315134048462","3.333315134048462","1.9840116500854492","1.9840116500854492","1.9840116500854492","0.22558017075061798","0.22558017075061798","0.22558017075061798","6.12591552734375","6.12591552734375","6.12591552734375","3.0946037769317627","3.0946037769317627","3.0946037769317627","0.3005494475364685","0.3005494475364685","0.3005494475364685"
"4409","1.2062221765518188","1.2062221765518188","1.2062221765518188","1.1717171669006348","1.1717171669006348","1.1717171669006348","0.20538480579853058","0.20538480579853058","0.20538480579853058","2.619442939758301","2.619442939758301","2.619442939758301","1.2351372241973877","1.2351372241973877","1.2351372241973877","0.2741098403930664","0.2741098403930664","0.2741098403930664"
"4439","2.1271231174468994","2.1271231174468994","2.1271231174468994","1.1100685596466064","1.1100685596466064","1.1100685596466064","0.28781071305274963","0.28781071305274963","0.28781071305274963","4.7457756996154785","4.7457756996154785","4.7457756996154785","1.6773804426193237","1.6773804426193237","1.6773804426193237","0.3369666635990143","0.3369666635990143","0.3369666635990143"
"4469","1.3450030088424683","1.3450030088424683","1.3450030088424683","0.9227824211120605","0.9227824211120605","0.9227824211120605","0.19829711318016052","0.19829711318016052","0.19829711318016052","2.303238868713379","2.303238868713379","2.303238868713379","1.1839039325714111","1.1839039325714111","1.1839039325714111","0.28087782859802246","0.28087782859802246","0.28087782859802246"
"4499","5.025106430053711","5.025106430053711","5.025106430053711","11.606996536254883","11.606996536254883","11.606996536254883","0.2554812431335449","0.2554812431335449","0.2554812431335449","7.228686332702637","7.228686332702637","7.228686332702637","18.199430465698242","18.199430465698242","18.199430465698242","0.3295057713985443","0.3295057713985443","0.3295057713985443"
"4529","1.680727481842041","1.680727481842041","1.680727481842041","0.7454589605331421","0.7454589605331421","0.7454589605331421","0.20715120434761047","0.20715120434761047","0.20715120434761047","3.4537789821624756","3.4537789821624756","3.4537789821624756","1.2461631298065186","1.2461631298065186","1.2461631298065186","0.2981272041797638","0.2981272041797638","0.2981272041797638"
"4559","3.067692279815674","3.067692279815674","3.067692279815674","0.9785165190696716","0.9785165190696716","0.9785165190696716","0.26284050941467285","0.26284050941467285","0.26284050941467285","6.851873397827148","6.851873397827148","6.851873397827148","2.132702350616455","2.132702350616455","2.132702350616455","0.3485272228717804","0.3485272228717804","0.3485272228717804"
"4589","1.6280888319015503","1.6280888319015503","1.6280888319015503","1.1295533180236816","1.1295533180236816","1.1295533180236816","0.26301226019859314","0.26301226019859314","0.26301226019859314","3.080402374267578","3.080402374267578","3.080402374267578","1.4443871974945068","1.4443871974945068","1.4443871974945068","0.2922123372554779","0.2922123372554779","0.2922123372554779"
"4619","1.0888910293579102","1.0888910293579102","1.0888910293579102","0.6585317850112915","0.6585317850112915","0.6585317850112915","0.2329556941986084","0.2329556941986084","0.2329556941986084","2.75266170501709","2.75266170501709","2.75266170501709","1.1841602325439453","1.1841602325439453","1.1841602325439453","0.3243022859096527","0.3243022859096527","0.3243022859096527"
"4649","1.8649173974990845","1.8649173974990845","1.8649173974990845","5.724319934844971","5.724319934844971","5.724319934844971","0.2918648421764374","0.2918648421764374","0.2918648421764374","3.145386219024658","3.145386219024658","3.145386219024658","4.59246301651001","4.59246301651001","4.59246301651001","0.3334502577781677","0.3334502577781677","0.3334502577781677"
"4679","1.86591637134552","1.86591637134552","1.86591637134552","0.7696912288665771","0.7696912288665771","0.7696912288665771","0.20647601783275604","0.20647601783275604","0.20647601783275604","4.597946643829346","4.597946643829346","4.597946643829346","2.7275595664978027","2.7275595664978027","2.7275595664978027","0.29539304971694946","0.29539304971694946","0.29539304971694946"
"4709","1.8937923908233643","1.8937923908233643","1.8937923908233643","0.8609520792961121","0.8609520792961121","0.8609520792961121","0.2498256266117096","0.2498256266117096","0.2498256266117096","5.53118896484375","5.53118896484375","5.53118896484375","1.5066741704940796","1.5066741704940796","1.5066741704940796","0.28417831659317017","0.28417831659317017","0.28417831659317017"
"4739","3.9905083179473877","3.9905083179473877","3.9905083179473877","1.939876675605774","1.939876675605774","1.939876675605774","0.23379234969615936","0.23379234969615936","0.23379234969615936","7.945860385894775","7.945860385894775","7.945860385894775","2.2719454765319824","2.2719454765319824","2.2719454765319824","0.2962895929813385","0.2962895929813385","0.2962895929813385"
"4769","1.7623484134674072","1.7623484134674072","1.7623484134674072","0.8177464008331299","0.8177464008331299","0.8177464008331299","0.25373950600624084","0.25373950600624084","0.25373950600624084","5.135226726531982","5.135226726531982","5.135226726531982","1.5549061298370361","1.5549061298370361","1.5549061298370361","0.337227463722229","0.337227463722229","0.337227463722229"
"4799","1.569146752357483","1.569146752357483","1.569146752357483","1.6743117570877075","1.6743117570877075","1.6743117570877075","0.21971409022808075","0.21971409022808075","0.21971409022808075","5.479337692260742","5.479337692260742","5.479337692260742","2.239358425140381","2.239358425140381","2.239358425140381","0.2718466818332672","0.2718466818332672","0.2718466818332672"
"4829","2.712949275970459","2.712949275970459","2.712949275970459","0.8346624374389648","0.8346624374389648","0.8346624374389648","0.20103810727596283","0.20103810727596283","0.20103810727596283","5.672613620758057","5.672613620758057","5.672613620758057","1.6705166101455688","1.6705166101455688","1.6705166101455688","0.2583862245082855","0.2583862245082855","0.2583862245082855"
"4859","1.1079002618789673","1.1079002618789673","1.1079002618789673","0.6004223823547363","0.6004223823547363","0.6004223823547363","0.21066707372665405","0.21066707372665405","0.21066707372665405","2.6321122646331787","2.6321122646331787","2.6321122646331787","1.1368179321289062","1.1368179321289062","1.1368179321289062","0.3056202828884125","0.3056202828884125","0.3056202828884125"
"4889","0.9997826814651489","0.9997826814651489","0.9997826814651489","0.7216218113899231","0.7216218113899231","0.7216218113899231","0.23428191244602203","0.23428191244602203","0.23428191244602203","2.7739787101745605","2.7739787101745605","2.7739787101745605","1.1439399719238281","1.1439399719238281","1.1439399719238281","0.3056442439556122","0.3056442439556122","0.3056442439556122"
"4919","3.1492254734039307","3.1492254734039307","3.1492254734039307","4.005739688873291","4.005739688873291","4.005739688873291","0.21521449089050293","0.21521449089050293","0.21521449089050293","4.088494300842285","4.088494300842285","4.088494300842285","5.062973499298096","5.062973499298096","5.062973499298096","0.2823522388935089","0.2823522388935089","0.2823522388935089"
"4949","1.6184176206588745","1.6184176206588745","1.6184176206588745","0.7594937086105347","0.7594937086105347","0.7594937086105347","0.1982964128255844","0.1982964128255844","0.1982964128255844","2.984541654586792","2.984541654586792","2.984541654586792","1.2483724355697632","1.2483724355697632","1.2483724355697632","0.342898964881897","0.342898964881897","0.342898964881897"
"4979","1.1183817386627197","1.1183817386627197","1.1183817386627197","0.6106269955635071","0.6106269955635071","0.6106269955635071","0.20094117522239685","0.20094117522239685","0.20094117522239685","2.362413167953491","2.362413167953491","2.362413167953491","1.142155408859253","1.142155408859253","1.142155408859253","0.2874283492565155","0.2874283492565155","0.2874283492565155"
"5009","0.8074767589569092","0.8074767589569092","0.8074767589569092","0.5862232446670532","0.5862232446670532","0.5862232446670532","0.20794738829135895","0.20794738829135895","0.20794738829135895","2.2062289714813232","2.2062289714813232","2.2062289714813232","1.0575289726257324","1.0575289726257324","1.0575289726257324","0.3035411238670349","0.3035411238670349","0.3035411238670349"
"5039","0.9491228461265564","0.9491228461265564","0.9491228461265564","0.8865492939949036","0.8865492939949036","0.8865492939949036","0.17832797765731812","0.17832797765731812","0.17832797765731812","2.264251470565796","2.264251470565796","2.264251470565796","1.3313665390014648","1.3313665390014648","1.3313665390014648","0.2579675316810608","0.2579675316810608","0.2579675316810608"
"5069","1.480404019355774","1.480404019355774","1.480404019355774","1.4447180032730103","1.4447180032730103","1.4447180032730103","0.22411681711673737","0.22411681711673737","0.22411681711673737","2.293083429336548","2.293083429336548","2.293083429336548","1.1883630752563477","1.1883630752563477","1.1883630752563477","0.2603086531162262","0.2603086531162262","0.2603086531162262"
"5099","0.9324063062667847","0.9324063062667847","0.9324063062667847","1.3658798933029175","1.3658798933029175","1.3658798933029175","0.21665436029434204","0.21665436029434204","0.21665436029434204","2.4253993034362793","2.4253993034362793","2.4253993034362793","1.161035418510437","1.161035418510437","1.161035418510437","0.23916253447532654","0.23916253447532654","0.23916253447532654"
"5129","1.0635592937469482","1.0635592937469482","1.0635592937469482","0.9108642339706421","0.9108642339706421","0.9108642339706421","0.2109605371952057","0.2109605371952057","0.2109605371952057","2.0699069499969482","2.0699069499969482","2.0699069499969482","1.2464351654052734","1.2464351654052734","1.2464351654052734","0.23362544178962708","0.23362544178962708","0.23362544178962708"
"5159","1.2269439697265625","1.2269439697265625","1.2269439697265625","0.5528010725975037","0.5528010725975037","0.5528010725975037","0.23823195695877075","0.23823195695877075","0.23823195695877075","4.752734184265137","4.752734184265137","4.752734184265137","1.0340148210525513","1.0340148210525513","1.0340148210525513","0.29557567834854126","0.29557567834854126","0.29557567834854126"
"5189","0.8006554245948792","0.8006554245948792","0.8006554245948792","0.5519514083862305","0.5519514083862305","0.5519514083862305","0.17719821631908417","0.17719821631908417","0.17719821631908417","1.771759033203125","1.771759033203125","1.771759033203125","0.9744584560394287","0.9744584560394287","0.9744584560394287","0.24096333980560303","0.24096333980560303","0.24096333980560303"
"5219","1.221673607826233","1.221673607826233","1.221673607826233","2.2745742797851562","2.2745742797851562","2.2745742797851562","0.21343930065631866","0.21343930065631866","0.21343930065631866","2.0734689235687256","2.0734689235687256","2.0734689235687256","1.3968778848648071","1.3968778848648071","1.3968778848648071","0.2552100419998169","0.2552100419998169","0.2552100419998169"
"5249","1.427968144416809","1.427968144416809","1.427968144416809","1.2673287391662598","1.2673287391662598","1.2673287391662598","0.16607961058616638","0.16607961058616638","0.16607961058616638","2.7762558460235596","2.7762558460235596","2.7762558460235596","1.2338327169418335","1.2338327169418335","1.2338327169418335","0.24998562037944794","0.24998562037944794","0.24998562037944794"
"5279","1.1213946342468262","1.1213946342468262","1.1213946342468262","6.291042327880859","6.291042327880859","6.291042327880859","0.15876729786396027","0.15876729786396027","0.15876729786396027","2.6734843254089355","2.6734843254089355","2.6734843254089355","3.0617516040802","3.0617516040802","3.0617516040802","0.24515901505947113","0.24515901505947113","0.24515901505947113"
"5309","5.528785228729248","5.528785228729248","5.528785228729248","12.279253005981445","12.279253005981445","12.279253005981445","0.1588636338710785","0.1588636338710785","0.1588636338710785","4.995014667510986","4.995014667510986","4.995014667510986","9.078715324401855","9.078715324401855","9.078715324401855","0.1921965330839157","0.1921965330839157","0.1921965330839157"
"5339","5.664473056793213","5.664473056793213","5.664473056793213","11.676657676696777","11.676657676696777","11.676657676696777","0.20122875273227692","0.20122875273227692","0.20122875273227692","5.873251914978027","5.873251914978027","5.873251914978027","13.434511184692383","13.434511184692383","13.434511184692383","0.2492942214012146","0.2492942214012146","0.2492942214012146"
"5369","1.0040794610977173","1.0040794610977173","1.0040794610977173","1.095170259475708","1.095170259475708","1.095170259475708","0.19040530920028687","0.19040530920028687","0.19040530920028687","3.2505571842193604","3.2505571842193604","3.2505571842193604","1.5579811334609985","1.5579811334609985","1.5579811334609985","0.2594366669654846","0.2594366669654846","0.2594366669654846"
"5399","0.6442923545837402","0.6442923545837402","0.6442923545837402","0.4491158127784729","0.4491158127784729","0.4491158127784729","0.18474292755126953","0.18474292755126953","0.18474292755126953","1.4464079141616821","1.4464079141616821","1.4464079141616821","0.6228250861167908","0.6228250861167908","0.6228250861167908","0.24144135415554047","0.24144135415554047","0.24144135415554047"
"5429","0.694118320941925","0.694118320941925","0.694118320941925","0.719491183757782","0.719491183757782","0.719491183757782","0.20716148614883423","0.20716148614883423","0.20716148614883423","1.9919899702072144","1.9919899702072144","1.9919899702072144","1.1308026313781738","1.1308026313781738","1.1308026313781738","0.2982997000217438","0.2982997000217438","0.2982997000217438"
"5459","3.057013511657715","3.057013511657715","3.057013511657715","3.5887365341186523","3.5887365341186523","3.5887365341186523","0.15011057257652283","0.15011057257652283","0.15011057257652283","8.52725601196289","8.52725601196289","8.52725601196289","11.850363731384277","11.850363731384277","11.850363731384277","0.18874721229076385","0.18874721229076385","0.18874721229076385"
"5489","0.7982608079910278","0.7982608079910278","0.7982608079910278","0.5261325240135193","0.5261325240135193","0.5261325240135193","0.13525322079658508","0.13525322079658508","0.13525322079658508","1.8668291568756104","1.8668291568756104","1.8668291568756104","1.0359946489334106","1.0359946489334106","1.0359946489334106","0.215898796916008","0.215898796916008","0.215898796916008"
"5519","0.9321223497390747","0.9321223497390747","0.9321223497390747","0.9486027956008911","0.9486027956008911","0.9486027956008911","0.18101294338703156","0.18101294338703156","0.18101294338703156","2.07412052154541","2.07412052154541","2.07412052154541","1.2956894636154175","1.2956894636154175","1.2956894636154175","0.2535971701145172","0.2535971701145172","0.2535971701145172"
"5549","1.168015718460083","1.168015718460083","1.168015718460083","0.9589032530784607","0.9589032530784607","0.9589032530784607","0.21044424176216125","0.21044424176216125","0.21044424176216125","1.6584129333496094","1.6584129333496094","1.6584129333496094","1.8315378427505493","1.8315378427505493","1.8315378427505493","0.24227102100849152","0.24227102100849152","0.24227102100849152"
"5579","0.9338043928146362","0.9338043928146362","0.9338043928146362","0.7026368379592896","0.7026368379592896","0.7026368379592896","0.20788945257663727","0.20788945257663727","0.20788945257663727","2.2510805130004883","2.2510805130004883","2.2510805130004883","1.1172345876693726","1.1172345876693726","1.1172345876693726","0.27144095301628113","0.27144095301628113","0.27144095301628113"
"5609","1.5228058099746704","1.5228058099746704","1.5228058099746704","3.5792503356933594","3.5792503356933594","3.5792503356933594","0.1664363443851471","0.1664363443851471","0.1664363443851471","2.216582775115967","2.216582775115967","2.216582775115967","4.794618606567383","4.794618606567383","4.794618606567383","0.21013933420181274","0.21013933420181274","0.21013933420181274"
"5639","1.4515024423599243","1.4515024423599243","1.4515024423599243","2.5073835849761963","2.5073835849761963","2.5073835849761963","0.18636523187160492","0.18636523187160492","0.18636523187160492","1.9306057691574097","1.9306057691574097","1.9306057691574097","1.3910291194915771","1.3910291194915771","1.3910291194915771","0.26085105538368225","0.26085105538368225","0.26085105538368225"
"5669","1.087625503540039","1.087625503540039","1.087625503540039","0.9154093861579895","0.9154093861579895","0.9154093861579895","0.18087570369243622","0.18087570369243622","0.18087570369243622","1.7707979679107666","1.7707979679107666","1.7707979679107666","1.157013177871704","1.157013177871704","1.157013177871704","0.2314331829547882","0.2314331829547882","0.2314331829547882"
"5699","1.1176329851150513","1.1176329851150513","1.1176329851150513","0.5516040921211243","0.5516040921211243","0.5516040921211243","0.15930557250976562","0.15930557250976562","0.15930557250976562","4.240208148956299","4.240208148956299","4.240208148956299","0.9431377053260803","0.9431377053260803","0.9431377053260803","0.21454226970672607","0.21454226970672607","0.21454226970672607"
"5729","0.4364144504070282","0.4364144504070282","0.4364144504070282","0.6332875490188599","0.6332875490188599","0.6332875490188599","0.1608758121728897","0.1608758121728897","0.1608758121728897","1.3510392904281616","1.3510392904281616","1.3510392904281616","0.7902464866638184","0.7902464866638184","0.7902464866638184","0.22441034018993378","0.22441034018993378","0.22441034018993378"
"5759","0.7502362728118896","0.7502362728118896","0.7502362728118896","0.7013201713562012","0.7013201713562012","0.7013201713562012","0.15288828313350677","0.15288828313350677","0.15288828313350677","1.1984707117080688","1.1984707117080688","1.1984707117080688","0.8981964588165283","0.8981964588165283","0.8981964588165283","0.22040967643260956","0.22040967643260956","0.22040967643260956"
"5789","0.5221182703971863","0.5221182703971863","0.5221182703971863","0.3563064634799957","0.3563064634799957","0.3563064634799957","0.15951979160308838","0.15951979160308838","0.15951979160308838","1.2309108972549438","1.2309108972549438","1.2309108972549438","0.6547123789787292","0.6547123789787292","0.6547123789787292","0.2152533084154129","0.2152533084154129","0.2152533084154129"
"5819","0.5319863557815552","0.5319863557815552","0.5319863557815552","0.42945292592048645","0.42945292592048645","0.42945292592048645","0.16685764491558075","0.16685764491558075","0.16685764491558075","1.319145917892456","1.319145917892456","1.319145917892456","0.7202799320220947","0.7202799320220947","0.7202799320220947","0.3026782274246216","0.3026782274246216","0.3026782274246216"
"5849","0.6895776987075806","0.6895776987075806","0.6895776987075806","0.47355902194976807","0.47355902194976807","0.47355902194976807","0.17428801953792572","0.17428801953792572","0.17428801953792572","1.5801823139190674","1.5801823139190674","1.5801823139190674","0.8407975435256958","0.8407975435256958","0.8407975435256958","0.2363961786031723","0.2363961786031723","0.2363961786031723"
"5879","0.67689049243927","0.67689049243927","0.67689049243927","1.3964208364486694","1.3964208364486694","1.3964208364486694","0.14233754575252533","0.14233754575252533","0.14233754575252533","1.588600754737854","1.588600754737854","1.588600754737854","1.5222375392913818","1.5222375392913818","1.5222375392913818","0.20773044228553772","0.20773044228553772","0.20773044228553772"
"5909","1.5243232250213623","1.5243232250213623","1.5243232250213623","0.5863139629364014","0.5863139629364014","0.5863139629364014","0.17746707797050476","0.17746707797050476","0.17746707797050476","1.5513180494308472","1.5513180494308472","1.5513180494308472","0.6571846604347229","0.6571846604347229","0.6571846604347229","0.23824837803840637","0.23824837803840637","0.23824837803840637"
"5939","0.8918266892433167","0.8918266892433167","0.8918266892433167","0.9234369993209839","0.9234369993209839","0.9234369993209839","0.12336497753858566","0.12336497753858566","0.12336497753858566","2.643033504486084","2.643033504486084","2.643033504486084","1.231521725654602","1.231521725654602","1.231521725654602","0.19956862926483154","0.19956862926483154","0.19956862926483154"
"5969","0.4216352701187134","0.4216352701187134","0.4216352701187134","0.2902015745639801","0.2902015745639801","0.2902015745639801","0.1686028391122818","0.1686028391122818","0.1686028391122818","1.2491765022277832","1.2491765022277832","1.2491765022277832","0.6081532835960388","0.6081532835960388","0.6081532835960388","0.22371752560138702","0.22371752560138702","0.22371752560138702"
"5999","0.5221341848373413","0.5221341848373413","0.5221341848373413","0.725149393081665","0.725149393081665","0.725149393081665","0.15988469123840332","0.15988469123840332","0.15988469123840332","1.3551254272460938","1.3551254272460938","1.3551254272460938","0.8816846013069153","0.8816846013069153","0.8816846013069153","0.24097056686878204","0.24097056686878204","0.24097056686878204"
"6029","0.4229160249233246","0.4229160249233246","0.4229160249233246","0.4004405736923218","0.4004405736923218","0.4004405736923218","0.18457084894180298","0.18457084894180298","0.18457084894180298","1.1618852615356445","1.1618852615356445","1.1618852615356445","0.709716260433197","0.709716260433197","0.709716260433197","0.24285754561424255","0.24285754561424255","0.24285754561424255"
"6059","0.6614010334014893","0.6614010334014893","0.6614010334014893","2.041952610015869","2.041952610015869","2.041952610015869","0.16405923664569855","0.16405923664569855","0.16405923664569855","1.92585289478302","1.92585289478302","1.92585289478302","1.2257198095321655","1.2257198095321655","1.2257198095321655","0.5042459964752197","0.5042459964752197","0.5042459964752197"
"6089","0.4897351861000061","0.4897351861000061","0.4897351861000061","0.47312116622924805","0.47312116622924805","0.47312116622924805","0.14605575799942017","0.14605575799942017","0.14605575799942017","1.156434416770935","1.156434416770935","1.156434416770935","0.7115378975868225","0.7115378975868225","0.7115378975868225","0.1929798275232315","0.1929798275232315","0.1929798275232315"
"6119","3.5418035984039307","3.5418035984039307","3.5418035984039307","10.66641616821289","10.66641616821289","10.66641616821289","0.1691603809595108","0.1691603809595108","0.1691603809595108","1.9820780754089355","1.9820780754089355","1.9820780754089355","9.485501289367676","9.485501289367676","9.485501289367676","0.20725640654563904","0.20725640654563904","0.20725640654563904"
"6149","0.5151653289794922","0.5151653289794922","0.5151653289794922","0.47936883568763733","0.47936883568763733","0.47936883568763733","0.14447833597660065","0.14447833597660065","0.14447833597660065","1.0647650957107544","1.0647650957107544","1.0647650957107544","0.6734965443611145","0.6734965443611145","0.6734965443611145","0.31192949414253235","0.31192949414253235","0.31192949414253235"
"6179","0.5981401205062866","0.5981401205062866","0.5981401205062866","0.9698156714439392","0.9698156714439392","0.9698156714439392","0.15236066281795502","0.15236066281795502","0.15236066281795502","1.1762261390686035","1.1762261390686035","1.1762261390686035","1.217782974243164","1.217782974243164","1.217782974243164","0.19522327184677124","0.19522327184677124","0.19522327184677124"
"6209","0.8673372268676758","0.8673372268676758","0.8673372268676758","0.6254811882972717","0.6254811882972717","0.6254811882972717","0.17428690195083618","0.17428690195083618","0.17428690195083618","1.9789937734603882","1.9789937734603882","1.9789937734603882","1.321305513381958","1.321305513381958","1.321305513381958","0.22673505544662476","0.22673505544662476","0.22673505544662476"
"6239","0.3360307216644287","0.3360307216644287","0.3360307216644287","0.27262353897094727","0.27262353897094727","0.27262353897094727","0.16954512894153595","0.16954512894153595","0.16954512894153595","0.9598056674003601","0.9598056674003601","0.9598056674003601","0.5712103843688965","0.5712103843688965","0.5712103843688965","0.22311729192733765","0.22311729192733765","0.22311729192733765"
"6269","1.5887563228607178","1.5887563228607178","1.5887563228607178","1.088596224784851","1.088596224784851","1.088596224784851","0.1613484025001526","0.1613484025001526","0.1613484025001526","1.3955509662628174","1.3955509662628174","1.3955509662628174","1.317979097366333","1.317979097366333","1.317979097366333","0.2597155272960663","0.2597155272960663","0.2597155272960663"
"6299","1.3643215894699097","1.3643215894699097","1.3643215894699097","1.4007383584976196","1.4007383584976196","1.4007383584976196","0.16640977561473846","0.16640977561473846","0.16640977561473846","1.5427939891815186","1.5427939891815186","1.5427939891815186","1.3480809926986694","1.3480809926986694","1.3480809926986694","0.221623957157135","0.221623957157135","0.221623957157135"
"6329","0.8379048109054565","0.8379048109054565","0.8379048109054565","0.6620233058929443","0.6620233058929443","0.6620233058929443","0.1677435338497162","0.1677435338497162","0.1677435338497162","1.875722885131836","1.875722885131836","1.875722885131836","0.7512220740318298","0.7512220740318298","0.7512220740318298","0.20862731337547302","0.20862731337547302","0.20862731337547302"
"6359","1.2650361061096191","1.2650361061096191","1.2650361061096191","7.310610771179199","7.310610771179199","7.310610771179199","0.1323270946741104","0.1323270946741104","0.1323270946741104","3.1829512119293213","3.1829512119293213","3.1829512119293213","11.461612701416016","11.461612701416016","11.461612701416016","0.17508478462696075","0.17508478462696075","0.17508478462696075"
"6389","0.35348600149154663","0.35348600149154663","0.35348600149154663","0.33309227228164673","0.33309227228164673","0.33309227228164673","0.15906241536140442","0.15906241536140442","0.15906241536140442","0.9973016381263733","0.9973016381263733","0.9973016381263733","0.7182351350784302","0.7182351350784302","0.7182351350784302","0.22654733061790466","0.22654733061790466","0.22654733061790466"
"6419","1.332185983657837","1.332185983657837","1.332185983657837","0.2890467047691345","0.2890467047691345","0.2890467047691345","0.1321912556886673","0.1321912556886673","0.1321912556886673","1.0050735473632812","1.0050735473632812","1.0050735473632812","0.540279746055603","0.540279746055603","0.540279746055603","0.35764646530151367","0.35764646530151367","0.35764646530151367"
"6449","0.3345922827720642","0.3345922827720642","0.3345922827720642","0.6591346859931946","0.6591346859931946","0.6591346859931946","0.12641641497612","0.12641641497612","0.12641641497612","0.9389629364013672","0.9389629364013672","0.9389629364013672","0.68387371301651","0.68387371301651","0.68387371301651","0.19860781729221344","0.19860781729221344","0.19860781729221344"
"6479","0.31448647379875183","0.31448647379875183","0.31448647379875183","0.493619829416275","0.493619829416275","0.493619829416275","0.19859962165355682","0.19859962165355682","0.19859962165355682","0.8829510807991028","0.8829510807991028","0.8829510807991028","0.5907411575317383","0.5907411575317383","0.5907411575317383","0.183135986328125","0.183135986328125","0.183135986328125"
"6509","0.626363217830658","0.626363217830658","0.626363217830658","0.4306700825691223","0.4306700825691223","0.4306700825691223","0.1500433385372162","0.1500433385372162","0.1500433385372162","1.4837058782577515","1.4837058782577515","1.4837058782577515","0.7136250138282776","0.7136250138282776","0.7136250138282776","0.19379077851772308","0.19379077851772308","0.19379077851772308"
"6539","0.4508987069129944","0.4508987069129944","0.4508987069129944","0.35861936211586","0.35861936211586","0.35861936211586","0.19081348180770874","0.19081348180770874","0.19081348180770874","1.0389872789382935","1.0389872789382935","1.0389872789382935","0.5593253374099731","0.5593253374099731","0.5593253374099731","0.19848960638046265","0.19848960638046265","0.19848960638046265"
"6569","0.5317742824554443","0.5317742824554443","0.5317742824554443","0.5870112776756287","0.5870112776756287","0.5870112776756287","0.1527545005083084","0.1527545005083084","0.1527545005083084","1.2443269491195679","1.2443269491195679","1.2443269491195679","2.8604211807250977","2.8604211807250977","2.8604211807250977","0.1804838478565216","0.1804838478565216","0.1804838478565216"
"6599","0.3407651484012604","0.3407651484012604","0.3407651484012604","0.3995300233364105","0.3995300233364105","0.3995300233364105","0.14024148881435394","0.14024148881435394","0.14024148881435394","0.905954122543335","0.905954122543335","0.905954122543335","0.7323256731033325","0.7323256731033325","0.7323256731033325","0.22863894701004028","0.22863894701004028","0.22863894701004028"
"6629","0.35272666811943054","0.35272666811943054","0.35272666811943054","1.3144677877426147","1.3144677877426147","1.3144677877426147","0.1551346629858017","0.1551346629858017","0.1551346629858017","1.0490833520889282","1.0490833520889282","1.0490833520889282","0.987578272819519","0.987578272819519","0.987578272819519","0.20202025771141052","0.20202025771141052","0.20202025771141052"
"6659","0.5809017419815063","0.5809017419815063","0.5809017419815063","0.7216875553131104","0.7216875553131104","0.7216875553131104","0.14383380115032196","0.14383380115032196","0.14383380115032196","1.1519919633865356","1.1519919633865356","1.1519919633865356","0.8439462184906006","0.8439462184906006","0.8439462184906006","0.21000607311725616","0.21000607311725616","0.21000607311725616"
"6689","0.29786279797554016","0.29786279797554016","0.29786279797554016","0.2641361951828003","0.2641361951828003","0.2641361951828003","0.13119223713874817","0.13119223713874817","0.13119223713874817","0.8318522572517395","0.8318522572517395","0.8318522572517395","0.4744677245616913","0.4744677245616913","0.4744677245616913","0.20479583740234375","0.20479583740234375","0.20479583740234375"
"6719","0.3086417615413666","0.3086417615413666","0.3086417615413666","0.4864606261253357","0.4864606261253357","0.4864606261253357","0.14996859431266785","0.14996859431266785","0.14996859431266785","0.7865638732910156","0.7865638732910156","0.7865638732910156","0.5811629295349121","0.5811629295349121","0.5811629295349121","0.19658660888671875","0.19658660888671875","0.19658660888671875"
"6749","1.530722975730896","1.530722975730896","1.530722975730896","1.62822425365448","1.62822425365448","1.62822425365448","0.11264009028673172","0.11264009028673172","0.11264009028673172","1.613031268119812","1.613031268119812","1.613031268119812","1.133867621421814","1.133867621421814","1.133867621421814","0.15531668066978455","0.15531668066978455","0.15531668066978455"
"6779","0.4876711964607239","0.4876711964607239","0.4876711964607239","0.5755727887153625","0.5755727887153625","0.5755727887153625","0.12010008841753006","0.12010008841753006","0.12010008841753006","1.0829695463180542","1.0829695463180542","1.0829695463180542","0.5224713683128357","0.5224713683128357","0.5224713683128357","0.16313739120960236","0.16313739120960236","0.16313739120960236"
"6809","0.5202603936195374","0.5202603936195374","0.5202603936195374","0.395182341337204","0.395182341337204","0.395182341337204","0.13502727448940277","0.13502727448940277","0.13502727448940277","0.8498544692993164","0.8498544692993164","0.8498544692993164","0.8455901145935059","0.8455901145935059","0.8455901145935059","0.21805962920188904","0.21805962920188904","0.21805962920188904"
"6839","0.7948682904243469","0.7948682904243469","0.7948682904243469","0.42809584736824036","0.42809584736824036","0.42809584736824036","0.1361832618713379","0.1361832618713379","0.1361832618713379","3.1639764308929443","3.1639764308929443","3.1639764308929443","0.812031090259552","0.812031090259552","0.812031090259552","0.2500157952308655","0.2500157952308655","0.2500157952308655"
"6869","0.3842412531375885","0.3842412531375885","0.3842412531375885","0.4185791611671448","0.4185791611671448","0.4185791611671448","0.1428079903125763","0.1428079903125763","0.1428079903125763","1.031097650527954","1.031097650527954","1.031097650527954","0.4912746250629425","0.4912746250629425","0.4912746250629425","0.20311495661735535","0.20311495661735535","0.20311495661735535"
"6899","4.270257472991943","4.270257472991943","4.270257472991943","3.364579439163208","3.364579439163208","3.364579439163208","0.15740615129470825","0.15740615129470825","0.15740615129470825","4.609200477600098","4.609200477600098","4.609200477600098","3.58577823638916","3.58577823638916","3.58577823638916","0.19441130757331848","0.19441130757331848","0.19441130757331848"
"6929","0.39100149273872375","0.39100149273872375","0.39100149273872375","0.3049379587173462","0.3049379587173462","0.3049379587173462","0.11327280104160309","0.11327280104160309","0.11327280104160309","0.9019969701766968","0.9019969701766968","0.9019969701766968","0.44856908917427063","0.44856908917427063","0.44856908917427063","0.16680705547332764","0.16680705547332764","0.16680705547332764"
"6959","0.48285675048828125","0.48285675048828125","0.48285675048828125","0.4570736885070801","0.4570736885070801","0.4570736885070801","0.11508945375680923","0.11508945375680923","0.11508945375680923","0.7769647240638733","0.7769647240638733","0.7769647240638733","0.7891566157341003","0.7891566157341003","0.7891566157341003","0.15601350367069244","0.15601350367069244","0.15601350367069244"
"6989","0.44410964846611023","0.44410964846611023","0.44410964846611023","0.4381933808326721","0.4381933808326721","0.4381933808326721","0.12917746603488922","0.12917746603488922","0.12917746603488922","0.6749774813652039","0.6749774813652039","0.6749774813652039","0.5106102824211121","0.5106102824211121","0.5106102824211121","0.1789213865995407","0.1789213865995407","0.1789213865995407"
"7019","0.8433331251144409","0.8433331251144409","0.8433331251144409","1.6897835731506348","1.6897835731506348","1.6897835731506348","0.1065472960472107","0.1065472960472107","0.1065472960472107","1.0843216180801392","1.0843216180801392","1.0843216180801392","0.9399453401565552","0.9399453401565552","0.9399453401565552","0.17261642217636108","0.17261642217636108","0.17261642217636108"
"7049","0.3258008360862732","0.3258008360862732","0.3258008360862732","0.32779330015182495","0.32779330015182495","0.32779330015182495","0.12176232039928436","0.12176232039928436","0.12176232039928436","1.010336995124817","1.010336995124817","1.010336995124817","0.5688348412513733","0.5688348412513733","0.5688348412513733","0.20692545175552368","0.20692545175552368","0.20692545175552368"
"7079","0.42596715688705444","0.42596715688705444","0.42596715688705444","0.24990035593509674","0.24990035593509674","0.24990035593509674","0.11392312496900558","0.11392312496900558","0.11392312496900558","0.7044105529785156","0.7044105529785156","0.7044105529785156","0.43721804022789","0.43721804022789","0.43721804022789","0.1496574729681015","0.1496574729681015","0.1496574729681015"
"7109","1.6772624254226685","1.6772624254226685","1.6772624254226685","1.4464406967163086","1.4464406967163086","1.4464406967163086","0.13632987439632416","0.13632987439632416","0.13632987439632416","0.7687216997146606","0.7687216997146606","0.7687216997146606","0.947019636631012","0.947019636631012","0.947019636631012","0.18432365357875824","0.18432365357875824","0.18432365357875824"
"7139","0.5760323405265808","0.5760323405265808","0.5760323405265808","0.47713881731033325","0.47713881731033325","0.47713881731033325","0.12823162972927094","0.12823162972927094","0.12823162972927094","0.6861867308616638","0.6861867308616638","0.6861867308616638","0.7687552571296692","0.7687552571296692","0.7687552571296692","0.17584183812141418","0.17584183812141418","0.17584183812141418"
"7169","0.798796534538269","0.798796534538269","0.798796534538269","0.4875849783420563","0.4875849783420563","0.4875849783420563","0.11675132811069489","0.11675132811069489","0.11675132811069489","0.8229341506958008","0.8229341506958008","0.8229341506958008","0.5913397669792175","0.5913397669792175","0.5913397669792175","0.17587405443191528","0.17587405443191528","0.17587405443191528"
"7199","0.25552836060523987","0.25552836060523987","0.25552836060523987","0.4880433976650238","0.4880433976650238","0.4880433976650238","0.12302336096763611","0.12302336096763611","0.12302336096763611","0.5906969904899597","0.5906969904899597","0.5906969904899597","0.4774414598941803","0.4774414598941803","0.4774414598941803","0.156500443816185","0.156500443816185","0.156500443816185"
"7229","0.5286822319030762","0.5286822319030762","0.5286822319030762","1.4482388496398926","1.4482388496398926","1.4482388496398926","0.10630321502685547","0.10630321502685547","0.10630321502685547","0.7675201296806335","0.7675201296806335","0.7675201296806335","1.5126299858093262","1.5126299858093262","1.5126299858093262","0.15193553268909454","0.15193553268909454","0.15193553268909454"
"7259","1.3843551874160767","1.3843551874160767","1.3843551874160767","11.732789993286133","11.732789993286133","11.732789993286133","0.1169983297586441","0.1169983297586441","0.1169983297586441","5.276182174682617","5.276182174682617","5.276182174682617","9.805971145629883","9.805971145629883","9.805971145629883","0.1849140077829361","0.1849140077829361","0.1849140077829361"
"7289","0.43382835388183594","0.43382835388183594","0.43382835388183594","0.9495595097541809","0.9495595097541809","0.9495595097541809","0.11626926064491272","0.11626926064491272","0.11626926064491272","0.8711491227149963","0.8711491227149963","0.8711491227149963","0.768747091293335","0.768747091293335","0.768747091293335","0.17036856710910797","0.17036856710910797","0.17036856710910797"
"7319","0.34303173422813416","0.34303173422813416","0.34303173422813416","0.2792395353317261","0.2792395353317261","0.2792395353317261","0.10491979122161865","0.10491979122161865","0.10491979122161865","0.6066093444824219","0.6066093444824219","0.6066093444824219","0.45108917355537415","0.45108917355537415","0.45108917355537415","0.14753270149230957","0.14753270149230957","0.14753270149230957"
"7349","0.5028084516525269","0.5028084516525269","0.5028084516525269","0.516036868095398","0.516036868095398","0.516036868095398","0.14192567765712738","0.14192567765712738","0.14192567765712738","0.7492208480834961","0.7492208480834961","0.7492208480834961","0.7107780575752258","0.7107780575752258","0.7107780575752258","0.20639072358608246","0.20639072358608246","0.20639072358608246"
"7379","0.34402531385421753","0.34402531385421753","0.34402531385421753","0.39941900968551636","0.39941900968551636","0.39941900968551636","0.0887603834271431","0.0887603834271431","0.0887603834271431","0.6037459373474121","0.6037459373474121","0.6037459373474121","0.3913384974002838","0.3913384974002838","0.3913384974002838","0.18277522921562195","0.18277522921562195","0.18277522921562195"
"7409","0.30937090516090393","0.30937090516090393","0.30937090516090393","0.5323634743690491","0.5323634743690491","0.5323634743690491","0.11477022618055344","0.11477022618055344","0.11477022618055344","0.6272740960121155","0.6272740960121155","0.6272740960121155","0.6207304000854492","0.6207304000854492","0.6207304000854492","0.15824666619300842","0.15824666619300842","0.15824666619300842"
"7439","0.5560957193374634","0.5560957193374634","0.5560957193374634","0.7643054723739624","0.7643054723739624","0.7643054723739624","0.09638500213623047","0.09638500213623047","0.09638500213623047","0.9745636582374573","0.9745636582374573","0.9745636582374573","1.5658470392227173","1.5658470392227173","1.5658470392227173","0.1487773358821869","0.1487773358821869","0.1487773358821869"
"7469","0.6228737831115723","0.6228737831115723","0.6228737831115723","2.4874494075775146","2.4874494075775146","2.4874494075775146","0.1424434632062912","0.1424434632062912","0.1424434632062912","0.7088811993598938","0.7088811993598938","0.7088811993598938","1.5580456256866455","1.5580456256866455","1.5580456256866455","0.15944060683250427","0.15944060683250427","0.15944060683250427"
"7499","0.3799866735935211","0.3799866735935211","0.3799866735935211","0.3252227306365967","0.3252227306365967","0.3252227306365967","0.11243551224470139","0.11243551224470139","0.11243551224470139","0.7151991128921509","0.7151991128921509","0.7151991128921509","0.4736217260360718","0.4736217260360718","0.4736217260360718","0.17390091717243195","0.17390091717243195","0.17390091717243195"
"7529","0.38181009888648987","0.38181009888648987","0.38181009888648987","0.37787413597106934","0.37787413597106934","0.37787413597106934","0.11968240141868591","0.11968240141868591","0.11968240141868591","0.6383671164512634","0.6383671164512634","0.6383671164512634","0.4755074083805084","0.4755074083805084","0.4755074083805084","0.19732287526130676","0.19732287526130676","0.19732287526130676"
"7559","0.4785795211791992","0.4785795211791992","0.4785795211791992","0.4285777509212494","0.4285777509212494","0.4285777509212494","0.09844671189785004","0.09844671189785004","0.09844671189785004","0.6800161004066467","0.6800161004066467","0.6800161004066467","0.7387362718582153","0.7387362718582153","0.7387362718582153","0.1639867126941681","0.1639867126941681","0.1639867126941681"
"7589","0.40670570731163025","0.40670570731163025","0.40670570731163025","0.5495709776878357","0.5495709776878357","0.5495709776878357","0.11778523772954941","0.11778523772954941","0.11778523772954941","0.6120691895484924","0.6120691895484924","0.6120691895484924","0.7634461522102356","0.7634461522102356","0.7634461522102356","0.22134512662887573","0.22134512662887573","0.22134512662887573"
"7619","0.5520188808441162","0.5520188808441162","0.5520188808441162","0.5129767656326294","0.5129767656326294","0.5129767656326294","0.11154026538133621","0.11154026538133621","0.11154026538133621","1.0016597509384155","1.0016597509384155","1.0016597509384155","0.44079282879829407","0.44079282879829407","0.44079282879829407","0.14564931392669678","0.14564931392669678","0.14564931392669678"
"7649","0.31088680028915405","0.31088680028915405","0.31088680028915405","0.5995582342147827","0.5995582342147827","0.5995582342147827","0.10393980145454407","0.10393980145454407","0.10393980145454407","0.6467646360397339","0.6467646360397339","0.6467646360397339","0.46257367730140686","0.46257367730140686","0.46257367730140686","0.14888831973075867","0.14888831973075867","0.14888831973075867"
"7679","0.27891579270362854","0.27891579270362854","0.27891579270362854","0.7943366765975952","0.7943366765975952","0.7943366765975952","0.11938977986574173","0.11938977986574173","0.11938977986574173","0.6438674926757812","0.6438674926757812","0.6438674926757812","0.7157831192016602","0.7157831192016602","0.7157831192016602","0.17986446619033813","0.17986446619033813","0.17986446619033813"
"7709","0.796197772026062","0.796197772026062","0.796197772026062","0.39565473794937134","0.39565473794937134","0.39565473794937134","0.15532717108726501","0.15532717108726501","0.15532717108726501","0.6616151332855225","0.6616151332855225","0.6616151332855225","0.5500897765159607","0.5500897765159607","0.5500897765159607","0.15814387798309326","0.15814387798309326","0.15814387798309326"
"7739","0.29904526472091675","0.29904526472091675","0.29904526472091675","0.35114118456840515","0.35114118456840515","0.35114118456840515","0.1423509567975998","0.1423509567975998","0.1423509567975998","0.5572475790977478","0.5572475790977478","0.5572475790977478","0.5128545165061951","0.5128545165061951","0.5128545165061951","0.17004810273647308","0.17004810273647308","0.17004810273647308"
"7769","0.2630366384983063","0.2630366384983063","0.2630366384983063","0.21446910500526428","0.21446910500526428","0.21446910500526428","0.14402617514133453","0.14402617514133453","0.14402617514133453","0.4817816913127899","0.4817816913127899","0.4817816913127899","0.3684331476688385","0.3684331476688385","0.3684331476688385","0.13462437689304352","0.13462437689304352","0.13462437689304352"
"7799","0.28363779187202454","0.28363779187202454","0.28363779187202454","0.29975923895835876","0.29975923895835876","0.29975923895835876","0.11208953708410263","0.11208953708410263","0.11208953708410263","0.6052554845809937","0.6052554845809937","0.6052554845809937","0.4467904269695282","0.4467904269695282","0.4467904269695282","0.19597379863262177","0.19597379863262177","0.19597379863262177"
"7829","0.7715473771095276","0.7715473771095276","0.7715473771095276","4.71914005279541","4.71914005279541","4.71914005279541","0.09957662224769592","0.09957662224769592","0.09957662224769592","2.171862840652466","2.171862840652466","2.171862840652466","7.224664688110352","7.224664688110352","7.224664688110352","0.15326254069805145","0.15326254069805145","0.15326254069805145"
"7859","0.3946462869644165","0.3946462869644165","0.3946462869644165","0.4762533903121948","0.4762533903121948","0.4762533903121948","0.10987402498722076","0.10987402498722076","0.10987402498722076","0.5810283422470093","0.5810283422470093","0.5810283422470093","0.5006903409957886","0.5006903409957886","0.5006903409957886","0.19212794303894043","0.19212794303894043","0.19212794303894043"
"7889","0.5894156694412231","0.5894156694412231","0.5894156694412231","0.6157060265541077","0.6157060265541077","0.6157060265541077","0.09454326331615448","0.09454326331615448","0.09454326331615448","0.630827009677887","0.630827009677887","0.630827009677887","0.5802823901176453","0.5802823901176453","0.5802823901176453","0.13816285133361816","0.13816285133361816","0.13816285133361816"
"7919","0.217171773314476","0.217171773314476","0.217171773314476","0.33367133140563965","0.33367133140563965","0.33367133140563965","0.0902222990989685","0.0902222990989685","0.0902222990989685","0.3964206576347351","0.3964206576347351","0.3964206576347351","0.37957701086997986","0.37957701086997986","0.37957701086997986","0.13673283159732819","0.13673283159732819","0.13673283159732819"
"7949","0.34451648592948914","0.34451648592948914","0.34451648592948914","0.6793596744537354","0.6793596744537354","0.6793596744537354","0.12882453203201294","0.12882453203201294","0.12882453203201294","0.5558291673660278","0.5558291673660278","0.5558291673660278","0.4823964834213257","0.4823964834213257","0.4823964834213257","0.1524885892868042","0.1524885892868042","0.1524885892868042"
"7979","0.4189877212047577","0.4189877212047577","0.4189877212047577","0.33560606837272644","0.33560606837272644","0.33560606837272644","0.12891791760921478","0.12891791760921478","0.12891791760921478","0.5976492166519165","0.5976492166519165","0.5976492166519165","0.42163023352622986","0.42163023352622986","0.42163023352622986","0.17039912939071655","0.17039912939071655","0.17039912939071655"
"8009","0.4227692186832428","0.4227692186832428","0.4227692186832428","2.122436761856079","2.122436761856079","2.122436761856079","0.10543479770421982","0.10543479770421982","0.10543479770421982","1.0016142129898071","1.0016142129898071","1.0016142129898071","2.174067258834839","2.174067258834839","2.174067258834839","0.1582828164100647","0.1582828164100647","0.1582828164100647"
"8039","0.3603591024875641","0.3603591024875641","0.3603591024875641","0.5165836215019226","0.5165836215019226","0.5165836215019226","0.19952896237373352","0.19952896237373352","0.19952896237373352","0.6198638081550598","0.6198638081550598","0.6198638081550598","0.4843589663505554","0.4843589663505554","0.4843589663505554","0.1410227119922638","0.1410227119922638","0.1410227119922638"
"8069","0.27524706721305847","0.27524706721305847","0.27524706721305847","0.3421728312969208","0.3421728312969208","0.3421728312969208","0.17392972111701965","0.17392972111701965","0.17392972111701965","0.490816593170166","0.490816593170166","0.490816593170166","0.41498640179634094","0.41498640179634094","0.41498640179634094","0.21248894929885864","0.21248894929885864","0.21248894929885864"
"8099","0.2103877067565918","0.2103877067565918","0.2103877067565918","0.3421369194984436","0.3421369194984436","0.3421369194984436","0.13707198202610016","0.13707198202610016","0.13707198202610016","0.448231041431427","0.448231041431427","0.448231041431427","0.44148916006088257","0.44148916006088257","0.44148916006088257","0.15829646587371826","0.15829646587371826","0.15829646587371826"
"8129","0.2102522850036621","0.2102522850036621","0.2102522850036621","0.45271649956703186","0.45271649956703186","0.45271649956703186","0.10630723834037781","0.10630723834037781","0.10630723834037781","0.6112690567970276","0.6112690567970276","0.6112690567970276","0.5311264991760254","0.5311264991760254","0.5311264991760254","0.1293865144252777","0.1293865144252777","0.1293865144252777"
"8159","0.2747737169265747","0.2747737169265747","0.2747737169265747","0.43045634031295776","0.43045634031295776","0.43045634031295776","0.09205436706542969","0.09205436706542969","0.09205436706542969","0.6530816555023193","0.6530816555023193","0.6530816555023193","0.4398882985115051","0.4398882985115051","0.4398882985115051","0.14318431913852692","0.14318431913852692","0.14318431913852692"
"8189","1.3265937566757202","1.3265937566757202","1.3265937566757202","3.9667248725891113","3.9667248725891113","3.9667248725891113","0.08605712652206421","0.08605712652206421","0.08605712652206421","1.6423733234405518","1.6423733234405518","1.6423733234405518","5.002025604248047","5.002025604248047","5.002025604248047","0.16471010446548462","0.16471010446548462","0.16471010446548462"
"8219","0.6924043297767639","0.6924043297767639","0.6924043297767639","6.215803623199463","6.215803623199463","6.215803623199463","0.09192508459091187","0.09192508459091187","0.09192508459091187","1.1338011026382446","1.1338011026382446","1.1338011026382446","9.505146026611328","9.505146026611328","9.505146026611328","0.16339683532714844","0.16339683532714844","0.16339683532714844"
"8249","0.37335455417633057","0.37335455417633057","0.37335455417633057","0.559836745262146","0.559836745262146","0.559836745262146","0.08286251872777939","0.08286251872777939","0.08286251872777939","0.6429490447044373","0.6429490447044373","0.6429490447044373","0.5783380270004272","0.5783380270004272","0.5783380270004272","0.16397860646247864","0.16397860646247864","0.16397860646247864"
"8279","0.7281887531280518","0.7281887531280518","0.7281887531280518","0.5286664962768555","0.5286664962768555","0.5286664962768555","0.08901487290859222","0.08901487290859222","0.08901487290859222","0.63599693775177","0.63599693775177","0.63599693775177","0.43359220027923584","0.43359220027923584","0.43359220027923584","0.14080369472503662","0.14080369472503662","0.14080369472503662"
"8309","0.20365752279758453","0.20365752279758453","0.20365752279758453","0.38022899627685547","0.38022899627685547","0.38022899627685547","0.1305568516254425","0.1305568516254425","0.1305568516254425","0.40916749835014343","0.40916749835014343","0.40916749835014343","1.9693349599838257","1.9693349599838257","1.9693349599838257","0.13247525691986084","0.13247525691986084","0.13247525691986084"
"8339","0.9361629486083984","0.9361629486083984","0.9361629486083984","1.0961824655532837","1.0961824655532837","1.0961824655532837","0.09896064549684525","0.09896064549684525","0.09896064549684525","0.6006454229354858","0.6006454229354858","0.6006454229354858","1.381709098815918","1.381709098815918","1.381709098815918","0.1386898159980774","0.1386898159980774","0.1386898159980774"
"8369","0.45533403754234314","0.45533403754234314","0.45533403754234314","1.7406667470932007","1.7406667470932007","1.7406667470932007","0.10534719377756119","0.10534719377756119","0.10534719377756119","0.7740795612335205","0.7740795612335205","0.7740795612335205","2.856555938720703","2.856555938720703","2.856555938720703","0.13541282713413239","0.13541282713413239","0.13541282713413239"
"8399","0.273992657661438","0.273992657661438","0.273992657661438","0.46402931213378906","0.46402931213378906","0.46402931213378906","0.09951980412006378","0.09951980412006378","0.09951980412006378","0.7090820074081421","0.7090820074081421","0.7090820074081421","0.6807738542556763","0.6807738542556763","0.6807738542556763","0.19028258323669434","0.19028258323669434","0.19028258323669434"
"8429","4.9994635581970215","4.9994635581970215","4.9994635581970215","15.685834884643555","15.685834884643555","15.685834884643555","0.12066931277513504","0.12066931277513504","0.12066931277513504","4.219172954559326","4.219172954559326","4.219172954559326","22.169179916381836","22.169179916381836","22.169179916381836","0.1519239991903305","0.1519239991903305","0.1519239991903305"
"8459","0.2540992796421051","0.2540992796421051","0.2540992796421051","0.35827240347862244","0.35827240347862244","0.35827240347862244","0.11297938972711563","0.11297938972711563","0.11297938972711563","0.4079098105430603","0.4079098105430603","0.4079098105430603","0.48512694239616394","0.48512694239616394","0.48512694239616394","0.16823619604110718","0.16823619604110718","0.16823619604110718"
"8489","0.4413869082927704","0.4413869082927704","0.4413869082927704","0.41328009963035583","0.41328009963035583","0.41328009963035583","0.09507928788661957","0.09507928788661957","0.09507928788661957","0.6853755116462708","0.6853755116462708","0.6853755116462708","0.5551174879074097","0.5551174879074097","0.5551174879074097","0.12214774638414383","0.12214774638414383","0.12214774638414383"
"8519","2.3212192058563232","2.3212192058563232","2.3212192058563232","6.276854038238525","6.276854038238525","6.276854038238525","0.12114284187555313","0.12114284187555313","0.12114284187555313","1.799935221672058","1.799935221672058","1.799935221672058","3.1245737075805664","3.1245737075805664","3.1245737075805664","0.16070552170276642","0.16070552170276642","0.16070552170276642"
"8549","0.3498576581478119","0.3498576581478119","0.3498576581478119","0.5198799967765808","0.5198799967765808","0.5198799967765808","0.143779456615448","0.143779456615448","0.143779456615448","0.5706612467765808","0.5706612467765808","0.5706612467765808","0.9162118434906006","0.9162118434906006","0.9162118434906006","0.16816873848438263","0.16816873848438263","0.16816873848438263"
"8579","0.8309529423713684","0.8309529423713684","0.8309529423713684","1.5431766510009766","1.5431766510009766","1.5431766510009766","0.10651681572198868","0.10651681572198868","0.10651681572198868","1.9048470258712769","1.9048470258712769","1.9048470258712769","13.404622077941895","13.404622077941895","13.404622077941895","0.13913698494434357","0.13913698494434357","0.13913698494434357"
"8609","0.3587106168270111","0.3587106168270111","0.3587106168270111","0.41874930262565613","0.41874930262565613","0.41874930262565613","0.12559719383716583","0.12559719383716583","0.12559719383716583","0.5998771786689758","0.5998771786689758","0.5998771786689758","0.500770628452301","0.500770628452301","0.500770628452301","0.12837041914463043","0.12837041914463043","0.12837041914463043"
"8639","0.4025723934173584","0.4025723934173584","0.4025723934173584","0.2644023001194","0.2644023001194","0.2644023001194","0.0867014229297638","0.0867014229297638","0.0867014229297638","0.5350809097290039","0.5350809097290039","0.5350809097290039","0.46480002999305725","0.46480002999305725","0.46480002999305725","0.17106246948242188","0.17106246948242188","0.17106246948242188"
"8669","0.22359523177146912","0.22359523177146912","0.22359523177146912","0.20924261212348938","0.20924261212348938","0.20924261212348938","0.09232759475708008","0.09232759475708008","0.09232759475708008","0.3679039776325226","0.3679039776325226","0.3679039776325226","0.42558974027633667","0.42558974027633667","0.42558974027633667","0.15023860335350037","0.15023860335350037","0.15023860335350037"
"8699","0.32547736167907715","0.32547736167907715","0.32547736167907715","0.43342331051826477","0.43342331051826477","0.43342331051826477","0.10596688091754913","0.10596688091754913","0.10596688091754913","0.5126716494560242","0.5126716494560242","0.5126716494560242","0.39709582924842834","0.39709582924842834","0.39709582924842834","0.15417805314064026","0.15417805314064026","0.15417805314064026"
"8729","0.9769846796989441","0.9769846796989441","0.9769846796989441","0.8627744913101196","0.8627744913101196","0.8627744913101196","0.09848523885011673","0.09848523885011673","0.09848523885011673","0.7299889326095581","0.7299889326095581","0.7299889326095581","0.6895233988761902","0.6895233988761902","0.6895233988761902","0.15882940590381622","0.15882940590381622","0.15882940590381622"
"8759","0.2705998122692108","0.2705998122692108","0.2705998122692108","0.7764657139778137","0.7764657139778137","0.7764657139778137","0.10476156324148178","0.10476156324148178","0.10476156324148178","0.464079350233078","0.464079350233078","0.464079350233078","1.289879560470581","1.289879560470581","1.289879560470581","0.15350599586963654","0.15350599586963654","0.15350599586963654"
"8789","2.296142816543579","2.296142816543579","2.296142816543579","5.212421894073486","5.212421894073486","5.212421894073486","0.11850468069314957","0.11850468069314957","0.11850468069314957","1.1573134660720825","1.1573134660720825","1.1573134660720825","17.167490005493164","17.167490005493164","17.167490005493164","0.15874513983726501","0.15874513983726501","0.15874513983726501"
"8819","0.30215921998023987","0.30215921998023987","0.30215921998023987","0.2247246652841568","0.2247246652841568","0.2247246652841568","0.08431556820869446","0.08431556820869446","0.08431556820869446","0.3707787096500397","0.3707787096500397","0.3707787096500397","0.37028709053993225","0.37028709053993225","0.37028709053993225","0.12053919583559036","0.12053919583559036","0.12053919583559036"
"8849","0.3565523326396942","0.3565523326396942","0.3565523326396942","0.5235981345176697","0.5235981345176697","0.5235981345176697","0.10293812304735184","0.10293812304735184","0.10293812304735184","0.4977889657020569","0.4977889657020569","0.4977889657020569","0.8474105596542358","0.8474105596542358","0.8474105596542358","0.20162945985794067","0.20162945985794067","0.20162945985794067"
"8879","0.5639356374740601","0.5639356374740601","0.5639356374740601","0.5322753190994263","0.5322753190994263","0.5322753190994263","0.13317053020000458","0.13317053020000458","0.13317053020000458","0.6094048023223877","0.6094048023223877","0.6094048023223877","1.5096420049667358","1.5096420049667358","1.5096420049667358","0.15540346503257751","0.15540346503257751","0.15540346503257751"
"8909","0.5767539739608765","0.5767539739608765","0.5767539739608765","0.6397848725318909","0.6397848725318909","0.6397848725318909","0.09015107899904251","0.09015107899904251","0.09015107899904251","0.4732697904109955","0.4732697904109955","0.4732697904109955","0.6723470687866211","0.6723470687866211","0.6723470687866211","0.1603129804134369","0.1603129804134369","0.1603129804134369"
"8939","0.6437219381332397","0.6437219381332397","0.6437219381332397","0.46102413535118103","0.46102413535118103","0.46102413535118103","0.09490808099508286","0.09490808099508286","0.09490808099508286","0.4267483353614807","0.4267483353614807","0.4267483353614807","0.5731677412986755","0.5731677412986755","0.5731677412986755","0.15585677325725555","0.15585677325725555","0.15585677325725555"
"8969","0.34858939051628113","0.34858939051628113","0.34858939051628113","0.3581927716732025","0.3581927716732025","0.3581927716732025","0.07420750707387924","0.07420750707387924","0.07420750707387924","0.7078164219856262","0.7078164219856262","0.7078164219856262","0.42212405800819397","0.42212405800819397","0.42212405800819397","0.11867234855890274","0.11867234855890274","0.11867234855890274"
"8999","1.8668283224105835","1.8668283224105835","1.8668283224105835","3.34499454498291","3.34499454498291","3.34499454498291","0.13168737292289734","0.13168737292289734","0.13168737292289734","0.5035287141799927","0.5035287141799927","0.5035287141799927","7.641786098480225","7.641786098480225","7.641786098480225","0.15267685055732727","0.15267685055732727","0.15267685055732727"
"9029","0.40240103006362915","0.40240103006362915","0.40240103006362915","0.7956492304801941","0.7956492304801941","0.7956492304801941","0.10104799270629883","0.10104799270629883","0.10104799270629883","0.42401450872421265","0.42401450872421265","0.42401450872421265","1.3889209032058716","1.3889209032058716","1.3889209032058716","0.16148802638053894","0.16148802638053894","0.16148802638053894"
"9059","0.42024940252304077","0.42024940252304077","0.42024940252304077","0.5668202638626099","0.5668202638626099","0.5668202638626099","0.10830924659967422","0.10830924659967422","0.10830924659967422","0.7160279750823975","0.7160279750823975","0.7160279750823975","0.6855329275131226","0.6855329275131226","0.6855329275131226","0.15139184892177582","0.15139184892177582","0.15139184892177582"
"9089","0.19515159726142883","0.19515159726142883","0.19515159726142883","0.3510420024394989","0.3510420024394989","0.3510420024394989","0.0870036706328392","0.0870036706328392","0.0870036706328392","0.29699474573135376","0.29699474573135376","0.29699474573135376","0.497972697019577","0.497972697019577","0.497972697019577","0.12911558151245117","0.12911558151245117","0.12911558151245117"
"9119","0.27123233675956726","0.27123233675956726","0.27123233675956726","0.2750353515148163","0.2750353515148163","0.2750353515148163","0.076756052672863","0.076756052672863","0.076756052672863","0.4146040976047516","0.4146040976047516","0.4146040976047516","0.33933326601982117","0.33933326601982117","0.33933326601982117","0.13799625635147095","0.13799625635147095","0.13799625635147095"
"9149","0.3370878994464874","0.3370878994464874","0.3370878994464874","0.3642728626728058","0.3642728626728058","0.3642728626728058","0.08247511088848114","0.08247511088848114","0.08247511088848114","0.4580555558204651","0.4580555558204651","0.4580555558204651","0.7062879800796509","0.7062879800796509","0.7062879800796509","0.11869339644908905","0.11869339644908905","0.11869339644908905"
"9179","0.2269759625196457","0.2269759625196457","0.2269759625196457","0.2795829474925995","0.2795829474925995","0.2795829474925995","0.09831344336271286","0.09831344336271286","0.09831344336271286","0.38522857427597046","0.38522857427597046","0.38522857427597046","0.44755324721336365","0.44755324721336365","0.44755324721336365","0.13682611286640167","0.13682611286640167","0.13682611286640167"
"9209","3.0515825748443604","3.0515825748443604","3.0515825748443604","10.764349937438965","10.764349937438965","10.764349937438965","0.08897216618061066","0.08897216618061066","0.08897216618061066","4.60385274887085","4.60385274887085","4.60385274887085","6.985354900360107","6.985354900360107","6.985354900360107","0.15206275880336761","0.15206275880336761","0.15206275880336761"
"9239","3.12823224067688","3.12823224067688","3.12823224067688","1.4705090522766113","1.4705090522766113","1.4705090522766113","0.09358317404985428","0.09358317404985428","0.09358317404985428","0.5162951350212097","0.5162951350212097","0.5162951350212097","1.0737565755844116","1.0737565755844116","1.0737565755844116","0.12714850902557373","0.12714850902557373","0.12714850902557373"
"9269","1.3676940202713013","1.3676940202713013","1.3676940202713013","0.7716144323348999","0.7716144323348999","0.7716144323348999","0.11960846930742264","0.11960846930742264","0.11960846930742264","0.6750589609146118","0.6750589609146118","0.6750589609146118","0.9016648530960083","0.9016648530960083","0.9016648530960083","0.1536262482404709","0.1536262482404709","0.1536262482404709"
"9299","0.5743513703346252","0.5743513703346252","0.5743513703346252","0.7197231650352478","0.7197231650352478","0.7197231650352478","0.09640741348266602","0.09640741348266602","0.09640741348266602","0.33911311626434326","0.33911311626434326","0.33911311626434326","0.4177013337612152","0.4177013337612152","0.4177013337612152","0.15157054364681244","0.15157054364681244","0.15157054364681244"
"9329","0.23787586390972137","0.23787586390972137","0.23787586390972137","0.22496314346790314","0.22496314346790314","0.22496314346790314","0.07961472123861313","0.07961472123861313","0.07961472123861313","0.36789950728416443","0.36789950728416443","0.36789950728416443","0.32952260971069336","0.32952260971069336","0.32952260971069336","0.12132250517606735","0.12132250517606735","0.12132250517606735"
"9359","0.28855642676353455","0.28855642676353455","0.28855642676353455","0.28272244334220886","0.28272244334220886","0.28272244334220886","0.16028358042240143","0.16028358042240143","0.16028358042240143","0.7063090205192566","0.7063090205192566","0.7063090205192566","0.8364344835281372","0.8364344835281372","0.8364344835281372","0.15039685368537903","0.15039685368537903","0.15039685368537903"
"9389","0.20900042355060577","0.20900042355060577","0.20900042355060577","0.2018365114927292","0.2018365114927292","0.2018365114927292","0.09808748960494995","0.09808748960494995","0.09808748960494995","0.3153500556945801","0.3153500556945801","0.3153500556945801","0.3874250054359436","0.3874250054359436","0.3874250054359436","0.1311475932598114","0.1311475932598114","0.1311475932598114"
"9419","0.4212391972541809","0.4212391972541809","0.4212391972541809","0.6981514096260071","0.6981514096260071","0.6981514096260071","0.08380254358053207","0.08380254358053207","0.08380254358053207","0.78252774477005","0.78252774477005","0.78252774477005","0.459229052066803","0.459229052066803","0.459229052066803","0.11119775474071503","0.11119775474071503","0.11119775474071503"
"9449","0.1777809113264084","0.1777809113264084","0.1777809113264084","0.45037680864334106","0.45037680864334106","0.45037680864334106","0.10323455929756165","0.10323455929756165","0.10323455929756165","0.32433852553367615","0.32433852553367615","0.32433852553367615","0.5412275791168213","0.5412275791168213","0.5412275791168213","0.14106830954551697","0.14106830954551697","0.14106830954551697"
"9479","0.25804704427719116","0.25804704427719116","0.25804704427719116","0.3019251525402069","0.3019251525402069","0.3019251525402069","0.09709818661212921","0.09709818661212921","0.09709818661212921","0.3492649793624878","0.3492649793624878","0.3492649793624878","0.36360469460487366","0.36360469460487366","0.36360469460487366","0.13492798805236816","0.13492798805236816","0.13492798805236816"
"9509","0.19361792504787445","0.19361792504787445","0.19361792504787445","0.3935406804084778","0.3935406804084778","0.3935406804084778","0.08813009411096573","0.08813009411096573","0.08813009411096573","0.5180176496505737","0.5180176496505737","0.5180176496505737","0.5101253986358643","0.5101253986358643","0.5101253986358643","0.1857248991727829","0.1857248991727829","0.1857248991727829"
"9539","0.26165348291397095","0.26165348291397095","0.26165348291397095","0.6044202446937561","0.6044202446937561","0.6044202446937561","0.09974709898233414","0.09974709898233414","0.09974709898233414","0.454380601644516","0.454380601644516","0.454380601644516","0.38932666182518005","0.38932666182518005","0.38932666182518005","0.12628011405467987","0.12628011405467987","0.12628011405467987"
"9569","0.4514148533344269","0.4514148533344269","0.4514148533344269","0.5125752687454224","0.5125752687454224","0.5125752687454224","0.09001313894987106","0.09001313894987106","0.09001313894987106","0.46446749567985535","0.46446749567985535","0.46446749567985535","0.5104202628135681","0.5104202628135681","0.5104202628135681","0.13027316331863403","0.13027316331863403","0.13027316331863403"
"9599","0.2712832987308502","0.2712832987308502","0.2712832987308502","0.2834021747112274","0.2834021747112274","0.2834021747112274","0.08334905654191971","0.08334905654191971","0.08334905654191971","0.3059485852718353","0.3059485852718353","0.3059485852718353","0.3522283732891083","0.3522283732891083","0.3522283732891083","0.16490302979946136","0.16490302979946136","0.16490302979946136"
"9629","0.2989462912082672","0.2989462912082672","0.2989462912082672","0.41898199915885925","0.41898199915885925","0.41898199915885925","0.09856563061475754","0.09856563061475754","0.09856563061475754","0.35898810625076294","0.35898810625076294","0.35898810625076294","0.4799298644065857","0.4799298644065857","0.4799298644065857","0.1432313174009323","0.1432313174009323","0.1432313174009323"
"9659","0.44448378682136536","0.44448378682136536","0.44448378682136536","0.4596792757511139","0.4596792757511139","0.4596792757511139","0.09088252484798431","0.09088252484798431","0.09088252484798431","0.8334051370620728","0.8334051370620728","0.8334051370620728","0.7579033374786377","0.7579033374786377","0.7579033374786377","0.18346856534481049","0.18346856534481049","0.18346856534481049"
"9689","0.27640458941459656","0.27640458941459656","0.27640458941459656","0.20135356485843658","0.20135356485843658","0.20135356485843658","0.08748774230480194","0.08748774230480194","0.08748774230480194","0.39246848225593567","0.39246848225593567","0.39246848225593567","0.349063903093338","0.349063903093338","0.349063903093338","0.14260812103748322","0.14260812103748322","0.14260812103748322"
"9719","0.413215696811676","0.413215696811676","0.413215696811676","0.5611522793769836","0.5611522793769836","0.5611522793769836","0.08858619630336761","0.08858619630336761","0.08858619630336761","1.1085082292556763","1.1085082292556763","1.1085082292556763","0.8694548010826111","0.8694548010826111","0.8694548010826111","0.13387025892734528","0.13387025892734528","0.13387025892734528"
"9749","0.24567382037639618","0.24567382037639618","0.24567382037639618","0.41200339794158936","0.41200339794158936","0.41200339794158936","0.14701837301254272","0.14701837301254272","0.14701837301254272","0.5435824394226074","0.5435824394226074","0.5435824394226074","0.557806670665741","0.557806670665741","0.557806670665741","0.1367444545030594","0.1367444545030594","0.1367444545030594"
"9779","0.39268651604652405","0.39268651604652405","0.39268651604652405","0.33159589767456055","0.33159589767456055","0.33159589767456055","0.0850902795791626","0.0850902795791626","0.0850902795791626","0.4998316168785095","0.4998316168785095","0.4998316168785095","0.374911904335022","0.374911904335022","0.374911904335022","0.11380350589752197","0.11380350589752197","0.11380350589752197"
"9809","0.3921767473220825","0.3921767473220825","0.3921767473220825","0.3388812243938446","0.3388812243938446","0.3388812243938446","0.07198990881443024","0.07198990881443024","0.07198990881443024","0.3028842508792877","0.3028842508792877","0.3028842508792877","0.39487800002098083","0.39487800002098083","0.39487800002098083","0.12390641123056412","0.12390641123056412","0.12390641123056412"
"9839","0.4938795268535614","0.4938795268535614","0.4938795268535614","0.5588036775588989","0.5588036775588989","0.5588036775588989","0.07577729970216751","0.07577729970216751","0.07577729970216751","0.35705554485321045","0.35705554485321045","0.35705554485321045","0.6913377046585083","0.6913377046585083","0.6913377046585083","0.14925259351730347","0.14925259351730347","0.14925259351730347"
"9869","0.6870025396347046","0.6870025396347046","0.6870025396347046","1.9312139749526978","1.9312139749526978","1.9312139749526978","0.12182096391916275","0.12182096391916275","0.12182096391916275","0.8237112164497375","0.8237112164497375","0.8237112164497375","4.235620975494385","4.235620975494385","4.235620975494385","0.12985627353191376","0.12985627353191376","0.12985627353191376"
"9899","0.24080120027065277","0.24080120027065277","0.24080120027065277","0.1898411512374878","0.1898411512374878","0.1898411512374878","0.08105921745300293","0.08105921745300293","0.08105921745300293","0.299955278635025","0.299955278635025","0.299955278635025","0.338662326335907","0.338662326335907","0.338662326335907","0.11913307011127472","0.11913307011127472","0.11913307011127472"
"9929","0.4280237853527069","0.4280237853527069","0.4280237853527069","0.726959228515625","0.726959228515625","0.726959228515625","0.09007162600755692","0.09007162600755692","0.09007162600755692","0.47909629344940186","0.47909629344940186","0.47909629344940186","0.8439275026321411","0.8439275026321411","0.8439275026321411","0.15239980816841125","0.15239980816841125","0.15239980816841125"
"9959","0.272735595703125","0.272735595703125","0.272735595703125","0.4913259446620941","0.4913259446620941","0.4913259446620941","0.09331206977367401","0.09331206977367401","0.09331206977367401","0.27187618613243103","0.27187618613243103","0.27187618613243103","0.5061864256858826","0.5061864256858826","0.5061864256858826","0.16041366755962372","0.16041366755962372","0.16041366755962372"
"9989","0.3816131055355072","0.3816131055355072","0.3816131055355072","0.31212759017944336","0.31212759017944336","0.31212759017944336","0.0708913654088974","0.0708913654088974","0.0708913654088974","0.3650571405887604","0.3650571405887604","0.3650571405887604","0.4972248077392578","0.4972248077392578","0.4972248077392578","0.10983117669820786","0.10983117669820786","0.10983117669820786"
"10019","0.23151803016662598","0.23151803016662598","0.23151803016662598","0.9754867553710938","0.9754867553710938","0.9754867553710938","0.1148301213979721","0.1148301213979721","0.1148301213979721","0.31346625089645386","0.31346625089645386","0.31346625089645386","0.5667147636413574","0.5667147636413574","0.5667147636413574","0.22835290431976318","0.22835290431976318","0.22835290431976318"
"10049","0.6456681489944458","0.6456681489944458","0.6456681489944458","0.4470118284225464","0.4470118284225464","0.4470118284225464","0.0924588218331337","0.0924588218331337","0.0924588218331337","0.4079887270927429","0.4079887270927429","0.4079887270927429","0.9658553004264832","0.9658553004264832","0.9658553004264832","0.15528108179569244","0.15528108179569244","0.15528108179569244"
"10079","0.29746875166893005","0.29746875166893005","0.29746875166893005","0.31618645787239075","0.31618645787239075","0.31618645787239075","0.11908569186925888","0.11908569186925888","0.11908569186925888","0.473805695772171","0.473805695772171","0.473805695772171","0.3151176869869232","0.3151176869869232","0.3151176869869232","0.10125984996557236","0.10125984996557236","0.10125984996557236"
"10109","0.35630255937576294","0.35630255937576294","0.35630255937576294","0.6350541710853577","0.6350541710853577","0.6350541710853577","0.06519699841737747","0.06519699841737747","0.06519699841737747","0.473795622587204","0.473795622587204","0.473795622587204","0.4743495583534241","0.4743495583534241","0.4743495583534241","0.12062329798936844","0.12062329798936844","0.12062329798936844"
"10139","0.9677015542984009","0.9677015542984009","0.9677015542984009","3.2673354148864746","3.2673354148864746","3.2673354148864746","0.0833682119846344","0.0833682119846344","0.0833682119846344","0.394849956035614","0.394849956035614","0.394849956035614","1.248914361000061","1.248914361000061","1.248914361000061","0.15426917374134064","0.15426917374134064","0.15426917374134064"
"10169","0.5978593230247498","0.5978593230247498","0.5978593230247498","0.6163188219070435","0.6163188219070435","0.6163188219070435","0.08186008036136627","0.08186008036136627","0.08186008036136627","0.552433431148529","0.552433431148529","0.552433431148529","0.5750325322151184","0.5750325322151184","0.5750325322151184","0.15129142999649048","0.15129142999649048","0.15129142999649048"
"10199","0.4124774932861328","0.4124774932861328","0.4124774932861328","1.1570348739624023","1.1570348739624023","1.1570348739624023","0.08023195713758469","0.08023195713758469","0.08023195713758469","0.4389166235923767","0.4389166235923767","0.4389166235923767","0.6307439208030701","0.6307439208030701","0.6307439208030701","0.12369337677955627","0.12369337677955627","0.12369337677955627"
"10229","0.9395385384559631","0.9395385384559631","0.9395385384559631","0.6535991430282593","0.6535991430282593","0.6535991430282593","0.09347589313983917","0.09347589313983917","0.09347589313983917","1.0182355642318726","1.0182355642318726","1.0182355642318726","0.9030342102050781","0.9030342102050781","0.9030342102050781","0.23222365975379944","0.23222365975379944","0.23222365975379944"
"10259","0.3736637830734253","0.3736637830734253","0.3736637830734253","0.3681747019290924","0.3681747019290924","0.3681747019290924","0.08698011934757233","0.08698011934757233","0.08698011934757233","0.6655170321464539","0.6655170321464539","0.6655170321464539","0.4136345684528351","0.4136345684528351","0.4136345684528351","0.13271401822566986","0.13271401822566986","0.13271401822566986"
"10289","0.6478108167648315","0.6478108167648315","0.6478108167648315","0.6085222959518433","0.6085222959518433","0.6085222959518433","0.08200158923864365","0.08200158923864365","0.08200158923864365","0.33560439944267273","0.33560439944267273","0.33560439944267273","0.40395233035087585","0.40395233035087585","0.40395233035087585","0.13517184555530548","0.13517184555530548","0.13517184555530548"
"10319","0.40600481629371643","0.40600481629371643","0.40600481629371643","0.39742258191108704","0.39742258191108704","0.39742258191108704","0.1038089171051979","0.1038089171051979","0.1038089171051979","0.2644190490245819","0.2644190490245819","0.2644190490245819","0.9584336876869202","0.9584336876869202","0.9584336876869202","0.13530410826206207","0.13530410826206207","0.13530410826206207"
"10349","0.4069896340370178","0.4069896340370178","0.4069896340370178","2.2270398139953613","2.2270398139953613","2.2270398139953613","0.10448919236660004","0.10448919236660004","0.10448919236660004","0.6909692287445068","0.6909692287445068","0.6909692287445068","1.976725459098816","1.976725459098816","1.976725459098816","0.1556096076965332","0.1556096076965332","0.1556096076965332"
"10379","1.704834222793579","1.704834222793579","1.704834222793579","3.4582674503326416","3.4582674503326416","3.4582674503326416","0.07704594731330872","0.07704594731330872","0.07704594731330872","0.8325496315956116","0.8325496315956116","0.8325496315956116","3.931889533996582","3.931889533996582","3.931889533996582","0.12925058603286743","0.12925058603286743","0.12925058603286743"
"10409","0.3070128560066223","0.3070128560066223","0.3070128560066223","0.34630095958709717","0.34630095958709717","0.34630095958709717","0.14171338081359863","0.14171338081359863","0.14171338081359863","0.298458069562912","0.298458069562912","0.298458069562912","0.49068450927734375","0.49068450927734375","0.49068450927734375","0.15193486213684082","0.15193486213684082","0.15193486213684082"
"10439","1.1281650066375732","1.1281650066375732","1.1281650066375732","0.4122936427593231","0.4122936427593231","0.4122936427593231","0.15163560211658478","0.15163560211658478","0.15163560211658478","0.49172428250312805","0.49172428250312805","0.49172428250312805","0.7700050473213196","0.7700050473213196","0.7700050473213196","0.14308862388134003","0.14308862388134003","0.14308862388134003"
"10469","2.4797451496124268","2.4797451496124268","2.4797451496124268","13.697768211364746","13.697768211364746","13.697768211364746","0.09589225798845291","0.09589225798845291","0.09589225798845291","1.951597809791565","1.951597809791565","1.951597809791565","26.911991119384766","26.911991119384766","26.911991119384766","0.13100801408290863","0.13100801408290863","0.13100801408290863"
"10499","0.2331005036830902","0.2331005036830902","0.2331005036830902","0.9229963421821594","0.9229963421821594","0.9229963421821594","0.10456334054470062","0.10456334054470062","0.10456334054470062","0.3207867741584778","0.3207867741584778","0.3207867741584778","0.6667066812515259","0.6667066812515259","0.6667066812515259","0.12720395624637604","0.12720395624637604","0.12720395624637604"
"10529","0.6866134405136108","0.6866134405136108","0.6866134405136108","1.8111387491226196","1.8111387491226196","1.8111387491226196","0.11915840208530426","0.11915840208530426","0.11915840208530426","0.8038834929466248","0.8038834929466248","0.8038834929466248","0.9187127351760864","0.9187127351760864","0.9187127351760864","0.13235992193222046","0.13235992193222046","0.13235992193222046"
"10559","0.3330451250076294","0.3330451250076294","0.3330451250076294","0.3439468443393707","0.3439468443393707","0.3439468443393707","0.09815993905067444","0.09815993905067444","0.09815993905067444","0.36598628759384155","0.36598628759384155","0.36598628759384155","0.33711403608322144","0.33711403608322144","0.33711403608322144","0.1332559436559677","0.1332559436559677","0.1332559436559677"
"10589","0.4166852533817291","0.4166852533817291","0.4166852533817291","0.8441935777664185","0.8441935777664185","0.8441935777664185","0.07320037484169006","0.07320037484169006","0.07320037484169006","0.266592413187027","0.266592413187027","0.266592413187027","0.6062690019607544","0.6062690019607544","0.6062690019607544","0.15253202617168427","0.15253202617168427","0.15253202617168427"
"10619","0.20400984585285187","0.20400984585285187","0.20400984585285187","0.49607816338539124","0.49607816338539124","0.49607816338539124","0.10512685775756836","0.10512685775756836","0.10512685775756836","0.28613537549972534","0.28613537549972534","0.28613537549972534","0.4796565771102905","0.4796565771102905","0.4796565771102905","0.11405585706233978","0.11405585706233978","0.11405585706233978"
"10649","0.38621464371681213","0.38621464371681213","0.38621464371681213","1.173142671585083","1.173142671585083","1.173142671585083","0.124941386282444","0.124941386282444","0.124941386282444","1.0414444208145142","1.0414444208145142","1.0414444208145142","1.605652928352356","1.605652928352356","1.605652928352356","0.15390494465827942","0.15390494465827942","0.15390494465827942"
"10679","0.20614619553089142","0.20614619553089142","0.20614619553089142","0.28188225626945496","0.28188225626945496","0.28188225626945496","0.10499490797519684","0.10499490797519684","0.10499490797519684","0.2303236722946167","0.2303236722946167","0.2303236722946167","0.28337380290031433","0.28337380290031433","0.28337380290031433","0.10269064456224442","0.10269064456224442","0.10269064456224442"
"10709","0.3561561405658722","0.3561561405658722","0.3561561405658722","1.8124637603759766","1.8124637603759766","1.8124637603759766","0.08625368028879166","0.08625368028879166","0.08625368028879166","0.5370463728904724","0.5370463728904724","0.5370463728904724","1.2980681657791138","1.2980681657791138","1.2980681657791138","0.13314427435398102","0.13314427435398102","0.13314427435398102"
"10739","0.23755452036857605","0.23755452036857605","0.23755452036857605","0.313937246799469","0.313937246799469","0.313937246799469","0.073150135576725","0.073150135576725","0.073150135576725","0.6306702494621277","0.6306702494621277","0.6306702494621277","0.42645856738090515","0.42645856738090515","0.42645856738090515","0.13059142231941223","0.13059142231941223","0.13059142231941223"
"10769","0.35517194867134094","0.35517194867134094","0.35517194867134094","0.35660797357559204","0.35660797357559204","0.35660797357559204","0.099857859313488","0.099857859313488","0.099857859313488","0.413808137178421","0.413808137178421","0.413808137178421","0.5013666152954102","0.5013666152954102","0.5013666152954102","0.1331007033586502","0.1331007033586502","0.1331007033586502"
"10799","0.1888747364282608","0.1888747364282608","0.1888747364282608","0.22752417623996735","0.22752417623996735","0.22752417623996735","0.09338270872831345","0.09338270872831345","0.09338270872831345","0.3137367367744446","0.3137367367744446","0.3137367367744446","0.31092238426208496","0.31092238426208496","0.31092238426208496","0.1377980262041092","0.1377980262041092","0.1377980262041092"
"10829","0.17140281200408936","0.17140281200408936","0.17140281200408936","0.4953639805316925","0.4953639805316925","0.4953639805316925","0.07927071303129196","0.07927071303129196","0.07927071303129196","0.23579342663288116","0.23579342663288116","0.23579342663288116","0.36497893929481506","0.36497893929481506","0.36497893929481506","0.1249319314956665","0.1249319314956665","0.1249319314956665"
"10859","0.1762983351945877","0.1762983351945877","0.1762983351945877","0.3358026444911957","0.3358026444911957","0.3358026444911957","0.09222132712602615","0.09222132712602615","0.09222132712602615","0.27288076281547546","0.27288076281547546","0.27288076281547546","0.3357558250427246","0.3357558250427246","0.3357558250427246","0.1297847181558609","0.1297847181558609","0.1297847181558609"
"10889","2.7051243782043457","2.7051243782043457","2.7051243782043457","17.65275764465332","17.65275764465332","17.65275764465332","0.06913116574287415","0.06913116574287415","0.06913116574287415","2.2412867546081543","2.2412867546081543","2.2412867546081543","19.90922737121582","19.90922737121582","19.90922737121582","0.11405779421329498","0.11405779421329498","0.11405779421329498"
"10919","6.238198757171631","6.238198757171631","6.238198757171631","24.779630661010742","24.779630661010742","24.779630661010742","0.07634210586547852","0.07634210586547852","0.07634210586547852","4.228870391845703","4.228870391845703","4.228870391845703","18.956979751586914","18.956979751586914","18.956979751586914","0.11886746436357498","0.11886746436357498","0.11886746436357498"
"10949","0.20900127291679382","0.20900127291679382","0.20900127291679382","0.2661159038543701","0.2661159038543701","0.2661159038543701","0.09003681689500809","0.09003681689500809","0.09003681689500809","0.30141493678092957","0.30141493678092957","0.30141493678092957","0.29649409651756287","0.29649409651756287","0.29649409651756287","0.11995548009872437","0.11995548009872437","0.11995548009872437"
"10979","0.22800511121749878","0.22800511121749878","0.22800511121749878","0.2604579031467438","0.2604579031467438","0.2604579031467438","0.06596417725086212","0.06596417725086212","0.06596417725086212","0.30185890197753906","0.30185890197753906","0.30185890197753906","0.28584736585617065","0.28584736585617065","0.28584736585617065","0.13455896079540253","0.13455896079540253","0.13455896079540253"
"11009","0.3831334710121155","0.3831334710121155","0.3831334710121155","0.40331581234931946","0.40331581234931946","0.40331581234931946","0.08047696948051453","0.08047696948051453","0.08047696948051453","0.35566622018814087","0.35566622018814087","0.35566622018814087","0.6005189418792725","0.6005189418792725","0.6005189418792725","0.1747250258922577","0.1747250258922577","0.1747250258922577"
"11039","0.34088996052742004","0.34088996052742004","0.34088996052742004","0.8135594725608826","0.8135594725608826","0.8135594725608826","0.0671820193529129","0.0671820193529129","0.0671820193529129","1.030796766281128","1.030796766281128","1.030796766281128","0.7932789325714111","0.7932789325714111","0.7932789325714111","0.11150876432657242","0.11150876432657242","0.11150876432657242"
"11069","0.641366720199585","0.641366720199585","0.641366720199585","0.8679901957511902","0.8679901957511902","0.8679901957511902","0.07777659595012665","0.07777659595012665","0.07777659595012665","0.5394428372383118","0.5394428372383118","0.5394428372383118","0.4627014100551605","0.4627014100551605","0.4627014100551605","0.09955331683158875","0.09955331683158875","0.09955331683158875"
"11099","0.30362945795059204","0.30362945795059204","0.30362945795059204","0.29090166091918945","0.29090166091918945","0.29090166091918945","0.0738055557012558","0.0738055557012558","0.0738055557012558","0.3610571324825287","0.3610571324825287","0.3610571324825287","0.3559570908546448","0.3559570908546448","0.3559570908546448","0.15661731362342834","0.15661731362342834","0.15661731362342834"
"11129","0.20933301746845245","0.20933301746845245","0.20933301746845245","0.34832876920700073","0.34832876920700073","0.34832876920700073","0.06849431991577148","0.06849431991577148","0.06849431991577148","0.4059043526649475","0.4059043526649475","0.4059043526649475","0.46569815278053284","0.46569815278053284","0.46569815278053284","0.09734824299812317","0.09734824299812317","0.09734824299812317"
"11159","0.43688270449638367","0.43688270449638367","0.43688270449638367","0.26937007904052734","0.26937007904052734","0.26937007904052734","0.06618685275316238","0.06618685275316238","0.06618685275316238","0.2806907296180725","0.2806907296180725","0.2806907296180725","0.3465772867202759","0.3465772867202759","0.3465772867202759","0.11238393187522888","0.11238393187522888","0.11238393187522888"
"11189","1.2095727920532227","1.2095727920532227","1.2095727920532227","21.165666580200195","21.165666580200195","21.165666580200195","0.07426200807094574","0.07426200807094574","0.07426200807094574","7.314772129058838","7.314772129058838","7.314772129058838","9.728493690490723","9.728493690490723","9.728493690490723","0.10971719771623611","0.10971719771623611","0.10971719771623611"
"11219","0.21869505941867828","0.21869505941867828","0.21869505941867828","0.35285064578056335","0.35285064578056335","0.35285064578056335","0.10698071122169495","0.10698071122169495","0.10698071122169495","0.3163932263851166","0.3163932263851166","0.3163932263851166","0.41237565875053406","0.41237565875053406","0.41237565875053406","0.10542070120573044","0.10542070120573044","0.10542070120573044"
"11249","0.4375852942466736","0.4375852942466736","0.4375852942466736","0.32118740677833557","0.32118740677833557","0.32118740677833557","0.06397577375173569","0.06397577375173569","0.06397577375173569","0.5603063702583313","0.5603063702583313","0.5603063702583313","0.47142383456230164","0.47142383456230164","0.47142383456230164","0.10589637607336044","0.10589637607336044","0.10589637607336044"
"11279","0.4760701656341553","0.4760701656341553","0.4760701656341553","0.9434678554534912","0.9434678554534912","0.9434678554534912","0.06824073940515518","0.06824073940515518","0.06824073940515518","0.966255784034729","0.966255784034729","0.966255784034729","1.2142475843429565","1.2142475843429565","1.2142475843429565","0.11030545830726624","0.11030545830726624","0.11030545830726624"
"11309","0.8395154476165771","0.8395154476165771","0.8395154476165771","2.944976329803467","2.944976329803467","2.944976329803467","0.07216878980398178","0.07216878980398178","0.07216878980398178","0.4357248544692993","0.4357248544692993","0.4357248544692993","3.605637550354004","3.605637550354004","3.605637550354004","0.0927950069308281","0.0927950069308281","0.0927950069308281"
"11339","0.22434282302856445","0.22434282302856445","0.22434282302856445","0.2298775017261505","0.2298775017261505","0.2298775017261505","0.09922488778829575","0.09922488778829575","0.09922488778829575","0.25602132081985474","0.25602132081985474","0.25602132081985474","0.35376134514808655","0.35376134514808655","0.35376134514808655","0.12150051444768906","0.12150051444768906","0.12150051444768906"
"11369","0.7650745511054993","0.7650745511054993","0.7650745511054993","0.6422806978225708","0.6422806978225708","0.6422806978225708","0.061548955738544464","0.061548955738544464","0.061548955738544464","0.3357778787612915","0.3357778787612915","0.3357778787612915","0.4108666777610779","0.4108666777610779","0.4108666777610779","0.0883212760090828","0.0883212760090828","0.0883212760090828"
"11399","0.2850564122200012","0.2850564122200012","0.2850564122200012","0.23495204746723175","0.23495204746723175","0.23495204746723175","0.060714349150657654","0.060714349150657654","0.060714349150657654","0.29110607504844666","0.29110607504844666","0.29110607504844666","0.4044400751590729","0.4044400751590729","0.4044400751590729","0.10858677327632904","0.10858677327632904","0.10858677327632904"
"11429","1.6324999332427979","1.6324999332427979","1.6324999332427979","12.391947746276855","12.391947746276855","12.391947746276855","0.07732228934764862","0.07732228934764862","0.07732228934764862","4.299094200134277","4.299094200134277","4.299094200134277","8.6965913772583","8.6965913772583","8.6965913772583","0.10465167462825775","0.10465167462825775","0.10465167462825775"
"11459","0.412006676197052","0.412006676197052","0.412006676197052","0.2834731340408325","0.2834731340408325","0.2834731340408325","0.08841706812381744","0.08841706812381744","0.08841706812381744","0.28992173075675964","0.28992173075675964","0.28992173075675964","0.943173348903656","0.943173348903656","0.943173348903656","0.11351647973060608","0.11351647973060608","0.11351647973060608"
"11489","0.3196657598018646","0.3196657598018646","0.3196657598018646","0.5570643544197083","0.5570643544197083","0.5570643544197083","0.1054452508687973","0.1054452508687973","0.1054452508687973","0.2507997453212738","0.2507997453212738","0.2507997453212738","1.2292592525482178","1.2292592525482178","1.2292592525482178","0.10787448287010193","0.10787448287010193","0.10787448287010193"
"11519","0.36637869477272034","0.36637869477272034","0.36637869477272034","0.437242716550827","0.437242716550827","0.437242716550827","0.09390454739332199","0.09390454739332199","0.09390454739332199","0.39657407999038696","0.39657407999038696","0.39657407999038696","0.4576088488101959","0.4576088488101959","0.4576088488101959","0.11567038297653198","0.11567038297653198","0.11567038297653198"
"11549","0.3693259656429291","0.3693259656429291","0.3693259656429291","0.28178995847702026","0.28178995847702026","0.28178995847702026","0.07002830505371094","0.07002830505371094","0.07002830505371094","0.49287059903144836","0.49287059903144836","0.49287059903144836","0.5883731245994568","0.5883731245994568","0.5883731245994568","0.11509334295988083","0.11509334295988083","0.11509334295988083"
"11579","2.4555821418762207","2.4555821418762207","2.4555821418762207","12.566790580749512","12.566790580749512","12.566790580749512","0.06993953883647919","0.06993953883647919","0.06993953883647919","2.008227586746216","2.008227586746216","2.008227586746216","3.7532594203948975","3.7532594203948975","3.7532594203948975","0.10813946276903152","0.10813946276903152","0.10813946276903152"
"11609","0.23746711015701294","0.23746711015701294","0.23746711015701294","0.4839353859424591","0.4839353859424591","0.4839353859424591","0.06824155896902084","0.06824155896902084","0.06824155896902084","0.26268652081489563","0.26268652081489563","0.26268652081489563","0.8262032270431519","0.8262032270431519","0.8262032270431519","0.1053764671087265","0.1053764671087265","0.1053764671087265"
"11639","0.8143028616905212","0.8143028616905212","0.8143028616905212","2.062249183654785","2.062249183654785","2.062249183654785","0.07368975132703781","0.07368975132703781","0.07368975132703781","0.7402743101119995","0.7402743101119995","0.7402743101119995","9.259166717529297","9.259166717529297","9.259166717529297","0.12061811983585358","0.12061811983585358","0.12061811983585358"
"11669","0.21749122440814972","0.21749122440814972","0.21749122440814972","0.44975313544273376","0.44975313544273376","0.44975313544273376","0.0731273666024208","0.0731273666024208","0.0731273666024208","0.2763385474681854","0.2763385474681854","0.2763385474681854","0.5241605043411255","0.5241605043411255","0.5241605043411255","0.13046061992645264","0.13046061992645264","0.13046061992645264"
"11699","3.757159948348999","3.757159948348999","3.757159948348999","3.9450936317443848","3.9450936317443848","3.9450936317443848","0.0791596844792366","0.0791596844792366","0.0791596844792366","2.8234782218933105","2.8234782218933105","2.8234782218933105","5.462173938751221","5.462173938751221","5.462173938751221","0.13096562027931213","0.13096562027931213","0.13096562027931213"
"11729","0.19893410801887512","0.19893410801887512","0.19893410801887512","0.24740757048130035","0.24740757048130035","0.24740757048130035","0.11801057308912277","0.11801057308912277","0.11801057308912277","0.5101945996284485","0.5101945996284485","0.5101945996284485","0.3236778974533081","0.3236778974533081","0.3236778974533081","0.10923425108194351","0.10923425108194351","0.10923425108194351"
"11759","0.20617957413196564","0.20617957413196564","0.20617957413196564","0.358622282743454","0.358622282743454","0.358622282743454","0.09999223798513412","0.09999223798513412","0.09999223798513412","0.3093022108078003","0.3093022108078003","0.3093022108078003","0.3766956329345703","0.3766956329345703","0.3766956329345703","0.13496510684490204","0.13496510684490204","0.13496510684490204"
"11789","0.3328496217727661","0.3328496217727661","0.3328496217727661","0.38823673129081726","0.38823673129081726","0.38823673129081726","0.08404229581356049","0.08404229581356049","0.08404229581356049","0.3015405833721161","0.3015405833721161","0.3015405833721161","0.6326864957809448","0.6326864957809448","0.6326864957809448","0.11833072453737259","0.11833072453737259","0.11833072453737259"
"11819","0.6627728343009949","0.6627728343009949","0.6627728343009949","0.6099814176559448","0.6099814176559448","0.6099814176559448","0.08270595222711563","0.08270595222711563","0.08270595222711563","0.3997718095779419","0.3997718095779419","0.3997718095779419","0.6647740006446838","0.6647740006446838","0.6647740006446838","0.14993655681610107","0.14993655681610107","0.14993655681610107"
"11849","0.24590086936950684","0.24590086936950684","0.24590086936950684","0.24511176347732544","0.24511176347732544","0.24511176347732544","0.08039052784442902","0.08039052784442902","0.08039052784442902","0.44307249784469604","0.44307249784469604","0.44307249784469604","0.3568469285964966","0.3568469285964966","0.3568469285964966","0.11919263750314713","0.11919263750314713","0.11919263750314713"
"11879","0.28502464294433594","0.28502464294433594","0.28502464294433594","0.37019219994544983","0.37019219994544983","0.37019219994544983","0.06918326020240784","0.06918326020240784","0.06918326020240784","0.6001795530319214","0.6001795530319214","0.6001795530319214","0.41737958788871765","0.41737958788871765","0.41737958788871765","0.1128396987915039","0.1128396987915039","0.1128396987915039"
"11909","1.271058201789856","1.271058201789856","1.271058201789856","1.2105027437210083","1.2105027437210083","1.2105027437210083","0.06013815850019455","0.06013815850019455","0.06013815850019455","1.0023483037948608","1.0023483037948608","1.0023483037948608","1.9979101419448853","1.9979101419448853","1.9979101419448853","0.08734776079654694","0.08734776079654694","0.08734776079654694"
"11939","0.2560245394706726","0.2560245394706726","0.2560245394706726","0.35330620408058167","0.35330620408058167","0.35330620408058167","0.06687510758638382","0.06687510758638382","0.06687510758638382","0.24817496538162231","0.24817496538162231","0.24817496538162231","0.3360820412635803","0.3360820412635803","0.3360820412635803","0.11674714088439941","0.11674714088439941","0.11674714088439941"
"11969","0.2602802813053131","0.2602802813053131","0.2602802813053131","0.32672691345214844","0.32672691345214844","0.32672691345214844","0.08928153663873672","0.08928153663873672","0.08928153663873672","0.45621803402900696","0.45621803402900696","0.45621803402900696","0.41307973861694336","0.41307973861694336","0.41307973861694336","0.14283312857151031","0.14283312857151031","0.14283312857151031"
"11999","1.2742083072662354","1.2742083072662354","1.2742083072662354","1.2757110595703125","1.2757110595703125","1.2757110595703125","0.08729154616594315","0.08729154616594315","0.08729154616594315","0.6839682459831238","0.6839682459831238","0.6839682459831238","5.450128078460693","5.450128078460693","5.450128078460693","0.09925029426813126","0.09925029426813126","0.09925029426813126"
"12029","0.44959327578544617","0.44959327578544617","0.44959327578544617","2.9993908405303955","2.9993908405303955","2.9993908405303955","0.05678604170680046","0.05678604170680046","0.05678604170680046","0.4665023684501648","0.4665023684501648","0.4665023684501648","1.3074928522109985","1.3074928522109985","1.3074928522109985","0.08588583022356033","0.08588583022356033","0.08588583022356033"
"12059","0.19633528590202332","0.19633528590202332","0.19633528590202332","0.356898695230484","0.356898695230484","0.356898695230484","0.05797372758388519","0.05797372758388519","0.05797372758388519","0.25674301385879517","0.25674301385879517","0.25674301385879517","0.2868900001049042","0.2868900001049042","0.2868900001049042","0.09635570645332336","0.09635570645332336","0.09635570645332336"
"12089","0.2384374588727951","0.2384374588727951","0.2384374588727951","0.5939958691596985","0.5939958691596985","0.5939958691596985","0.07193566858768463","0.07193566858768463","0.07193566858768463","0.334664523601532","0.334664523601532","0.334664523601532","0.9248754382133484","0.9248754382133484","0.9248754382133484","0.08407003432512283","0.08407003432512283","0.08407003432512283"
"12119","4.274796485900879","4.274796485900879","4.274796485900879","25.19414520263672","25.19414520263672","25.19414520263672","0.10093586891889572","0.10093586891889572","0.10093586891889572","3.1675984859466553","3.1675984859466553","3.1675984859466553","30.511030197143555","30.511030197143555","30.511030197143555","0.11408005654811859","0.11408005654811859","0.11408005654811859"
"12149","0.25042545795440674","0.25042545795440674","0.25042545795440674","0.2896116077899933","0.2896116077899933","0.2896116077899933","0.11285346746444702","0.11285346746444702","0.11285346746444702","0.2184748351573944","0.2184748351573944","0.2184748351573944","0.4711749851703644","0.4711749851703644","0.4711749851703644","0.12580440938472748","0.12580440938472748","0.12580440938472748"
"12179","0.2643967866897583","0.2643967866897583","0.2643967866897583","0.27399224042892456","0.27399224042892456","0.27399224042892456","0.0739343985915184","0.0739343985915184","0.0739343985915184","0.2395179271697998","0.2395179271697998","0.2395179271697998","0.2641650438308716","0.2641650438308716","0.2641650438308716","0.12119078636169434","0.12119078636169434","0.12119078636169434"
"12209","1.418446660041809","1.418446660041809","1.418446660041809","0.7215198874473572","0.7215198874473572","0.7215198874473572","0.07485567033290863","0.07485567033290863","0.07485567033290863","0.628017008304596","0.628017008304596","0.628017008304596","0.9606482982635498","0.9606482982635498","0.9606482982635498","0.11479588598012924","0.11479588598012924","0.11479588598012924"
"12239","1.417281150817871","1.417281150817871","1.417281150817871","1.7752372026443481","1.7752372026443481","1.7752372026443481","0.07317440211772919","0.07317440211772919","0.07317440211772919","0.7321807742118835","0.7321807742118835","0.7321807742118835","2.3120954036712646","2.3120954036712646","2.3120954036712646","0.09439574927091599","0.09439574927091599","0.09439574927091599"
"12269","0.24533145129680634","0.24533145129680634","0.24533145129680634","0.42846354842185974","0.42846354842185974","0.42846354842185974","0.062276486307382584","0.062276486307382584","0.062276486307382584","0.2914429306983948","0.2914429306983948","0.2914429306983948","0.39375975728034973","0.39375975728034973","0.39375975728034973","0.09547524154186249","0.09547524154186249","0.09547524154186249"
"12299","0.21480406820774078","0.21480406820774078","0.21480406820774078","0.3584887981414795","0.3584887981414795","0.3584887981414795","0.06795634329319","0.06795634329319","0.06795634329319","0.23603132367134094","0.23603132367134094","0.23603132367134094","0.38863086700439453","0.38863086700439453","0.38863086700439453","0.11611926555633545","0.11611926555633545","0.11611926555633545"
"12329","0.28862959146499634","0.28862959146499634","0.28862959146499634","0.7039719820022583","0.7039719820022583","0.7039719820022583","0.05949007347226143","0.05949007347226143","0.05949007347226143","0.43229544162750244","0.43229544162750244","0.43229544162750244","0.6026096343994141","0.6026096343994141","0.6026096343994141","0.08484431356191635","0.08484431356191635","0.08484431356191635"
"12359","0.6736677289009094","0.6736677289009094","0.6736677289009094","1.846018671989441","1.846018671989441","1.846018671989441","0.06445538997650146","0.06445538997650146","0.06445538997650146","0.41890692710876465","0.41890692710876465","0.41890692710876465","0.9189878702163696","0.9189878702163696","0.9189878702163696","0.14034202694892883","0.14034202694892883","0.14034202694892883"
"12389","0.7294432520866394","0.7294432520866394","0.7294432520866394","0.7820972204208374","0.7820972204208374","0.7820972204208374","0.053200166672468185","0.053200166672468185","0.053200166672468185","0.6121808886528015","0.6121808886528015","0.6121808886528015","0.7492384314537048","0.7492384314537048","0.7492384314537048","0.0967576801776886","0.0967576801776886","0.0967576801776886"
"12419","0.363474577665329","0.363474577665329","0.363474577665329","0.6521780490875244","0.6521780490875244","0.6521780490875244","0.06005464121699333","0.06005464121699333","0.06005464121699333","0.2622174620628357","0.2622174620628357","0.2622174620628357","1.7298667430877686","1.7298667430877686","1.7298667430877686","0.10632652044296265","0.10632652044296265","0.10632652044296265"
"12449","0.8202415108680725","0.8202415108680725","0.8202415108680725","0.9432251453399658","0.9432251453399658","0.9432251453399658","0.07728046923875809","0.07728046923875809","0.07728046923875809","0.45397382974624634","0.45397382974624634","0.45397382974624634","0.7584400177001953","0.7584400177001953","0.7584400177001953","0.11613323539495468","0.11613323539495468","0.11613323539495468"
"12479","1.058609127998352","1.058609127998352","1.058609127998352","9.408647537231445","9.408647537231445","9.408647537231445","0.07891513407230377","0.07891513407230377","0.07891513407230377","6.0814948081970215","6.0814948081970215","6.0814948081970215","20.849899291992188","20.849899291992188","20.849899291992188","0.09399363398551941","0.09399363398551941","0.09399363398551941"
"12509","0.39000242948532104","0.39000242948532104","0.39000242948532104","1.3577347993850708","1.3577347993850708","1.3577347993850708","0.07338370382785797","0.07338370382785797","0.07338370382785797","0.8449966311454773","0.8449966311454773","0.8449966311454773","4.614280700683594","4.614280700683594","4.614280700683594","0.1106121614575386","0.1106121614575386","0.1106121614575386"
"12539","0.38478007912635803","0.38478007912635803","0.38478007912635803","0.44446974992752075","0.44446974992752075","0.44446974992752075","0.07449433207511902","0.07449433207511902","0.07449433207511902","0.6048027873039246","0.6048027873039246","0.6048027873039246","0.8066820502281189","0.8066820502281189","0.8066820502281189","0.13932421803474426","0.13932421803474426","0.13932421803474426"
"12569","0.25916099548339844","0.25916099548339844","0.25916099548339844","0.24668115377426147","0.24668115377426147","0.24668115377426147","0.07158763706684113","0.07158763706684113","0.07158763706684113","0.2728155851364136","0.2728155851364136","0.2728155851364136","0.3011088967323303","0.3011088967323303","0.3011088967323303","0.13049396872520447","0.13049396872520447","0.13049396872520447"
"12599","0.3117300271987915","0.3117300271987915","0.3117300271987915","0.2167346477508545","0.2167346477508545","0.2167346477508545","0.057900600135326385","0.057900600135326385","0.057900600135326385","0.291045606136322","0.291045606136322","0.291045606136322","0.37700629234313965","0.37700629234313965","0.37700629234313965","0.1155150979757309","0.1155150979757309","0.1155150979757309"
"12629","0.169168621301651","0.169168621301651","0.169168621301651","0.19049639999866486","0.19049639999866486","0.19049639999866486","0.06418313086032867","0.06418313086032867","0.06418313086032867","0.18760758638381958","0.18760758638381958","0.18760758638381958","0.7305322885513306","0.7305322885513306","0.7305322885513306","0.12649327516555786","0.12649327516555786","0.12649327516555786"
"12659","1.3016059398651123","1.3016059398651123","1.3016059398651123","0.7109298706054688","0.7109298706054688","0.7109298706054688","0.07681940495967865","0.07681940495967865","0.07681940495967865","0.3991018533706665","0.3991018533706665","0.3991018533706665","0.9568598866462708","0.9568598866462708","0.9568598866462708","0.09232020378112793","0.09232020378112793","0.09232020378112793"
"12689","0.2952037453651428","0.2952037453651428","0.2952037453651428","0.21604005992412567","0.21604005992412567","0.21604005992412567","0.07258320599794388","0.07258320599794388","0.07258320599794388","0.2316514551639557","0.2316514551639557","0.2316514551639557","0.35411331057548523","0.35411331057548523","0.35411331057548523","0.12725041806697845","0.12725041806697845","0.12725041806697845"
"12719","0.19376890361309052","0.19376890361309052","0.19376890361309052","0.5747647881507874","0.5747647881507874","0.5747647881507874","0.05912593752145767","0.05912593752145767","0.05912593752145767","0.3430107831954956","0.3430107831954956","0.3430107831954956","0.4232664406299591","0.4232664406299591","0.4232664406299591","0.14733198285102844","0.14733198285102844","0.14733198285102844"
"12749","0.2270292192697525","0.2270292192697525","0.2270292192697525","0.516844630241394","0.516844630241394","0.516844630241394","0.0830506905913353","0.0830506905913353","0.0830506905913353","0.31328004598617554","0.31328004598617554","0.31328004598617554","0.45447608828544617","0.45447608828544617","0.45447608828544617","0.09770219773054123","0.09770219773054123","0.09770219773054123"
"12779","0.28173789381980896","0.28173789381980896","0.28173789381980896","0.5155305862426758","0.5155305862426758","0.5155305862426758","0.07194779068231583","0.07194779068231583","0.07194779068231583","0.2719247341156006","0.2719247341156006","0.2719247341156006","0.3177223205566406","0.3177223205566406","0.3177223205566406","0.15531399846076965","0.15531399846076965","0.15531399846076965"
"12809","0.258075088262558","0.258075088262558","0.258075088262558","0.27049365639686584","0.27049365639686584","0.27049365639686584","0.06328200548887253","0.06328200548887253","0.06328200548887253","0.3155325651168823","0.3155325651168823","0.3155325651168823","0.44450104236602783","0.44450104236602783","0.44450104236602783","0.1325770765542984","0.1325770765542984","0.1325770765542984"
"12839","0.3367409110069275","0.3367409110069275","0.3367409110069275","0.34336841106414795","0.34336841106414795","0.34336841106414795","0.06863325089216232","0.06863325089216232","0.06863325089216232","0.4259674847126007","0.4259674847126007","0.4259674847126007","0.4154359996318817","0.4154359996318817","0.4154359996318817","0.1411173790693283","0.1411173790693283","0.1411173790693283"
"12869","0.48859626054763794","0.48859626054763794","0.48859626054763794","0.9532563090324402","0.9532563090324402","0.9532563090324402","0.05729466304183006","0.05729466304183006","0.05729466304183006","0.7301723957061768","0.7301723957061768","0.7301723957061768","0.8454093933105469","0.8454093933105469","0.8454093933105469","0.12780791521072388","0.12780791521072388","0.12780791521072388"
"12899","0.26278290152549744","0.26278290152549744","0.26278290152549744","0.20608997344970703","0.20608997344970703","0.20608997344970703","0.059444963932037354","0.059444963932037354","0.059444963932037354","0.3152233958244324","0.3152233958244324","0.3152233958244324","0.47782379388809204","0.47782379388809204","0.47782379388809204","0.15425501763820648","0.15425501763820648","0.15425501763820648"
"12929","0.31366485357284546","0.31366485357284546","0.31366485357284546","0.38329169154167175","0.38329169154167175","0.38329169154167175","0.07183325290679932","0.07183325290679932","0.07183325290679932","0.4429272413253784","0.4429272413253784","0.4429272413253784","0.41181981563568115","0.41181981563568115","0.41181981563568115","0.09885099530220032","0.09885099530220032","0.09885099530220032"
"12959","0.7712029218673706","0.7712029218673706","0.7712029218673706","4.887599945068359","4.887599945068359","4.887599945068359","0.07408390194177628","0.07408390194177628","0.07408390194177628","0.7447991967201233","0.7447991967201233","0.7447991967201233","1.9091520309448242","1.9091520309448242","1.9091520309448242","0.09597545117139816","0.09597545117139816","0.09597545117139816"
"12989","0.34494659304618835","0.34494659304618835","0.34494659304618835","0.4243158996105194","0.4243158996105194","0.4243158996105194","0.0584956631064415","0.0584956631064415","0.0584956631064415","0.3035423159599304","0.3035423159599304","0.3035423159599304","0.5408052802085876","0.5408052802085876","0.5408052802085876","0.11392568051815033","0.11392568051815033","0.11392568051815033"
"13019","0.16132716834545135","0.16132716834545135","0.16132716834545135","0.41200053691864014","0.41200053691864014","0.41200053691864014","0.061207398772239685","0.061207398772239685","0.061207398772239685","0.24393658339977264","0.24393658339977264","0.24393658339977264","0.3968803584575653","0.3968803584575653","0.3968803584575653","0.11143390089273453","0.11143390089273453","0.11143390089273453"
"13049","0.4074687957763672","0.4074687957763672","0.4074687957763672","0.3556192219257355","0.3556192219257355","0.3556192219257355","0.09138442575931549","0.09138442575931549","0.09138442575931549","0.47858259081840515","0.47858259081840515","0.47858259081840515","0.41330596804618835","0.41330596804618835","0.41330596804618835","0.10331746935844421","0.10331746935844421","0.10331746935844421"
"13079","0.3671007454395294","0.3671007454395294","0.3671007454395294","0.4700852930545807","0.4700852930545807","0.4700852930545807","0.06396974623203278","0.06396974623203278","0.06396974623203278","0.552017331123352","0.552017331123352","0.552017331123352","0.5406450629234314","0.5406450629234314","0.5406450629234314","0.09962546080350876","0.09962546080350876","0.09962546080350876"
"13109","0.3584586977958679","0.3584586977958679","0.3584586977958679","0.3217100501060486","0.3217100501060486","0.3217100501060486","0.06796597689390182","0.06796597689390182","0.06796597689390182","0.38676124811172485","0.38676124811172485","0.38676124811172485","0.3766726553440094","0.3766726553440094","0.3766726553440094","0.08516904711723328","0.08516904711723328","0.08516904711723328"
"13139","0.6617942452430725","0.6617942452430725","0.6617942452430725","2.015209197998047","2.015209197998047","2.015209197998047","0.050193190574645996","0.050193190574645996","0.050193190574645996","1.8720535039901733","1.8720535039901733","1.8720535039901733","1.2309828996658325","1.2309828996658325","1.2309828996658325","0.08917825669050217","0.08917825669050217","0.08917825669050217"
"13169","0.28117266297340393","0.28117266297340393","0.28117266297340393","0.257833331823349","0.257833331823349","0.257833331823349","0.10096819698810577","0.10096819698810577","0.10096819698810577","0.3560935854911804","0.3560935854911804","0.3560935854911804","0.39644670486450195","0.39644670486450195","0.39644670486450195","0.12672686576843262","0.12672686576843262","0.12672686576843262"
"13199","0.4148715138435364","0.4148715138435364","0.4148715138435364","0.31569546461105347","0.31569546461105347","0.31569546461105347","0.06493598967790604","0.06493598967790604","0.06493598967790604","0.360421746969223","0.360421746969223","0.360421746969223","0.47213664650917053","0.47213664650917053","0.47213664650917053","0.10345647484064102","0.10345647484064102","0.10345647484064102"
"13229","0.30013570189476013","0.30013570189476013","0.30013570189476013","0.39178773760795593","0.39178773760795593","0.39178773760795593","0.08396957814693451","0.08396957814693451","0.08396957814693451","0.2837485373020172","0.2837485373020172","0.2837485373020172","0.4886139929294586","0.4886139929294586","0.4886139929294586","0.128281831741333","0.128281831741333","0.128281831741333"
"13259","0.2132992148399353","0.2132992148399353","0.2132992148399353","0.32152998447418213","0.32152998447418213","0.32152998447418213","0.062056172639131546","0.062056172639131546","0.062056172639131546","0.3061394691467285","0.3061394691467285","0.3061394691467285","0.38301414251327515","0.38301414251327515","0.38301414251327515","0.11677566915750504","0.11677566915750504","0.11677566915750504"
"13289","0.35098379850387573","0.35098379850387573","0.35098379850387573","0.2547905743122101","0.2547905743122101","0.2547905743122101","0.06510180979967117","0.06510180979967117","0.06510180979967117","0.31144171953201294","0.31144171953201294","0.31144171953201294","0.3221713602542877","0.3221713602542877","0.3221713602542877","0.13137029111385345","0.13137029111385345","0.13137029111385345"
"13319","0.803329586982727","0.803329586982727","0.803329586982727","2.192967176437378","2.192967176437378","2.192967176437378","0.06815938651561737","0.06815938651561737","0.06815938651561737","0.4668480455875397","0.4668480455875397","0.4668480455875397","1.12173593044281","1.12173593044281","1.12173593044281","0.125540629029274","0.125540629029274","0.125540629029274"
"13349","0.21451018750667572","0.21451018750667572","0.21451018750667572","0.4099888205528259","0.4099888205528259","0.4099888205528259","0.07367943227291107","0.07367943227291107","0.07367943227291107","0.33984434604644775","0.33984434604644775","0.33984434604644775","0.31188899278640747","0.31188899278640747","0.31188899278640747","0.10432544350624084","0.10432544350624084","0.10432544350624084"
"13379","0.3430294990539551","0.3430294990539551","0.3430294990539551","0.4211793541908264","0.4211793541908264","0.4211793541908264","0.06856939196586609","0.06856939196586609","0.06856939196586609","0.687510073184967","0.687510073184967","0.687510073184967","1.58138906955719","1.58138906955719","1.58138906955719","0.10509498417377472","0.10509498417377472","0.10509498417377472"
"13409","0.2640286684036255","0.2640286684036255","0.2640286684036255","0.347172349691391","0.347172349691391","0.347172349691391","0.05563121661543846","0.05563121661543846","0.05563121661543846","0.20436370372772217","0.20436370372772217","0.20436370372772217","0.3995841443538666","0.3995841443538666","0.3995841443538666","0.08668503910303116","0.08668503910303116","0.08668503910303116"
"13439","0.22163915634155273","0.22163915634155273","0.22163915634155273","0.3024062514305115","0.3024062514305115","0.3024062514305115","0.06918280571699142","0.06918280571699142","0.06918280571699142","0.35079893469810486","0.35079893469810486","0.35079893469810486","0.3775164783000946","0.3775164783000946","0.3775164783000946","0.10997471213340759","0.10997471213340759","0.10997471213340759"
"13469","0.3047989308834076","0.3047989308834076","0.3047989308834076","0.26403626799583435","0.26403626799583435","0.26403626799583435","0.06293518096208572","0.06293518096208572","0.06293518096208572","0.4009148180484772","0.4009148180484772","0.4009148180484772","0.39210987091064453","0.39210987091064453","0.39210987091064453","0.1067923828959465","0.1067923828959465","0.1067923828959465"
"13499","0.438606858253479","0.438606858253479","0.438606858253479","0.2924269139766693","0.2924269139766693","0.2924269139766693","0.06462541967630386","0.06462541967630386","0.06462541967630386","0.616896390914917","0.616896390914917","0.616896390914917","0.39149394631385803","0.39149394631385803","0.39149394631385803","0.1121293157339096","0.1121293157339096","0.1121293157339096"
"13529","0.27784228324890137","0.27784228324890137","0.27784228324890137","0.5460691452026367","0.5460691452026367","0.5460691452026367","0.06999634951353073","0.06999634951353073","0.06999634951353073","0.34411147236824036","0.34411147236824036","0.34411147236824036","0.3331177532672882","0.3331177532672882","0.3331177532672882","0.10724420100450516","0.10724420100450516","0.10724420100450516"
"13559","0.7254177927970886","0.7254177927970886","0.7254177927970886","0.3023301661014557","0.3023301661014557","0.3023301661014557","0.049970682710409164","0.049970682710409164","0.049970682710409164","0.3236131966114044","0.3236131966114044","0.3236131966114044","0.4266436696052551","0.4266436696052551","0.4266436696052551","0.08543934673070908","0.08543934673070908","0.08543934673070908"
"13589","0.14877593517303467","0.14877593517303467","0.14877593517303467","0.6038012504577637","0.6038012504577637","0.6038012504577637","0.053606946021318436","0.053606946021318436","0.053606946021318436","0.31134387850761414","0.31134387850761414","0.31134387850761414","0.5560281872749329","0.5560281872749329","0.5560281872749329","0.08027609437704086","0.08027609437704086","0.08027609437704086"
"13619","0.49135610461235046","0.49135610461235046","0.49135610461235046","1.3791866302490234","1.3791866302490234","1.3791866302490234","0.06988772004842758","0.06988772004842758","0.06988772004842758","0.4508710503578186","0.4508710503578186","0.4508710503578186","0.8572297692298889","0.8572297692298889","0.8572297692298889","0.08962675929069519","0.08962675929069519","0.08962675929069519"
"13649","0.3942407965660095","0.3942407965660095","0.3942407965660095","0.4022587835788727","0.4022587835788727","0.4022587835788727","0.06719411909580231","0.06719411909580231","0.06719411909580231","0.7327480316162109","0.7327480316162109","0.7327480316162109","0.43510499596595764","0.43510499596595764","0.43510499596595764","0.1082017719745636","0.1082017719745636","0.1082017719745636"
"13679","0.34931984543800354","0.34931984543800354","0.34931984543800354","0.29510965943336487","0.29510965943336487","0.29510965943336487","0.08115795254707336","0.08115795254707336","0.08115795254707336","0.26858314871788025","0.26858314871788025","0.26858314871788025","0.6103442907333374","0.6103442907333374","0.6103442907333374","0.09333871304988861","0.09333871304988861","0.09333871304988861"
"13709","0.8291760683059692","0.8291760683059692","0.8291760683059692","1.8629707098007202","1.8629707098007202","1.8629707098007202","0.04846237599849701","0.04846237599849701","0.04846237599849701","0.8358614444732666","0.8358614444732666","0.8358614444732666","3.6116065979003906","3.6116065979003906","3.6116065979003906","0.08445768058300018","0.08445768058300018","0.08445768058300018"
"13739","0.30154940485954285","0.30154940485954285","0.30154940485954285","0.5611052513122559","0.5611052513122559","0.5611052513122559","0.06541769951581955","0.06541769951581955","0.06541769951581955","0.23241370916366577","0.23241370916366577","0.23241370916366577","0.4702976644039154","0.4702976644039154","0.4702976644039154","0.089708611369133","0.089708611369133","0.089708611369133"
"13769","0.3218015134334564","0.3218015134334564","0.3218015134334564","0.30455654859542847","0.30455654859542847","0.30455654859542847","0.0532473661005497","0.0532473661005497","0.0532473661005497","0.24351619184017181","0.24351619184017181","0.24351619184017181","0.27882441878318787","0.27882441878318787","0.27882441878318787","0.08214490115642548","0.08214490115642548","0.08214490115642548"
"13799","0.4967675805091858","0.4967675805091858","0.4967675805091858","0.6624230742454529","0.6624230742454529","0.6624230742454529","0.07974933087825775","0.07974933087825775","0.07974933087825775","0.20805972814559937","0.20805972814559937","0.20805972814559937","0.7217837572097778","0.7217837572097778","0.7217837572097778","0.09939371049404144","0.09939371049404144","0.09939371049404144"
"13829","0.24275745451450348","0.24275745451450348","0.24275745451450348","0.33566656708717346","0.33566656708717346","0.33566656708717346","0.068336121737957","0.068336121737957","0.068336121737957","0.3177355229854584","0.3177355229854584","0.3177355229854584","0.4218093752861023","0.4218093752861023","0.4218093752861023","0.09931953251361847","0.09931953251361847","0.09931953251361847"
"13859","0.23505057394504547","0.23505057394504547","0.23505057394504547","0.3446325659751892","0.3446325659751892","0.3446325659751892","0.07493798434734344","0.07493798434734344","0.07493798434734344","0.3900817334651947","0.3900817334651947","0.3900817334651947","0.44957220554351807","0.44957220554351807","0.44957220554351807","0.11811350286006927","0.11811350286006927","0.11811350286006927"
"13889","0.19031409919261932","0.19031409919261932","0.19031409919261932","0.3672582805156708","0.3672582805156708","0.3672582805156708","0.08685047924518585","0.08685047924518585","0.08685047924518585","0.30585262179374695","0.30585262179374695","0.30585262179374695","0.41683441400527954","0.41683441400527954","0.41683441400527954","0.09505532681941986","0.09505532681941986","0.09505532681941986"
"13919","0.257283091545105","0.257283091545105","0.257283091545105","0.23755572736263275","0.23755572736263275","0.23755572736263275","0.06351247429847717","0.06351247429847717","0.06351247429847717","0.28457650542259216","0.28457650542259216","0.28457650542259216","0.3208325505256653","0.3208325505256653","0.3208325505256653","0.09753942489624023","0.09753942489624023","0.09753942489624023"
"13949","0.3595675826072693","0.3595675826072693","0.3595675826072693","0.6753450036048889","0.6753450036048889","0.6753450036048889","0.09155726432800293","0.09155726432800293","0.09155726432800293","0.2837938368320465","0.2837938368320465","0.2837938368320465","0.6559863090515137","0.6559863090515137","0.6559863090515137","0.1049836203455925","0.1049836203455925","0.1049836203455925"
"13979","0.22968845069408417","0.22968845069408417","0.22968845069408417","1.4594193696975708","1.4594193696975708","1.4594193696975708","0.09978925436735153","0.09978925436735153","0.09978925436735153","0.2034456431865692","0.2034456431865692","0.2034456431865692","0.32369041442871094","0.32369041442871094","0.32369041442871094","0.09156486392021179","0.09156486392021179","0.09156486392021179"
"14009","0.5417785048484802","0.5417785048484802","0.5417785048484802","1.6431527137756348","1.6431527137756348","1.6431527137756348","0.06325946003198624","0.06325946003198624","0.06325946003198624","0.32285770773887634","0.32285770773887634","0.32285770773887634","1.215110182762146","1.215110182762146","1.215110182762146","0.11527999490499496","0.11527999490499496","0.11527999490499496"
"14039","0.26041027903556824","0.26041027903556824","0.26041027903556824","0.2184567153453827","0.2184567153453827","0.2184567153453827","0.08868803083896637","0.08868803083896637","0.08868803083896637","0.3955109417438507","0.3955109417438507","0.3955109417438507","0.4453035295009613","0.4453035295009613","0.4453035295009613","0.08615844696760178","0.08615844696760178","0.08615844696760178"
"14069","0.3036256432533264","0.3036256432533264","0.3036256432533264","0.8349267244338989","0.8349267244338989","0.8349267244338989","0.0865454375743866","0.0865454375743866","0.0865454375743866","0.5397500991821289","0.5397500991821289","0.5397500991821289","0.9237892627716064","0.9237892627716064","0.9237892627716064","0.10767941921949387","0.10767941921949387","0.10767941921949387"
"14099","0.36716940999031067","0.36716940999031067","0.36716940999031067","0.32414549589157104","0.32414549589157104","0.32414549589157104","0.062595434486866","0.062595434486866","0.062595434486866","0.35062047839164734","0.35062047839164734","0.35062047839164734","0.5082221627235413","0.5082221627235413","0.5082221627235413","0.1148797944188118","0.1148797944188118","0.1148797944188118"
"14129","0.1710442751646042","0.1710442751646042","0.1710442751646042","0.35445043444633484","0.35445043444633484","0.35445043444633484","0.06249547004699707","0.06249547004699707","0.06249547004699707","0.2567301094532013","0.2567301094532013","0.2567301094532013","0.4833568334579468","0.4833568334579468","0.4833568334579468","0.13327263295650482","0.13327263295650482","0.13327263295650482"
"14159","0.25321894884109497","0.25321894884109497","0.25321894884109497","0.5168247818946838","0.5168247818946838","0.5168247818946838","0.07150392234325409","0.07150392234325409","0.07150392234325409","0.8134934902191162","0.8134934902191162","0.8134934902191162","0.691322922706604","0.691322922706604","0.691322922706604","0.11565331369638443","0.11565331369638443","0.11565331369638443"
"14189","0.35950347781181335","0.35950347781181335","0.35950347781181335","1.3845444917678833","1.3845444917678833","1.3845444917678833","0.061900317668914795","0.061900317668914795","0.061900317668914795","0.30534446239471436","0.30534446239471436","0.30534446239471436","0.33425605297088623","0.33425605297088623","0.33425605297088623","0.09320974349975586","0.09320974349975586","0.09320974349975586"
"14219","0.3663018047809601","0.3663018047809601","0.3663018047809601","0.4972437918186188","0.4972437918186188","0.4972437918186188","0.109239861369133","0.109239861369133","0.109239861369133","0.27807316184043884","0.27807316184043884","0.27807316184043884","0.3576401174068451","0.3576401174068451","0.3576401174068451","0.11126288771629333","0.11126288771629333","0.11126288771629333"
"14249","0.21824829280376434","0.21824829280376434","0.21824829280376434","0.43205922842025757","0.43205922842025757","0.43205922842025757","0.09869705885648727","0.09869705885648727","0.09869705885648727","0.2331298440694809","0.2331298440694809","0.2331298440694809","0.35327672958374023","0.35327672958374023","0.35327672958374023","0.08843688666820526","0.08843688666820526","0.08843688666820526"
"14279","0.428323358297348","0.428323358297348","0.428323358297348","0.29358527064323425","0.29358527064323425","0.29358527064323425","0.10321229696273804","0.10321229696273804","0.10321229696273804","0.558716893196106","0.558716893196106","0.558716893196106","0.4473976790904999","0.4473976790904999","0.4473976790904999","0.10386499762535095","0.10386499762535095","0.10386499762535095"
"14309","0.46231380105018616","0.46231380105018616","0.46231380105018616","2.0168662071228027","2.0168662071228027","2.0168662071228027","0.06322316825389862","0.06322316825389862","0.06322316825389862","0.6330256462097168","0.6330256462097168","0.6330256462097168","1.1318753957748413","1.1318753957748413","1.1318753957748413","0.10465899854898453","0.10465899854898453","0.10465899854898453"
"14339","0.7077663540840149","0.7077663540840149","0.7077663540840149","0.5779280662536621","0.5779280662536621","0.5779280662536621","0.07414306700229645","0.07414306700229645","0.07414306700229645","0.5565692186355591","0.5565692186355591","0.5565692186355591","0.5847612023353577","0.5847612023353577","0.5847612023353577","0.12037064880132675","0.12037064880132675","0.12037064880132675"
"14369","0.44010767340660095","0.44010767340660095","0.44010767340660095","0.3793446719646454","0.3793446719646454","0.3793446719646454","0.10472726821899414","0.10472726821899414","0.10472726821899414","0.18463736772537231","0.18463736772537231","0.18463736772537231","0.3132154047489166","0.3132154047489166","0.3132154047489166","0.12155481427907944","0.12155481427907944","0.12155481427907944"
"14399","0.210417702794075","0.210417702794075","0.210417702794075","0.18625524640083313","0.18625524640083313","0.18625524640083313","0.05208160728216171","0.05208160728216171","0.05208160728216171","0.246006041765213","0.246006041765213","0.246006041765213","0.2746981382369995","0.2746981382369995","0.2746981382369995","0.10992034524679184","0.10992034524679184","0.10992034524679184"
"14429","0.21579115092754364","0.21579115092754364","0.21579115092754364","0.377693772315979","0.377693772315979","0.377693772315979","0.0629936009645462","0.0629936009645462","0.0629936009645462","0.2625807523727417","0.2625807523727417","0.2625807523727417","0.28730112314224243","0.28730112314224243","0.28730112314224243","0.10892771184444427","0.10892771184444427","0.10892771184444427"
"14459","0.2556881010532379","0.2556881010532379","0.2556881010532379","0.5305691361427307","0.5305691361427307","0.5305691361427307","0.09005355834960938","0.09005355834960938","0.09005355834960938","0.34488531947135925","0.34488531947135925","0.34488531947135925","0.4660007357597351","0.4660007357597351","0.4660007357597351","0.10888111591339111","0.10888111591339111","0.10888111591339111"
"14489","0.3845047056674957","0.3845047056674957","0.3845047056674957","0.6629531979560852","0.6629531979560852","0.6629531979560852","0.05034352093935013","0.05034352093935013","0.05034352093935013","0.4891532063484192","0.4891532063484192","0.4891532063484192","0.7456216216087341","0.7456216216087341","0.7456216216087341","0.10086014866828918","0.10086014866828918","0.10086014866828918"
"14519","0.21534417569637299","0.21534417569637299","0.21534417569637299","0.4508715271949768","0.4508715271949768","0.4508715271949768","0.08020594716072083","0.08020594716072083","0.08020594716072083","0.35045215487480164","0.35045215487480164","0.35045215487480164","0.4669944643974304","0.4669944643974304","0.4669944643974304","0.09811731427907944","0.09811731427907944","0.09811731427907944"
"14549","0.3765653073787689","0.3765653073787689","0.3765653073787689","0.34653395414352417","0.34653395414352417","0.34653395414352417","0.06710606068372726","0.06710606068372726","0.06710606068372726","0.43649473786354065","0.43649473786354065","0.43649473786354065","0.4855267107486725","0.4855267107486725","0.4855267107486725","0.10865236818790436","0.10865236818790436","0.10865236818790436"
"14579","0.8085624575614929","0.8085624575614929","0.8085624575614929","0.24491484463214874","0.24491484463214874","0.24491484463214874","0.08873779326677322","0.08873779326677322","0.08873779326677322","1.4097607135772705","1.4097607135772705","1.4097607135772705","1.287545084953308","1.287545084953308","1.287545084953308","0.10941871255636215","0.10941871255636215","0.10941871255636215"
"14609","0.20311465859413147","0.20311465859413147","0.20311465859413147","0.6280540823936462","0.6280540823936462","0.6280540823936462","0.06045691296458244","0.06045691296458244","0.06045691296458244","0.2599511444568634","0.2599511444568634","0.2599511444568634","0.5155285596847534","0.5155285596847534","0.5155285596847534","0.09112884104251862","0.09112884104251862","0.09112884104251862"
"14639","0.5223401784896851","0.5223401784896851","0.5223401784896851","0.4775383770465851","0.4775383770465851","0.4775383770465851","0.07459231466054916","0.07459231466054916","0.07459231466054916","0.2735005021095276","0.2735005021095276","0.2735005021095276","1.9160451889038086","1.9160451889038086","1.9160451889038086","0.08620123565196991","0.08620123565196991","0.08620123565196991"
"14669","0.24241521954536438","0.24241521954536438","0.24241521954536438","0.5250925421714783","0.5250925421714783","0.5250925421714783","0.061955779790878296","0.061955779790878296","0.061955779790878296","0.2838889956474304","0.2838889956474304","0.2838889956474304","0.32324835658073425","0.32324835658073425","0.32324835658073425","0.1022086963057518","0.1022086963057518","0.1022086963057518"
"14699","0.483610063791275","0.483610063791275","0.483610063791275","0.365953654050827","0.365953654050827","0.365953654050827","0.07598511874675751","0.07598511874675751","0.07598511874675751","0.32524770498275757","0.32524770498275757","0.32524770498275757","0.39599478244781494","0.39599478244781494","0.39599478244781494","0.07923299819231033","0.07923299819231033","0.07923299819231033"
"14729","0.4767867922782898","0.4767867922782898","0.4767867922782898","0.7582795023918152","0.7582795023918152","0.7582795023918152","0.05829805135726929","0.05829805135726929","0.05829805135726929","0.6426929235458374","0.6426929235458374","0.6426929235458374","1.053597092628479","1.053597092628479","1.053597092628479","0.06746000796556473","0.06746000796556473","0.06746000796556473"
"14759","0.2550959289073944","0.2550959289073944","0.2550959289073944","0.37493935227394104","0.37493935227394104","0.37493935227394104","0.060626495629549026","0.060626495629549026","0.060626495629549026","0.2535969913005829","0.2535969913005829","0.2535969913005829","0.5117868185043335","0.5117868185043335","0.5117868185043335","0.12520341575145721","0.12520341575145721","0.12520341575145721"
"14789","0.34308531880378723","0.34308531880378723","0.34308531880378723","0.16060380637645721","0.16060380637645721","0.16060380637645721","0.0695979967713356","0.0695979967713356","0.0695979967713356","0.2939120829105377","0.2939120829105377","0.2939120829105377","0.45425695180892944","0.45425695180892944","0.45425695180892944","0.1035272553563118","0.1035272553563118","0.1035272553563118"
"14819","0.23182518780231476","0.23182518780231476","0.23182518780231476","0.17709438502788544","0.17709438502788544","0.17709438502788544","0.0735134556889534","0.0735134556889534","0.0735134556889534","0.21851800382137299","0.21851800382137299","0.21851800382137299","0.31065624952316284","0.31065624952316284","0.31065624952316284","0.13581162691116333","0.13581162691116333","0.13581162691116333"
"14849","0.23250587284564972","0.23250587284564972","0.23250587284564972","0.4555557072162628","0.4555557072162628","0.4555557072162628","0.054247912019491196","0.054247912019491196","0.054247912019491196","0.3014485836029053","0.3014485836029053","0.3014485836029053","1.1932369470596313","1.1932369470596313","1.1932369470596313","0.09500215947628021","0.09500215947628021","0.09500215947628021"
"14879","0.3775647282600403","0.3775647282600403","0.3775647282600403","0.6538514494895935","0.6538514494895935","0.6538514494895935","0.08431165665388107","0.08431165665388107","0.08431165665388107","0.737282931804657","0.737282931804657","0.737282931804657","0.49021393060684204","0.49021393060684204","0.49021393060684204","0.11907075345516205","0.11907075345516205","0.11907075345516205"
"14909","0.45591267943382263","0.45591267943382263","0.45591267943382263","0.4182809293270111","0.4182809293270111","0.4182809293270111","0.07996894419193268","0.07996894419193268","0.07996894419193268","0.254457950592041","0.254457950592041","0.254457950592041","0.42362144589424133","0.42362144589424133","0.42362144589424133","0.09267562627792358","0.09267562627792358","0.09267562627792358"
"14939","6.902688503265381","6.902688503265381","6.902688503265381","13.308127403259277","13.308127403259277","13.308127403259277","0.04842733219265938","0.04842733219265938","0.04842733219265938","11.253463745117188","11.253463745117188","11.253463745117188","8.445892333984375","8.445892333984375","8.445892333984375","0.08160540461540222","0.08160540461540222","0.08160540461540222"
"14969","0.23839789628982544","0.23839789628982544","0.23839789628982544","0.22333984076976776","0.22333984076976776","0.22333984076976776","0.07037267088890076","0.07037267088890076","0.07037267088890076","0.2559735178947449","0.2559735178947449","0.2559735178947449","0.3770033121109009","0.3770033121109009","0.3770033121109009","0.08725562691688538","0.08725562691688538","0.08725562691688538"
"14999","0.21523387730121613","0.21523387730121613","0.21523387730121613","0.25979259610176086","0.25979259610176086","0.25979259610176086","0.10162044316530228","0.10162044316530228","0.10162044316530228","0.32287687063217163","0.32287687063217163","0.32287687063217163","0.3185344636440277","0.3185344636440277","0.3185344636440277","0.09812162071466446","0.09812162071466446","0.09812162071466446"
"15029","0.33023932576179504","0.33023932576179504","0.33023932576179504","0.43810126185417175","0.43810126185417175","0.43810126185417175","0.05215808376669884","0.05215808376669884","0.05215808376669884","0.32796409726142883","0.32796409726142883","0.32796409726142883","2.488999843597412","2.488999843597412","2.488999843597412","0.11848195642232895","0.11848195642232895","0.11848195642232895"
"15059","0.21416251361370087","0.21416251361370087","0.21416251361370087","0.6807020306587219","0.6807020306587219","0.6807020306587219","0.0586247444152832","0.0586247444152832","0.0586247444152832","0.35097548365592957","0.35097548365592957","0.35097548365592957","0.4071282148361206","0.4071282148361206","0.4071282148361206","0.07159171998500824","0.07159171998500824","0.07159171998500824"
"15089","0.2806956171989441","0.2806956171989441","0.2806956171989441","0.3089353144168854","0.3089353144168854","0.3089353144168854","0.06672213971614838","0.06672213971614838","0.06672213971614838","0.27693215012550354","0.27693215012550354","0.27693215012550354","0.33359912037849426","0.33359912037849426","0.33359912037849426","0.13200023770332336","0.13200023770332336","0.13200023770332336"
"15119","0.9732004404067993","0.9732004404067993","0.9732004404067993","0.34207314252853394","0.34207314252853394","0.34207314252853394","0.059636086225509644","0.059636086225509644","0.059636086225509644","0.2786096930503845","0.2786096930503845","0.2786096930503845","1.2977585792541504","1.2977585792541504","1.2977585792541504","0.1330540031194687","0.1330540031194687","0.1330540031194687"
"15149","0.23620592057704926","0.23620592057704926","0.23620592057704926","0.4481585621833801","0.4481585621833801","0.4481585621833801","0.07380104064941406","0.07380104064941406","0.07380104064941406","0.37851667404174805","0.37851667404174805","0.37851667404174805","0.7678192257881165","0.7678192257881165","0.7678192257881165","0.1044837236404419","0.1044837236404419","0.1044837236404419"
"15179","0.21855977177619934","0.21855977177619934","0.21855977177619934","0.23871764540672302","0.23871764540672302","0.23871764540672302","0.06090671569108963","0.06090671569108963","0.06090671569108963","0.16354651749134064","0.16354651749134064","0.16354651749134064","0.3024987578392029","0.3024987578392029","0.3024987578392029","0.07720485329627991","0.07720485329627991","0.07720485329627991"
"15209","0.2117532342672348","0.2117532342672348","0.2117532342672348","0.4726797640323639","0.4726797640323639","0.4726797640323639","0.06120375171303749","0.06120375171303749","0.06120375171303749","0.3117070198059082","0.3117070198059082","0.3117070198059082","0.45971137285232544","0.45971137285232544","0.45971137285232544","0.09104198217391968","0.09104198217391968","0.09104198217391968"
"15239","0.19526168704032898","0.19526168704032898","0.19526168704032898","0.31470420956611633","0.31470420956611633","0.31470420956611633","0.06890954077243805","0.06890954077243805","0.06890954077243805","0.3506736755371094","0.3506736755371094","0.3506736755371094","0.3321742117404938","0.3321742117404938","0.3321742117404938","0.10129670053720474","0.10129670053720474","0.10129670053720474"
"15269","0.7809922695159912","0.7809922695159912","0.7809922695159912","0.4733918607234955","0.4733918607234955","0.4733918607234955","0.09675110876560211","0.09675110876560211","0.09675110876560211","0.23098742961883545","0.23098742961883545","0.23098742961883545","0.9938308596611023","0.9938308596611023","0.9938308596611023","0.1130700632929802","0.1130700632929802","0.1130700632929802"
"15299","0.22677986323833466","0.22677986323833466","0.22677986323833466","0.35080352425575256","0.35080352425575256","0.35080352425575256","0.07098589092493057","0.07098589092493057","0.07098589092493057","0.24606196582317352","0.24606196582317352","0.24606196582317352","0.34636980295181274","0.34636980295181274","0.34636980295181274","0.11534684151411057","0.11534684151411057","0.11534684151411057"
"15329","0.2908549904823303","0.2908549904823303","0.2908549904823303","0.29323527216911316","0.29323527216911316","0.29323527216911316","0.07127062976360321","0.07127062976360321","0.07127062976360321","0.35198843479156494","0.35198843479156494","0.35198843479156494","0.49100279808044434","0.49100279808044434","0.49100279808044434","0.09201871603727341","0.09201871603727341","0.09201871603727341"
"15359","0.2800397574901581","0.2800397574901581","0.2800397574901581","0.2136504054069519","0.2136504054069519","0.2136504054069519","0.05082586035132408","0.05082586035132408","0.05082586035132408","0.18182042241096497","0.18182042241096497","0.18182042241096497","0.3481079638004303","0.3481079638004303","0.3481079638004303","0.08225144445896149","0.08225144445896149","0.08225144445896149"
"15389","0.23826593160629272","0.23826593160629272","0.23826593160629272","0.44338446855545044","0.44338446855545044","0.44338446855545044","0.12671403586864471","0.12671403586864471","0.12671403586864471","0.19856153428554535","0.19856153428554535","0.19856153428554535","0.39187437295913696","0.39187437295913696","0.39187437295913696","0.13303020596504211","0.13303020596504211","0.13303020596504211"
"15419","0.239552840590477","0.239552840590477","0.239552840590477","0.6143625378608704","0.6143625378608704","0.6143625378608704","0.05555364489555359","0.05555364489555359","0.05555364489555359","0.372576504945755","0.372576504945755","0.372576504945755","0.3216405510902405","0.3216405510902405","0.3216405510902405","0.09701082855463028","0.09701082855463028","0.09701082855463028"
"15449","0.5899794697761536","0.5899794697761536","0.5899794697761536","2.5469281673431396","2.5469281673431396","2.5469281673431396","0.08512797206640244","0.08512797206640244","0.08512797206640244","0.39980295300483704","0.39980295300483704","0.39980295300483704","1.7923526763916016","1.7923526763916016","1.7923526763916016","0.09333781152963638","0.09333781152963638","0.09333781152963638"
"15479","0.39188089966773987","0.39188089966773987","0.39188089966773987","0.49924033880233765","0.49924033880233765","0.49924033880233765","0.058596108108758926","0.058596108108758926","0.058596108108758926","0.27532991766929626","0.27532991766929626","0.27532991766929626","0.37776169180870056","0.37776169180870056","0.37776169180870056","0.09604524075984955","0.09604524075984955","0.09604524075984955"
"15509","0.3635678291320801","0.3635678291320801","0.3635678291320801","0.22846351563930511","0.22846351563930511","0.22846351563930511","0.059633977711200714","0.059633977711200714","0.059633977711200714","0.47732606530189514","0.47732606530189514","0.47732606530189514","0.5339701175689697","0.5339701175689697","0.5339701175689697","0.0833159014582634","0.0833159014582634","0.0833159014582634"
"15539","0.2503833770751953","0.2503833770751953","0.2503833770751953","0.24129100143909454","0.24129100143909454","0.24129100143909454","0.06089514121413231","0.06089514121413231","0.06089514121413231","0.20640049874782562","0.20640049874782562","0.20640049874782562","0.2942414879798889","0.2942414879798889","0.2942414879798889","0.1081649586558342","0.1081649586558342","0.1081649586558342"
"15569","1.2776622772216797","1.2776622772216797","1.2776622772216797","3.9924440383911133","3.9924440383911133","3.9924440383911133","0.0535443015396595","0.0535443015396595","0.0535443015396595","1.1718344688415527","1.1718344688415527","1.1718344688415527","2.458132743835449","2.458132743835449","2.458132743835449","0.08708678930997849","0.08708678930997849","0.08708678930997849"
"15599","0.1878083199262619","0.1878083199262619","0.1878083199262619","0.2105654627084732","0.2105654627084732","0.2105654627084732","0.06596161425113678","0.06596161425113678","0.06596161425113678","0.26738211512565613","0.26738211512565613","0.26738211512565613","0.27679508924484253","0.27679508924484253","0.27679508924484253","0.08002946525812149","0.08002946525812149","0.08002946525812149"
"15629","0.26460593938827515","0.26460593938827515","0.26460593938827515","0.41908517479896545","0.41908517479896545","0.41908517479896545","0.06484683603048325","0.06484683603048325","0.06484683603048325","0.31481578946113586","0.31481578946113586","0.31481578946113586","0.2883186340332031","0.2883186340332031","0.2883186340332031","0.09982386231422424","0.09982386231422424","0.09982386231422424"
"15659","0.400258868932724","0.400258868932724","0.400258868932724","0.5048310160636902","0.5048310160636902","0.5048310160636902","0.07021601498126984","0.07021601498126984","0.07021601498126984","0.5497716665267944","0.5497716665267944","0.5497716665267944","0.7113518118858337","0.7113518118858337","0.7113518118858337","0.08210605382919312","0.08210605382919312","0.08210605382919312"
"15689","0.4291950762271881","0.4291950762271881","0.4291950762271881","0.3095461130142212","0.3095461130142212","0.3095461130142212","0.06074072793126106","0.06074072793126106","0.06074072793126106","0.38748472929000854","0.38748472929000854","0.38748472929000854","0.4845931828022003","0.4845931828022003","0.4845931828022003","0.17712615430355072","0.17712615430355072","0.17712615430355072"
"15719","0.8054243326187134","0.8054243326187134","0.8054243326187134","0.76844722032547","0.76844722032547","0.76844722032547","0.0923195406794548","0.0923195406794548","0.0923195406794548","0.2752004861831665","0.2752004861831665","0.2752004861831665","0.38028597831726074","0.38028597831726074","0.38028597831726074","0.07626961171627045","0.07626961171627045","0.07626961171627045"
"15749","0.20987635850906372","0.20987635850906372","0.20987635850906372","0.3070044219493866","0.3070044219493866","0.3070044219493866","0.09635540097951889","0.09635540097951889","0.09635540097951889","0.24466270208358765","0.24466270208358765","0.24466270208358765","0.577482283115387","0.577482283115387","0.577482283115387","0.11657239496707916","0.11657239496707916","0.11657239496707916"
"15779","0.3348601162433624","0.3348601162433624","0.3348601162433624","0.7824239730834961","0.7824239730834961","0.7824239730834961","0.0786694809794426","0.0786694809794426","0.0786694809794426","0.2695315182209015","0.2695315182209015","0.2695315182209015","0.6914542317390442","0.6914542317390442","0.6914542317390442","0.10078895092010498","0.10078895092010498","0.10078895092010498"
"15809","0.31235215067863464","0.31235215067863464","0.31235215067863464","0.35314300656318665","0.35314300656318665","0.35314300656318665","0.052779264748096466","0.052779264748096466","0.052779264748096466","0.42706891894340515","0.42706891894340515","0.42706891894340515","0.6106516122817993","0.6106516122817993","0.6106516122817993","0.07927233725786209","0.07927233725786209","0.07927233725786209"
"15839","0.2641254663467407","0.2641254663467407","0.2641254663467407","0.31280452013015747","0.31280452013015747","0.31280452013015747","0.07039697468280792","0.07039697468280792","0.07039697468280792","0.28965452313423157","0.28965452313423157","0.28965452313423157","0.7753669023513794","0.7753669023513794","0.7753669023513794","0.09928231686353683","0.09928231686353683","0.09928231686353683"
"15869","0.38732096552848816","0.38732096552848816","0.38732096552848816","0.273000568151474","0.273000568151474","0.273000568151474","0.07197742909193039","0.07197742909193039","0.07197742909193039","0.2724896967411041","0.2724896967411041","0.2724896967411041","0.313231498003006","0.313231498003006","0.313231498003006","0.11901750415563583","0.11901750415563583","0.11901750415563583"
"15899","0.34924373030662537","0.34924373030662537","0.34924373030662537","0.21523836255073547","0.21523836255073547","0.21523836255073547","0.07494179159402847","0.07494179159402847","0.07494179159402847","0.30813539028167725","0.30813539028167725","0.30813539028167725","0.30907225608825684","0.30907225608825684","0.30907225608825684","0.11841609328985214","0.11841609328985214","0.11841609328985214"
"15929","1.3076064586639404","1.3076064586639404","1.3076064586639404","3.3700971603393555","3.3700971603393555","3.3700971603393555","0.09379909187555313","0.09379909187555313","0.09379909187555313","0.5633053183555603","0.5633053183555603","0.5633053183555603","0.9986501336097717","0.9986501336097717","0.9986501336097717","0.10021813213825226","0.10021813213825226","0.10021813213825226"
"15959","0.14645689725875854","0.14645689725875854","0.14645689725875854","0.5107195377349854","0.5107195377349854","0.5107195377349854","0.04878851771354675","0.04878851771354675","0.04878851771354675","0.20492275059223175","0.20492275059223175","0.20492275059223175","0.42345428466796875","0.42345428466796875","0.42345428466796875","0.10238614678382874","0.10238614678382874","0.10238614678382874"
"15989","0.8573132157325745","0.8573132157325745","0.8573132157325745","0.38187605142593384","0.38187605142593384","0.38187605142593384","0.07630574703216553","0.07630574703216553","0.07630574703216553","0.33685246109962463","0.33685246109962463","0.33685246109962463","0.6632934212684631","0.6632934212684631","0.6632934212684631","0.16822081804275513","0.16822081804275513","0.16822081804275513"
"16019","0.22631202638149261","0.22631202638149261","0.22631202638149261","0.24358397722244263","0.24358397722244263","0.24358397722244263","0.05590970814228058","0.05590970814228058","0.05590970814228058","0.26753315329551697","0.26753315329551697","0.26753315329551697","0.35878172516822815","0.35878172516822815","0.35878172516822815","0.11306430399417877","0.11306430399417877","0.11306430399417877"
"16049","0.3692438006401062","0.3692438006401062","0.3692438006401062","0.6157464385032654","0.6157464385032654","0.6157464385032654","0.07549139112234116","0.07549139112234116","0.07549139112234116","0.27261367440223694","0.27261367440223694","0.27261367440223694","0.5397298336029053","0.5397298336029053","0.5397298336029053","0.11476299166679382","0.11476299166679382","0.11476299166679382"
"16079","0.3015839159488678","0.3015839159488678","0.3015839159488678","0.5094760656356812","0.5094760656356812","0.5094760656356812","0.08490812033414841","0.08490812033414841","0.08490812033414841","0.21754179894924164","0.21754179894924164","0.21754179894924164","0.7412942051887512","0.7412942051887512","0.7412942051887512","0.10762938857078552","0.10762938857078552","0.10762938857078552"
"16109","0.38630104064941406","0.38630104064941406","0.38630104064941406","1.0425471067428589","1.0425471067428589","1.0425471067428589","0.05413641035556793","0.05413641035556793","0.05413641035556793","0.4642106592655182","0.4642106592655182","0.4642106592655182","1.1050094366073608","1.1050094366073608","1.1050094366073608","0.09425115585327148","0.09425115585327148","0.09425115585327148"
"16139","0.21130627393722534","0.21130627393722534","0.21130627393722534","0.7621682286262512","0.7621682286262512","0.7621682286262512","0.08985236287117004","0.08985236287117004","0.08985236287117004","0.2199474275112152","0.2199474275112152","0.2199474275112152","0.4334930181503296","0.4334930181503296","0.4334930181503296","0.08927112072706223","0.08927112072706223","0.08927112072706223"
"16169","0.21695253252983093","0.21695253252983093","0.21695253252983093","0.23820579051971436","0.23820579051971436","0.23820579051971436","0.047597091645002365","0.047597091645002365","0.047597091645002365","0.24090205132961273","0.24090205132961273","0.24090205132961273","0.5351600050926208","0.5351600050926208","0.5351600050926208","0.07314742356538773","0.07314742356538773","0.07314742356538773"
"16199","0.2622296214103699","0.2622296214103699","0.2622296214103699","0.2296188324689865","0.2296188324689865","0.2296188324689865","0.07753334194421768","0.07753334194421768","0.07753334194421768","0.29047033190727234","0.29047033190727234","0.29047033190727234","0.3421356976032257","0.3421356976032257","0.3421356976032257","0.10365583002567291","0.10365583002567291","0.10365583002567291"
"16229","0.5006863474845886","0.5006863474845886","0.5006863474845886","0.382931649684906","0.382931649684906","0.382931649684906","0.05248463153839111","0.05248463153839111","0.05248463153839111","0.43191099166870117","0.43191099166870117","0.43191099166870117","0.505650520324707","0.505650520324707","0.505650520324707","0.08502863347530365","0.08502863347530365","0.08502863347530365"
"16259","0.5947908163070679","0.5947908163070679","0.5947908163070679","2.113406181335449","2.113406181335449","2.113406181335449","0.0797077864408493","0.0797077864408493","0.0797077864408493","1.2704671621322632","1.2704671621322632","1.2704671621322632","4.122494220733643","4.122494220733643","4.122494220733643","0.09280388802289963","0.09280388802289963","0.09280388802289963"
"16289","0.39290472865104675","0.39290472865104675","0.39290472865104675","0.25646844506263733","0.25646844506263733","0.25646844506263733","0.07358245551586151","0.07358245551586151","0.07358245551586151","0.1874273270368576","0.1874273270368576","0.1874273270368576","0.7372113466262817","0.7372113466262817","0.7372113466262817","0.13231122493743896","0.13231122493743896","0.13231122493743896"
"16319","0.14120419323444366","0.14120419323444366","0.14120419323444366","0.20207031071186066","0.20207031071186066","0.20207031071186066","0.0586138553917408","0.0586138553917408","0.0586138553917408","0.3015071153640747","0.3015071153640747","0.3015071153640747","0.3697585165500641","0.3697585165500641","0.3697585165500641","0.10850907862186432","0.10850907862186432","0.10850907862186432"
"16349","1.2458962202072144","1.2458962202072144","1.2458962202072144","2.92816424369812","2.92816424369812","2.92816424369812","0.058904875069856644","0.058904875069856644","0.058904875069856644","0.8082771301269531","0.8082771301269531","0.8082771301269531","1.1447056531906128","1.1447056531906128","1.1447056531906128","0.08934791386127472","0.08934791386127472","0.08934791386127472"
"16379","0.3108775317668915","0.3108775317668915","0.3108775317668915","0.1909501999616623","0.1909501999616623","0.1909501999616623","0.05479995161294937","0.05479995161294937","0.05479995161294937","0.5288544297218323","0.5288544297218323","0.5288544297218323","0.4456222355365753","0.4456222355365753","0.4456222355365753","0.07697196304798126","0.07697196304798126","0.07697196304798126"
"16409","0.2214752584695816","0.2214752584695816","0.2214752584695816","1.893706202507019","1.893706202507019","1.893706202507019","0.0563119500875473","0.0563119500875473","0.0563119500875473","0.43670058250427246","0.43670058250427246","0.43670058250427246","0.5487123131752014","0.5487123131752014","0.5487123131752014","0.09631042927503586","0.09631042927503586","0.09631042927503586"
"16439","0.24991972744464874","0.24991972744464874","0.24991972744464874","0.2742321491241455","0.2742321491241455","0.2742321491241455","0.07368341088294983","0.07368341088294983","0.07368341088294983","0.2732876241207123","0.2732876241207123","0.2732876241207123","0.37432751059532166","0.37432751059532166","0.37432751059532166","0.10866956412792206","0.10866956412792206","0.10866956412792206"
"16469","0.5981450080871582","0.5981450080871582","0.5981450080871582","0.28617021441459656","0.28617021441459656","0.28617021441459656","0.05498160421848297","0.05498160421848297","0.05498160421848297","0.9375635981559753","0.9375635981559753","0.9375635981559753","1.1748008728027344","1.1748008728027344","1.1748008728027344","0.11558111011981964","0.11558111011981964","0.11558111011981964"
"16499","0.20900991559028625","0.20900991559028625","0.20900991559028625","0.38411593437194824","0.38411593437194824","0.38411593437194824","0.06239299476146698","0.06239299476146698","0.06239299476146698","0.3127216398715973","0.3127216398715973","0.3127216398715973","0.37330013513565063","0.37330013513565063","0.37330013513565063","0.08208788931369781","0.08208788931369781","0.08208788931369781"
"16529","0.3962063491344452","0.3962063491344452","0.3962063491344452","0.2027667909860611","0.2027667909860611","0.2027667909860611","0.06748370826244354","0.06748370826244354","0.06748370826244354","0.24569320678710938","0.24569320678710938","0.24569320678710938","0.25034064054489136","0.25034064054489136","0.25034064054489136","0.07911734282970428","0.07911734282970428","0.07911734282970428"
"16559","0.5688305497169495","0.5688305497169495","0.5688305497169495","0.495898574590683","0.495898574590683","0.495898574590683","0.07219552993774414","0.07219552993774414","0.07219552993774414","0.45852354168891907","0.45852354168891907","0.45852354168891907","1.1244332790374756","1.1244332790374756","1.1244332790374756","0.08616643399000168","0.08616643399000168","0.08616643399000168"
"16589","0.36380815505981445","0.36380815505981445","0.36380815505981445","0.2788148522377014","0.2788148522377014","0.2788148522377014","0.057221729308366776","0.057221729308366776","0.057221729308366776","0.19931656122207642","0.19931656122207642","0.19931656122207642","0.3186086416244507","0.3186086416244507","0.3186086416244507","0.08828303962945938","0.08828303962945938","0.08828303962945938"
"16619","0.34246253967285156","0.34246253967285156","0.34246253967285156","0.8429431915283203","0.8429431915283203","0.8429431915283203","0.08325481414794922","0.08325481414794922","0.08325481414794922","0.9238173961639404","0.9238173961639404","0.9238173961639404","0.6728692650794983","0.6728692650794983","0.6728692650794983","0.08790893107652664","0.08790893107652664","0.08790893107652664"
"16649","0.301343709230423","0.301343709230423","0.301343709230423","0.3542962670326233","0.3542962670326233","0.3542962670326233","0.05354519560933113","0.05354519560933113","0.05354519560933113","0.23123829066753387","0.23123829066753387","0.23123829066753387","0.30749157071113586","0.30749157071113586","0.30749157071113586","0.0934009701013565","0.0934009701013565","0.0934009701013565"
"16679","1.486535906791687","1.486535906791687","1.486535906791687","10.20021915435791","10.20021915435791","10.20021915435791","0.05785135179758072","0.05785135179758072","0.05785135179758072","1.164588451385498","1.164588451385498","1.164588451385498","1.0925333499908447","1.0925333499908447","1.0925333499908447","0.1057535707950592","0.1057535707950592","0.1057535707950592"
"16709","0.3365793526172638","0.3365793526172638","0.3365793526172638","0.43019720911979675","0.43019720911979675","0.43019720911979675","0.05093806982040405","0.05093806982040405","0.05093806982040405","0.4117121696472168","0.4117121696472168","0.4117121696472168","0.3946353495121002","0.3946353495121002","0.3946353495121002","0.08503280580043793","0.08503280580043793","0.08503280580043793"
"16739","0.543006181716919","0.543006181716919","0.543006181716919","0.3047768771648407","0.3047768771648407","0.3047768771648407","0.06376902759075165","0.06376902759075165","0.06376902759075165","0.3483487665653229","0.3483487665653229","0.3483487665653229","0.32952284812927246","0.32952284812927246","0.32952284812927246","0.07402122765779495","0.07402122765779495","0.07402122765779495"
"16769","0.30104485154151917","0.30104485154151917","0.30104485154151917","0.4324500262737274","0.4324500262737274","0.4324500262737274","0.06570631265640259","0.06570631265640259","0.06570631265640259","0.33264416456222534","0.33264416456222534","0.33264416456222534","0.54093337059021","0.54093337059021","0.54093337059021","0.09055756032466888","0.09055756032466888","0.09055756032466888"
"16799","0.3150656819343567","0.3150656819343567","0.3150656819343567","0.24211996793746948","0.24211996793746948","0.24211996793746948","0.047966521233320236","0.047966521233320236","0.047966521233320236","0.6093572974205017","0.6093572974205017","0.6093572974205017","0.29856032133102417","0.29856032133102417","0.29856032133102417","0.07881341129541397","0.07881341129541397","0.07881341129541397"
"16829","0.4968925416469574","0.4968925416469574","0.4968925416469574","0.24101068079471588","0.24101068079471588","0.24101068079471588","0.09271148592233658","0.09271148592233658","0.09271148592233658","0.20349667966365814","0.20349667966365814","0.20349667966365814","0.3707105815410614","0.3707105815410614","0.3707105815410614","0.11347219347953796","0.11347219347953796","0.11347219347953796"
"16859","2.964323043823242","2.964323043823242","2.964323043823242","1.2171560525894165","1.2171560525894165","1.2171560525894165","0.05991561338305473","0.05991561338305473","0.05991561338305473","0.45361822843551636","0.45361822843551636","0.45361822843551636","2.156352996826172","2.156352996826172","2.156352996826172","0.07873369008302689","0.07873369008302689","0.07873369008302689"
"16889","4.294909954071045","4.294909954071045","4.294909954071045","39.17758560180664","39.17758560180664","39.17758560180664","0.04972769320011139","0.04972769320011139","0.04972769320011139","4.220736503601074","4.220736503601074","4.220736503601074","31.78636360168457","31.78636360168457","31.78636360168457","0.07870226353406906","0.07870226353406906","0.07870226353406906"
"16919","0.6959218382835388","0.6959218382835388","0.6959218382835388","3.6013574600219727","3.6013574600219727","3.6013574600219727","0.0635746642947197","0.0635746642947197","0.0635746642947197","1.0416858196258545","1.0416858196258545","1.0416858196258545","4.507898330688477","4.507898330688477","4.507898330688477","0.10001280903816223","0.10001280903816223","0.10001280903816223"
"16949","0.22861216962337494","0.22861216962337494","0.22861216962337494","0.405760794878006","0.405760794878006","0.405760794878006","0.06032046303153038","0.06032046303153038","0.06032046303153038","0.32996630668640137","0.32996630668640137","0.32996630668640137","0.3321143388748169","0.3321143388748169","0.3321143388748169","0.08005465567111969","0.08005465567111969","0.08005465567111969"
"16979","0.23170146346092224","0.23170146346092224","0.23170146346092224","0.39515331387519836","0.39515331387519836","0.39515331387519836","0.07560689002275467","0.07560689002275467","0.07560689002275467","0.4681384563446045","0.4681384563446045","0.4681384563446045","0.4395129382610321","0.4395129382610321","0.4395129382610321","0.0937957912683487","0.0937957912683487","0.0937957912683487"
"17009","0.18058766424655914","0.18058766424655914","0.18058766424655914","0.2595236599445343","0.2595236599445343","0.2595236599445343","0.0887555256485939","0.0887555256485939","0.0887555256485939","0.3294292390346527","0.3294292390346527","0.3294292390346527","0.42548224329948425","0.42548224329948425","0.42548224329948425","0.11149484664201736","0.11149484664201736","0.11149484664201736"
"17039","0.2831851840019226","0.2831851840019226","0.2831851840019226","0.8335905075073242","0.8335905075073242","0.8335905075073242","0.04255106672644615","0.04255106672644615","0.04255106672644615","0.25803327560424805","0.25803327560424805","0.25803327560424805","0.37370210886001587","0.37370210886001587","0.37370210886001587","0.07066111266613007","0.07066111266613007","0.07066111266613007"
"17069","0.3703064024448395","0.3703064024448395","0.3703064024448395","0.3947164714336395","0.3947164714336395","0.3947164714336395","0.05177214369177818","0.05177214369177818","0.05177214369177818","0.34651604294776917","0.34651604294776917","0.34651604294776917","0.8684635162353516","0.8684635162353516","0.8684635162353516","0.08670270442962646","0.08670270442962646","0.08670270442962646"
"17099","0.17392051219940186","0.17392051219940186","0.17392051219940186","0.32724517583847046","0.32724517583847046","0.32724517583847046","0.05886203050613403","0.05886203050613403","0.05886203050613403","0.3306797742843628","0.3306797742843628","0.3306797742843628","0.3132480978965759","0.3132480978965759","0.3132480978965759","0.08806409686803818","0.08806409686803818","0.08806409686803818"
"17129","0.45432227849960327","0.45432227849960327","0.45432227849960327","0.5149931907653809","0.5149931907653809","0.5149931907653809","0.06339507550001144","0.06339507550001144","0.06339507550001144","0.32875770330429077","0.32875770330429077","0.32875770330429077","0.6621236801147461","0.6621236801147461","0.6621236801147461","0.07651008665561676","0.07651008665561676","0.07651008665561676"
"17159","0.27679312229156494","0.27679312229156494","0.27679312229156494","0.8976325988769531","0.8976325988769531","0.8976325988769531","0.05441613122820854","0.05441613122820854","0.05441613122820854","0.2553529739379883","0.2553529739379883","0.2553529739379883","0.4919680058956146","0.4919680058956146","0.4919680058956146","0.08185996115207672","0.08185996115207672","0.08185996115207672"
"17189","0.6764197945594788","0.6764197945594788","0.6764197945594788","0.3415127396583557","0.3415127396583557","0.3415127396583557","0.06251471489667892","0.06251471489667892","0.06251471489667892","0.5032856464385986","0.5032856464385986","0.5032856464385986","0.4144328236579895","0.4144328236579895","0.4144328236579895","0.09905482828617096","0.09905482828617096","0.09905482828617096"
"17219","0.3321388065814972","0.3321388065814972","0.3321388065814972","0.3881278932094574","0.3881278932094574","0.3881278932094574","0.05523737147450447","0.05523737147450447","0.05523737147450447","0.31301259994506836","0.31301259994506836","0.31301259994506836","0.35113269090652466","0.35113269090652466","0.35113269090652466","0.27240103483200073","0.27240103483200073","0.27240103483200073"
"17249","0.5110034346580505","0.5110034346580505","0.5110034346580505","0.3306350111961365","0.3306350111961365","0.3306350111961365","0.04927925020456314","0.04927925020456314","0.04927925020456314","0.296787291765213","0.296787291765213","0.296787291765213","0.5567679405212402","0.5567679405212402","0.5567679405212402","0.08367422223091125","0.08367422223091125","0.08367422223091125"
"17279","0.25386330485343933","0.25386330485343933","0.25386330485343933","0.49230140447616577","0.49230140447616577","0.49230140447616577","0.06528300791978836","0.06528300791978836","0.06528300791978836","0.3429054319858551","0.3429054319858551","0.3429054319858551","0.5053961277008057","0.5053961277008057","0.5053961277008057","0.07393776625394821","0.07393776625394821","0.07393776625394821"
"17309","0.22942782938480377","0.22942782938480377","0.22942782938480377","0.28293731808662415","0.28293731808662415","0.28293731808662415","0.04371100664138794","0.04371100664138794","0.04371100664138794","0.41724494099617004","0.41724494099617004","0.41724494099617004","0.26370668411254883","0.26370668411254883","0.26370668411254883","0.09581609815359116","0.09581609815359116","0.09581609815359116"
"17339","0.2625463306903839","0.2625463306903839","0.2625463306903839","0.20616263151168823","0.20616263151168823","0.20616263151168823","0.06106821820139885","0.06106821820139885","0.06106821820139885","0.2007124125957489","0.2007124125957489","0.2007124125957489","0.4028852880001068","0.4028852880001068","0.4028852880001068","0.0969628095626831","0.0969628095626831","0.0969628095626831"
"17369","0.2656824290752411","0.2656824290752411","0.2656824290752411","0.6360868811607361","0.6360868811607361","0.6360868811607361","0.06496528536081314","0.06496528536081314","0.06496528536081314","0.20979370176792145","0.20979370176792145","0.20979370176792145","0.3581727147102356","0.3581727147102356","0.3581727147102356","0.09624282270669937","0.09624282270669937","0.09624282270669937"
"17399","0.37764301896095276","0.37764301896095276","0.37764301896095276","0.43634459376335144","0.43634459376335144","0.43634459376335144","0.06567536294460297","0.06567536294460297","0.06567536294460297","0.46130043268203735","0.46130043268203735","0.46130043268203735","0.6137997508049011","0.6137997508049011","0.6137997508049011","0.13082320988178253","0.13082320988178253","0.13082320988178253"
"17429","0.3533811867237091","0.3533811867237091","0.3533811867237091","1.0293470621109009","1.0293470621109009","1.0293470621109009","0.04722484573721886","0.04722484573721886","0.04722484573721886","0.4120689332485199","0.4120689332485199","0.4120689332485199","1.9789986610412598","1.9789986610412598","1.9789986610412598","0.09525346755981445","0.09525346755981445","0.09525346755981445"
"17459","0.2855510115623474","0.2855510115623474","0.2855510115623474","0.3130913972854614","0.3130913972854614","0.3130913972854614","0.05400005355477333","0.05400005355477333","0.05400005355477333","0.3619433045387268","0.3619433045387268","0.3619433045387268","0.5928667187690735","0.5928667187690735","0.5928667187690735","0.10662674903869629","0.10662674903869629","0.10662674903869629"
"17489","1.2463042736053467","1.2463042736053467","1.2463042736053467","5.634963035583496","5.634963035583496","5.634963035583496","0.049705855548381805","0.049705855548381805","0.049705855548381805","1.5342655181884766","1.5342655181884766","1.5342655181884766","5.692953586578369","5.692953586578369","5.692953586578369","0.08159274607896805","0.08159274607896805","0.08159274607896805"
"17519","0.3232874870300293","0.3232874870300293","0.3232874870300293","0.4213618040084839","0.4213618040084839","0.4213618040084839","0.05101725086569786","0.05101725086569786","0.05101725086569786","0.3348155915737152","0.3348155915737152","0.3348155915737152","0.34018659591674805","0.34018659591674805","0.34018659591674805","0.07284309715032578","0.07284309715032578","0.07284309715032578"
"17549","0.3167833983898163","0.3167833983898163","0.3167833983898163","0.4790959060192108","0.4790959060192108","0.4790959060192108","0.06563181430101395","0.06563181430101395","0.06563181430101395","0.513778030872345","0.513778030872345","0.513778030872345","0.5531315207481384","0.5531315207481384","0.5531315207481384","0.09566748142242432","0.09566748142242432","0.09566748142242432"
"17579","0.3034718930721283","0.3034718930721283","0.3034718930721283","0.2117401510477066","0.2117401510477066","0.2117401510477066","0.0641111433506012","0.0641111433506012","0.0641111433506012","0.3487135171890259","0.3487135171890259","0.3487135171890259","0.3347538411617279","0.3347538411617279","0.3347538411617279","0.11214294284582138","0.11214294284582138","0.11214294284582138"
"17609","0.2588699758052826","0.2588699758052826","0.2588699758052826","0.31189489364624023","0.31189489364624023","0.31189489364624023","0.05328299477696419","0.05328299477696419","0.05328299477696419","0.15751425921916962","0.15751425921916962","0.15751425921916962","0.9654862880706787","0.9654862880706787","0.9654862880706787","0.09540603309869766","0.09540603309869766","0.09540603309869766"
"17639","0.2159660905599594","0.2159660905599594","0.2159660905599594","0.36912912130355835","0.36912912130355835","0.36912912130355835","0.07617685198783875","0.07617685198783875","0.07617685198783875","0.25555625557899475","0.25555625557899475","0.25555625557899475","0.21890902519226074","0.21890902519226074","0.21890902519226074","0.09136079251766205","0.09136079251766205","0.09136079251766205"
"17669","0.6730021238327026","0.6730021238327026","0.6730021238327026","0.29864031076431274","0.29864031076431274","0.29864031076431274","0.05967218428850174","0.05967218428850174","0.05967218428850174","0.2479514330625534","0.2479514330625534","0.2479514330625534","0.42650729417800903","0.42650729417800903","0.42650729417800903","0.09595388174057007","0.09595388174057007","0.09595388174057007"
"17699","0.8623177409172058","0.8623177409172058","0.8623177409172058","1.0319833755493164","1.0319833755493164","1.0319833755493164","0.12247768044471741","0.12247768044471741","0.12247768044471741","0.9402692914009094","0.9402692914009094","0.9402692914009094","0.9398239850997925","0.9398239850997925","0.9398239850997925","0.1600523293018341","0.1600523293018341","0.1600523293018341"
"17729","1.021297812461853","1.021297812461853","1.021297812461853","0.8438328504562378","0.8438328504562378","0.8438328504562378","0.04642966017127037","0.04642966017127037","0.04642966017127037","0.3387955129146576","0.3387955129146576","0.3387955129146576","1.5039691925048828","1.5039691925048828","1.5039691925048828","0.06826122850179672","0.06826122850179672","0.06826122850179672"
"17759","0.2234615534543991","0.2234615534543991","0.2234615534543991","0.6358060836791992","0.6358060836791992","0.6358060836791992","0.045403752475976944","0.045403752475976944","0.045403752475976944","0.32266050577163696","0.32266050577163696","0.32266050577163696","0.3251618444919586","0.3251618444919586","0.3251618444919586","0.08041209727525711","0.08041209727525711","0.08041209727525711"
"17789","0.17715083062648773","0.17715083062648773","0.17715083062648773","0.2753465175628662","0.2753465175628662","0.2753465175628662","0.044376008212566376","0.044376008212566376","0.044376008212566376","0.4234868884086609","0.4234868884086609","0.4234868884086609","0.6537238955497742","0.6537238955497742","0.6537238955497742","0.08112792670726776","0.08112792670726776","0.08112792670726776"
"17819","0.577282190322876","0.577282190322876","0.577282190322876","0.42402341961860657","0.42402341961860657","0.42402341961860657","0.04805033281445503","0.04805033281445503","0.04805033281445503","0.20410989224910736","0.20410989224910736","0.20410989224910736","0.576676607131958","0.576676607131958","0.576676607131958","0.0897073894739151","0.0897073894739151","0.0897073894739151"
"17849","0.18392521142959595","0.18392521142959595","0.18392521142959595","0.20235785841941833","0.20235785841941833","0.20235785841941833","0.05324718356132507","0.05324718356132507","0.05324718356132507","0.19365552067756653","0.19365552067756653","0.19365552067756653","0.4198318421840668","0.4198318421840668","0.4198318421840668","0.08905461430549622","0.08905461430549622","0.08905461430549622"
"17879","0.1900247484445572","0.1900247484445572","0.1900247484445572","0.44079089164733887","0.44079089164733887","0.44079089164733887","0.06071113795042038","0.06071113795042038","0.06071113795042038","0.20041820406913757","0.20041820406913757","0.20041820406913757","0.5206334590911865","0.5206334590911865","0.5206334590911865","0.09307883679866791","0.09307883679866791","0.09307883679866791"
"17909","1.1623291969299316","1.1623291969299316","1.1623291969299316","1.2336974143981934","1.2336974143981934","1.2336974143981934","0.06503833085298538","0.06503833085298538","0.06503833085298538","0.6329358220100403","0.6329358220100403","0.6329358220100403","1.6621530055999756","1.6621530055999756","1.6621530055999756","0.09307747334241867","0.09307747334241867","0.09307747334241867"
"17939","0.4168573021888733","0.4168573021888733","0.4168573021888733","0.3854907155036926","0.3854907155036926","0.3854907155036926","0.04450574889779091","0.04450574889779091","0.04450574889779091","0.8083368539810181","0.8083368539810181","0.8083368539810181","0.47756582498550415","0.47756582498550415","0.47756582498550415","0.09917283058166504","0.09917283058166504","0.09917283058166504"
"17969","0.28669843077659607","0.28669843077659607","0.28669843077659607","0.2636508643627167","0.2636508643627167","0.2636508643627167","0.06763755530118942","0.06763755530118942","0.06763755530118942","0.3164204955101013","0.3164204955101013","0.3164204955101013","0.3615964353084564","0.3615964353084564","0.3615964353084564","0.10312159359455109","0.10312159359455109","0.10312159359455109"
"17999","0.5756453275680542","0.5756453275680542","0.5756453275680542","3.6331121921539307","3.6331121921539307","3.6331121921539307","0.05673052743077278","0.05673052743077278","0.05673052743077278","0.45247435569763184","0.45247435569763184","0.45247435569763184","6.843937873840332","6.843937873840332","6.843937873840332","0.14894604682922363","0.14894604682922363","0.14894604682922363"
"18029","0.5750121474266052","0.5750121474266052","0.5750121474266052","0.4024675786495209","0.4024675786495209","0.4024675786495209","0.06698129326105118","0.06698129326105118","0.06698129326105118","0.47630295157432556","0.47630295157432556","0.47630295157432556","0.5159772634506226","0.5159772634506226","0.5159772634506226","0.14998449385166168","0.14998449385166168","0.14998449385166168"
"18059","0.2658395767211914","0.2658395767211914","0.2658395767211914","0.4355737864971161","0.4355737864971161","0.4355737864971161","0.0657418891787529","0.0657418891787529","0.0657418891787529","0.4384978711605072","0.4384978711605072","0.4384978711605072","0.6222586035728455","0.6222586035728455","0.6222586035728455","0.07344063371419907","0.07344063371419907","0.07344063371419907"
"18089","0.22527027130126953","0.22527027130126953","0.22527027130126953","0.47421348094940186","0.47421348094940186","0.47421348094940186","0.04627437889575958","0.04627437889575958","0.04627437889575958","0.35918012261390686","0.35918012261390686","0.35918012261390686","0.4416837692260742","0.4416837692260742","0.4416837692260742","0.11722109466791153","0.11722109466791153","0.11722109466791153"
"18119","0.26565060019493103","0.26565060019493103","0.26565060019493103","0.9462488293647766","0.9462488293647766","0.9462488293647766","0.05063561722636223","0.05063561722636223","0.05063561722636223","0.44873201847076416","0.44873201847076416","0.44873201847076416","1.0372511148452759","1.0372511148452759","1.0372511148452759","0.1073283925652504","0.1073283925652504","0.1073283925652504"
"18149","0.3446727991104126","0.3446727991104126","0.3446727991104126","0.2506087124347687","0.2506087124347687","0.2506087124347687","0.06568557024002075","0.06568557024002075","0.06568557024002075","0.3336370885372162","0.3336370885372162","0.3336370885372162","0.3075067102909088","0.3075067102909088","0.3075067102909088","0.08405647426843643","0.08405647426843643","0.08405647426843643"
"18179","0.17729850113391876","0.17729850113391876","0.17729850113391876","0.20462162792682648","0.20462162792682648","0.20462162792682648","0.04174399748444557","0.04174399748444557","0.04174399748444557","0.6511495113372803","0.6511495113372803","0.6511495113372803","0.3409362733364105","0.3409362733364105","0.3409362733364105","0.07099840044975281","0.07099840044975281","0.07099840044975281"
"18209","1.1566447019577026","1.1566447019577026","1.1566447019577026","1.5987319946289062","1.5987319946289062","1.5987319946289062","0.05563783645629883","0.05563783645629883","0.05563783645629883","1.986244559288025","1.986244559288025","1.986244559288025","1.23667311668396","1.23667311668396","1.23667311668396","0.09599760919809341","0.09599760919809341","0.09599760919809341"
"18239","0.27717211842536926","0.27717211842536926","0.27717211842536926","0.5580198764801025","0.5580198764801025","0.5580198764801025","0.047388553619384766","0.047388553619384766","0.047388553619384766","0.25521349906921387","0.25521349906921387","0.25521349906921387","0.7557595372200012","0.7557595372200012","0.7557595372200012","0.07346603274345398","0.07346603274345398","0.07346603274345398"
"18269","0.26108482480049133","0.26108482480049133","0.26108482480049133","0.30426982045173645","0.30426982045173645","0.30426982045173645","0.062129147350788116","0.062129147350788116","0.062129147350788116","0.2657506465911865","0.2657506465911865","0.2657506465911865","0.9542930126190186","0.9542930126190186","0.9542930126190186","0.11047324538230896","0.11047324538230896","0.11047324538230896"
"18299","0.3551872670650482","0.3551872670650482","0.3551872670650482","0.584468424320221","0.584468424320221","0.584468424320221","0.06349430233240128","0.06349430233240128","0.06349430233240128","0.3089469075202942","0.3089469075202942","0.3089469075202942","0.5468786358833313","0.5468786358833313","0.5468786358833313","0.0860845297574997","0.0860845297574997","0.0860845297574997"
"18329","0.28815293312072754","0.28815293312072754","0.28815293312072754","0.2202901989221573","0.2202901989221573","0.2202901989221573","0.09250719845294952","0.09250719845294952","0.09250719845294952","0.24544508755207062","0.24544508755207062","0.24544508755207062","0.43477460741996765","0.43477460741996765","0.43477460741996765","0.08337309956550598","0.08337309956550598","0.08337309956550598"
"18359","0.5428370833396912","0.5428370833396912","0.5428370833396912","0.5769529342651367","0.5769529342651367","0.5769529342651367","0.05762477219104767","0.05762477219104767","0.05762477219104767","0.4087590277194977","0.4087590277194977","0.4087590277194977","1.0163259506225586","1.0163259506225586","1.0163259506225586","0.09589109569787979","0.09589109569787979","0.09589109569787979"
"18389","0.3342647850513458","0.3342647850513458","0.3342647850513458","0.30069005489349365","0.30069005489349365","0.30069005489349365","0.05806323513388634","0.05806323513388634","0.05806323513388634","0.16577276587486267","0.16577276587486267","0.16577276587486267","0.3320983946323395","0.3320983946323395","0.3320983946323395","0.07755854725837708","0.07755854725837708","0.07755854725837708"
"18419","0.19064652919769287","0.19064652919769287","0.19064652919769287","0.2158956080675125","0.2158956080675125","0.2158956080675125","0.06712885200977325","0.06712885200977325","0.06712885200977325","0.3882768154144287","0.3882768154144287","0.3882768154144287","0.3110477030277252","0.3110477030277252","0.3110477030277252","0.07437613606452942","0.07437613606452942","0.07437613606452942"
"18449","0.35064688324928284","0.35064688324928284","0.35064688324928284","0.4804854393005371","0.4804854393005371","0.4804854393005371","0.04628675431013107","0.04628675431013107","0.04628675431013107","0.30000337958335876","0.30000337958335876","0.30000337958335876","0.5598871111869812","0.5598871111869812","0.5598871111869812","0.09239409863948822","0.09239409863948822","0.09239409863948822"
"18479","0.566685140132904","0.566685140132904","0.566685140132904","0.788554847240448","0.788554847240448","0.788554847240448","0.060652632266283035","0.060652632266283035","0.060652632266283035","0.7383660674095154","0.7383660674095154","0.7383660674095154","0.9372907876968384","0.9372907876968384","0.9372907876968384","0.08030775934457779","0.08030775934457779","0.08030775934457779"
"18509","0.26874110102653503","0.26874110102653503","0.26874110102653503","0.38043418526649475","0.38043418526649475","0.38043418526649475","0.04843950271606445","0.04843950271606445","0.04843950271606445","0.3687308430671692","0.3687308430671692","0.3687308430671692","0.535021185874939","0.535021185874939","0.535021185874939","0.07809672504663467","0.07809672504663467","0.07809672504663467"
"18539","0.17752501368522644","0.17752501368522644","0.17752501368522644","0.23734012246131897","0.23734012246131897","0.23734012246131897","0.06231105327606201","0.06231105327606201","0.06231105327606201","0.24660860002040863","0.24660860002040863","0.24660860002040863","0.3633575439453125","0.3633575439453125","0.3633575439453125","0.07715151458978653","0.07715151458978653","0.07715151458978653"
"18569","0.3069373667240143","0.3069373667240143","0.3069373667240143","0.2006738930940628","0.2006738930940628","0.2006738930940628","0.05750204250216484","0.05750204250216484","0.05750204250216484","0.25767916440963745","0.25767916440963745","0.25767916440963745","0.2961164116859436","0.2961164116859436","0.2961164116859436","0.06923797726631165","0.06923797726631165","0.06923797726631165"
"18599","0.7689235806465149","0.7689235806465149","0.7689235806465149","0.4870899021625519","0.4870899021625519","0.4870899021625519","0.09434958547353745","0.09434958547353745","0.09434958547353745","0.2872311770915985","0.2872311770915985","0.2872311770915985","1.1663062572479248","1.1663062572479248","1.1663062572479248","0.08191628009080887","0.08191628009080887","0.08191628009080887"
"18629","0.21683061122894287","0.21683061122894287","0.21683061122894287","0.23266753554344177","0.23266753554344177","0.23266753554344177","0.060079555958509445","0.060079555958509445","0.060079555958509445","0.29107263684272766","0.29107263684272766","0.29107263684272766","0.27969399094581604","0.27969399094581604","0.27969399094581604","0.07849429547786713","0.07849429547786713","0.07849429547786713"
"18659","0.8456017374992371","0.8456017374992371","0.8456017374992371","2.704529285430908","2.704529285430908","2.704529285430908","0.0689612627029419","0.0689612627029419","0.0689612627029419","5.374622821807861","5.374622821807861","5.374622821807861","6.920102596282959","6.920102596282959","6.920102596282959","0.07199586927890778","0.07199586927890778","0.07199586927890778"
"18689","0.21293719112873077","0.21293719112873077","0.21293719112873077","0.26177340745925903","0.26177340745925903","0.26177340745925903","0.06052315980195999","0.06052315980195999","0.06052315980195999","0.41356590390205383","0.41356590390205383","0.41356590390205383","0.4351663589477539","0.4351663589477539","0.4351663589477539","0.09714855253696442","0.09714855253696442","0.09714855253696442"
"18719","0.22817462682724","0.22817462682724","0.22817462682724","0.2563380002975464","0.2563380002975464","0.2563380002975464","0.0450926199555397","0.0450926199555397","0.0450926199555397","0.1875176578760147","0.1875176578760147","0.1875176578760147","0.28659728169441223","0.28659728169441223","0.28659728169441223","0.08354531228542328","0.08354531228542328","0.08354531228542328"
"18749","0.34378835558891296","0.34378835558891296","0.34378835558891296","0.22820529341697693","0.22820529341697693","0.22820529341697693","0.05629294738173485","0.05629294738173485","0.05629294738173485","0.2249959111213684","0.2249959111213684","0.2249959111213684","0.3952755630016327","0.3952755630016327","0.3952755630016327","0.07942149043083191","0.07942149043083191","0.07942149043083191"
"18779","0.6184064149856567","0.6184064149856567","0.6184064149856567","2.3711447715759277","2.3711447715759277","2.3711447715759277","0.08013515174388885","0.08013515174388885","0.08013515174388885","0.35408517718315125","0.35408517718315125","0.35408517718315125","0.663298487663269","0.663298487663269","0.663298487663269","0.07398569583892822","0.07398569583892822","0.07398569583892822"
"18809","0.23956187069416046","0.23956187069416046","0.23956187069416046","1.355090856552124","1.355090856552124","1.355090856552124","0.07723928987979889","0.07723928987979889","0.07723928987979889","0.3740982115268707","0.3740982115268707","0.3740982115268707","0.41058191657066345","0.41058191657066345","0.41058191657066345","0.08821306377649307","0.08821306377649307","0.08821306377649307"
"18839","1.4807546138763428","1.4807546138763428","1.4807546138763428","8.228774070739746","8.228774070739746","8.228774070739746","0.07066363841295242","0.07066363841295242","0.07066363841295242","0.7546160221099854","0.7546160221099854","0.7546160221099854","3.1581311225891113","3.1581311225891113","3.1581311225891113","0.08347485959529877","0.08347485959529877","0.08347485959529877"
"18869","0.22121326625347137","0.22121326625347137","0.22121326625347137","0.2214609831571579","0.2214609831571579","0.2214609831571579","0.05076797679066658","0.05076797679066658","0.05076797679066658","0.15663903951644897","0.15663903951644897","0.15663903951644897","0.2560487687587738","0.2560487687587738","0.2560487687587738","0.09011232107877731","0.09011232107877731","0.09011232107877731"
"18899","0.31866946816444397","0.31866946816444397","0.31866946816444397","0.1846037060022354","0.1846037060022354","0.1846037060022354","0.05785011127591133","0.05785011127591133","0.05785011127591133","0.2824546992778778","0.2824546992778778","0.2824546992778778","0.3296724557876587","0.3296724557876587","0.3296724557876587","0.0922214686870575","0.0922214686870575","0.0922214686870575"
"18929","1.156852126121521","1.156852126121521","1.156852126121521","2.939603090286255","2.939603090286255","2.939603090286255","0.06828276813030243","0.06828276813030243","0.06828276813030243","0.8708153963088989","0.8708153963088989","0.8708153963088989","4.784022331237793","4.784022331237793","4.784022331237793","0.08139618486166","0.08139618486166","0.08139618486166"
"18959","0.20862320065498352","0.20862320065498352","0.20862320065498352","0.23168769478797913","0.23168769478797913","0.23168769478797913","0.05557240545749664","0.05557240545749664","0.05557240545749664","0.2582697570323944","0.2582697570323944","0.2582697570323944","0.3552221953868866","0.3552221953868866","0.3552221953868866","0.0748465359210968","0.0748465359210968","0.0748465359210968"
"18989","0.30157387256622314","0.30157387256622314","0.30157387256622314","0.3253249526023865","0.3253249526023865","0.3253249526023865","0.047667767852544785","0.047667767852544785","0.047667767852544785","0.4007893204689026","0.4007893204689026","0.4007893204689026","0.4726504385471344","0.4726504385471344","0.4726504385471344","0.08318951725959778","0.08318951725959778","0.08318951725959778"
"19019","0.2600789964199066","0.2600789964199066","0.2600789964199066","0.264466255903244","0.264466255903244","0.264466255903244","0.07677518576383591","0.07677518576383591","0.07677518576383591","0.2336835414171219","0.2336835414171219","0.2336835414171219","0.3638112545013428","0.3638112545013428","0.3638112545013428","0.0648895651102066","0.0648895651102066","0.0648895651102066"
"19049","0.8084948658943176","0.8084948658943176","0.8084948658943176","0.7389509677886963","0.7389509677886963","0.7389509677886963","0.051473479717969894","0.051473479717969894","0.051473479717969894","0.26485568284988403","0.26485568284988403","0.26485568284988403","0.5003637075424194","0.5003637075424194","0.5003637075424194","0.08835063129663467","0.08835063129663467","0.08835063129663467"
"19079","0.2516879141330719","0.2516879141330719","0.2516879141330719","0.4808572232723236","0.4808572232723236","0.4808572232723236","0.04441976547241211","0.04441976547241211","0.04441976547241211","0.22413672506809235","0.22413672506809235","0.22413672506809235","0.48914065957069397","0.48914065957069397","0.48914065957069397","0.072791188955307","0.072791188955307","0.072791188955307"
"19109","0.5071335434913635","0.5071335434913635","0.5071335434913635","8.528741836547852","8.528741836547852","8.528741836547852","0.06029202416539192","0.06029202416539192","0.06029202416539192","1.6871397495269775","1.6871397495269775","1.6871397495269775","6.770757675170898","6.770757675170898","6.770757675170898","0.08312928676605225","0.08312928676605225","0.08312928676605225"
"19139","0.47752416133880615","0.47752416133880615","0.47752416133880615","0.7389960885047913","0.7389960885047913","0.7389960885047913","0.05364534258842468","0.05364534258842468","0.05364534258842468","0.2540149688720703","0.2540149688720703","0.2540149688720703","1.1696722507476807","1.1696722507476807","1.1696722507476807","0.06661646068096161","0.06661646068096161","0.06661646068096161"
"19169","0.29766371846199036","0.29766371846199036","0.29766371846199036","0.4086201786994934","0.4086201786994934","0.4086201786994934","0.060461241751909256","0.060461241751909256","0.060461241751909256","0.6241676807403564","0.6241676807403564","0.6241676807403564","0.451570987701416","0.451570987701416","0.451570987701416","0.11070974171161652","0.11070974171161652","0.11070974171161652"
"19199","0.5055419206619263","0.5055419206619263","0.5055419206619263","0.5901446342468262","0.5901446342468262","0.5901446342468262","0.06686428934335709","0.06686428934335709","0.06686428934335709","0.5729942917823792","0.5729942917823792","0.5729942917823792","1.0779261589050293","1.0779261589050293","1.0779261589050293","0.05676504969596863","0.05676504969596863","0.05676504969596863"
"19229","0.1438804417848587","0.1438804417848587","0.1438804417848587","0.2536870539188385","0.2536870539188385","0.2536870539188385","0.09875050187110901","0.09875050187110901","0.09875050187110901","0.226693794131279","0.226693794131279","0.226693794131279","0.2672728896141052","0.2672728896141052","0.2672728896141052","0.06919737905263901","0.06919737905263901","0.06919737905263901"
"19259","0.42382580041885376","0.42382580041885376","0.42382580041885376","0.874956488609314","0.874956488609314","0.874956488609314","0.04271702840924263","0.04271702840924263","0.04271702840924263","1.0304663181304932","1.0304663181304932","1.0304663181304932","0.9287455677986145","0.9287455677986145","0.9287455677986145","0.08448224514722824","0.08448224514722824","0.08448224514722824"
"19289","0.2512253224849701","0.2512253224849701","0.2512253224849701","0.35564085841178894","0.35564085841178894","0.35564085841178894","0.043050553649663925","0.043050553649663925","0.043050553649663925","0.19850867986679077","0.19850867986679077","0.19850867986679077","0.3039286434650421","0.3039286434650421","0.3039286434650421","0.07080914080142975","0.07080914080142975","0.07080914080142975"
"19319","0.35550639033317566","0.35550639033317566","0.35550639033317566","0.46694350242614746","0.46694350242614746","0.46694350242614746","0.0693717747926712","0.0693717747926712","0.0693717747926712","0.47065597772598267","0.47065597772598267","0.47065597772598267","0.32269811630249023","0.32269811630249023","0.32269811630249023","0.08532337099313736","0.08532337099313736","0.08532337099313736"
"19349","0.6926727294921875","0.6926727294921875","0.6926727294921875","1.7964246273040771","1.7964246273040771","1.7964246273040771","0.047206830233335495","0.047206830233335495","0.047206830233335495","0.18956397473812103","0.18956397473812103","0.18956397473812103","1.2058546543121338","1.2058546543121338","1.2058546543121338","0.10839617252349854","0.10839617252349854","0.10839617252349854"
"19379","0.20207887887954712","0.20207887887954712","0.20207887887954712","0.710250973701477","0.710250973701477","0.710250973701477","0.05709703266620636","0.05709703266620636","0.05709703266620636","0.32607924938201904","0.32607924938201904","0.32607924938201904","0.28594598174095154","0.28594598174095154","0.28594598174095154","0.09886462241411209","0.09886462241411209","0.09886462241411209"
"19409","0.22349341213703156","0.22349341213703156","0.22349341213703156","0.38406896591186523","0.38406896591186523","0.38406896591186523","0.06299486756324768","0.06299486756324768","0.06299486756324768","0.20423094928264618","0.20423094928264618","0.20423094928264618","2.0128836631774902","2.0128836631774902","2.0128836631774902","0.09505771100521088","0.09505771100521088","0.09505771100521088"
"19439","0.5206088423728943","0.5206088423728943","0.5206088423728943","0.9206998944282532","0.9206998944282532","0.9206998944282532","0.09665559232234955","0.09665559232234955","0.09665559232234955","0.18467912077903748","0.18467912077903748","0.18467912077903748","0.4970594048500061","0.4970594048500061","0.4970594048500061","0.25371864438056946","0.25371864438056946","0.25371864438056946"
"19469","0.32441335916519165","0.32441335916519165","0.32441335916519165","0.4858987033367157","0.4858987033367157","0.4858987033367157","0.064809150993824","0.064809150993824","0.064809150993824","0.13613168895244598","0.13613168895244598","0.13613168895244598","0.5258883833885193","0.5258883833885193","0.5258883833885193","0.07541060447692871","0.07541060447692871","0.07541060447692871"
"19499","0.1817241758108139","0.1817241758108139","0.1817241758108139","0.43445703387260437","0.43445703387260437","0.43445703387260437","0.057214055210351944","0.057214055210351944","0.057214055210351944","0.3154585659503937","0.3154585659503937","0.3154585659503937","0.45517784357070923","0.45517784357070923","0.45517784357070923","0.07693538814783096","0.07693538814783096","0.07693538814783096"
"19529","0.2488238513469696","0.2488238513469696","0.2488238513469696","0.18932071328163147","0.18932071328163147","0.18932071328163147","0.07424122840166092","0.07424122840166092","0.07424122840166092","0.24367988109588623","0.24367988109588623","0.24367988109588623","0.33435118198394775","0.33435118198394775","0.33435118198394775","0.21530397236347198","0.21530397236347198","0.21530397236347198"
"19559","0.22116975486278534","0.22116975486278534","0.22116975486278534","0.29128265380859375","0.29128265380859375","0.29128265380859375","0.08633693307638168","0.08633693307638168","0.08633693307638168","0.18807807564735413","0.18807807564735413","0.18807807564735413","0.5206029415130615","0.5206029415130615","0.5206029415130615","0.08617760241031647","0.08617760241031647","0.08617760241031647"
"19589","0.6317371726036072","0.6317371726036072","0.6317371726036072","0.9627038836479187","0.9627038836479187","0.9627038836479187","0.07315217703580856","0.07315217703580856","0.07315217703580856","0.40445476770401","0.40445476770401","0.40445476770401","0.4110584259033203","0.4110584259033203","0.4110584259033203","0.09615642577409744","0.09615642577409744","0.09615642577409744"
"19619","0.18432147800922394","0.18432147800922394","0.18432147800922394","0.26927250623703003","0.26927250623703003","0.26927250623703003","0.061248619109392166","0.061248619109392166","0.061248619109392166","0.17012318968772888","0.17012318968772888","0.17012318968772888","0.23385995626449585","0.23385995626449585","0.23385995626449585","0.07746584713459015","0.07746584713459015","0.07746584713459015"
"19649","0.23965410888195038","0.23965410888195038","0.23965410888195038","0.554037868976593","0.554037868976593","0.554037868976593","0.052751511335372925","0.052751511335372925","0.052751511335372925","0.2855251729488373","0.2855251729488373","0.2855251729488373","0.39041557908058167","0.39041557908058167","0.39041557908058167","0.12353897094726562","0.12353897094726562","0.12353897094726562"
"19679","0.22273799777030945","0.22273799777030945","0.22273799777030945","0.2895858585834503","0.2895858585834503","0.2895858585834503","0.05588952824473381","0.05588952824473381","0.05588952824473381","0.25816085934638977","0.25816085934638977","0.25816085934638977","0.3959406912326813","0.3959406912326813","0.3959406912326813","0.09327733516693115","0.09327733516693115","0.09327733516693115"
"19709","0.9533506631851196","0.9533506631851196","0.9533506631851196","2.9159765243530273","2.9159765243530273","2.9159765243530273","0.07544908672571182","0.07544908672571182","0.07544908672571182","1.0319194793701172","1.0319194793701172","1.0319194793701172","5.438807487487793","5.438807487487793","5.438807487487793","0.1267242729663849","0.1267242729663849","0.1267242729663849"
"19739","0.36034154891967773","0.36034154891967773","0.36034154891967773","0.20361486077308655","0.20361486077308655","0.20361486077308655","0.06297078728675842","0.06297078728675842","0.06297078728675842","0.29046595096588135","0.29046595096588135","0.29046595096588135","0.32376301288604736","0.32376301288604736","0.32376301288604736","0.08247137069702148","0.08247137069702148","0.08247137069702148"
"19769","0.2921237051486969","0.2921237051486969","0.2921237051486969","0.42210590839385986","0.42210590839385986","0.42210590839385986","0.05040809512138367","0.05040809512138367","0.05040809512138367","0.15495255589485168","0.15495255589485168","0.15495255589485168","0.2388426512479782","0.2388426512479782","0.2388426512479782","0.08778396248817444","0.08778396248817444","0.08778396248817444"
"19799","0.168759286403656","0.168759286403656","0.168759286403656","0.2508734464645386","0.2508734464645386","0.2508734464645386","0.06281991302967072","0.06281991302967072","0.06281991302967072","0.20852558314800262","0.20852558314800262","0.20852558314800262","0.23025968670845032","0.23025968670845032","0.23025968670845032","0.09355603903532028","0.09355603903532028","0.09355603903532028"
"19829","1.0031955242156982","1.0031955242156982","1.0031955242156982","2.29067063331604","2.29067063331604","2.29067063331604","0.06632920354604721","0.06632920354604721","0.06632920354604721","0.5297996997833252","0.5297996997833252","0.5297996997833252","2.5676803588867188","2.5676803588867188","2.5676803588867188","0.09760693460702896","0.09760693460702896","0.09760693460702896"
"19859","0.37207457423210144","0.37207457423210144","0.37207457423210144","0.32135990262031555","0.32135990262031555","0.32135990262031555","0.047125305980443954","0.047125305980443954","0.047125305980443954","0.22601182758808136","0.22601182758808136","0.22601182758808136","0.6608731150627136","0.6608731150627136","0.6608731150627136","0.07925838977098465","0.07925838977098465","0.07925838977098465"
"19889","0.24484843015670776","0.24484843015670776","0.24484843015670776","0.24151203036308289","0.24151203036308289","0.24151203036308289","0.04155059903860092","0.04155059903860092","0.04155059903860092","0.2920527160167694","0.2920527160167694","0.2920527160167694","0.4196169972419739","0.4196169972419739","0.4196169972419739","0.188446044921875","0.188446044921875","0.188446044921875"
"19919","4.323054790496826","4.323054790496826","4.323054790496826","14.306488990783691","14.306488990783691","14.306488990783691","0.04494237154722214","0.04494237154722214","0.04494237154722214","3.628909111022949","3.628909111022949","3.628909111022949","4.75165319442749","4.75165319442749","4.75165319442749","0.11208102852106094","0.11208102852106094","0.11208102852106094"
"19949","0.5029190182685852","0.5029190182685852","0.5029190182685852","0.9589172005653381","0.9589172005653381","0.9589172005653381","0.06167726218700409","0.06167726218700409","0.06167726218700409","0.5067179203033447","0.5067179203033447","0.5067179203033447","1.370430588722229","1.370430588722229","1.370430588722229","0.11709269881248474","0.11709269881248474","0.11709269881248474"
"19979","0.18877013027668","0.18877013027668","0.18877013027668","0.2305712103843689","0.2305712103843689","0.2305712103843689","0.04484681412577629","0.04484681412577629","0.04484681412577629","0.2690145969390869","0.2690145969390869","0.2690145969390869","0.27630841732025146","0.27630841732025146","0.27630841732025146","0.08145230263471603","0.08145230263471603","0.08145230263471603"