"Step","layer_10_hook_resid_mid_gpt2_jumprelu_fisher_true_project_TheStackJava - losses/fisher_reg_term","layer_10_hook_resid_mid_gpt2_jumprelu_fisher_true_project_TheStackJava - losses/fisher_reg_term__MIN","layer_10_hook_resid_mid_gpt2_jumprelu_fisher_true_project_TheStackJava - losses/fisher_reg_term__MAX","layer_5_hook_resid_mid_gpt2_jumprelu_fisher_true_project_TheStackJava - losses/fisher_reg_term","layer_5_hook_resid_mid_gpt2_jumprelu_fisher_true_project_TheStackJava - losses/fisher_reg_term__MIN","layer_5_hook_resid_mid_gpt2_jumprelu_fisher_true_project_TheStackJava - losses/fisher_reg_term__MAX","layer_0_hook_resid_mid_gpt2_jumprelu_fisher_true_project_TheStackJava - losses/fisher_reg_term","layer_0_hook_resid_mid_gpt2_jumprelu_fisher_true_project_TheStackJava - losses/fisher_reg_term__MIN","layer_0_hook_resid_mid_gpt2_jumprelu_fisher_true_project_TheStackJava - losses/fisher_reg_term__MAX"
"29","21.947967529296875","21.947967529296875","21.947967529296875","20.761810302734375","20.761810302734375","20.761810302734375","22.69620132446289","22.69620132446289","22.69620132446289"
"59","15.796360969543457","15.796360969543457","15.796360969543457","12.005058288574219","12.005058288574219","12.005058288574219","26.080196380615234","26.080196380615234","26.080196380615234"
"89","15.642169952392578","15.642169952392578","15.642169952392578","10.589008331298828","10.589008331298828","10.589008331298828","20.849985122680664","20.849985122680664","20.849985122680664"
"119","13.663893699645996","13.663893699645996","13.663893699645996","8.623945236206055","8.623945236206055","8.623945236206055","17.54177474975586","17.54177474975586","17.54177474975586"
"149","38.611778259277344","38.611778259277344","38.611778259277344","52.152889251708984","52.152889251708984","52.152889251708984","14.677281379699707","14.677281379699707","14.677281379699707"
"179","41.23737335205078","41.23737335205078","41.23737335205078","53.477718353271484","53.477718353271484","53.477718353271484","12.37468433380127","12.37468433380127","12.37468433380127"
"209","9.383126258850098","9.383126258850098","9.383126258850098","7.257028579711914","7.257028579711914","7.257028579711914","12.44067096710205","12.44067096710205","12.44067096710205"
"239","8.13405704498291","8.13405704498291","8.13405704498291","6.124704360961914","6.124704360961914","6.124704360961914","10.406250953674316","10.406250953674316","10.406250953674316"
"269","7.613808631896973","7.613808631896973","7.613808631896973","6.209943771362305","6.209943771362305","6.209943771362305","9.888253211975098","9.888253211975098","9.888253211975098"
"299","7.059293270111084","7.059293270111084","7.059293270111084","4.912391185760498","4.912391185760498","4.912391185760498","8.21539306640625","8.21539306640625","8.21539306640625"
"329","65.96442413330078","65.96442413330078","65.96442413330078","37.28451156616211","37.28451156616211","37.28451156616211","9.51601791381836","9.51601791381836","9.51601791381836"
"359","57.93841552734375","57.93841552734375","57.93841552734375","28.72584342956543","28.72584342956543","28.72584342956543","8.177483558654785","8.177483558654785","8.177483558654785"
"389","60.76927947998047","60.76927947998047","60.76927947998047","25.825748443603516","25.825748443603516","25.825748443603516","7.545709133148193","7.545709133148193","7.545709133148193"
"419","55.81548309326172","55.81548309326172","55.81548309326172","24.37084197998047","24.37084197998047","24.37084197998047","7.446704387664795","7.446704387664795","7.446704387664795"
"449","52.369564056396484","52.369564056396484","52.369564056396484","20.767108917236328","20.767108917236328","20.767108917236328","7.21397590637207","7.21397590637207","7.21397590637207"
"479","51.113826751708984","51.113826751708984","51.113826751708984","22.740673065185547","22.740673065185547","22.740673065185547","6.618628978729248","6.618628978729248","6.618628978729248"
"509","52.79825210571289","52.79825210571289","52.79825210571289","22.36377716064453","22.36377716064453","22.36377716064453","6.517077445983887","6.517077445983887","6.517077445983887"
"539","43.197021484375","43.197021484375","43.197021484375","43.45663070678711","43.45663070678711","43.45663070678711","6.223772048950195","6.223772048950195","6.223772048950195"
"569","44.30731201171875","44.30731201171875","44.30731201171875","19.342792510986328","19.342792510986328","19.342792510986328","6.274794578552246","6.274794578552246","6.274794578552246"
"599","51.36199188232422","51.36199188232422","51.36199188232422","20.445436477661133","20.445436477661133","20.445436477661133","5.598813533782959","5.598813533782959","5.598813533782959"
"629","52.62509536743164","52.62509536743164","52.62509536743164","21.63579750061035","21.63579750061035","21.63579750061035","6.159403324127197","6.159403324127197","6.159403324127197"
"659","55.21089553833008","55.21089553833008","55.21089553833008","23.5529727935791","23.5529727935791","23.5529727935791","5.759792804718018","5.759792804718018","5.759792804718018"
"689","58.069725036621094","58.069725036621094","58.069725036621094","56.39535140991211","56.39535140991211","56.39535140991211","5.461289405822754","5.461289405822754","5.461289405822754"
"719","51.48743438720703","51.48743438720703","51.48743438720703","20.596141815185547","20.596141815185547","20.596141815185547","5.428511619567871","5.428511619567871","5.428511619567871"
"749","48.32522201538086","48.32522201538086","48.32522201538086","18.877477645874023","18.877477645874023","18.877477645874023","5.038891315460205","5.038891315460205","5.038891315460205"
"779","47.92605209350586","47.92605209350586","47.92605209350586","18.772090911865234","18.772090911865234","18.772090911865234","5.087360382080078","5.087360382080078","5.087360382080078"
"809","56.70563507080078","56.70563507080078","56.70563507080078","55.71227264404297","55.71227264404297","55.71227264404297","5.072897911071777","5.072897911071777","5.072897911071777"
"839","50.01679229736328","50.01679229736328","50.01679229736328","18.701871871948242","18.701871871948242","18.701871871948242","4.721243858337402","4.721243858337402","4.721243858337402"
"869","54.35725402832031","54.35725402832031","54.35725402832031","54.27687454223633","54.27687454223633","54.27687454223633","4.994886875152588","4.994886875152588","4.994886875152588"
"899","47.52705383300781","47.52705383300781","47.52705383300781","17.471214294433594","17.471214294433594","17.471214294433594","4.429382801055908","4.429382801055908","4.429382801055908"
"929","50.19597625732422","50.19597625732422","50.19597625732422","19.02434730529785","19.02434730529785","19.02434730529785","4.613455772399902","4.613455772399902","4.613455772399902"
"959","38.21486282348633","38.21486282348633","38.21486282348633","39.55970764160156","39.55970764160156","39.55970764160156","4.5309247970581055","4.5309247970581055","4.5309247970581055"
"989","61.067527770996094","61.067527770996094","61.067527770996094","19.962717056274414","19.962717056274414","19.962717056274414","4.262176036834717","4.262176036834717","4.262176036834717"
"1019","58.86216735839844","58.86216735839844","58.86216735839844","55.07954788208008","55.07954788208008","55.07954788208008","4.435530185699463","4.435530185699463","4.435530185699463"
"1049","53.063201904296875","53.063201904296875","53.063201904296875","18.789928436279297","18.789928436279297","18.789928436279297","4.098376750946045","4.098376750946045","4.098376750946045"
"1079","52.00726318359375","52.00726318359375","52.00726318359375","17.70128059387207","17.70128059387207","17.70128059387207","4.385322093963623","4.385322093963623","4.385322093963623"
"1109","58.01423263549805","58.01423263549805","58.01423263549805","54.00568389892578","54.00568389892578","54.00568389892578","4.167498588562012","4.167498588562012","4.167498588562012"
"1139","46.185935974121094","46.185935974121094","46.185935974121094","16.25675392150879","16.25675392150879","16.25675392150879","4.43649959564209","4.43649959564209","4.43649959564209"
"1169","40.88722229003906","40.88722229003906","40.88722229003906","15.226485252380371","15.226485252380371","15.226485252380371","4.315313816070557","4.315313816070557","4.315313816070557"
"1199","42.673744201660156","42.673744201660156","42.673744201660156","16.211759567260742","16.211759567260742","16.211759567260742","4.3684210777282715","4.3684210777282715","4.3684210777282715"
"1229","58.946502685546875","58.946502685546875","58.946502685546875","54.50221633911133","54.50221633911133","54.50221633911133","4.415531635284424","4.415531635284424","4.415531635284424"
"1259","45.49922180175781","45.49922180175781","45.49922180175781","16.136688232421875","16.136688232421875","16.136688232421875","4.1028571128845215","4.1028571128845215","4.1028571128845215"
"1289","45.91188430786133","45.91188430786133","45.91188430786133","15.201544761657715","15.201544761657715","15.201544761657715","4.061060905456543","4.061060905456543","4.061060905456543"
"1319","44.22327423095703","44.22327423095703","44.22327423095703","41.51319885253906","41.51319885253906","41.51319885253906","4.0490288734436035","4.0490288734436035","4.0490288734436035"
"1349","48.04039764404297","48.04039764404297","48.04039764404297","16.56914710998535","16.56914710998535","16.56914710998535","4.170831203460693","4.170831203460693","4.170831203460693"
"1379","43.54656982421875","43.54656982421875","43.54656982421875","14.664822578430176","14.664822578430176","14.664822578430176","3.900052070617676","3.900052070617676","3.900052070617676"
"1409","42.69829177856445","42.69829177856445","42.69829177856445","13.830363273620605","13.830363273620605","13.830363273620605","3.604222297668457","3.604222297668457","3.604222297668457"
"1439","39.32086944580078","39.32086944580078","39.32086944580078","14.107653617858887","14.107653617858887","14.107653617858887","3.9153780937194824","3.9153780937194824","3.9153780937194824"
"1469","40.954002380371094","40.954002380371094","40.954002380371094","13.762207984924316","13.762207984924316","13.762207984924316","3.9527688026428223","3.9527688026428223","3.9527688026428223"
"1499","39.86248779296875","39.86248779296875","39.86248779296875","12.980849266052246","12.980849266052246","12.980849266052246","3.9554595947265625","3.9554595947265625","3.9554595947265625"
"1529","40.334529876708984","40.334529876708984","40.334529876708984","12.756989479064941","12.756989479064941","12.756989479064941","3.5773234367370605","3.5773234367370605","3.5773234367370605"
"1559","41.746395111083984","41.746395111083984","41.746395111083984","14.316415786743164","14.316415786743164","14.316415786743164","3.7465336322784424","3.7465336322784424","3.7465336322784424"
"1589","39.43854522705078","39.43854522705078","39.43854522705078","13.803925514221191","13.803925514221191","13.803925514221191","3.711977958679199","3.711977958679199","3.711977958679199"
"1619","39.29673385620117","39.29673385620117","39.29673385620117","36.802391052246094","36.802391052246094","36.802391052246094","3.466958522796631","3.466958522796631","3.466958522796631"
"1649","40.19148254394531","40.19148254394531","40.19148254394531","40.01539993286133","40.01539993286133","40.01539993286133","3.552107095718384","3.552107095718384","3.552107095718384"
"1679","37.40620040893555","37.40620040893555","37.40620040893555","12.737679481506348","12.737679481506348","12.737679481506348","3.621161937713623","3.621161937713623","3.621161937713623"
"1709","40.90015411376953","40.90015411376953","40.90015411376953","11.224621772766113","11.224621772766113","11.224621772766113","3.382904052734375","3.382904052734375","3.382904052734375"
"1739","39.55139923095703","39.55139923095703","39.55139923095703","11.258756637573242","11.258756637573242","11.258756637573242","3.613283634185791","3.613283634185791","3.613283634185791"
"1769","37.90155792236328","37.90155792236328","37.90155792236328","12.317153930664062","12.317153930664062","12.317153930664062","3.2628557682037354","3.2628557682037354","3.2628557682037354"
"1799","36.347312927246094","36.347312927246094","36.347312927246094","11.697134971618652","11.697134971618652","11.697134971618652","3.6283388137817383","3.6283388137817383","3.6283388137817383"
"1829","36.21684646606445","36.21684646606445","36.21684646606445","12.435745239257812","12.435745239257812","12.435745239257812","3.7093870639801025","3.7093870639801025","3.7093870639801025"
"1859","34.715476989746094","34.715476989746094","34.715476989746094","12.867570877075195","12.867570877075195","12.867570877075195","3.956547260284424","3.956547260284424","3.956547260284424"
"1889","33.75265884399414","33.75265884399414","33.75265884399414","9.425971031188965","9.425971031188965","9.425971031188965","3.32570743560791","3.32570743560791","3.32570743560791"
"1919","35.332340240478516","35.332340240478516","35.332340240478516","36.957759857177734","36.957759857177734","36.957759857177734","3.217517375946045","3.217517375946045","3.217517375946045"
"1949","36.988094329833984","36.988094329833984","36.988094329833984","11.691962242126465","11.691962242126465","11.691962242126465","3.585764169692993","3.585764169692993","3.585764169692993"
"1979","30.947284698486328","30.947284698486328","30.947284698486328","10.712068557739258","10.712068557739258","10.712068557739258","3.5977940559387207","3.5977940559387207","3.5977940559387207"
"2009","32.9389533996582","32.9389533996582","32.9389533996582","9.709633827209473","9.709633827209473","9.709633827209473","3.052995204925537","3.052995204925537","3.052995204925537"
"2039","35.37862777709961","35.37862777709961","35.37862777709961","11.993779182434082","11.993779182434082","11.993779182434082","3.662513256072998","3.662513256072998","3.662513256072998"
"2069","33.164329528808594","33.164329528808594","33.164329528808594","11.566564559936523","11.566564559936523","11.566564559936523","3.3896665573120117","3.3896665573120117","3.3896665573120117"
"2099","30.127836227416992","30.127836227416992","30.127836227416992","11.583824157714844","11.583824157714844","11.583824157714844","3.4903087615966797","3.4903087615966797","3.4903087615966797"
"2129","34.993690490722656","34.993690490722656","34.993690490722656","11.110435485839844","11.110435485839844","11.110435485839844","3.41615891456604","3.41615891456604","3.41615891456604"
"2159","35.27078628540039","35.27078628540039","35.27078628540039","8.979580879211426","8.979580879211426","8.979580879211426","3.439775228500366","3.439775228500366","3.439775228500366"
"2189","32.51070785522461","32.51070785522461","32.51070785522461","10.197437286376953","10.197437286376953","10.197437286376953","3.5645086765289307","3.5645086765289307","3.5645086765289307"
"2219","31.450214385986328","31.450214385986328","31.450214385986328","11.179704666137695","11.179704666137695","11.179704666137695","3.572935104370117","3.572935104370117","3.572935104370117"
"2249","31.142885208129883","31.142885208129883","31.142885208129883","10.090375900268555","10.090375900268555","10.090375900268555","3.2986834049224854","3.2986834049224854","3.2986834049224854"
"2279","260.6285095214844","260.6285095214844","260.6285095214844","112.40145874023438","112.40145874023438","112.40145874023438","50.076942443847656","50.076942443847656","50.076942443847656"
"2309","26.54549217224121","26.54549217224121","26.54549217224121","8.708587646484375","8.708587646484375","8.708587646484375","3.2888269424438477","3.2888269424438477","3.2888269424438477"
"2339","33.260520935058594","33.260520935058594","33.260520935058594","35.182979583740234","35.182979583740234","35.182979583740234","3.482882022857666","3.482882022857666","3.482882022857666"
"2369","32.42631149291992","32.42631149291992","32.42631149291992","37.03166580200195","37.03166580200195","37.03166580200195","3.1990628242492676","3.1990628242492676","3.1990628242492676"
"2399","32.3156623840332","32.3156623840332","32.3156623840332","33.96860885620117","33.96860885620117","33.96860885620117","3.1959471702575684","3.1959471702575684","3.1959471702575684"
"2429","30.042142868041992","30.042142868041992","30.042142868041992","7.261787414550781","7.261787414550781","7.261787414550781","3.0803794860839844","3.0803794860839844","3.0803794860839844"
"2459","27.480592727661133","27.480592727661133","27.480592727661133","8.684206008911133","8.684206008911133","8.684206008911133","3.285236120223999","3.285236120223999","3.285236120223999"
"2489","26.349498748779297","26.349498748779297","26.349498748779297","8.275160789489746","8.275160789489746","8.275160789489746","3.06685733795166","3.06685733795166","3.06685733795166"
"2519","28.87228775024414","28.87228775024414","28.87228775024414","8.462331771850586","8.462331771850586","8.462331771850586","3.157003164291382","3.157003164291382","3.157003164291382"
"2549","26.563777923583984","26.563777923583984","26.563777923583984","8.778870582580566","8.778870582580566","8.778870582580566","3.273200511932373","3.273200511932373","3.273200511932373"
"2579","31.167104721069336","31.167104721069336","31.167104721069336","32.47617721557617","32.47617721557617","32.47617721557617","3.2408485412597656","3.2408485412597656","3.2408485412597656"
"2609","23.881526947021484","23.881526947021484","23.881526947021484","8.00265884399414","8.00265884399414","8.00265884399414","3.04827618598938","3.04827618598938","3.04827618598938"
"2639","13.969731330871582","13.969731330871582","13.969731330871582","5.104881286621094","5.104881286621094","5.104881286621094","3.1691970825195312","3.1691970825195312","3.1691970825195312"
"2669","28.72937774658203","28.72937774658203","28.72937774658203","8.860908508300781","8.860908508300781","8.860908508300781","3.016744613647461","3.016744613647461","3.016744613647461"
"2699","27.591064453125","27.591064453125","27.591064453125","8.821962356567383","8.821962356567383","8.821962356567383","3.103308916091919","3.103308916091919","3.103308916091919"
"2729","27.233476638793945","27.233476638793945","27.233476638793945","9.207528114318848","9.207528114318848","9.207528114318848","3.259312868118286","3.259312868118286","3.259312868118286"
"2759","20.01888084411621","20.01888084411621","20.01888084411621","5.137780666351318","5.137780666351318","5.137780666351318","2.9697649478912354","2.9697649478912354","2.9697649478912354"
"2789","24.95149803161621","24.95149803161621","24.95149803161621","6.773895263671875","6.773895263671875","6.773895263671875","2.96919584274292","2.96919584274292","2.96919584274292"
"2819","20.763540267944336","20.763540267944336","20.763540267944336","6.044154644012451","6.044154644012451","6.044154644012451","3.0908424854278564","3.0908424854278564","3.0908424854278564"
"2849","26.667598724365234","26.667598724365234","26.667598724365234","9.162662506103516","9.162662506103516","9.162662506103516","3.101741075515747","3.101741075515747","3.101741075515747"
"2879","29.14609718322754","29.14609718322754","29.14609718322754","31.29828453063965","31.29828453063965","31.29828453063965","2.9908244609832764","2.9908244609832764","2.9908244609832764"
"2909","21.285625457763672","21.285625457763672","21.285625457763672","6.21168327331543","6.21168327331543","6.21168327331543","3.017333984375","3.017333984375","3.017333984375"
"2939","15.639310836791992","15.639310836791992","15.639310836791992","5.019122123718262","5.019122123718262","5.019122123718262","2.947955369949341","2.947955369949341","2.947955369949341"
"2969","30.159202575683594","30.159202575683594","30.159202575683594","31.082754135131836","31.082754135131836","31.082754135131836","3.184129476547241","3.184129476547241","3.184129476547241"
"2999","19.18094253540039","19.18094253540039","19.18094253540039","5.40385103225708","5.40385103225708","5.40385103225708","3.0188982486724854","3.0188982486724854","3.0188982486724854"
"3029","30.3585262298584","30.3585262298584","30.3585262298584","33.16438293457031","33.16438293457031","33.16438293457031","2.951960325241089","2.951960325241089","2.951960325241089"
"3059","20.8419132232666","20.8419132232666","20.8419132232666","7.116621971130371","7.116621971130371","7.116621971130371","2.938920021057129","2.938920021057129","2.938920021057129"
"3089","14.306004524230957","14.306004524230957","14.306004524230957","4.066574573516846","4.066574573516846","4.066574573516846","2.8241753578186035","2.8241753578186035","2.8241753578186035"
"3119","23.673002243041992","23.673002243041992","23.673002243041992","7.255171298980713","7.255171298980713","7.255171298980713","3.2376012802124023","3.2376012802124023","3.2376012802124023"
"3149","13.869949340820312","13.869949340820312","13.869949340820312","4.695837497711182","4.695837497711182","4.695837497711182","2.930037498474121","2.930037498474121","2.930037498474121"
"3179","14.9224214553833","14.9224214553833","14.9224214553833","4.888485431671143","4.888485431671143","4.888485431671143","2.891677141189575","2.891677141189575","2.891677141189575"
"3209","21.909584045410156","21.909584045410156","21.909584045410156","7.114631652832031","7.114631652832031","7.114631652832031","3.089134454727173","3.089134454727173","3.089134454727173"
"3239","22.873363494873047","22.873363494873047","22.873363494873047","7.562168598175049","7.562168598175049","7.562168598175049","3.0451512336730957","3.0451512336730957","3.0451512336730957"
"3269","20.324426651000977","20.324426651000977","20.324426651000977","6.162802696228027","6.162802696228027","6.162802696228027","3.062974214553833","3.062974214553833","3.062974214553833"
"3299","20.303363800048828","20.303363800048828","20.303363800048828","6.063693523406982","6.063693523406982","6.063693523406982","2.9157183170318604","2.9157183170318604","2.9157183170318604"
"3329","21.602611541748047","21.602611541748047","21.602611541748047","7.8757243156433105","7.8757243156433105","7.8757243156433105","3.0168938636779785","3.0168938636779785","3.0168938636779785"
"3359","23.37627410888672","23.37627410888672","23.37627410888672","7.3827643394470215","7.3827643394470215","7.3827643394470215","2.860694408416748","2.860694408416748","2.860694408416748"
"3389","7.012706756591797","7.012706756591797","7.012706756591797","3.342846393585205","3.342846393585205","3.342846393585205","2.768122434616089","2.768122434616089","2.768122434616089"
"3419","20.432445526123047","20.432445526123047","20.432445526123047","6.187494277954102","6.187494277954102","6.187494277954102","2.9881060123443604","2.9881060123443604","2.9881060123443604"
"3449","12.394965171813965","12.394965171813965","12.394965171813965","4.010605812072754","4.010605812072754","4.010605812072754","2.6879587173461914","2.6879587173461914","2.6879587173461914"
"3479","19.288476943969727","19.288476943969727","19.288476943969727","6.096033573150635","6.096033573150635","6.096033573150635","2.8151321411132812","2.8151321411132812","2.8151321411132812"
"3509","23.89729881286621","23.89729881286621","23.89729881286621","27.447458267211914","27.447458267211914","27.447458267211914","2.7036571502685547","2.7036571502685547","2.7036571502685547"
"3539","19.569536209106445","19.569536209106445","19.569536209106445","7.055346488952637","7.055346488952637","7.055346488952637","2.822566270828247","2.822566270828247","2.822566270828247"
"3569","12.013044357299805","12.013044357299805","12.013044357299805","4.814789772033691","4.814789772033691","4.814789772033691","2.739345073699951","2.739345073699951","2.739345073699951"
"3599","17.209856033325195","17.209856033325195","17.209856033325195","4.927037239074707","4.927037239074707","4.927037239074707","2.7828025817871094","2.7828025817871094","2.7828025817871094"
"3629","6.829566478729248","6.829566478729248","6.829566478729248","3.471094846725464","3.471094846725464","3.471094846725464","2.77474045753479","2.77474045753479","2.77474045753479"
"3659","19.85401725769043","19.85401725769043","19.85401725769043","27.013427734375","27.013427734375","27.013427734375","2.7712488174438477","2.7712488174438477","2.7712488174438477"
"3689","3.64031982421875","3.64031982421875","3.64031982421875","2.7578179836273193","2.7578179836273193","2.7578179836273193","2.581667423248291","2.581667423248291","2.581667423248291"
"3719","13.925507545471191","13.925507545471191","13.925507545471191","5.845306396484375","5.845306396484375","5.845306396484375","2.8748204708099365","2.8748204708099365","2.8748204708099365"
"3749","3.8023805618286133","3.8023805618286133","3.8023805618286133","2.864353656768799","2.864353656768799","2.864353656768799","2.691667318344116","2.691667318344116","2.691667318344116"
"3779","11.817330360412598","11.817330360412598","11.817330360412598","4.300895690917969","4.300895690917969","4.300895690917969","2.9092190265655518","2.9092190265655518","2.9092190265655518"
"3809","17.964635848999023","17.964635848999023","17.964635848999023","5.668088912963867","5.668088912963867","5.668088912963867","2.9227359294891357","2.9227359294891357","2.9227359294891357"
"3839","9.648162841796875","9.648162841796875","9.648162841796875","4.061439037322998","4.061439037322998","4.061439037322998","2.708453416824341","2.708453416824341","2.708453416824341"
"3869","20.498743057250977","20.498743057250977","20.498743057250977","26.0052433013916","26.0052433013916","26.0052433013916","2.7757647037506104","2.7757647037506104","2.7757647037506104"
"3899","13.479680061340332","13.479680061340332","13.479680061340332","4.102684497833252","4.102684497833252","4.102684497833252","2.654467821121216","2.654467821121216","2.654467821121216"
"3929","8.937253952026367","8.937253952026367","8.937253952026367","3.7598774433135986","3.7598774433135986","3.7598774433135986","2.7604598999023438","2.7604598999023438","2.7604598999023438"
"3959","11.724166870117188","11.724166870117188","11.724166870117188","4.149384498596191","4.149384498596191","4.149384498596191","2.8253395557403564","2.8253395557403564","2.8253395557403564"
"3989","9.547107696533203","9.547107696533203","9.547107696533203","3.5423426628112793","3.5423426628112793","3.5423426628112793","2.8708879947662354","2.8708879947662354","2.8708879947662354"
"4019","15.769786834716797","15.769786834716797","15.769786834716797","25.344818115234375","25.344818115234375","25.344818115234375","2.664313316345215","2.664313316345215","2.664313316345215"
"4049","8.722587585449219","8.722587585449219","8.722587585449219","3.4003148078918457","3.4003148078918457","3.4003148078918457","2.57356858253479","2.57356858253479","2.57356858253479"
"4079","14.052133560180664","14.052133560180664","14.052133560180664","4.781357288360596","4.781357288360596","4.781357288360596","2.7034904956817627","2.7034904956817627","2.7034904956817627"
"4109","14.78149127960205","14.78149127960205","14.78149127960205","5.328923225402832","5.328923225402832","5.328923225402832","2.683954954147339","2.683954954147339","2.683954954147339"
"4139","21.42853546142578","21.42853546142578","21.42853546142578","7.246579647064209","7.246579647064209","7.246579647064209","2.7482988834381104","2.7482988834381104","2.7482988834381104"
"4169","13.837997436523438","13.837997436523438","13.837997436523438","6.339487075805664","6.339487075805664","6.339487075805664","2.7642717361450195","2.7642717361450195","2.7642717361450195"
"4199","12.294281959533691","12.294281959533691","12.294281959533691","3.668858528137207","3.668858528137207","3.668858528137207","2.442607879638672","2.442607879638672","2.442607879638672"
"4229","17.83431625366211","17.83431625366211","17.83431625366211","6.783418655395508","6.783418655395508","6.783418655395508","2.6233878135681152","2.6233878135681152","2.6233878135681152"
"4259","3.6198232173919678","3.6198232173919678","3.6198232173919678","3.093980550765991","3.093980550765991","3.093980550765991","2.8307385444641113","2.8307385444641113","2.8307385444641113"
"4289","3.0609374046325684","3.0609374046325684","3.0609374046325684","2.640115976333618","2.640115976333618","2.640115976333618","2.483726739883423","2.483726739883423","2.483726739883423"
"4319","3.2753007411956787","3.2753007411956787","3.2753007411956787","2.6975395679473877","2.6975395679473877","2.6975395679473877","2.5069222450256348","2.5069222450256348","2.5069222450256348"
"4349","3.244938373565674","3.244938373565674","3.244938373565674","2.9045357704162598","2.9045357704162598","2.9045357704162598","2.661738634109497","2.661738634109497","2.661738634109497"
"4379","14.821823120117188","14.821823120117188","14.821823120117188","23.99380111694336","23.99380111694336","23.99380111694336","2.48391056060791","2.48391056060791","2.48391056060791"
"4409","3.50681209564209","3.50681209564209","3.50681209564209","2.884714365005493","2.884714365005493","2.884714365005493","2.6639821529388428","2.6639821529388428","2.6639821529388428"
"4439","9.100202560424805","9.100202560424805","9.100202560424805","3.583745241165161","3.583745241165161","3.583745241165161","2.4652411937713623","2.4652411937713623","2.4652411937713623"
"4469","3.3068952560424805","3.3068952560424805","3.3068952560424805","2.9248878955841064","2.9248878955841064","2.9248878955841064","2.744743585586548","2.744743585586548","2.744743585586548"
"4499","12.921626091003418","12.921626091003418","12.921626091003418","23.616947174072266","23.616947174072266","23.616947174072266","2.3969690799713135","2.3969690799713135","2.3969690799713135"
"4529","6.39445161819458","6.39445161819458","6.39445161819458","3.3676300048828125","3.3676300048828125","3.3676300048828125","2.6422481536865234","2.6422481536865234","2.6422481536865234"
"4559","17.31724739074707","17.31724739074707","17.31724739074707","5.135396480560303","5.135396480560303","5.135396480560303","2.6017346382141113","2.6017346382141113","2.6017346382141113"
"4589","3.0649330615997314","3.0649330615997314","3.0649330615997314","2.625847816467285","2.625847816467285","2.625847816467285","2.415027379989624","2.415027379989624","2.415027379989624"
"4619","3.060418128967285","3.060418128967285","3.060418128967285","2.6872639656066895","2.6872639656066895","2.6872639656066895","2.5313568115234375","2.5313568115234375","2.5313568115234375"
"4649","10.052495002746582","10.052495002746582","10.052495002746582","23.20432472229004","23.20432472229004","23.20432472229004","2.4002559185028076","2.4002559185028076","2.4002559185028076"
"4679","15.000306129455566","15.000306129455566","15.000306129455566","4.818115711212158","4.818115711212158","4.818115711212158","2.4633595943450928","2.4633595943450928","2.4633595943450928"
"4709","14.51378059387207","14.51378059387207","14.51378059387207","4.085143566131592","4.085143566131592","4.085143566131592","2.434386730194092","2.434386730194092","2.434386730194092"
"4739","18.77161979675293","18.77161979675293","18.77161979675293","6.191727638244629","6.191727638244629","6.191727638244629","2.349372148513794","2.349372148513794","2.349372148513794"
"4769","11.12253189086914","11.12253189086914","11.12253189086914","4.224306583404541","4.224306583404541","4.224306583404541","2.4400405883789062","2.4400405883789062","2.4400405883789062"
"4799","9.444422721862793","9.444422721862793","9.444422721862793","4.410560131072998","4.410560131072998","4.410560131072998","2.513859748840332","2.513859748840332","2.513859748840332"
"4829","9.543349266052246","9.543349266052246","9.543349266052246","4.684433460235596","4.684433460235596","4.684433460235596","2.3360745906829834","2.3360745906829834","2.3360745906829834"
"4859","2.7071118354797363","2.7071118354797363","2.7071118354797363","2.4666388034820557","2.4666388034820557","2.4666388034820557","2.2948694229125977","2.2948694229125977","2.2948694229125977"
"4889","2.6521575450897217","2.6521575450897217","2.6521575450897217","2.4459166526794434","2.4459166526794434","2.4459166526794434","2.2203102111816406","2.2203102111816406","2.2203102111816406"
"4919","13.191777229309082","13.191777229309082","13.191777229309082","21.977169036865234","21.977169036865234","21.977169036865234","2.420304536819458","2.420304536819458","2.420304536819458"
"4949","2.8231451511383057","2.8231451511383057","2.8231451511383057","2.650052070617676","2.650052070617676","2.650052070617676","2.368241786956787","2.368241786956787","2.368241786956787"
"4979","2.883402109146118","2.883402109146118","2.883402109146118","2.5857338905334473","2.5857338905334473","2.5857338905334473","2.4093844890594482","2.4093844890594482","2.4093844890594482"
"5009","2.790066957473755","2.790066957473755","2.790066957473755","2.5335566997528076","2.5335566997528076","2.5335566997528076","2.3279225826263428","2.3279225826263428","2.3279225826263428"
"5039","2.9563024044036865","2.9563024044036865","2.9563024044036865","2.701842784881592","2.701842784881592","2.701842784881592","2.4587242603302","2.4587242603302","2.4587242603302"
"5069","2.8951504230499268","2.8951504230499268","2.8951504230499268","2.6127753257751465","2.6127753257751465","2.6127753257751465","2.497539520263672","2.497539520263672","2.497539520263672"
"5099","2.7822117805480957","2.7822117805480957","2.7822117805480957","2.6090362071990967","2.6090362071990967","2.6090362071990967","2.35498309135437","2.35498309135437","2.35498309135437"
"5129","2.808171510696411","2.808171510696411","2.808171510696411","2.5808801651000977","2.5808801651000977","2.5808801651000977","2.316988229751587","2.316988229751587","2.316988229751587"
"5159","9.94164752960205","9.94164752960205","9.94164752960205","4.801966190338135","4.801966190338135","4.801966190338135","2.3819875717163086","2.3819875717163086","2.3819875717163086"
"5189","2.875347137451172","2.875347137451172","2.875347137451172","2.582570791244507","2.582570791244507","2.582570791244507","2.330089807510376","2.330089807510376","2.330089807510376"
"5219","7.921500205993652","7.921500205993652","7.921500205993652","20.421892166137695","20.421892166137695","20.421892166137695","2.218442916870117","2.218442916870117","2.218442916870117"
"5249","2.897578477859497","2.897578477859497","2.897578477859497","2.7058334350585938","2.7058334350585938","2.7058334350585938","2.4424939155578613","2.4424939155578613","2.4424939155578613"
"5279","7.830483436584473","7.830483436584473","7.830483436584473","20.287378311157227","20.287378311157227","20.287378311157227","2.3534133434295654","2.3534133434295654","2.3534133434295654"
"5309","7.660361289978027","7.660361289978027","7.660361289978027","20.202468872070312","20.202468872070312","20.202468872070312","2.2685344219207764","2.2685344219207764","2.2685344219207764"
"5339","7.548438549041748","7.548438549041748","7.548438549041748","20.026521682739258","20.026521682739258","20.026521682739258","2.243695020675659","2.243695020675659","2.243695020675659"
"5369","11.568925857543945","11.568925857543945","11.568925857543945","3.781733989715576","3.781733989715576","3.781733989715576","2.3483846187591553","2.3483846187591553","2.3483846187591553"
"5399","2.952415704727173","2.952415704727173","2.952415704727173","2.8061132431030273","2.8061132431030273","2.8061132431030273","2.4768285751342773","2.4768285751342773","2.4768285751342773"
"5429","2.6086766719818115","2.6086766719818115","2.6086766719818115","2.4138145446777344","2.4138145446777344","2.4138145446777344","2.1234428882598877","2.1234428882598877","2.1234428882598877"
"5459","7.379853248596191","7.379853248596191","7.379853248596191","19.746639251708984","19.746639251708984","19.746639251708984","2.317770004272461","2.317770004272461","2.317770004272461"
"5489","2.79799222946167","2.79799222946167","2.79799222946167","2.5618338584899902","2.5618338584899902","2.5618338584899902","2.282843589782715","2.282843589782715","2.282843589782715"
"5519","2.6800618171691895","2.6800618171691895","2.6800618171691895","2.4781930446624756","2.4781930446624756","2.4781930446624756","2.1933369636535645","2.1933369636535645","2.1933369636535645"
"5549","2.7103283405303955","2.7103283405303955","2.7103283405303955","2.499027967453003","2.499027967453003","2.499027967453003","2.2423593997955322","2.2423593997955322","2.2423593997955322"
"5579","6.484850883483887","6.484850883483887","6.484850883483887","3.0561654567718506","3.0561654567718506","3.0561654567718506","2.1507692337036133","2.1507692337036133","2.1507692337036133"
"5609","6.90398645401001","6.90398645401001","6.90398645401001","19.26494026184082","19.26494026184082","19.26494026184082","2.2801296710968018","2.2801296710968018","2.2801296710968018"
"5639","2.67567777633667","2.67567777633667","2.67567777633667","2.5512208938598633","2.5512208938598633","2.5512208938598633","2.4827303886413574","2.4827303886413574","2.4827303886413574"
"5669","2.5033702850341797","2.5033702850341797","2.5033702850341797","2.3973019123077393","2.3973019123077393","2.3973019123077393","2.1723153591156006","2.1723153591156006","2.1723153591156006"
"5699","13.639877319335938","13.639877319335938","13.639877319335938","5.252634048461914","5.252634048461914","5.252634048461914","2.348492383956909","2.348492383956909","2.348492383956909"
"5729","2.5542731285095215","2.5542731285095215","2.5542731285095215","2.4739315509796143","2.4739315509796143","2.4739315509796143","2.245563268661499","2.245563268661499","2.245563268661499"
"5759","2.6219143867492676","2.6219143867492676","2.6219143867492676","2.5797059535980225","2.5797059535980225","2.5797059535980225","2.343116521835327","2.343116521835327","2.343116521835327"
"5789","2.5483288764953613","2.5483288764953613","2.5483288764953613","2.519705295562744","2.519705295562744","2.519705295562744","2.269789934158325","2.269789934158325","2.269789934158325"
"5819","2.257941961288452","2.257941961288452","2.257941961288452","2.271113872528076","2.271113872528076","2.271113872528076","2.098937511444092","2.098937511444092","2.098937511444092"
"5849","2.532391309738159","2.532391309738159","2.532391309738159","2.4662892818450928","2.4662892818450928","2.4662892818450928","2.1477389335632324","2.1477389335632324","2.1477389335632324"
"5879","2.6435232162475586","2.6435232162475586","2.6435232162475586","2.551536798477173","2.551536798477173","2.551536798477173","2.3417797088623047","2.3417797088623047","2.3417797088623047"
"5909","2.6681575775146484","2.6681575775146484","2.6681575775146484","2.6020524501800537","2.6020524501800537","2.6020524501800537","2.375481128692627","2.375481128692627","2.375481128692627"
"5939","12.403121948242188","12.403121948242188","12.403121948242188","4.131153583526611","4.131153583526611","4.131153583526611","2.253434896469116","2.253434896469116","2.253434896469116"
"5969","2.6131651401519775","2.6131651401519775","2.6131651401519775","2.5729212760925293","2.5729212760925293","2.5729212760925293","2.249250650405884","2.249250650405884","2.249250650405884"
"5999","2.4102578163146973","2.4102578163146973","2.4102578163146973","2.40804123878479","2.40804123878479","2.40804123878479","2.131277084350586","2.131277084350586","2.131277084350586"
"6029","2.372659921646118","2.372659921646118","2.372659921646118","2.3747503757476807","2.3747503757476807","2.3747503757476807","2.1182403564453125","2.1182403564453125","2.1182403564453125"
"6059","8.236493110656738","8.236493110656738","8.236493110656738","3.3742239475250244","3.3742239475250244","3.3742239475250244","2.1340560913085938","2.1340560913085938","2.1340560913085938"
"6089","2.635093927383423","2.635093927383423","2.635093927383423","2.5517733097076416","2.5517733097076416","2.5517733097076416","2.3135740756988525","2.3135740756988525","2.3135740756988525"
"6119","6.2083940505981445","6.2083940505981445","6.2083940505981445","18.02436065673828","18.02436065673828","18.02436065673828","2.0801007747650146","2.0801007747650146","2.0801007747650146"
"6149","2.578934907913208","2.578934907913208","2.578934907913208","2.5556020736694336","2.5556020736694336","2.5556020736694336","2.2412352561950684","2.2412352561950684","2.2412352561950684"
"6179","2.6675362586975098","2.6675362586975098","2.6675362586975098","2.7322583198547363","2.7322583198547363","2.7322583198547363","2.366008758544922","2.366008758544922","2.366008758544922"
"6209","12.990365028381348","12.990365028381348","12.990365028381348","4.306780815124512","4.306780815124512","4.306780815124512","2.1888933181762695","2.1888933181762695","2.1888933181762695"
"6239","2.3695056438446045","2.3695056438446045","2.3695056438446045","2.410834789276123","2.410834789276123","2.410834789276123","2.1321589946746826","2.1321589946746826","2.1321589946746826"
"6269","2.34487247467041","2.34487247467041","2.34487247467041","2.344312906265259","2.344312906265259","2.344312906265259","2.085918426513672","2.085918426513672","2.085918426513672"
"6299","2.4784233570098877","2.4784233570098877","2.4784233570098877","2.4418063163757324","2.4418063163757324","2.4418063163757324","2.146747589111328","2.146747589111328","2.146747589111328"
"6329","17.175151824951172","17.175151824951172","17.175151824951172","4.212564945220947","4.212564945220947","4.212564945220947","2.177006721496582","2.177006721496582","2.177006721496582"
"6359","5.920210838317871","5.920210838317871","5.920210838317871","17.757890701293945","17.757890701293945","17.757890701293945","2.1496083736419678","2.1496083736419678","2.1496083736419678"
"6389","2.386967182159424","2.386967182159424","2.386967182159424","2.3882336616516113","2.3882336616516113","2.3882336616516113","2.051456928253174","2.051456928253174","2.051456928253174"
"6419","2.3606584072113037","2.3606584072113037","2.3606584072113037","2.401715040206909","2.401715040206909","2.401715040206909","2.1233344078063965","2.1233344078063965","2.1233344078063965"
"6449","2.333826780319214","2.333826780319214","2.333826780319214","2.3893420696258545","2.3893420696258545","2.3893420696258545","2.0393283367156982","2.0393283367156982","2.0393283367156982"
"6479","2.4155616760253906","2.4155616760253906","2.4155616760253906","2.4440817832946777","2.4440817832946777","2.4440817832946777","2.065950870513916","2.065950870513916","2.065950870513916"
"6509","13.881022453308105","13.881022453308105","13.881022453308105","3.9308767318725586","3.9308767318725586","3.9308767318725586","2.0544912815093994","2.0544912815093994","2.0544912815093994"
"6539","2.36603045463562","2.36603045463562","2.36603045463562","2.414820432662964","2.414820432662964","2.414820432662964","2.050859212875366","2.050859212875366","2.050859212875366"
"6569","2.4350500106811523","2.4350500106811523","2.4350500106811523","2.5067286491394043","2.5067286491394043","2.5067286491394043","2.1578266620635986","2.1578266620635986","2.1578266620635986"
"6599","2.3927223682403564","2.3927223682403564","2.3927223682403564","2.392162322998047","2.392162322998047","2.392162322998047","2.0962724685668945","2.0962724685668945","2.0962724685668945"
"6629","2.36538028717041","2.36538028717041","2.36538028717041","2.37923002243042","2.37923002243042","2.37923002243042","2.0165514945983887","2.0165514945983887","2.0165514945983887"
"6659","9.45875072479248","9.45875072479248","9.45875072479248","3.6773159503936768","3.6773159503936768","3.6773159503936768","2.099167585372925","2.099167585372925","2.099167585372925"
"6689","2.4305479526519775","2.4305479526519775","2.4305479526519775","2.5186920166015625","2.5186920166015625","2.5186920166015625","2.2247860431671143","2.2247860431671143","2.2247860431671143"
"6719","2.4089720249176025","2.4089720249176025","2.4089720249176025","2.3877792358398438","2.3877792358398438","2.3877792358398438","2.068394660949707","2.068394660949707","2.068394660949707"
"6749","10.741777420043945","10.741777420043945","10.741777420043945","3.858121633529663","3.858121633529663","3.858121633529663","2.0803935527801514","2.0803935527801514","2.0803935527801514"
"6779","13.172800064086914","13.172800064086914","13.172800064086914","4.169806480407715","4.169806480407715","4.169806480407715","2.1208267211914062","2.1208267211914062","2.1208267211914062"
"6809","2.322557210922241","2.322557210922241","2.322557210922241","2.4295310974121094","2.4295310974121094","2.4295310974121094","2.048274517059326","2.048274517059326","2.048274517059326"
"6839","17.356040954589844","17.356040954589844","17.356040954589844","4.629641532897949","4.629641532897949","4.629641532897949","1.9493887424468994","1.9493887424468994","1.9493887424468994"
"6869","2.5088753700256348","2.5088753700256348","2.5088753700256348","2.5995192527770996","2.5995192527770996","2.5995192527770996","2.1473846435546875","2.1473846435546875","2.1473846435546875"
"6899","6.072657108306885","6.072657108306885","6.072657108306885","18.358211517333984","18.358211517333984","18.358211517333984","1.974984049797058","1.974984049797058","1.974984049797058"
"6929","2.3338513374328613","2.3338513374328613","2.3338513374328613","2.4346415996551514","2.4346415996551514","2.4346415996551514","2.058434009552002","2.058434009552002","2.058434009552002"
"6959","2.4065585136413574","2.4065585136413574","2.4065585136413574","2.5964462757110596","2.5964462757110596","2.5964462757110596","2.181864023208618","2.181864023208618","2.181864023208618"
"6989","2.2980246543884277","2.2980246543884277","2.2980246543884277","2.4087929725646973","2.4087929725646973","2.4087929725646973","2.029127359390259","2.029127359390259","2.029127359390259"
"7019","2.341592788696289","2.341592788696289","2.341592788696289","2.4252657890319824","2.4252657890319824","2.4252657890319824","2.0247557163238525","2.0247557163238525","2.0247557163238525"
"7049","9.485042572021484","9.485042572021484","9.485042572021484","3.191020965576172","3.191020965576172","3.191020965576172","1.9271847009658813","1.9271847009658813","1.9271847009658813"
"7079","2.379546642303467","2.379546642303467","2.379546642303467","2.524766683578491","2.524766683578491","2.524766683578491","2.123945474624634","2.123945474624634","2.123945474624634"
"7109","2.472597360610962","2.472597360610962","2.472597360610962","2.6299636363983154","2.6299636363983154","2.6299636363983154","2.14072322845459","2.14072322845459","2.14072322845459"
"7139","2.351985216140747","2.351985216140747","2.351985216140747","2.491732120513916","2.491732120513916","2.491732120513916","2.0893447399139404","2.0893447399139404","2.0893447399139404"
"7169","2.3039045333862305","2.3039045333862305","2.3039045333862305","2.42399001121521","2.42399001121521","2.42399001121521","2.0088565349578857","2.0088565349578857","2.0088565349578857"
"7199","2.331967353820801","2.331967353820801","2.331967353820801","2.4713423252105713","2.4713423252105713","2.4713423252105713","2.0641281604766846","2.0641281604766846","2.0641281604766846"
"7229","2.3493447303771973","2.3493447303771973","2.3493447303771973","2.4700493812561035","2.4700493812561035","2.4700493812561035","2.137348175048828","2.137348175048828","2.137348175048828"
"7259","11.980405807495117","11.980405807495117","11.980405807495117","16.35517692565918","16.35517692565918","16.35517692565918","1.9239548444747925","1.9239548444747925","1.9239548444747925"
"7289","2.31732439994812","2.31732439994812","2.31732439994812","2.3695297241210938","2.3695297241210938","2.3695297241210938","2.0559117794036865","2.0559117794036865","2.0559117794036865"
"7319","2.3396825790405273","2.3396825790405273","2.3396825790405273","2.4878077507019043","2.4878077507019043","2.4878077507019043","2.055784225463867","2.055784225463867","2.055784225463867"
"7349","2.259686231613159","2.259686231613159","2.259686231613159","2.225416421890259","2.225416421890259","2.225416421890259","1.8368771076202393","1.8368771076202393","1.8368771076202393"
"7379","2.428070068359375","2.428070068359375","2.428070068359375","2.628021717071533","2.628021717071533","2.628021717071533","2.2022457122802734","2.2022457122802734","2.2022457122802734"
"7409","2.36014986038208","2.36014986038208","2.36014986038208","2.4542882442474365","2.4542882442474365","2.4542882442474365","1.9703104496002197","1.9703104496002197","1.9703104496002197"
"7439","2.2377705574035645","2.2377705574035645","2.2377705574035645","2.333906412124634","2.333906412124634","2.333906412124634","1.9245814085006714","1.9245814085006714","1.9245814085006714"
"7469","4.958013534545898","4.958013534545898","4.958013534545898","15.35201644897461","15.35201644897461","15.35201644897461","1.997667670249939","1.997667670249939","1.997667670249939"
"7499","2.1870996952056885","2.1870996952056885","2.1870996952056885","2.351149559020996","2.351149559020996","2.351149559020996","1.9050812721252441","1.9050812721252441","1.9050812721252441"
"7529","2.295320510864258","2.295320510864258","2.295320510864258","2.3607065677642822","2.3607065677642822","2.3607065677642822","1.9325878620147705","1.9325878620147705","1.9325878620147705"
"7559","2.236896276473999","2.236896276473999","2.236896276473999","2.381711006164551","2.381711006164551","2.381711006164551","1.8947001695632935","1.8947001695632935","1.8947001695632935"
"7589","2.3174328804016113","2.3174328804016113","2.3174328804016113","2.4760499000549316","2.4760499000549316","2.4760499000549316","2.050358295440674","2.050358295440674","2.050358295440674"
"7619","15.122133255004883","15.122133255004883","15.122133255004883","4.245972633361816","4.245972633361816","4.245972633361816","2.045856237411499","2.045856237411499","2.045856237411499"
"7649","2.247605800628662","2.247605800628662","2.247605800628662","2.355790138244629","2.355790138244629","2.355790138244629","1.8392242193222046","1.8392242193222046","1.8392242193222046"
"7679","2.379756212234497","2.379756212234497","2.379756212234497","2.47329044342041","2.47329044342041","2.47329044342041","2.031538963317871","2.031538963317871","2.031538963317871"
"7709","2.0971412658691406","2.0971412658691406","2.0971412658691406","2.2726686000823975","2.2726686000823975","2.2726686000823975","1.846394658088684","1.846394658088684","1.846394658088684"
"7739","2.145111083984375","2.145111083984375","2.145111083984375","2.3211331367492676","2.3211331367492676","2.3211331367492676","1.8837664127349854","1.8837664127349854","1.8837664127349854"
"7769","2.32098650932312","2.32098650932312","2.32098650932312","2.4894156455993652","2.4894156455993652","2.4894156455993652","2.01835036277771","2.01835036277771","2.01835036277771"
"7799","2.2003173828125","2.2003173828125","2.2003173828125","2.3532190322875977","2.3532190322875977","2.3532190322875977","1.8788542747497559","1.8788542747497559","1.8788542747497559"
"7829","4.682139873504639","4.682139873504639","4.682139873504639","14.933328628540039","14.933328628540039","14.933328628540039","2.000570774078369","2.000570774078369","2.000570774078369"
"7859","2.1822757720947266","2.1822757720947266","2.1822757720947266","2.305492639541626","2.305492639541626","2.305492639541626","1.8746365308761597","1.8746365308761597","1.8746365308761597"
"7889","2.1435201168060303","2.1435201168060303","2.1435201168060303","2.333352565765381","2.333352565765381","2.333352565765381","1.9181820154190063","1.9181820154190063","1.9181820154190063"
"7919","2.129507303237915","2.129507303237915","2.129507303237915","2.368726968765259","2.368726968765259","2.368726968765259","1.9432015419006348","1.9432015419006348","1.9432015419006348"
"7949","2.1289308071136475","2.1289308071136475","2.1289308071136475","2.4273016452789307","2.4273016452789307","2.4273016452789307","2.009485960006714","2.009485960006714","2.009485960006714"
"7979","2.2779364585876465","2.2779364585876465","2.2779364585876465","2.5725927352905273","2.5725927352905273","2.5725927352905273","2.137289524078369","2.137289524078369","2.137289524078369"
"8009","4.572154521942139","4.572154521942139","4.572154521942139","14.460075378417969","14.460075378417969","14.460075378417969","1.9724634885787964","1.9724634885787964","1.9724634885787964"
"8039","2.1878247261047363","2.1878247261047363","2.1878247261047363","2.3516159057617188","2.3516159057617188","2.3516159057617188","1.8838220834732056","1.8838220834732056","1.8838220834732056"
"8069","2.024177074432373","2.024177074432373","2.024177074432373","2.223557949066162","2.223557949066162","2.223557949066162","1.7383825778961182","1.7383825778961182","1.7383825778961182"
"8099","2.1864640712738037","2.1864640712738037","2.1864640712738037","2.3969900608062744","2.3969900608062744","2.3969900608062744","1.902890920639038","1.902890920639038","1.902890920639038"
"8129","2.207058906555176","2.207058906555176","2.207058906555176","2.472141981124878","2.472141981124878","2.472141981124878","1.9435021877288818","1.9435021877288818","1.9435021877288818"
"8159","2.101684331893921","2.101684331893921","2.101684331893921","2.308025598526001","2.308025598526001","2.308025598526001","1.8109475374221802","1.8109475374221802","1.8109475374221802"
"8189","4.24431037902832","4.24431037902832","4.24431037902832","13.781099319458008","13.781099319458008","13.781099319458008","1.7837896347045898","1.7837896347045898","1.7837896347045898"
"8219","4.438814163208008","4.438814163208008","4.438814163208008","13.960087776184082","13.960087776184082","13.960087776184082","1.8131146430969238","1.8131146430969238","1.8131146430969238"
"8249","2.1350743770599365","2.1350743770599365","2.1350743770599365","2.3467211723327637","2.3467211723327637","2.3467211723327637","1.8372427225112915","1.8372427225112915","1.8372427225112915"
"8279","2.2282967567443848","2.2282967567443848","2.2282967567443848","2.2795956134796143","2.2795956134796143","2.2795956134796143","1.8449501991271973","1.8449501991271973","1.8449501991271973"
"8309","2.119889736175537","2.119889736175537","2.119889736175537","2.4286131858825684","2.4286131858825684","2.4286131858825684","1.940976858139038","1.940976858139038","1.940976858139038"
"8339","2.194403648376465","2.194403648376465","2.194403648376465","2.36026930809021","2.36026930809021","2.36026930809021","1.9269764423370361","1.9269764423370361","1.9269764423370361"
"8369","4.3013787269592285","4.3013787269592285","4.3013787269592285","13.465118408203125","13.465118408203125","13.465118408203125","1.7905148267745972","1.7905148267745972","1.7905148267745972"
"8399","2.0749118328094482","2.0749118328094482","2.0749118328094482","2.266538619995117","2.266538619995117","2.266538619995117","1.8242032527923584","1.8242032527923584","1.8242032527923584"
"8429","4.193920135498047","4.193920135498047","4.193920135498047","13.44271183013916","13.44271183013916","13.44271183013916","1.7114542722702026","1.7114542722702026","1.7114542722702026"
"8459","2.2711284160614014","2.2711284160614014","2.2711284160614014","2.450228452682495","2.450228452682495","2.450228452682495","1.967519998550415","1.967519998550415","1.967519998550415"
"8489","2.0618879795074463","2.0618879795074463","2.0618879795074463","2.294243812561035","2.294243812561035","2.294243812561035","1.8598461151123047","1.8598461151123047","1.8598461151123047"
"8519","4.250967502593994","4.250967502593994","4.250967502593994","13.330910682678223","13.330910682678223","13.330910682678223","1.85084867477417","1.85084867477417","1.85084867477417"
"8549","2.0703887939453125","2.0703887939453125","2.0703887939453125","2.260439395904541","2.260439395904541","2.260439395904541","1.827014684677124","1.827014684677124","1.827014684677124"
"8579","4.233896255493164","4.233896255493164","4.233896255493164","13.36954402923584","13.36954402923584","13.36954402923584","1.9605952501296997","1.9605952501296997","1.9605952501296997"
"8609","2.0079879760742188","2.0079879760742188","2.0079879760742188","2.241499185562134","2.241499185562134","2.241499185562134","1.7771008014678955","1.7771008014678955","1.7771008014678955"
"8639","2.020453453063965","2.020453453063965","2.020453453063965","2.2284536361694336","2.2284536361694336","2.2284536361694336","1.7323780059814453","1.7323780059814453","1.7323780059814453"
"8669","2.0511085987091064","2.0511085987091064","2.0511085987091064","2.312699556350708","2.312699556350708","2.312699556350708","1.8677622079849243","1.8677622079849243","1.8677622079849243"
"8699","2.156752824783325","2.156752824783325","2.156752824783325","2.5274815559387207","2.5274815559387207","2.5274815559387207","1.9664673805236816","1.9664673805236816","1.9664673805236816"
"8729","2.056309700012207","2.056309700012207","2.056309700012207","2.233677387237549","2.233677387237549","2.233677387237549","1.7456533908843994","1.7456533908843994","1.7456533908843994"
"8759","2.0850555896759033","2.0850555896759033","2.0850555896759033","2.356329917907715","2.356329917907715","2.356329917907715","1.8263384103775024","1.8263384103775024","1.8263384103775024"
"8789","4.456299304962158","4.456299304962158","4.456299304962158","13.988298416137695","13.988298416137695","13.988298416137695","1.6973862648010254","1.6973862648010254","1.6973862648010254"
"8819","2.096191883087158","2.096191883087158","2.096191883087158","2.3177738189697266","2.3177738189697266","2.3177738189697266","1.8729926347732544","1.8729926347732544","1.8729926347732544"
"8849","2.018942356109619","2.018942356109619","2.018942356109619","2.3183236122131348","2.3183236122131348","2.3183236122131348","1.8697038888931274","1.8697038888931274","1.8697038888931274"
"8879","2.054701566696167","2.054701566696167","2.054701566696167","2.280085802078247","2.280085802078247","2.280085802078247","1.7673527002334595","1.7673527002334595","1.7673527002334595"
"8909","2.099928855895996","2.099928855895996","2.099928855895996","2.3470144271850586","2.3470144271850586","2.3470144271850586","1.833359956741333","1.833359956741333","1.833359956741333"
"8939","1.9706573486328125","1.9706573486328125","1.9706573486328125","2.229224920272827","2.229224920272827","2.229224920272827","1.7229018211364746","1.7229018211364746","1.7229018211364746"
"8969","2.1311452388763428","2.1311452388763428","2.1311452388763428","2.4475128650665283","2.4475128650665283","2.4475128650665283","1.9568413496017456","1.9568413496017456","1.9568413496017456"
"8999","4.110818862915039","4.110818862915039","4.110818862915039","12.584142684936523","12.584142684936523","12.584142684936523","1.859312653541565","1.859312653541565","1.859312653541565"
"9029","2.086193561553955","2.086193561553955","2.086193561553955","2.402134418487549","2.402134418487549","2.402134418487549","1.827879548072815","1.827879548072815","1.827879548072815"
"9059","2.056262969970703","2.056262969970703","2.056262969970703","2.3425402641296387","2.3425402641296387","2.3425402641296387","1.807303786277771","1.807303786277771","1.807303786277771"
"9089","2.107185125350952","2.107185125350952","2.107185125350952","2.4358370304107666","2.4358370304107666","2.4358370304107666","1.822843313217163","1.822843313217163","1.822843313217163"
"9119","2.058043956756592","2.058043956756592","2.058043956756592","2.43827748298645","2.43827748298645","2.43827748298645","1.921985387802124","1.921985387802124","1.921985387802124"
"9149","2.071521520614624","2.071521520614624","2.071521520614624","2.303713321685791","2.303713321685791","2.303713321685791","1.8269414901733398","1.8269414901733398","1.8269414901733398"
"9179","2.0161430835723877","2.0161430835723877","2.0161430835723877","2.2425835132598877","2.2425835132598877","2.2425835132598877","1.6822292804718018","1.6822292804718018","1.6822292804718018"
"9209","3.8458800315856934","3.8458800315856934","3.8458800315856934","12.205512046813965","12.205512046813965","12.205512046813965","1.6910672187805176","1.6910672187805176","1.6910672187805176"
"9239","2.0863473415374756","2.0863473415374756","2.0863473415374756","2.4078850746154785","2.4078850746154785","2.4078850746154785","1.8182636499404907","1.8182636499404907","1.8182636499404907"
"9269","2.0961172580718994","2.0961172580718994","2.0961172580718994","2.233459949493408","2.233459949493408","2.233459949493408","1.6398447751998901","1.6398447751998901","1.6398447751998901"
"9299","2.012204170227051","2.012204170227051","2.012204170227051","2.2986083030700684","2.2986083030700684","2.2986083030700684","1.7450250387191772","1.7450250387191772","1.7450250387191772"
"9329","2.117198944091797","2.117198944091797","2.117198944091797","2.3780641555786133","2.3780641555786133","2.3780641555786133","1.8610049486160278","1.8610049486160278","1.8610049486160278"
"9359","2.0137219429016113","2.0137219429016113","2.0137219429016113","2.305619239807129","2.305619239807129","2.305619239807129","1.768571376800537","1.768571376800537","1.768571376800537"
"9389","2.0569353103637695","2.0569353103637695","2.0569353103637695","2.3330976963043213","2.3330976963043213","2.3330976963043213","1.7878344058990479","1.7878344058990479","1.7878344058990479"
"9419","2.1481611728668213","2.1481611728668213","2.1481611728668213","2.479846954345703","2.479846954345703","2.479846954345703","1.9396910667419434","1.9396910667419434","1.9396910667419434"
"9449","1.8911727666854858","1.8911727666854858","1.8911727666854858","2.143282890319824","2.143282890319824","2.143282890319824","1.626891016960144","1.626891016960144","1.626891016960144"
"9479","2.039904832839966","2.039904832839966","2.039904832839966","2.3073477745056152","2.3073477745056152","2.3073477745056152","1.7479479312896729","1.7479479312896729","1.7479479312896729"
"9509","2.0121960639953613","2.0121960639953613","2.0121960639953613","2.2135095596313477","2.2135095596313477","2.2135095596313477","1.631693959236145","1.631693959236145","1.631693959236145"
"9539","2.0518670082092285","2.0518670082092285","2.0518670082092285","2.2884504795074463","2.2884504795074463","2.2884504795074463","1.792581558227539","1.792581558227539","1.792581558227539"
"9569","1.977926254272461","1.977926254272461","1.977926254272461","2.253225326538086","2.253225326538086","2.253225326538086","1.7421979904174805","1.7421979904174805","1.7421979904174805"
"9599","2.0142130851745605","2.0142130851745605","2.0142130851745605","2.4296698570251465","2.4296698570251465","2.4296698570251465","1.8643691539764404","1.8643691539764404","1.8643691539764404"
"9629","1.9908273220062256","1.9908273220062256","1.9908273220062256","2.2833786010742188","2.2833786010742188","2.2833786010742188","1.7398443222045898","1.7398443222045898","1.7398443222045898"
"9659","17.023359298706055","17.023359298706055","17.023359298706055","6.893413066864014","6.893413066864014","6.893413066864014","1.7277628183364868","1.7277628183364868","1.7277628183364868"
"9689","1.948427677154541","1.948427677154541","1.948427677154541","2.2896106243133545","2.2896106243133545","2.2896106243133545","1.7462228536605835","1.7462228536605835","1.7462228536605835"
"9719","2.009643316268921","2.009643316268921","2.009643316268921","2.183084726333618","2.183084726333618","2.183084726333618","1.6565080881118774","1.6565080881118774","1.6565080881118774"
"9749","1.936446189880371","1.936446189880371","1.936446189880371","2.2113187313079834","2.2113187313079834","2.2113187313079834","1.6630817651748657","1.6630817651748657","1.6630817651748657"
"9779","1.95261549949646","1.95261549949646","1.95261549949646","2.1934115886688232","2.1934115886688232","2.1934115886688232","1.678560733795166","1.678560733795166","1.678560733795166"
"9809","1.992813229560852","1.992813229560852","1.992813229560852","2.336549997329712","2.336549997329712","2.336549997329712","1.7858409881591797","1.7858409881591797","1.7858409881591797"
"9839","1.955439567565918","1.955439567565918","1.955439567565918","2.344254732131958","2.344254732131958","2.344254732131958","1.7330328226089478","1.7330328226089478","1.7330328226089478"
"9869","3.624345541000366","3.624345541000366","3.624345541000366","11.490090370178223","11.490090370178223","11.490090370178223","1.7331801652908325","1.7331801652908325","1.7331801652908325"
"9899","1.9379651546478271","1.9379651546478271","1.9379651546478271","2.322983741760254","2.322983741760254","2.322983741760254","1.7956756353378296","1.7956756353378296","1.7956756353378296"
"9929","1.897470474243164","1.897470474243164","1.897470474243164","2.1810667514801025","2.1810667514801025","2.1810667514801025","1.631685495376587","1.631685495376587","1.631685495376587"
"9959","1.8765262365341187","1.8765262365341187","1.8765262365341187","2.1880226135253906","2.1880226135253906","2.1880226135253906","1.65853750705719","1.65853750705719","1.65853750705719"
"9989","1.9881318807601929","1.9881318807601929","1.9881318807601929","2.4153926372528076","2.4153926372528076","2.4153926372528076","1.852202296257019","1.852202296257019","1.852202296257019"
"10019","1.8777188062667847","1.8777188062667847","1.8777188062667847","2.16446852684021","2.16446852684021","2.16446852684021","1.6238640546798706","1.6238640546798706","1.6238640546798706"
"10049","1.987904667854309","1.987904667854309","1.987904667854309","2.2956581115722656","2.2956581115722656","2.2956581115722656","1.7093887329101562","1.7093887329101562","1.7093887329101562"
"10079","1.8879296779632568","1.8879296779632568","1.8879296779632568","2.197284698486328","2.197284698486328","2.197284698486328","1.6296582221984863","1.6296582221984863","1.6296582221984863"
"10109","1.9574236869812012","1.9574236869812012","1.9574236869812012","2.3713583946228027","2.3713583946228027","2.3713583946228027","1.81013822555542","1.81013822555542","1.81013822555542"
"10139","1.957605242729187","1.957605242729187","1.957605242729187","2.2835168838500977","2.2835168838500977","2.2835168838500977","1.75252103805542","1.75252103805542","1.75252103805542"
"10169","2.000063419342041","2.000063419342041","2.000063419342041","2.2548391819000244","2.2548391819000244","2.2548391819000244","1.630399227142334","1.630399227142334","1.630399227142334"
"10199","1.9022563695907593","1.9022563695907593","1.9022563695907593","2.2683615684509277","2.2683615684509277","2.2683615684509277","1.6653034687042236","1.6653034687042236","1.6653034687042236"
"10229","1.90837562084198","1.90837562084198","1.90837562084198","2.216848611831665","2.216848611831665","2.216848611831665","1.6160144805908203","1.6160144805908203","1.6160144805908203"
"10259","1.9703879356384277","1.9703879356384277","1.9703879356384277","2.3344061374664307","2.3344061374664307","2.3344061374664307","1.7235995531082153","1.7235995531082153","1.7235995531082153"
"10289","2.057279109954834","2.057279109954834","2.057279109954834","2.411151885986328","2.411151885986328","2.411151885986328","1.7535481452941895","1.7535481452941895","1.7535481452941895"
"10319","1.9302847385406494","1.9302847385406494","1.9302847385406494","2.247699737548828","2.247699737548828","2.247699737548828","1.6126883029937744","1.6126883029937744","1.6126883029937744"
"10349","1.768144130706787","1.768144130706787","1.768144130706787","2.0754551887512207","2.0754551887512207","2.0754551887512207","1.5196462869644165","1.5196462869644165","1.5196462869644165"
"10379","3.4948768615722656","3.4948768615722656","3.4948768615722656","11.022462844848633","11.022462844848633","11.022462844848633","1.7286194562911987","1.7286194562911987","1.7286194562911987"
"10409","1.9200047254562378","1.9200047254562378","1.9200047254562378","2.226311683654785","2.226311683654785","2.226311683654785","1.5836502313613892","1.5836502313613892","1.5836502313613892"
"10439","1.8876686096191406","1.8876686096191406","1.8876686096191406","2.3081326484680176","2.3081326484680176","2.3081326484680176","1.7216274738311768","1.7216274738311768","1.7216274738311768"
"10469","3.851524591445923","3.851524591445923","3.851524591445923","12.2208251953125","12.2208251953125","12.2208251953125","1.6436634063720703","1.6436634063720703","1.6436634063720703"
"10499","1.8589178323745728","1.8589178323745728","1.8589178323745728","2.165372371673584","2.165372371673584","2.165372371673584","1.5588064193725586","1.5588064193725586","1.5588064193725586"
"10529","23.211992263793945","23.211992263793945","23.211992263793945","5.338423728942871","5.338423728942871","5.338423728942871","1.60356867313385","1.60356867313385","1.60356867313385"
"10559","1.826972484588623","1.826972484588623","1.826972484588623","2.1394009590148926","2.1394009590148926","2.1394009590148926","1.5410091876983643","1.5410091876983643","1.5410091876983643"
"10589","1.8054577112197876","1.8054577112197876","1.8054577112197876","2.149015188217163","2.149015188217163","2.149015188217163","1.5780236721038818","1.5780236721038818","1.5780236721038818"
"10619","1.8714678287506104","1.8714678287506104","1.8714678287506104","2.2359797954559326","2.2359797954559326","2.2359797954559326","1.61298668384552","1.61298668384552","1.61298668384552"
"10649","1.895754337310791","1.895754337310791","1.895754337310791","2.217585325241089","2.217585325241089","2.217585325241089","1.6392934322357178","1.6392934322357178","1.6392934322357178"
"10679","1.8864812850952148","1.8864812850952148","1.8864812850952148","2.3442602157592773","2.3442602157592773","2.3442602157592773","1.7173833847045898","1.7173833847045898","1.7173833847045898"
"10709","3.393897533416748","3.393897533416748","3.393897533416748","10.531362533569336","10.531362533569336","10.531362533569336","1.5659353733062744","1.5659353733062744","1.5659353733062744"
"10739","1.8684725761413574","1.8684725761413574","1.8684725761413574","2.1991899013519287","2.1991899013519287","2.1991899013519287","1.5521643161773682","1.5521643161773682","1.5521643161773682"
"10769","1.8722929954528809","1.8722929954528809","1.8722929954528809","2.1587209701538086","2.1587209701538086","2.1587209701538086","1.5485624074935913","1.5485624074935913","1.5485624074935913"
"10799","1.8383971452713013","1.8383971452713013","1.8383971452713013","2.1646218299865723","2.1646218299865723","2.1646218299865723","1.574332594871521","1.574332594871521","1.574332594871521"
"10829","2.029848337173462","2.029848337173462","2.029848337173462","2.365983009338379","2.365983009338379","2.365983009338379","1.7462719678878784","1.7462719678878784","1.7462719678878784"
"10859","1.8847222328186035","1.8847222328186035","1.8847222328186035","2.2406113147735596","2.2406113147735596","2.2406113147735596","1.6453280448913574","1.6453280448913574","1.6453280448913574"
"10889","3.4569363594055176","3.4569363594055176","3.4569363594055176","10.588855743408203","10.588855743408203","10.588855743408203","1.6371021270751953","1.6371021270751953","1.6371021270751953"
"10919","3.3169426918029785","3.3169426918029785","3.3169426918029785","10.575994491577148","10.575994491577148","10.575994491577148","1.6074508428573608","1.6074508428573608","1.6074508428573608"
"10949","1.9054116010665894","1.9054116010665894","1.9054116010665894","2.2845349311828613","2.2845349311828613","2.2845349311828613","1.7365975379943848","1.7365975379943848","1.7365975379943848"
"10979","1.8617626428604126","1.8617626428604126","1.8617626428604126","2.170243978500366","2.170243978500366","2.170243978500366","1.5277667045593262","1.5277667045593262","1.5277667045593262"
"11009","1.9426418542861938","1.9426418542861938","1.9426418542861938","2.2844371795654297","2.2844371795654297","2.2844371795654297","1.7384305000305176","1.7384305000305176","1.7384305000305176"
"11039","1.88489830493927","1.88489830493927","1.88489830493927","2.2235348224639893","2.2235348224639893","2.2235348224639893","1.590757966041565","1.590757966041565","1.590757966041565"
"11069","1.8359665870666504","1.8359665870666504","1.8359665870666504","2.209303617477417","2.209303617477417","2.209303617477417","1.590386152267456","1.590386152267456","1.590386152267456"
"11099","1.7954272031784058","1.7954272031784058","1.7954272031784058","2.185790538787842","2.185790538787842","2.185790538787842","1.5901751518249512","1.5901751518249512","1.5901751518249512"
"11129","1.9051733016967773","1.9051733016967773","1.9051733016967773","2.3699121475219727","2.3699121475219727","2.3699121475219727","1.700333833694458","1.700333833694458","1.700333833694458"
"11159","1.9164739847183228","1.9164739847183228","1.9164739847183228","2.3173489570617676","2.3173489570617676","2.3173489570617676","1.5698211193084717","1.5698211193084717","1.5698211193084717"
"11189","3.683170795440674","3.683170795440674","3.683170795440674","11.606752395629883","11.606752395629883","11.606752395629883","1.6712565422058105","1.6712565422058105","1.6712565422058105"
"11219","1.9528545141220093","1.9528545141220093","1.9528545141220093","2.293304204940796","2.293304204940796","2.293304204940796","1.6280758380889893","1.6280758380889893","1.6280758380889893"
"11249","1.8475890159606934","1.8475890159606934","1.8475890159606934","2.1791136264801025","2.1791136264801025","2.1791136264801025","1.54460871219635","1.54460871219635","1.54460871219635"
"11279","1.8954594135284424","1.8954594135284424","1.8954594135284424","2.2336082458496094","2.2336082458496094","2.2336082458496094","1.5959702730178833","1.5959702730178833","1.5959702730178833"
"11309","3.376699686050415","3.376699686050415","3.376699686050415","10.389976501464844","10.389976501464844","10.389976501464844","1.6169871091842651","1.6169871091842651","1.6169871091842651"
"11339","1.8562203645706177","1.8562203645706177","1.8562203645706177","2.13272762298584","2.13272762298584","2.13272762298584","1.5264034271240234","1.5264034271240234","1.5264034271240234"
"11369","2.0646989345550537","2.0646989345550537","2.0646989345550537","2.4153172969818115","2.4153172969818115","2.4153172969818115","1.721771478652954","1.721771478652954","1.721771478652954"
"11399","1.8668090105056763","1.8668090105056763","1.8668090105056763","2.2198164463043213","2.2198164463043213","2.2198164463043213","1.5613092184066772","1.5613092184066772","1.5613092184066772"
"11429","3.375518798828125","3.375518798828125","3.375518798828125","10.433205604553223","10.433205604553223","10.433205604553223","1.700677752494812","1.700677752494812","1.700677752494812"
"11459","1.8148680925369263","1.8148680925369263","1.8148680925369263","2.1519811153411865","2.1519811153411865","2.1519811153411865","1.5701690912246704","1.5701690912246704","1.5701690912246704"
"11489","1.8346967697143555","1.8346967697143555","1.8346967697143555","2.232334852218628","2.232334852218628","2.232334852218628","1.5786644220352173","1.5786644220352173","1.5786644220352173"
"11519","1.8878110647201538","1.8878110647201538","1.8878110647201538","2.284858465194702","2.284858465194702","2.284858465194702","1.6366643905639648","1.6366643905639648","1.6366643905639648"
"11549","1.8659156560897827","1.8659156560897827","1.8659156560897827","2.2559814453125","2.2559814453125","2.2559814453125","1.5940157175064087","1.5940157175064087","1.5940157175064087"
"11579","3.228313446044922","3.228313446044922","3.228313446044922","10.06492805480957","10.06492805480957","10.06492805480957","1.6158504486083984","1.6158504486083984","1.6158504486083984"
"11609","1.8386858701705933","1.8386858701705933","1.8386858701705933","2.273409128189087","2.273409128189087","2.273409128189087","1.6560955047607422","1.6560955047607422","1.6560955047607422"
"11639","3.260834217071533","3.260834217071533","3.260834217071533","10.040823936462402","10.040823936462402","10.040823936462402","1.669627070426941","1.669627070426941","1.669627070426941"
"11669","1.8092950582504272","1.8092950582504272","1.8092950582504272","2.170968532562256","2.170968532562256","2.170968532562256","1.529909610748291","1.529909610748291","1.529909610748291"
"11699","3.2703089714050293","3.2703089714050293","3.2703089714050293","10.260643005371094","10.260643005371094","10.260643005371094","1.6340737342834473","1.6340737342834473","1.6340737342834473"
"11729","1.91176176071167","1.91176176071167","1.91176176071167","2.2655882835388184","2.2655882835388184","2.2655882835388184","1.5764039754867554","1.5764039754867554","1.5764039754867554"
"11759","1.9198542833328247","1.9198542833328247","1.9198542833328247","2.2787344455718994","2.2787344455718994","2.2787344455718994","1.5855190753936768","1.5855190753936768","1.5855190753936768"
"11789","1.8145307302474976","1.8145307302474976","1.8145307302474976","2.157463788986206","2.157463788986206","2.157463788986206","1.4713882207870483","1.4713882207870483","1.4713882207870483"
"11819","1.8776077032089233","1.8776077032089233","1.8776077032089233","2.246809244155884","2.246809244155884","2.246809244155884","1.588213324546814","1.588213324546814","1.588213324546814"
"11849","1.8236958980560303","1.8236958980560303","1.8236958980560303","2.133737325668335","2.133737325668335","2.133737325668335","1.4887523651123047","1.4887523651123047","1.4887523651123047"
"11879","1.9001538753509521","1.9001538753509521","1.9001538753509521","2.242002248764038","2.242002248764038","2.242002248764038","1.6176890134811401","1.6176890134811401","1.6176890134811401"
"11909","3.08410382270813","3.08410382270813","3.08410382270813","9.821211814880371","9.821211814880371","9.821211814880371","1.4869662523269653","1.4869662523269653","1.4869662523269653"
"11939","1.8437066078186035","1.8437066078186035","1.8437066078186035","2.1421401500701904","2.1421401500701904","2.1421401500701904","1.4736783504486084","1.4736783504486084","1.4736783504486084"
"11969","1.9030892848968506","1.9030892848968506","1.9030892848968506","2.332390785217285","2.332390785217285","2.332390785217285","1.675581932067871","1.675581932067871","1.675581932067871"
"11999","3.179358720779419","3.179358720779419","3.179358720779419","9.732133865356445","9.732133865356445","9.732133865356445","1.5385712385177612","1.5385712385177612","1.5385712385177612"
"12029","3.2036821842193604","3.2036821842193604","3.2036821842193604","9.949831008911133","9.949831008911133","9.949831008911133","1.608898639678955","1.608898639678955","1.608898639678955"
"12059","1.8932136297225952","1.8932136297225952","1.8932136297225952","2.2987992763519287","2.2987992763519287","2.2987992763519287","1.5850216150283813","1.5850216150283813","1.5850216150283813"
"12089","1.9129908084869385","1.9129908084869385","1.9129908084869385","2.3198204040527344","2.3198204040527344","2.3198204040527344","1.5730160474777222","1.5730160474777222","1.5730160474777222"
"12119","44.32071304321289","44.32071304321289","44.32071304321289","108.72789764404297","108.72789764404297","108.72789764404297","27.083120346069336","27.083120346069336","27.083120346069336"
"12149","1.8074190616607666","1.8074190616607666","1.8074190616607666","2.1900839805603027","2.1900839805603027","2.1900839805603027","1.5184121131896973","1.5184121131896973","1.5184121131896973"
"12179","1.9318151473999023","1.9318151473999023","1.9318151473999023","2.2745659351348877","2.2745659351348877","2.2745659351348877","1.6185747385025024","1.6185747385025024","1.6185747385025024"
"12209","1.7825064659118652","1.7825064659118652","1.7825064659118652","2.14096999168396","2.14096999168396","2.14096999168396","1.490792989730835","1.490792989730835","1.490792989730835"
"12239","1.9647475481033325","1.9647475481033325","1.9647475481033325","2.26308536529541","2.26308536529541","2.26308536529541","1.5771312713623047","1.5771312713623047","1.5771312713623047"
"12269","1.862371802330017","1.862371802330017","1.862371802330017","2.228245258331299","2.228245258331299","2.228245258331299","1.5190045833587646","1.5190045833587646","1.5190045833587646"
"12299","1.9194554090499878","1.9194554090499878","1.9194554090499878","2.3306057453155518","2.3306057453155518","2.3306057453155518","1.5589627027511597","1.5589627027511597","1.5589627027511597"
"12329","1.9044398069381714","1.9044398069381714","1.9044398069381714","2.373950719833374","2.373950719833374","2.373950719833374","1.61713707447052","1.61713707447052","1.61713707447052"
"12359","3.1181933879852295","3.1181933879852295","3.1181933879852295","9.674155235290527","9.674155235290527","9.674155235290527","1.5490572452545166","1.5490572452545166","1.5490572452545166"
"12389","1.79761803150177","1.79761803150177","1.79761803150177","2.1135923862457275","2.1135923862457275","2.1135923862457275","1.4440239667892456","1.4440239667892456","1.4440239667892456"
"12419","1.784501314163208","1.784501314163208","1.784501314163208","2.123887777328491","2.123887777328491","2.123887777328491","1.4722200632095337","1.4722200632095337","1.4722200632095337"
"12449","3.1387147903442383","3.1387147903442383","3.1387147903442383","9.71746826171875","9.71746826171875","9.71746826171875","1.595044493675232","1.595044493675232","1.595044493675232"
"12479","3.0819737911224365","3.0819737911224365","3.0819737911224365","9.590455055236816","9.590455055236816","9.590455055236816","1.5089588165283203","1.5089588165283203","1.5089588165283203"
"12509","3.0548083782196045","3.0548083782196045","3.0548083782196045","9.466863632202148","9.466863632202148","9.466863632202148","1.4195877313613892","1.4195877313613892","1.4195877313613892"
"12539","1.8257546424865723","1.8257546424865723","1.8257546424865723","2.107046127319336","2.107046127319336","2.107046127319336","1.4063489437103271","1.4063489437103271","1.4063489437103271"
"12569","1.784867763519287","1.784867763519287","1.784867763519287","2.194530963897705","2.194530963897705","2.194530963897705","1.521332859992981","1.521332859992981","1.521332859992981"
"12599","1.7772223949432373","1.7772223949432373","1.7772223949432373","2.0879664421081543","2.0879664421081543","2.0879664421081543","1.4519835710525513","1.4519835710525513","1.4519835710525513"
"12629","1.8710731267929077","1.8710731267929077","1.8710731267929077","2.247997283935547","2.247997283935547","2.247997283935547","1.511489987373352","1.511489987373352","1.511489987373352"
"12659","1.86238431930542","1.86238431930542","1.86238431930542","2.2038779258728027","2.2038779258728027","2.2038779258728027","1.4577703475952148","1.4577703475952148","1.4577703475952148"
"12689","1.898337721824646","1.898337721824646","1.898337721824646","2.2813968658447266","2.2813968658447266","2.2813968658447266","1.5456304550170898","1.5456304550170898","1.5456304550170898"
"12719","1.8072789907455444","1.8072789907455444","1.8072789907455444","2.232379198074341","2.232379198074341","2.232379198074341","1.524463415145874","1.524463415145874","1.524463415145874"
"12749","1.7429025173187256","1.7429025173187256","1.7429025173187256","2.075854539871216","2.075854539871216","2.075854539871216","1.3859424591064453","1.3859424591064453","1.3859424591064453"
"12779","1.839335322380066","1.839335322380066","1.839335322380066","2.246183395385742","2.246183395385742","2.246183395385742","1.50735604763031","1.50735604763031","1.50735604763031"
"12809","1.7430400848388672","1.7430400848388672","1.7430400848388672","2.0670528411865234","2.0670528411865234","2.0670528411865234","1.4226226806640625","1.4226226806640625","1.4226226806640625"
"12839","1.8493330478668213","1.8493330478668213","1.8493330478668213","2.205031156539917","2.205031156539917","2.205031156539917","1.5200345516204834","1.5200345516204834","1.5200345516204834"
"12869","1.8262203931808472","1.8262203931808472","1.8262203931808472","2.212899684906006","2.212899684906006","2.212899684906006","1.5338009595870972","1.5338009595870972","1.5338009595870972"
"12899","1.821510910987854","1.821510910987854","1.821510910987854","2.190214157104492","2.190214157104492","2.190214157104492","1.4990003108978271","1.4990003108978271","1.4990003108978271"
"12929","1.807615876197815","1.807615876197815","1.807615876197815","2.096100330352783","2.096100330352783","2.096100330352783","1.4548628330230713","1.4548628330230713","1.4548628330230713"
"12959","3.631723165512085","3.631723165512085","3.631723165512085","11.733071327209473","11.733071327209473","11.733071327209473","1.5829812288284302","1.5829812288284302","1.5829812288284302"
"12989","1.8253841400146484","1.8253841400146484","1.8253841400146484","2.1746416091918945","2.1746416091918945","2.1746416091918945","1.4882595539093018","1.4882595539093018","1.4882595539093018"
"13019","1.8009529113769531","1.8009529113769531","1.8009529113769531","2.168088436126709","2.168088436126709","2.168088436126709","1.4800944328308105","1.4800944328308105","1.4800944328308105"
"13049","1.8730683326721191","1.8730683326721191","1.8730683326721191","2.3017380237579346","2.3017380237579346","2.3017380237579346","1.5678884983062744","1.5678884983062744","1.5678884983062744"
"13079","1.8153337240219116","1.8153337240219116","1.8153337240219116","2.198922634124756","2.198922634124756","2.198922634124756","1.5049493312835693","1.5049493312835693","1.5049493312835693"
"13109","1.8186825513839722","1.8186825513839722","1.8186825513839722","2.120681047439575","2.120681047439575","2.120681047439575","1.44893479347229","1.44893479347229","1.44893479347229"
"13139","3.008394718170166","3.008394718170166","3.008394718170166","9.299368858337402","9.299368858337402","9.299368858337402","1.5359325408935547","1.5359325408935547","1.5359325408935547"
"13169","1.7436050176620483","1.7436050176620483","1.7436050176620483","2.1179163455963135","2.1179163455963135","2.1179163455963135","1.4724358320236206","1.4724358320236206","1.4724358320236206"
"13199","1.8491734266281128","1.8491734266281128","1.8491734266281128","2.15344500541687","2.15344500541687","2.15344500541687","1.4804399013519287","1.4804399013519287","1.4804399013519287"
"13229","1.7718552350997925","1.7718552350997925","1.7718552350997925","2.1340103149414062","2.1340103149414062","2.1340103149414062","1.43934965133667","1.43934965133667","1.43934965133667"
"13259","1.8453584909439087","1.8453584909439087","1.8453584909439087","2.1628546714782715","2.1628546714782715","2.1628546714782715","1.4452162981033325","1.4452162981033325","1.4452162981033325"
"13289","1.8197095394134521","1.8197095394134521","1.8197095394134521","2.1343469619750977","2.1343469619750977","2.1343469619750977","1.3983843326568604","1.3983843326568604","1.3983843326568604"
"13319","1.7625463008880615","1.7625463008880615","1.7625463008880615","2.0874807834625244","2.0874807834625244","2.0874807834625244","1.489032506942749","1.489032506942749","1.489032506942749"
"13349","1.8447571992874146","1.8447571992874146","1.8447571992874146","2.1449637413024902","2.1449637413024902","2.1449637413024902","1.4537559747695923","1.4537559747695923","1.4537559747695923"
"13379","1.8447445631027222","1.8447445631027222","1.8447445631027222","2.0954720973968506","2.0954720973968506","2.0954720973968506","1.460052728652954","1.460052728652954","1.460052728652954"
"13409","1.8889144659042358","1.8889144659042358","1.8889144659042358","2.266449451446533","2.266449451446533","2.266449451446533","1.5605486631393433","1.5605486631393433","1.5605486631393433"
"13439","1.9387847185134888","1.9387847185134888","1.9387847185134888","2.227900981903076","2.227900981903076","2.227900981903076","1.4820772409439087","1.4820772409439087","1.4820772409439087"
"13469","1.8716987371444702","1.8716987371444702","1.8716987371444702","2.2767326831817627","2.2767326831817627","2.2767326831817627","1.4822927713394165","1.4822927713394165","1.4822927713394165"
"13499","1.83914053440094","1.83914053440094","1.83914053440094","2.184255838394165","2.184255838394165","2.184255838394165","1.4977765083312988","1.4977765083312988","1.4977765083312988"
"13529","1.8181062936782837","1.8181062936782837","1.8181062936782837","2.2159085273742676","2.2159085273742676","2.2159085273742676","1.4608540534973145","1.4608540534973145","1.4608540534973145"
"13559","1.8663527965545654","1.8663527965545654","1.8663527965545654","2.2309086322784424","2.2309086322784424","2.2309086322784424","1.5106947422027588","1.5106947422027588","1.5106947422027588"
"13589","1.9182450771331787","1.9182450771331787","1.9182450771331787","2.3640520572662354","2.3640520572662354","2.3640520572662354","1.551487684249878","1.551487684249878","1.551487684249878"
"13619","1.8514989614486694","1.8514989614486694","1.8514989614486694","2.216632843017578","2.216632843017578","2.216632843017578","1.417744755744934","1.417744755744934","1.417744755744934"
"13649","1.8307154178619385","1.8307154178619385","1.8307154178619385","2.215562582015991","2.215562582015991","2.215562582015991","1.508169174194336","1.508169174194336","1.508169174194336"
"13679","1.8233160972595215","1.8233160972595215","1.8233160972595215","2.184992551803589","2.184992551803589","2.184992551803589","1.460950255393982","1.460950255393982","1.460950255393982"
"13709","2.9732654094696045","2.9732654094696045","2.9732654094696045","8.993142127990723","8.993142127990723","8.993142127990723","1.452679991722107","1.452679991722107","1.452679991722107"
"13739","1.8233801126480103","1.8233801126480103","1.8233801126480103","2.271759510040283","2.271759510040283","2.271759510040283","1.5459345579147339","1.5459345579147339","1.5459345579147339"
"13769","1.8318895101547241","1.8318895101547241","1.8318895101547241","2.2192773818969727","2.2192773818969727","2.2192773818969727","1.4922748804092407","1.4922748804092407","1.4922748804092407"
"13799","1.7103930711746216","1.7103930711746216","1.7103930711746216","2.0754992961883545","2.0754992961883545","2.0754992961883545","1.376121997833252","1.376121997833252","1.376121997833252"
"13829","1.8544343709945679","1.8544343709945679","1.8544343709945679","2.223492383956909","2.223492383956909","2.223492383956909","1.4541149139404297","1.4541149139404297","1.4541149139404297"
"13859","1.7599031925201416","1.7599031925201416","1.7599031925201416","2.0843334197998047","2.0843334197998047","2.0843334197998047","1.441239595413208","1.441239595413208","1.441239595413208"
"13889","1.7859156131744385","1.7859156131744385","1.7859156131744385","2.2005269527435303","2.2005269527435303","2.2005269527435303","1.4498907327651978","1.4498907327651978","1.4498907327651978"
"13919","1.8469268083572388","1.8469268083572388","1.8469268083572388","2.1755294799804688","2.1755294799804688","2.1755294799804688","1.440238356590271","1.440238356590271","1.440238356590271"
"13949","1.83906888961792","1.83906888961792","1.83906888961792","2.240427255630493","2.240427255630493","2.240427255630493","1.3911880254745483","1.3911880254745483","1.3911880254745483"
"13979","1.8189425468444824","1.8189425468444824","1.8189425468444824","2.2306385040283203","2.2306385040283203","2.2306385040283203","1.498348355293274","1.498348355293274","1.498348355293274"
"14009","1.7925716638565063","1.7925716638565063","1.7925716638565063","2.1701390743255615","2.1701390743255615","2.1701390743255615","1.3625750541687012","1.3625750541687012","1.3625750541687012"
"14039","1.765697956085205","1.765697956085205","1.765697956085205","2.1754682064056396","2.1754682064056396","2.1754682064056396","1.4932743310928345","1.4932743310928345","1.4932743310928345"
"14069","2.8856520652770996","2.8856520652770996","2.8856520652770996","8.704314231872559","8.704314231872559","8.704314231872559","1.4827431440353394","1.4827431440353394","1.4827431440353394"
"14099","1.7394673824310303","1.7394673824310303","1.7394673824310303","2.0069146156311035","2.0069146156311035","2.0069146156311035","1.3135061264038086","1.3135061264038086","1.3135061264038086"
"14129","1.8503491878509521","1.8503491878509521","1.8503491878509521","2.2084591388702393","2.2084591388702393","2.2084591388702393","1.448358178138733","1.448358178138733","1.448358178138733"
"14159","1.8017812967300415","1.8017812967300415","1.8017812967300415","2.157270669937134","2.157270669937134","2.157270669937134","1.3837395906448364","1.3837395906448364","1.3837395906448364"
"14189","1.714045524597168","1.714045524597168","1.714045524597168","2.0368740558624268","2.0368740558624268","2.0368740558624268","1.2828867435455322","1.2828867435455322","1.2828867435455322"
"14219","1.795418620109558","1.795418620109558","1.795418620109558","2.160482406616211","2.160482406616211","2.160482406616211","1.4387301206588745","1.4387301206588745","1.4387301206588745"
"14249","1.713526725769043","1.713526725769043","1.713526725769043","2.058645009994507","2.058645009994507","2.058645009994507","1.3030071258544922","1.3030071258544922","1.3030071258544922"
"14279","1.7233604192733765","1.7233604192733765","1.7233604192733765","2.037376642227173","2.037376642227173","2.037376642227173","1.3253648281097412","1.3253648281097412","1.3253648281097412"
"14309","1.8041616678237915","1.8041616678237915","1.8041616678237915","2.183438301086426","2.183438301086426","2.183438301086426","1.4629464149475098","1.4629464149475098","1.4629464149475098"
"14339","1.7532387971878052","1.7532387971878052","1.7532387971878052","2.066038131713867","2.066038131713867","2.066038131713867","1.300500512123108","1.300500512123108","1.300500512123108"
"14369","1.843166708946228","1.843166708946228","1.843166708946228","2.1919538974761963","2.1919538974761963","2.1919538974761963","1.4374569654464722","1.4374569654464722","1.4374569654464722"
"14399","1.8161203861236572","1.8161203861236572","1.8161203861236572","2.219723701477051","2.219723701477051","2.219723701477051","1.3952481746673584","1.3952481746673584","1.3952481746673584"
"14429","1.7916665077209473","1.7916665077209473","1.7916665077209473","2.13206148147583","2.13206148147583","2.13206148147583","1.4139422178268433","1.4139422178268433","1.4139422178268433"
"14459","1.84564208984375","1.84564208984375","1.84564208984375","2.180487871170044","2.180487871170044","2.180487871170044","1.4021633863449097","1.4021633863449097","1.4021633863449097"
"14489","1.85071861743927","1.85071861743927","1.85071861743927","2.2705726623535156","2.2705726623535156","2.2705726623535156","1.4737976789474487","1.4737976789474487","1.4737976789474487"
"14519","1.8018109798431396","1.8018109798431396","1.8018109798431396","2.089308261871338","2.089308261871338","2.089308261871338","1.3852639198303223","1.3852639198303223","1.3852639198303223"
"14549","1.844901204109192","1.844901204109192","1.844901204109192","2.213818073272705","2.213818073272705","2.213818073272705","1.4543545246124268","1.4543545246124268","1.4543545246124268"
"14579","1.749889850616455","1.749889850616455","1.749889850616455","2.139453649520874","2.139453649520874","2.139453649520874","1.3955641984939575","1.3955641984939575","1.3955641984939575"
"14609","1.8136179447174072","1.8136179447174072","1.8136179447174072","2.1649982929229736","2.1649982929229736","2.1649982929229736","1.391509771347046","1.391509771347046","1.391509771347046"
"14639","1.8640060424804688","1.8640060424804688","1.8640060424804688","2.3363165855407715","2.3363165855407715","2.3363165855407715","1.475579857826233","1.475579857826233","1.475579857826233"
"14669","1.7939584255218506","1.7939584255218506","1.7939584255218506","2.136359453201294","2.136359453201294","2.136359453201294","1.4116477966308594","1.4116477966308594","1.4116477966308594"
"14699","1.7836939096450806","1.7836939096450806","1.7836939096450806","2.1993908882141113","2.1993908882141113","2.1993908882141113","1.4387506246566772","1.4387506246566772","1.4387506246566772"
"14729","1.7913073301315308","1.7913073301315308","1.7913073301315308","2.1636509895324707","2.1636509895324707","2.1636509895324707","1.3604998588562012","1.3604998588562012","1.3604998588562012"
"14759","1.8181253671646118","1.8181253671646118","1.8181253671646118","2.1694366931915283","2.1694366931915283","2.1694366931915283","1.5501821041107178","1.5501821041107178","1.5501821041107178"
"14789","1.7528349161148071","1.7528349161148071","1.7528349161148071","2.1149535179138184","2.1149535179138184","2.1149535179138184","1.3541234731674194","1.3541234731674194","1.3541234731674194"
"14819","1.7303104400634766","1.7303104400634766","1.7303104400634766","2.1162211894989014","2.1162211894989014","2.1162211894989014","1.4004052877426147","1.4004052877426147","1.4004052877426147"
"14849","1.8329240083694458","1.8329240083694458","1.8329240083694458","2.234449625015259","2.234449625015259","2.234449625015259","1.4111603498458862","1.4111603498458862","1.4111603498458862"
"14879","1.6972346305847168","1.6972346305847168","1.6972346305847168","2.084238290786743","2.084238290786743","2.084238290786743","1.3021647930145264","1.3021647930145264","1.3021647930145264"
"14909","1.6937307119369507","1.6937307119369507","1.6937307119369507","2.036892890930176","2.036892890930176","2.036892890930176","1.2812451124191284","1.2812451124191284","1.2812451124191284"
"14939","2.88063645362854","2.88063645362854","2.88063645362854","8.419425010681152","8.419425010681152","8.419425010681152","1.357940435409546","1.357940435409546","1.357940435409546"
"14969","1.8045518398284912","1.8045518398284912","1.8045518398284912","2.148066997528076","2.148066997528076","2.148066997528076","1.3660343885421753","1.3660343885421753","1.3660343885421753"
"14999","1.7934184074401855","1.7934184074401855","1.7934184074401855","2.0680465698242188","2.0680465698242188","2.0680465698242188","1.3367611169815063","1.3367611169815063","1.3367611169815063"
"15029","1.7430670261383057","1.7430670261383057","1.7430670261383057","2.0818557739257812","2.0818557739257812","2.0818557739257812","1.3340405225753784","1.3340405225753784","1.3340405225753784"
"15059","1.796168327331543","1.796168327331543","1.796168327331543","2.1592342853546143","2.1592342853546143","2.1592342853546143","1.378688931465149","1.378688931465149","1.378688931465149"
"15089","1.7991490364074707","1.7991490364074707","1.7991490364074707","2.23913836479187","2.23913836479187","2.23913836479187","1.4799903631210327","1.4799903631210327","1.4799903631210327"
"15119","1.7732244729995728","1.7732244729995728","1.7732244729995728","2.1244566440582275","2.1244566440582275","2.1244566440582275","1.3263516426086426","1.3263516426086426","1.3263516426086426"
"15149","1.7549819946289062","1.7549819946289062","1.7549819946289062","2.147782564163208","2.147782564163208","2.147782564163208","1.3756787776947021","1.3756787776947021","1.3756787776947021"
"15179","1.8877071142196655","1.8877071142196655","1.8877071142196655","2.345512866973877","2.345512866973877","2.345512866973877","1.513846516609192","1.513846516609192","1.513846516609192"
"15209","1.7431265115737915","1.7431265115737915","1.7431265115737915","2.163999557495117","2.163999557495117","2.163999557495117","1.4131759405136108","1.4131759405136108","1.4131759405136108"
"15239","1.7372815608978271","1.7372815608978271","1.7372815608978271","2.1199121475219727","2.1199121475219727","2.1199121475219727","1.3070437908172607","1.3070437908172607","1.3070437908172607"
"15269","1.8709981441497803","1.8709981441497803","1.8709981441497803","2.2744531631469727","2.2744531631469727","2.2744531631469727","1.4027572870254517","1.4027572870254517","1.4027572870254517"
"15299","1.7116169929504395","1.7116169929504395","1.7116169929504395","2.09150767326355","2.09150767326355","2.09150767326355","1.3491666316986084","1.3491666316986084","1.3491666316986084"
"15329","1.7405407428741455","1.7405407428741455","1.7405407428741455","2.1455819606781006","2.1455819606781006","2.1455819606781006","1.3488225936889648","1.3488225936889648","1.3488225936889648"
"15359","1.8272302150726318","1.8272302150726318","1.8272302150726318","2.1693663597106934","2.1693663597106934","2.1693663597106934","1.347670555114746","1.347670555114746","1.347670555114746"
"15389","1.8318151235580444","1.8318151235580444","1.8318151235580444","2.230959177017212","2.230959177017212","2.230959177017212","1.438281774520874","1.438281774520874","1.438281774520874"
"15419","1.9630039930343628","1.9630039930343628","1.9630039930343628","2.149522542953491","2.149522542953491","2.149522542953491","1.372732162475586","1.372732162475586","1.372732162475586"
"15449","2.7450931072235107","2.7450931072235107","2.7450931072235107","7.998263835906982","7.998263835906982","7.998263835906982","1.3506110906600952","1.3506110906600952","1.3506110906600952"
"15479","1.896633505821228","1.896633505821228","1.896633505821228","2.175515651702881","2.175515651702881","2.175515651702881","1.350838541984558","1.350838541984558","1.350838541984558"
"15509","1.8401557207107544","1.8401557207107544","1.8401557207107544","2.226534843444824","2.226534843444824","2.226534843444824","1.4159204959869385","1.4159204959869385","1.4159204959869385"
"15539","1.7644598484039307","1.7644598484039307","1.7644598484039307","2.148629903793335","2.148629903793335","2.148629903793335","1.4414745569229126","1.4414745569229126","1.4414745569229126"
"15569","2.7527318000793457","2.7527318000793457","2.7527318000793457","7.949232578277588","7.949232578277588","7.949232578277588","1.348016381263733","1.348016381263733","1.348016381263733"
"15599","1.9305088520050049","1.9305088520050049","1.9305088520050049","2.2994656562805176","2.2994656562805176","2.2994656562805176","1.43593168258667","1.43593168258667","1.43593168258667"
"15629","1.7651846408843994","1.7651846408843994","1.7651846408843994","2.1011197566986084","2.1011197566986084","2.1011197566986084","1.3257741928100586","1.3257741928100586","1.3257741928100586"
"15659","1.7311832904815674","1.7311832904815674","1.7311832904815674","2.0857880115509033","2.0857880115509033","2.0857880115509033","1.3421413898468018","1.3421413898468018","1.3421413898468018"
"15689","1.736467719078064","1.736467719078064","1.736467719078064","2.111917734146118","2.111917734146118","2.111917734146118","1.3205509185791016","1.3205509185791016","1.3205509185791016"
"15719","1.684865117073059","1.684865117073059","1.684865117073059","2.033252239227295","2.033252239227295","2.033252239227295","1.2755707502365112","1.2755707502365112","1.2755707502365112"
"15749","1.748152732849121","1.748152732849121","1.748152732849121","2.0548040866851807","2.0548040866851807","2.0548040866851807","1.2771745920181274","1.2771745920181274","1.2771745920181274"
"15779","1.742253065109253","1.742253065109253","1.742253065109253","2.0738987922668457","2.0738987922668457","2.0738987922668457","1.2814810276031494","1.2814810276031494","1.2814810276031494"
"15809","1.8668972253799438","1.8668972253799438","1.8668972253799438","2.1917073726654053","2.1917073726654053","2.1917073726654053","1.4319329261779785","1.4319329261779785","1.4319329261779785"
"15839","1.7883532047271729","1.7883532047271729","1.7883532047271729","2.1210761070251465","2.1210761070251465","2.1210761070251465","1.319311499595642","1.319311499595642","1.319311499595642"
"15869","1.7898266315460205","1.7898266315460205","1.7898266315460205","2.1220102310180664","2.1220102310180664","2.1220102310180664","1.341671109199524","1.341671109199524","1.341671109199524"
"15899","1.7320529222488403","1.7320529222488403","1.7320529222488403","2.0041403770446777","2.0041403770446777","2.0041403770446777","1.2296671867370605","1.2296671867370605","1.2296671867370605"
"15929","2.7974417209625244","2.7974417209625244","2.7974417209625244","7.890491962432861","7.890491962432861","7.890491962432861","1.3153905868530273","1.3153905868530273","1.3153905868530273"
"15959","1.745088815689087","1.745088815689087","1.745088815689087","2.0741727352142334","2.0741727352142334","2.0741727352142334","1.3194541931152344","1.3194541931152344","1.3194541931152344"
"15989","1.697148084640503","1.697148084640503","1.697148084640503","2.030780792236328","2.030780792236328","2.030780792236328","1.2692738771438599","1.2692738771438599","1.2692738771438599"
"16019","1.6962673664093018","1.6962673664093018","1.6962673664093018","2.000194549560547","2.000194549560547","2.000194549560547","1.2146164178848267","1.2146164178848267","1.2146164178848267"
"16049","1.746773362159729","1.746773362159729","1.746773362159729","1.9823566675186157","1.9823566675186157","1.9823566675186157","1.2604037523269653","1.2604037523269653","1.2604037523269653"
"16079","1.7478747367858887","1.7478747367858887","1.7478747367858887","2.073073625564575","2.073073625564575","2.073073625564575","1.3435711860656738","1.3435711860656738","1.3435711860656738"
"16109","2.732635498046875","2.732635498046875","2.732635498046875","7.742552757263184","7.742552757263184","7.742552757263184","1.329683780670166","1.329683780670166","1.329683780670166"
"16139","1.8549822568893433","1.8549822568893433","1.8549822568893433","2.1612958908081055","2.1612958908081055","2.1612958908081055","1.3769817352294922","1.3769817352294922","1.3769817352294922"
"16169","1.8205337524414062","1.8205337524414062","1.8205337524414062","2.230394124984741","2.230394124984741","2.230394124984741","1.3693801164627075","1.3693801164627075","1.3693801164627075"
"16199","1.721085786819458","1.721085786819458","1.721085786819458","2.174424171447754","2.174424171447754","2.174424171447754","1.346449851989746","1.346449851989746","1.346449851989746"
"16229","1.7113142013549805","1.7113142013549805","1.7113142013549805","2.0604562759399414","2.0604562759399414","2.0604562759399414","1.2434847354888916","1.2434847354888916","1.2434847354888916"
"16259","2.7587311267852783","2.7587311267852783","2.7587311267852783","7.687049388885498","7.687049388885498","7.687049388885498","1.3073312044143677","1.3073312044143677","1.3073312044143677"
"16289","1.8251621723175049","1.8251621723175049","1.8251621723175049","2.1600427627563477","2.1600427627563477","2.1600427627563477","1.3205742835998535","1.3205742835998535","1.3205742835998535"
"16319","1.796743631362915","1.796743631362915","1.796743631362915","2.1304521560668945","2.1304521560668945","2.1304521560668945","1.317141056060791","1.317141056060791","1.317141056060791"
"16349","2.9188573360443115","2.9188573360443115","2.9188573360443115","8.797698974609375","8.797698974609375","8.797698974609375","1.291614055633545","1.291614055633545","1.291614055633545"
"16379","1.8598960638046265","1.8598960638046265","1.8598960638046265","2.2862496376037598","2.2862496376037598","2.2862496376037598","1.4271574020385742","1.4271574020385742","1.4271574020385742"
"16409","1.827162742614746","1.827162742614746","1.827162742614746","2.2291133403778076","2.2291133403778076","2.2291133403778076","1.3714892864227295","1.3714892864227295","1.3714892864227295"
"16439","1.86774480342865","1.86774480342865","1.86774480342865","2.11002779006958","2.11002779006958","2.11002779006958","1.3039449453353882","1.3039449453353882","1.3039449453353882"
"16469","1.7207244634628296","1.7207244634628296","1.7207244634628296","2.0421078205108643","2.0421078205108643","2.0421078205108643","1.2456321716308594","1.2456321716308594","1.2456321716308594"
"16499","1.7522528171539307","1.7522528171539307","1.7522528171539307","2.1358413696289062","2.1358413696289062","2.1358413696289062","1.3329851627349854","1.3329851627349854","1.3329851627349854"
"16529","1.8016488552093506","1.8016488552093506","1.8016488552093506","2.1890311241149902","2.1890311241149902","2.1890311241149902","1.3277369737625122","1.3277369737625122","1.3277369737625122"
"16559","1.69402277469635","1.69402277469635","1.69402277469635","2.052298069000244","2.052298069000244","2.052298069000244","1.2575063705444336","1.2575063705444336","1.2575063705444336"
"16589","1.7069257497787476","1.7069257497787476","1.7069257497787476","2.1145694255828857","2.1145694255828857","2.1145694255828857","1.2856234312057495","1.2856234312057495","1.2856234312057495"
"16619","1.8102902173995972","1.8102902173995972","1.8102902173995972","2.2711400985717773","2.2711400985717773","2.2711400985717773","1.3794857263565063","1.3794857263565063","1.3794857263565063"
"16649","1.8302526473999023","1.8302526473999023","1.8302526473999023","2.1855130195617676","2.1855130195617676","2.1855130195617676","1.398403286933899","1.398403286933899","1.398403286933899"
"16679","2.58724045753479","2.58724045753479","2.58724045753479","7.388378620147705","7.388378620147705","7.388378620147705","1.2385433912277222","1.2385433912277222","1.2385433912277222"
"16709","1.8367092609405518","1.8367092609405518","1.8367092609405518","2.1769213676452637","2.1769213676452637","2.1769213676452637","1.3248772621154785","1.3248772621154785","1.3248772621154785"
"16739","1.7719900608062744","1.7719900608062744","1.7719900608062744","2.110726833343506","2.110726833343506","2.110726833343506","1.3366039991378784","1.3366039991378784","1.3366039991378784"
"16769","1.811179518699646","1.811179518699646","1.811179518699646","2.1538398265838623","2.1538398265838623","2.1538398265838623","1.3303955793380737","1.3303955793380737","1.3303955793380737"
"16799","1.794340968132019","1.794340968132019","1.794340968132019","2.194589138031006","2.194589138031006","2.194589138031006","1.3410693407058716","1.3410693407058716","1.3410693407058716"
"16829","1.736288070678711","1.736288070678711","1.736288070678711","2.018022060394287","2.018022060394287","2.018022060394287","1.2694594860076904","1.2694594860076904","1.2694594860076904"
"16859","1.7514052391052246","1.7514052391052246","1.7514052391052246","2.0601911544799805","2.0601911544799805","2.0601911544799805","1.226163625717163","1.226163625717163","1.226163625717163"
"16889","3.08693528175354","3.08693528175354","3.08693528175354","9.332174301147461","9.332174301147461","9.332174301147461","1.267831802368164","1.267831802368164","1.267831802368164"
"16919","2.714952230453491","2.714952230453491","2.714952230453491","7.442787170410156","7.442787170410156","7.442787170410156","1.350288987159729","1.350288987159729","1.350288987159729"
"16949","1.8761992454528809","1.8761992454528809","1.8761992454528809","2.1216185092926025","2.1216185092926025","2.1216185092926025","1.2823219299316406","1.2823219299316406","1.2823219299316406"
"16979","1.7548832893371582","1.7548832893371582","1.7548832893371582","2.129108428955078","2.129108428955078","2.129108428955078","1.3329353332519531","1.3329353332519531","1.3329353332519531"
"17009","1.733426809310913","1.733426809310913","1.733426809310913","2.090799570083618","2.090799570083618","2.090799570083618","1.3094255924224854","1.3094255924224854","1.3094255924224854"
"17039","1.8009170293807983","1.8009170293807983","1.8009170293807983","2.1376852989196777","2.1376852989196777","2.1376852989196777","1.3060542345046997","1.3060542345046997","1.3060542345046997"
"17069","1.7455984354019165","1.7455984354019165","1.7455984354019165","2.077183485031128","2.077183485031128","2.077183485031128","1.291420578956604","1.291420578956604","1.291420578956604"
"17099","1.751915454864502","1.751915454864502","1.751915454864502","2.1198980808258057","2.1198980808258057","2.1198980808258057","1.2510206699371338","1.2510206699371338","1.2510206699371338"
"17129","1.7988271713256836","1.7988271713256836","1.7988271713256836","2.217764139175415","2.217764139175415","2.217764139175415","1.3082705736160278","1.3082705736160278","1.3082705736160278"
"17159","1.7792632579803467","1.7792632579803467","1.7792632579803467","2.0773329734802246","2.0773329734802246","2.0773329734802246","1.2299907207489014","1.2299907207489014","1.2299907207489014"
"17189","1.7905561923980713","1.7905561923980713","1.7905561923980713","2.1482646465301514","2.1482646465301514","2.1482646465301514","1.2785308361053467","1.2785308361053467","1.2785308361053467"
"17219","1.8203659057617188","1.8203659057617188","1.8203659057617188","2.148989677429199","2.148989677429199","2.148989677429199","1.2999900579452515","1.2999900579452515","1.2999900579452515"
"17249","1.832985758781433","1.832985758781433","1.832985758781433","2.1952431201934814","2.1952431201934814","2.1952431201934814","1.3371005058288574","1.3371005058288574","1.3371005058288574"
"17279","1.6582224369049072","1.6582224369049072","1.6582224369049072","2.025175094604492","2.025175094604492","2.025175094604492","1.2429343461990356","1.2429343461990356","1.2429343461990356"
"17309","1.7917602062225342","1.7917602062225342","1.7917602062225342","2.058175563812256","2.058175563812256","2.058175563812256","1.257084608078003","1.257084608078003","1.257084608078003"
"17339","1.732481598854065","1.732481598854065","1.732481598854065","2.1034257411956787","2.1034257411956787","2.1034257411956787","1.2423996925354004","1.2423996925354004","1.2423996925354004"
"17369","1.7865341901779175","1.7865341901779175","1.7865341901779175","2.1683809757232666","2.1683809757232666","2.1683809757232666","1.3865678310394287","1.3865678310394287","1.3865678310394287"
"17399","1.786991834640503","1.786991834640503","1.786991834640503","2.167579174041748","2.167579174041748","2.167579174041748","1.3494994640350342","1.3494994640350342","1.3494994640350342"
"17429","2.6549949645996094","2.6549949645996094","2.6549949645996094","7.236573219299316","7.236573219299316","7.236573219299316","1.3257571458816528","1.3257571458816528","1.3257571458816528"
"17459","1.6956948041915894","1.6956948041915894","1.6956948041915894","1.9959466457366943","1.9959466457366943","1.9959466457366943","1.1658073663711548","1.1658073663711548","1.1658073663711548"
"17489","2.7090110778808594","2.7090110778808594","2.7090110778808594","7.265549182891846","7.265549182891846","7.265549182891846","1.2400052547454834","1.2400052547454834","1.2400052547454834"
"17519","1.7231292724609375","1.7231292724609375","1.7231292724609375","2.0226213932037354","2.0226213932037354","2.0226213932037354","1.1819264888763428","1.1819264888763428","1.1819264888763428"
"17549","1.9204624891281128","1.9204624891281128","1.9204624891281128","2.144449472427368","2.144449472427368","2.144449472427368","1.2916674613952637","1.2916674613952637","1.2916674613952637"
"17579","1.784389615058899","1.784389615058899","1.784389615058899","2.104837656021118","2.104837656021118","2.104837656021118","1.2797435522079468","1.2797435522079468","1.2797435522079468"
"17609","1.8368301391601562","1.8368301391601562","1.8368301391601562","2.1998379230499268","2.1998379230499268","2.1998379230499268","1.2991575002670288","1.2991575002670288","1.2991575002670288"
"17639","1.8140515089035034","1.8140515089035034","1.8140515089035034","2.1788277626037598","2.1788277626037598","2.1788277626037598","1.300965666770935","1.300965666770935","1.300965666770935"
"17669","1.8101574182510376","1.8101574182510376","1.8101574182510376","2.2369019985198975","2.2369019985198975","2.2369019985198975","1.3619798421859741","1.3619798421859741","1.3619798421859741"
"17699","1.8034926652908325","1.8034926652908325","1.8034926652908325","2.2232229709625244","2.2232229709625244","2.2232229709625244","1.3097939491271973","1.3097939491271973","1.3097939491271973"
"17729","1.7615323066711426","1.7615323066711426","1.7615323066711426","2.159392833709717","2.159392833709717","2.159392833709717","1.2504551410675049","1.2504551410675049","1.2504551410675049"
"17759","1.8751554489135742","1.8751554489135742","1.8751554489135742","2.2787721157073975","2.2787721157073975","2.2787721157073975","1.3672780990600586","1.3672780990600586","1.3672780990600586"
"17789","1.7841209173202515","1.7841209173202515","1.7841209173202515","2.1480014324188232","2.1480014324188232","2.1480014324188232","1.232109785079956","1.232109785079956","1.232109785079956"
"17819","1.872467041015625","1.872467041015625","1.872467041015625","2.184074640274048","2.184074640274048","2.184074640274048","1.3693228960037231","1.3693228960037231","1.3693228960037231"
"17849","1.943407654762268","1.943407654762268","1.943407654762268","2.2898194789886475","2.2898194789886475","2.2898194789886475","1.4351106882095337","1.4351106882095337","1.4351106882095337"
"17879","1.8559932708740234","1.8559932708740234","1.8559932708740234","2.1911542415618896","2.1911542415618896","2.1911542415618896","1.3000752925872803","1.3000752925872803","1.3000752925872803"
"17909","2.565682888031006","2.565682888031006","2.565682888031006","7.14202880859375","7.14202880859375","7.14202880859375","1.259470820426941","1.259470820426941","1.259470820426941"
"17939","1.840368628501892","1.840368628501892","1.840368628501892","2.1519100666046143","2.1519100666046143","2.1519100666046143","1.2561219930648804","1.2561219930648804","1.2561219930648804"
"17969","1.805882215499878","1.805882215499878","1.805882215499878","2.104248046875","2.104248046875","2.104248046875","1.2584210634231567","1.2584210634231567","1.2584210634231567"
"17999","2.4910173416137695","2.4910173416137695","2.4910173416137695","6.90208625793457","6.90208625793457","6.90208625793457","1.0997604131698608","1.0997604131698608","1.0997604131698608"
"18029","1.8068029880523682","1.8068029880523682","1.8068029880523682","2.134927272796631","2.134927272796631","2.134927272796631","1.3293719291687012","1.3293719291687012","1.3293719291687012"
"18059","1.7428061962127686","1.7428061962127686","1.7428061962127686","2.1376805305480957","2.1376805305480957","2.1376805305480957","1.2531899213790894","1.2531899213790894","1.2531899213790894"
"18089","1.7494174242019653","1.7494174242019653","1.7494174242019653","2.1044604778289795","2.1044604778289795","2.1044604778289795","1.2122186422348022","1.2122186422348022","1.2122186422348022"
"18119","1.848479986190796","1.848479986190796","1.848479986190796","2.1824676990509033","2.1824676990509033","2.1824676990509033","1.2715535163879395","1.2715535163879395","1.2715535163879395"
"18149","1.8417677879333496","1.8417677879333496","1.8417677879333496","2.160844564437866","2.160844564437866","2.160844564437866","1.3132723569869995","1.3132723569869995","1.3132723569869995"
"18179","1.8248249292373657","1.8248249292373657","1.8248249292373657","2.1800923347473145","2.1800923347473145","2.1800923347473145","1.3057197332382202","1.3057197332382202","1.3057197332382202"
"18209","2.8052897453308105","2.8052897453308105","2.8052897453308105","8.093457221984863","8.093457221984863","8.093457221984863","1.2335155010223389","1.2335155010223389","1.2335155010223389"
"18239","1.7452492713928223","1.7452492713928223","1.7452492713928223","2.0558223724365234","2.0558223724365234","2.0558223724365234","1.2280138731002808","1.2280138731002808","1.2280138731002808"
"18269","1.7508922815322876","1.7508922815322876","1.7508922815322876","2.0245752334594727","2.0245752334594727","2.0245752334594727","1.1885011196136475","1.1885011196136475","1.1885011196136475"
"18299","2.536181926727295","2.536181926727295","2.536181926727295","6.933067321777344","6.933067321777344","6.933067321777344","1.18155837059021","1.18155837059021","1.18155837059021"
"18329","1.7862190008163452","1.7862190008163452","1.7862190008163452","2.1827917098999023","2.1827917098999023","2.1827917098999023","1.3000344038009644","1.3000344038009644","1.3000344038009644"
"18359","2.5988481044769287","2.5988481044769287","2.5988481044769287","6.874821662902832","6.874821662902832","6.874821662902832","1.1719273328781128","1.1719273328781128","1.1719273328781128"
"18389","1.7777442932128906","1.7777442932128906","1.7777442932128906","2.160445213317871","2.160445213317871","2.160445213317871","1.2791385650634766","1.2791385650634766","1.2791385650634766"
"18419","1.6879477500915527","1.6879477500915527","1.6879477500915527","2.04451847076416","2.04451847076416","2.04451847076416","1.1886260509490967","1.1886260509490967","1.1886260509490967"
"18449","1.7358654737472534","1.7358654737472534","1.7358654737472534","2.077063798904419","2.077063798904419","2.077063798904419","1.2503896951675415","1.2503896951675415","1.2503896951675415"
"18479","1.7139817476272583","1.7139817476272583","1.7139817476272583","2.059920072555542","2.059920072555542","2.059920072555542","1.2282062768936157","1.2282062768936157","1.2282062768936157"
"18509","1.8357787132263184","1.8357787132263184","1.8357787132263184","2.1376631259918213","2.1376631259918213","2.1376631259918213","1.274941086769104","1.274941086769104","1.274941086769104"
"18539","1.8218966722488403","1.8218966722488403","1.8218966722488403","2.190469980239868","2.190469980239868","2.190469980239868","1.3441174030303955","1.3441174030303955","1.3441174030303955"
"18569","1.7435665130615234","1.7435665130615234","1.7435665130615234","2.163625955581665","2.163625955581665","2.163625955581665","1.2926238775253296","1.2926238775253296","1.2926238775253296"
"18599","1.7569833993911743","1.7569833993911743","1.7569833993911743","2.182049512863159","2.182049512863159","2.182049512863159","1.3066412210464478","1.3066412210464478","1.3066412210464478"
"18629","1.748144507408142","1.748144507408142","1.748144507408142","2.0603625774383545","2.0603625774383545","2.0603625774383545","1.1940029859542847","1.1940029859542847","1.1940029859542847"
"18659","2.652479410171509","2.652479410171509","2.652479410171509","7.089001178741455","7.089001178741455","7.089001178741455","1.3509938716888428","1.3509938716888428","1.3509938716888428"
"18689","1.7521106004714966","1.7521106004714966","1.7521106004714966","2.0864546298980713","2.0864546298980713","2.0864546298980713","1.2166084051132202","1.2166084051132202","1.2166084051132202"
"18719","1.7587636709213257","1.7587636709213257","1.7587636709213257","2.1074488162994385","2.1074488162994385","2.1074488162994385","1.2425391674041748","1.2425391674041748","1.2425391674041748"
"18749","1.7170641422271729","1.7170641422271729","1.7170641422271729","2.0326483249664307","2.0326483249664307","2.0326483249664307","1.1688179969787598","1.1688179969787598","1.1688179969787598"
"18779","2.5391197204589844","2.5391197204589844","2.5391197204589844","6.827431678771973","6.827431678771973","6.827431678771973","1.1771605014801025","1.1771605014801025","1.1771605014801025"
"18809","1.821016550064087","1.821016550064087","1.821016550064087","2.1304619312286377","2.1304619312286377","2.1304619312286377","1.27482271194458","1.27482271194458","1.27482271194458"
"18839","2.5939226150512695","2.5939226150512695","2.5939226150512695","6.936215877532959","6.936215877532959","6.936215877532959","1.2046006917953491","1.2046006917953491","1.2046006917953491"
"18869","1.748748779296875","1.748748779296875","1.748748779296875","2.1258010864257812","2.1258010864257812","2.1258010864257812","1.2574032545089722","1.2574032545089722","1.2574032545089722"
"18899","1.7461565732955933","1.7461565732955933","1.7461565732955933","2.092700958251953","2.092700958251953","2.092700958251953","1.2482291460037231","1.2482291460037231","1.2482291460037231"
"18929","2.5512170791625977","2.5512170791625977","2.5512170791625977","6.9126129150390625","6.9126129150390625","6.9126129150390625","1.1560240983963013","1.1560240983963013","1.1560240983963013"
"18959","1.6710227727890015","1.6710227727890015","1.6710227727890015","1.989180564880371","1.989180564880371","1.989180564880371","1.1585683822631836","1.1585683822631836","1.1585683822631836"
"18989","1.785662055015564","1.785662055015564","1.785662055015564","2.1176493167877197","2.1176493167877197","2.1176493167877197","1.2135459184646606","1.2135459184646606","1.2135459184646606"
"19019","1.749234914779663","1.749234914779663","1.749234914779663","2.069973945617676","2.069973945617676","2.069973945617676","1.18284273147583","1.18284273147583","1.18284273147583"
"19049","1.746311902999878","1.746311902999878","1.746311902999878","2.1460444927215576","2.1460444927215576","2.1460444927215576","1.2365353107452393","1.2365353107452393","1.2365353107452393"
"19079","1.7506638765335083","1.7506638765335083","1.7506638765335083","2.150312662124634","2.150312662124634","2.150312662124634","1.2344881296157837","1.2344881296157837","1.2344881296157837"
"19109","2.5657315254211426","2.5657315254211426","2.5657315254211426","6.848748683929443","6.848748683929443","6.848748683929443","1.1955410242080688","1.1955410242080688","1.1955410242080688"
"19139","1.8769365549087524","1.8769365549087524","1.8769365549087524","2.2114017009735107","2.2114017009735107","2.2114017009735107","1.2520473003387451","1.2520473003387451","1.2520473003387451"
"19169","1.6644312143325806","1.6644312143325806","1.6644312143325806","1.9789385795593262","1.9789385795593262","1.9789385795593262","1.1373122930526733","1.1373122930526733","1.1373122930526733"
"19199","1.715532660484314","1.715532660484314","1.715532660484314","2.0379583835601807","2.0379583835601807","2.0379583835601807","1.134494662284851","1.134494662284851","1.134494662284851"
"19229","1.7624471187591553","1.7624471187591553","1.7624471187591553","2.0645430088043213","2.0645430088043213","2.0645430088043213","1.1862313747406006","1.1862313747406006","1.1862313747406006"
"19259","1.7381576299667358","1.7381576299667358","1.7381576299667358","2.0166592597961426","2.0166592597961426","2.0166592597961426","1.1443145275115967","1.1443145275115967","1.1443145275115967"
"19289","1.8373839855194092","1.8373839855194092","1.8373839855194092","2.132145881652832","2.132145881652832","2.132145881652832","1.2765432596206665","1.2765432596206665","1.2765432596206665"
"19319","1.7200285196304321","1.7200285196304321","1.7200285196304321","2.039700984954834","2.039700984954834","2.039700984954834","1.2450432777404785","1.2450432777404785","1.2450432777404785"
"19349","1.712246060371399","1.712246060371399","1.712246060371399","1.9757832288742065","1.9757832288742065","1.9757832288742065","1.1322977542877197","1.1322977542877197","1.1322977542877197"
"19379","1.7063013315200806","1.7063013315200806","1.7063013315200806","2.0624911785125732","2.0624911785125732","2.0624911785125732","1.1908912658691406","1.1908912658691406","1.1908912658691406"
"19409","1.8115981817245483","1.8115981817245483","1.8115981817245483","2.147083282470703","2.147083282470703","2.147083282470703","1.226103663444519","1.226103663444519","1.226103663444519"
"19439","1.8373944759368896","1.8373944759368896","1.8373944759368896","2.2143380641937256","2.2143380641937256","2.2143380641937256","1.2371540069580078","1.2371540069580078","1.2371540069580078"
"19469","1.7639740705490112","1.7639740705490112","1.7639740705490112","2.111905574798584","2.111905574798584","2.111905574798584","1.2184001207351685","1.2184001207351685","1.2184001207351685"
"19499","1.725266695022583","1.725266695022583","1.725266695022583","2.0889906883239746","2.0889906883239746","2.0889906883239746","1.2048307657241821","1.2048307657241821","1.2048307657241821"
"19529","1.8098158836364746","1.8098158836364746","1.8098158836364746","2.0863256454467773","2.0863256454467773","2.0863256454467773","1.2266851663589478","1.2266851663589478","1.2266851663589478"
"19559","1.772863745689392","1.772863745689392","1.772863745689392","2.100405693054199","2.100405693054199","2.100405693054199","1.1955983638763428","1.1955983638763428","1.1955983638763428"
"19589","1.7328747510910034","1.7328747510910034","1.7328747510910034","1.9878747463226318","1.9878747463226318","1.9878747463226318","1.1720653772354126","1.1720653772354126","1.1720653772354126"
"19619","1.7979000806808472","1.7979000806808472","1.7979000806808472","2.0708420276641846","2.0708420276641846","2.0708420276641846","1.1619207859039307","1.1619207859039307","1.1619207859039307"
"19649","1.806445837020874","1.806445837020874","1.806445837020874","2.0441834926605225","2.0441834926605225","2.0441834926605225","1.1747561693191528","1.1747561693191528","1.1747561693191528"
"19679","1.8078303337097168","1.8078303337097168","1.8078303337097168","2.1569244861602783","2.1569244861602783","2.1569244861602783","1.2621560096740723","1.2621560096740723","1.2621560096740723"
"19709","2.5491695404052734","2.5491695404052734","2.5491695404052734","6.726966381072998","6.726966381072998","6.726966381072998","1.181587815284729","1.181587815284729","1.181587815284729"
"19739","1.7992914915084839","1.7992914915084839","1.7992914915084839","2.0774624347686768","2.0774624347686768","2.0774624347686768","1.201834797859192","1.201834797859192","1.201834797859192"
"19769","1.754777193069458","1.754777193069458","1.754777193069458","2.126512050628662","2.126512050628662","2.126512050628662","1.2231215238571167","1.2231215238571167","1.2231215238571167"
"19799","1.7203158140182495","1.7203158140182495","1.7203158140182495","2.0268399715423584","2.0268399715423584","2.0268399715423584","1.1793651580810547","1.1793651580810547","1.1793651580810547"
"19829","2.548666000366211","2.548666000366211","2.548666000366211","6.656050682067871","6.656050682067871","6.656050682067871","1.1959664821624756","1.1959664821624756","1.1959664821624756"
"19859","1.708522915840149","1.708522915840149","1.708522915840149","2.029103994369507","2.029103994369507","2.029103994369507","1.167871117591858","1.167871117591858","1.167871117591858"
"19889","1.8287767171859741","1.8287767171859741","1.8287767171859741","2.1256051063537598","2.1256051063537598","2.1256051063537598","1.2162352800369263","1.2162352800369263","1.2162352800369263"
"19919","2.5203921794891357","2.5203921794891357","2.5203921794891357","6.637459754943848","6.637459754943848","6.637459754943848","1.2296806573867798","1.2296806573867798","1.2296806573867798"
"19949","1.735215425491333","1.735215425491333","1.735215425491333","2.0907182693481445","2.0907182693481445","2.0907182693481445","1.2265938520431519","1.2265938520431519","1.2265938520431519"
"19979","1.792896032333374","1.792896032333374","1.792896032333374","2.1696982383728027","2.1696982383728027","2.1696982383728027","1.2413254976272583","1.2413254976272583","1.2413254976272583"