"Step","layer_10_hook_resid_mid_gpt2_gated_fisher_true_project_TheStackJava - losses/fisher_reg_term","layer_10_hook_resid_mid_gpt2_gated_fisher_true_project_TheStackJava - losses/fisher_reg_term__MIN","layer_10_hook_resid_mid_gpt2_gated_fisher_true_project_TheStackJava - losses/fisher_reg_term__MAX","layer_5_hook_resid_mid_gpt2_gated_fisher_true_project_TheStackJava - losses/fisher_reg_term","layer_5_hook_resid_mid_gpt2_gated_fisher_true_project_TheStackJava - losses/fisher_reg_term__MIN","layer_5_hook_resid_mid_gpt2_gated_fisher_true_project_TheStackJava - losses/fisher_reg_term__MAX","layer_0_hook_resid_mid_gpt2_gated_fisher_true_project_TheStackJava - losses/fisher_reg_term","layer_0_hook_resid_mid_gpt2_gated_fisher_true_project_TheStackJava - losses/fisher_reg_term__MIN","layer_0_hook_resid_mid_gpt2_gated_fisher_true_project_TheStackJava - losses/fisher_reg_term__MAX"
"29","17.586273193359375","17.586273193359375","17.586273193359375","14.043890953063965","14.043890953063965","14.043890953063965","9.716017723083496","9.716017723083496","9.716017723083496"
"59","12.77995777130127","12.77995777130127","12.77995777130127","9.051465034484863","9.051465034484863","9.051465034484863","11.98226261138916","11.98226261138916","11.98226261138916"
"89","11.084460258483887","11.084460258483887","11.084460258483887","8.249528884887695","8.249528884887695","8.249528884887695","10.992605209350586","10.992605209350586","10.992605209350586"
"119","9.548049926757812","9.548049926757812","9.548049926757812","6.632091999053955","6.632091999053955","6.632091999053955","9.374845504760742","9.374845504760742","9.374845504760742"
"149","35.4847412109375","35.4847412109375","35.4847412109375","38.30742263793945","38.30742263793945","38.30742263793945","8.519887924194336","8.519887924194336","8.519887924194336"
"179","36.18996810913086","36.18996810913086","36.18996810913086","37.257469177246094","37.257469177246094","37.257469177246094","7.855000019073486","7.855000019073486","7.855000019073486"
"209","6.184309482574463","6.184309482574463","6.184309482574463","5.198678970336914","5.198678970336914","5.198678970336914","7.6457977294921875","7.6457977294921875","7.6457977294921875"
"239","5.189431190490723","5.189431190490723","5.189431190490723","4.448213577270508","4.448213577270508","4.448213577270508","6.938124179840088","6.938124179840088","6.938124179840088"
"269","4.974611759185791","4.974611759185791","4.974611759185791","4.31766414642334","4.31766414642334","4.31766414642334","7.05108118057251","7.05108118057251","7.05108118057251"
"299","3.835698127746582","3.835698127746582","3.835698127746582","3.4986517429351807","3.4986517429351807","3.4986517429351807","6.210792541503906","6.210792541503906","6.210792541503906"
"329","10.591728210449219","10.591728210449219","10.591728210449219","5.417483329772949","5.417483329772949","5.417483329772949","6.26887321472168","6.26887321472168","6.26887321472168"
"359","8.858353614807129","8.858353614807129","8.858353614807129","4.722548007965088","4.722548007965088","4.722548007965088","5.94055700302124","5.94055700302124","5.94055700302124"
"389","8.521245956420898","8.521245956420898","8.521245956420898","4.3916778564453125","4.3916778564453125","4.3916778564453125","5.784506797790527","5.784506797790527","5.784506797790527"
"419","8.216525077819824","8.216525077819824","8.216525077819824","4.681966304779053","4.681966304779053","4.681966304779053","5.826613426208496","5.826613426208496","5.826613426208496"
"449","7.50180196762085","7.50180196762085","7.50180196762085","4.316506862640381","4.316506862640381","4.316506862640381","5.577565670013428","5.577565670013428","5.577565670013428"
"479","7.069094181060791","7.069094181060791","7.069094181060791","4.283509254455566","4.283509254455566","4.283509254455566","5.451930999755859","5.451930999755859","5.451930999755859"
"509","7.539760589599609","7.539760589599609","7.539760589599609","4.128162384033203","4.128162384033203","4.128162384033203","5.37969970703125","5.37969970703125","5.37969970703125"
"539","12.212813377380371","12.212813377380371","12.212813377380371","20.67690658569336","20.67690658569336","20.67690658569336","5.3291778564453125","5.3291778564453125","5.3291778564453125"
"569","6.149473190307617","6.149473190307617","6.149473190307617","4.1308746337890625","4.1308746337890625","4.1308746337890625","5.282379150390625","5.282379150390625","5.282379150390625"
"599","7.551960468292236","7.551960468292236","7.551960468292236","3.9925475120544434","3.9925475120544434","3.9925475120544434","5.00131893157959","5.00131893157959","5.00131893157959"
"629","6.955748081207275","6.955748081207275","6.955748081207275","4.1434125900268555","4.1434125900268555","4.1434125900268555","5.00919246673584","5.00919246673584","5.00919246673584"
"659","8.61036491394043","8.61036491394043","8.61036491394043","4.549482345581055","4.549482345581055","4.549482345581055","4.984870910644531","4.984870910644531","4.984870910644531"
"689","30.011953353881836","30.011953353881836","30.011953353881836","23.355215072631836","23.355215072631836","23.355215072631836","4.952740669250488","4.952740669250488","4.952740669250488"
"719","7.333798885345459","7.333798885345459","7.333798885345459","4.440600395202637","4.440600395202637","4.440600395202637","4.965875148773193","4.965875148773193","4.965875148773193"
"749","7.102260112762451","7.102260112762451","7.102260112762451","3.9150102138519287","3.9150102138519287","3.9150102138519287","4.841756343841553","4.841756343841553","4.841756343841553"
"779","6.5321526527404785","6.5321526527404785","6.5321526527404785","4.03320837020874","4.03320837020874","4.03320837020874","4.625267028808594","4.625267028808594","4.625267028808594"
"809","28.502197265625","28.502197265625","28.502197265625","21.835697174072266","21.835697174072266","21.835697174072266","4.761763095855713","4.761763095855713","4.761763095855713"
"839","6.787341117858887","6.787341117858887","6.787341117858887","3.9465019702911377","3.9465019702911377","3.9465019702911377","4.482034206390381","4.482034206390381","4.482034206390381"
"869","27.99566078186035","27.99566078186035","27.99566078186035","20.98512077331543","20.98512077331543","20.98512077331543","4.684442520141602","4.684442520141602","4.684442520141602"
"899","6.071367263793945","6.071367263793945","6.071367263793945","3.676506280899048","3.676506280899048","3.676506280899048","4.426560401916504","4.426560401916504","4.426560401916504"
"929","6.420983791351318","6.420983791351318","6.420983791351318","3.690704345703125","3.690704345703125","3.690704345703125","4.497973918914795","4.497973918914795","4.497973918914795"
"959","9.932968139648438","9.932968139648438","9.932968139648438","15.875041007995605","15.875041007995605","15.875041007995605","4.336467266082764","4.336467266082764","4.336467266082764"
"989","8.394351959228516","8.394351959228516","8.394351959228516","3.751692533493042","3.751692533493042","3.751692533493042","4.348949432373047","4.348949432373047","4.348949432373047"
"1019","29.02596664428711","29.02596664428711","29.02596664428711","19.55126953125","19.55126953125","19.55126953125","4.235751628875732","4.235751628875732","4.235751628875732"
"1049","8.32153034210205","8.32153034210205","8.32153034210205","4.0459136962890625","4.0459136962890625","4.0459136962890625","4.212252140045166","4.212252140045166","4.212252140045166"
"1079","10.540163040161133","10.540163040161133","10.540163040161133","4.516033172607422","4.516033172607422","4.516033172607422","4.355217933654785","4.355217933654785","4.355217933654785"
"1109","28.150768280029297","28.150768280029297","28.150768280029297","18.33669090270996","18.33669090270996","18.33669090270996","4.210351943969727","4.210351943969727","4.210351943969727"
"1139","7.413352012634277","7.413352012634277","7.413352012634277","3.968534469604492","3.968534469604492","3.968534469604492","4.283946514129639","4.283946514129639","4.283946514129639"
"1169","6.7943620681762695","6.7943620681762695","6.7943620681762695","3.7409744262695312","3.7409744262695312","3.7409744262695312","4.105782508850098","4.105782508850098","4.105782508850098"
"1199","7.218896865844727","7.218896865844727","7.218896865844727","4.01735258102417","4.01735258102417","4.01735258102417","4.1199822425842285","4.1199822425842285","4.1199822425842285"
"1229","28.64634132385254","28.64634132385254","28.64634132385254","17.410520553588867","17.410520553588867","17.410520553588867","4.058631896972656","4.058631896972656","4.058631896972656"
"1259","7.856099605560303","7.856099605560303","7.856099605560303","4.02606201171875","4.02606201171875","4.02606201171875","4.078983783721924","4.078983783721924","4.078983783721924"
"1289","8.548210144042969","8.548210144042969","8.548210144042969","3.844099998474121","3.844099998474121","3.844099998474121","4.063291549682617","4.063291549682617","4.063291549682617"
"1319","13.672590255737305","13.672590255737305","13.672590255737305","13.783190727233887","13.783190727233887","13.783190727233887","4.114212989807129","4.114212989807129","4.114212989807129"
"1349","8.387701034545898","8.387701034545898","8.387701034545898","4.340033054351807","4.340033054351807","4.340033054351807","3.931745767593384","3.931745767593384","3.931745767593384"
"1379","7.799833297729492","7.799833297729492","7.799833297729492","3.6569628715515137","3.6569628715515137","3.6569628715515137","3.9518303871154785","3.9518303871154785","3.9518303871154785"
"1409","7.856070518493652","7.856070518493652","7.856070518493652","3.633082151412964","3.633082151412964","3.633082151412964","3.749572277069092","3.749572277069092","3.749572277069092"
"1439","7.064713001251221","7.064713001251221","7.064713001251221","3.9515886306762695","3.9515886306762695","3.9515886306762695","3.8442981243133545","3.8442981243133545","3.8442981243133545"
"1469","6.95536994934082","6.95536994934082","6.95536994934082","3.7520298957824707","3.7520298957824707","3.7520298957824707","3.8495397567749023","3.8495397567749023","3.8495397567749023"
"1499","7.747460842132568","7.747460842132568","7.747460842132568","3.5986409187316895","3.5986409187316895","3.5986409187316895","3.8862202167510986","3.8862202167510986","3.8862202167510986"
"1529","7.406477928161621","7.406477928161621","7.406477928161621","3.5087273120880127","3.5087273120880127","3.5087273120880127","3.640303373336792","3.640303373336792","3.640303373336792"
"1559","8.006624221801758","8.006624221801758","8.006624221801758","3.9172117710113525","3.9172117710113525","3.9172117710113525","3.754639148712158","3.754639148712158","3.754639148712158"
"1589","7.788062572479248","7.788062572479248","7.788062572479248","3.7604973316192627","3.7604973316192627","3.7604973316192627","3.7803730964660645","3.7803730964660645","3.7803730964660645"
"1619","10.804616928100586","10.804616928100586","10.804616928100586","10.198319435119629","10.198319435119629","10.198319435119629","3.6425650119781494","3.6425650119781494","3.6425650119781494"
"1649","14.735652923583984","14.735652923583984","14.735652923583984","10.74786376953125","10.74786376953125","10.74786376953125","3.705326557159424","3.705326557159424","3.705326557159424"
"1679","7.158600330352783","7.158600330352783","7.158600330352783","3.368093252182007","3.368093252182007","3.368093252182007","3.631277322769165","3.631277322769165","3.631277322769165"
"1709","9.06947135925293","9.06947135925293","9.06947135925293","3.3028171062469482","3.3028171062469482","3.3028171062469482","3.5383033752441406","3.5383033752441406","3.5383033752441406"
"1739","8.262495994567871","8.262495994567871","8.262495994567871","3.348297595977783","3.348297595977783","3.348297595977783","3.6817805767059326","3.6817805767059326","3.6817805767059326"
"1769","7.534555435180664","7.534555435180664","7.534555435180664","3.229909658432007","3.229909658432007","3.229909658432007","3.496494770050049","3.496494770050049","3.496494770050049"
"1799","7.48604154586792","7.48604154586792","7.48604154586792","3.259157657623291","3.259157657623291","3.259157657623291","3.471550941467285","3.471550941467285","3.471550941467285"
"1829","7.225290298461914","7.225290298461914","7.225290298461914","3.6130998134613037","3.6130998134613037","3.6130998134613037","3.594501495361328","3.594501495361328","3.594501495361328"
"1859","8.168380737304688","8.168380737304688","8.168380737304688","3.757397413253784","3.757397413253784","3.757397413253784","3.6458120346069336","3.6458120346069336","3.6458120346069336"
"1889","8.78647518157959","8.78647518157959","8.78647518157959","2.95632266998291","2.95632266998291","2.95632266998291","3.5232577323913574","3.5232577323913574","3.5232577323913574"
"1919","12.560677528381348","12.560677528381348","12.560677528381348","8.249134063720703","8.249134063720703","8.249134063720703","3.479670524597168","3.479670524597168","3.479670524597168"
"1949","9.098827362060547","9.098827362060547","9.098827362060547","3.5234453678131104","3.5234453678131104","3.5234453678131104","3.440497398376465","3.440497398376465","3.440497398376465"
"1979","7.02294921875","7.02294921875","7.02294921875","3.189671277999878","3.189671277999878","3.189671277999878","3.5185341835021973","3.5185341835021973","3.5185341835021973"
"2009","7.6080522537231445","7.6080522537231445","7.6080522537231445","2.7045745849609375","2.7045745849609375","2.7045745849609375","3.249767303466797","3.249767303466797","3.249767303466797"
"2039","8.844090461730957","8.844090461730957","8.844090461730957","3.583981513977051","3.583981513977051","3.583981513977051","3.4835281372070312","3.4835281372070312","3.4835281372070312"
"2069","8.087992668151855","8.087992668151855","8.087992668151855","3.3530187606811523","3.3530187606811523","3.3530187606811523","3.3181352615356445","3.3181352615356445","3.3181352615356445"
"2099","7.018019199371338","7.018019199371338","7.018019199371338","3.4675543308258057","3.4675543308258057","3.4675543308258057","3.4771978855133057","3.4771978855133057","3.4771978855133057"
"2129","9.031445503234863","9.031445503234863","9.031445503234863","3.4379453659057617","3.4379453659057617","3.4379453659057617","3.370429515838623","3.370429515838623","3.370429515838623"
"2159","8.243743896484375","8.243743896484375","8.243743896484375","3.086437702178955","3.086437702178955","3.086437702178955","3.397073268890381","3.397073268890381","3.397073268890381"
"2189","7.964775085449219","7.964775085449219","7.964775085449219","3.235100030899048","3.235100030899048","3.235100030899048","3.357743740081787","3.357743740081787","3.357743740081787"
"2219","7.861639022827148","7.861639022827148","7.861639022827148","3.5478663444519043","3.5478663444519043","3.5478663444519043","3.4078195095062256","3.4078195095062256","3.4078195095062256"
"2249","7.594628810882568","7.594628810882568","7.594628810882568","3.174468994140625","3.174468994140625","3.174468994140625","3.2585630416870117","3.2585630416870117","3.2585630416870117"
"2279","82.9862060546875","82.9862060546875","82.9862060546875","37.51120376586914","37.51120376586914","37.51120376586914","32.498497009277344","32.498497009277344","32.498497009277344"
"2309","5.671895503997803","5.671895503997803","5.671895503997803","2.7914907932281494","2.7914907932281494","2.7914907932281494","3.300328254699707","3.300328254699707","3.300328254699707"
"2339","10.727692604064941","10.727692604064941","10.727692604064941","6.334734916687012","6.334734916687012","6.334734916687012","3.394207715988159","3.394207715988159","3.394207715988159"
"2369","11.20639419555664","11.20639419555664","11.20639419555664","5.901712417602539","5.901712417602539","5.901712417602539","3.183807373046875","3.183807373046875","3.183807373046875"
"2399","10.249740600585938","10.249740600585938","10.249740600585938","5.765952110290527","5.765952110290527","5.765952110290527","3.280388832092285","3.280388832092285","3.280388832092285"
"2429","6.742530345916748","6.742530345916748","6.742530345916748","2.6148910522460938","2.6148910522460938","2.6148910522460938","3.11143159866333","3.11143159866333","3.11143159866333"
"2459","7.001462459564209","7.001462459564209","7.001462459564209","3.0229039192199707","3.0229039192199707","3.0229039192199707","3.3840086460113525","3.3840086460113525","3.3840086460113525"
"2489","6.751315593719482","6.751315593719482","6.751315593719482","2.839393138885498","2.839393138885498","2.839393138885498","3.1890499591827393","3.1890499591827393","3.1890499591827393"
"2519","7.054876327514648","7.054876327514648","7.054876327514648","2.7801294326782227","2.7801294326782227","2.7801294326782227","3.077179193496704","3.077179193496704","3.077179193496704"
"2549","6.633950233459473","6.633950233459473","6.633950233459473","2.863954782485962","2.863954782485962","2.863954782485962","3.1716814041137695","3.1716814041137695","3.1716814041137695"
"2579","9.070418357849121","9.070418357849121","9.070418357849121","4.76744270324707","4.76744270324707","4.76744270324707","3.2118980884552","3.2118980884552","3.2118980884552"
"2609","5.889644622802734","5.889644622802734","5.889644622802734","2.636600971221924","2.636600971221924","2.636600971221924","3.027264356613159","3.027264356613159","3.027264356613159"
"2639","2.923905611038208","2.923905611038208","2.923905611038208","2.291778802871704","2.291778802871704","2.291778802871704","3.0709640979766846","3.0709640979766846","3.0709640979766846"
"2669","7.412543296813965","7.412543296813965","7.412543296813965","2.798360586166382","2.798360586166382","2.798360586166382","2.9900500774383545","2.9900500774383545","2.9900500774383545"
"2699","8.044960975646973","8.044960975646973","8.044960975646973","2.905308246612549","2.905308246612549","2.905308246612549","3.0657196044921875","3.0657196044921875","3.0657196044921875"
"2729","7.811966419219971","7.811966419219971","7.811966419219971","3.0010669231414795","3.0010669231414795","3.0010669231414795","2.996922492980957","2.996922492980957","2.996922492980957"
"2759","4.942293643951416","4.942293643951416","4.942293643951416","2.29408860206604","2.29408860206604","2.29408860206604","2.9333415031433105","2.9333415031433105","2.9333415031433105"
"2789","6.307297706604004","6.307297706604004","6.307297706604004","2.5068247318267822","2.5068247318267822","2.5068247318267822","2.935353994369507","2.935353994369507","2.935353994369507"
"2819","4.328709602355957","4.328709602355957","4.328709602355957","2.374610424041748","2.374610424041748","2.374610424041748","2.911696672439575","2.911696672439575","2.911696672439575"
"2849","7.5388641357421875","7.5388641357421875","7.5388641357421875","3.248246192932129","3.248246192932129","3.248246192932129","3.013054132461548","3.013054132461548","3.013054132461548"
"2879","7.720952987670898","7.720952987670898","7.720952987670898","4.162608623504639","4.162608623504639","4.162608623504639","2.99629807472229","2.99629807472229","2.99629807472229"
"2909","4.596034526824951","4.596034526824951","4.596034526824951","2.3377020359039307","2.3377020359039307","2.3377020359039307","2.8953967094421387","2.8953967094421387","2.8953967094421387"
"2939","4.318513870239258","4.318513870239258","4.318513870239258","2.3301632404327393","2.3301632404327393","2.3301632404327393","3.0024516582489014","3.0024516582489014","3.0024516582489014"
"2969","7.687783718109131","7.687783718109131","7.687783718109131","3.783402681350708","3.783402681350708","3.783402681350708","3.0227138996124268","3.0227138996124268","3.0227138996124268"
"2999","5.171380519866943","5.171380519866943","5.171380519866943","2.343874216079712","2.343874216079712","2.343874216079712","2.9073214530944824","2.9073214530944824","2.9073214530944824"
"3029","6.728542327880859","6.728542327880859","6.728542327880859","3.709273099899292","3.709273099899292","3.709273099899292","3.001410961151123","3.001410961151123","3.001410961151123"
"3059","4.961297988891602","4.961297988891602","4.961297988891602","2.4832136631011963","2.4832136631011963","2.4832136631011963","2.901958465576172","2.901958465576172","2.901958465576172"
"3089","3.330400228500366","3.330400228500366","3.330400228500366","2.151956081390381","2.151956081390381","2.151956081390381","2.8879501819610596","2.8879501819610596","2.8879501819610596"
"3119","5.883048057556152","5.883048057556152","5.883048057556152","2.5966100692749023","2.5966100692749023","2.5966100692749023","3.01298189163208","3.01298189163208","3.01298189163208"
"3149","3.055278778076172","3.055278778076172","3.055278778076172","2.1173884868621826","2.1173884868621826","2.1173884868621826","2.8174774646759033","2.8174774646759033","2.8174774646759033"
"3179","3.344855785369873","3.344855785369873","3.344855785369873","2.11336612701416","2.11336612701416","2.11336612701416","2.8226287364959717","2.8226287364959717","2.8226287364959717"
"3209","5.528324604034424","5.528324604034424","5.528324604034424","2.4535939693450928","2.4535939693450928","2.4535939693450928","2.99000883102417","2.99000883102417","2.99000883102417"
"3239","6.251359939575195","6.251359939575195","6.251359939575195","2.5596370697021484","2.5596370697021484","2.5596370697021484","2.9062883853912354","2.9062883853912354","2.9062883853912354"
"3269","3.9743165969848633","3.9743165969848633","3.9743165969848633","2.267791748046875","2.267791748046875","2.267791748046875","2.9205219745635986","2.9205219745635986","2.9205219745635986"
"3299","5.448876857757568","5.448876857757568","5.448876857757568","2.482912302017212","2.482912302017212","2.482912302017212","2.8346004486083984","2.8346004486083984","2.8346004486083984"
"3329","6.081204891204834","6.081204891204834","6.081204891204834","2.527217149734497","2.527217149734497","2.527217149734497","2.7531416416168213","2.7531416416168213","2.7531416416168213"
"3359","6.100519180297852","6.100519180297852","6.100519180297852","2.4278523921966553","2.4278523921966553","2.4278523921966553","2.7396790981292725","2.7396790981292725","2.7396790981292725"
"3389","2.233456611633301","2.233456611633301","2.233456611633301","2.03977632522583","2.03977632522583","2.03977632522583","2.789073944091797","2.789073944091797","2.789073944091797"
"3419","5.031861305236816","5.031861305236816","5.031861305236816","2.355194568634033","2.355194568634033","2.355194568634033","2.912632942199707","2.912632942199707","2.912632942199707"
"3449","2.888298988342285","2.888298988342285","2.888298988342285","2.0021607875823975","2.0021607875823975","2.0021607875823975","2.7347328662872314","2.7347328662872314","2.7347328662872314"
"3479","6.643686294555664","6.643686294555664","6.643686294555664","2.4384381771087646","2.4384381771087646","2.4384381771087646","2.7957797050476074","2.7957797050476074","2.7957797050476074"
"3509","6.291025161743164","6.291025161743164","6.291025161743164","2.8747684955596924","2.8747684955596924","2.8747684955596924","2.7371978759765625","2.7371978759765625","2.7371978759765625"
"3539","4.773062705993652","4.773062705993652","4.773062705993652","2.360114574432373","2.360114574432373","2.360114574432373","2.737414598464966","2.737414598464966","2.737414598464966"
"3569","2.988262891769409","2.988262891769409","2.988262891769409","1.9846115112304688","1.9846115112304688","1.9846115112304688","2.721787691116333","2.721787691116333","2.721787691116333"
"3599","4.581870079040527","4.581870079040527","4.581870079040527","2.0830342769622803","2.0830342769622803","2.0830342769622803","2.677158832550049","2.677158832550049","2.677158832550049"
"3629","2.332963705062866","2.332963705062866","2.332963705062866","1.882743239402771","1.882743239402771","1.882743239402771","2.786336660385132","2.786336660385132","2.786336660385132"
"3659","3.9987688064575195","3.9987688064575195","3.9987688064575195","2.8572070598602295","2.8572070598602295","2.8572070598602295","2.695629835128784","2.695629835128784","2.695629835128784"
"3689","2.113107204437256","2.113107204437256","2.113107204437256","1.8311474323272705","1.8311474323272705","1.8311474323272705","2.6796493530273438","2.6796493530273438","2.6796493530273438"
"3719","3.859414577484131","3.859414577484131","3.859414577484131","2.05996036529541","2.05996036529541","2.05996036529541","2.65995717048645","2.65995717048645","2.65995717048645"
"3749","2.1112892627716064","2.1112892627716064","2.1112892627716064","1.809417963027954","1.809417963027954","1.809417963027954","2.6139156818389893","2.6139156818389893","2.6139156818389893"
"3779","3.064758777618408","3.064758777618408","3.064758777618408","1.9942638874053955","1.9942638874053955","1.9942638874053955","2.8291289806365967","2.8291289806365967","2.8291289806365967"
"3809","3.364840507507324","3.364840507507324","3.364840507507324","1.9950828552246094","1.9950828552246094","1.9950828552246094","2.7574996948242188","2.7574996948242188","2.7574996948242188"
"3839","2.56380295753479","2.56380295753479","2.56380295753479","1.9407439231872559","1.9407439231872559","1.9407439231872559","2.6201186180114746","2.6201186180114746","2.6201186180114746"
"3869","4.54136323928833","4.54136323928833","4.54136323928833","2.681978940963745","2.681978940963745","2.681978940963745","2.6634597778320312","2.6634597778320312","2.6634597778320312"
"3899","3.1915860176086426","3.1915860176086426","3.1915860176086426","1.8360064029693604","1.8360064029693604","1.8360064029693604","2.6571595668792725","2.6571595668792725","2.6571595668792725"
"3929","2.7121963500976562","2.7121963500976562","2.7121963500976562","1.823416829109192","1.823416829109192","1.823416829109192","2.539057493209839","2.539057493209839","2.539057493209839"
"3959","2.8583226203918457","2.8583226203918457","2.8583226203918457","1.8736319541931152","1.8736319541931152","1.8736319541931152","2.6575334072113037","2.6575334072113037","2.6575334072113037"
"3989","2.5400478839874268","2.5400478839874268","2.5400478839874268","1.8109277486801147","1.8109277486801147","1.8109277486801147","2.5590782165527344","2.5590782165527344","2.5590782165527344"
"4019","3.1599955558776855","3.1599955558776855","3.1599955558776855","2.331923484802246","2.331923484802246","2.331923484802246","2.610095739364624","2.610095739364624","2.610095739364624"
"4049","2.7008988857269287","2.7008988857269287","2.7008988857269287","1.7389439344406128","1.7389439344406128","1.7389439344406128","2.5713274478912354","2.5713274478912354","2.5713274478912354"
"4079","2.9306187629699707","2.9306187629699707","2.9306187629699707","1.881083607673645","1.881083607673645","1.881083607673645","2.551539897918701","2.551539897918701","2.551539897918701"
"4109","3.8417515754699707","3.8417515754699707","3.8417515754699707","1.9325597286224365","1.9325597286224365","1.9325597286224365","2.5864062309265137","2.5864062309265137","2.5864062309265137"
"4139","4.655651569366455","4.655651569366455","4.655651569366455","2.109863758087158","2.109863758087158","2.109863758087158","2.677875280380249","2.677875280380249","2.677875280380249"
"4169","3.549982786178589","3.549982786178589","3.549982786178589","1.851257562637329","1.851257562637329","1.851257562637329","2.5601935386657715","2.5601935386657715","2.5601935386657715"
"4199","3.1897823810577393","3.1897823810577393","3.1897823810577393","1.6886014938354492","1.6886014938354492","1.6886014938354492","2.4334747791290283","2.4334747791290283","2.4334747791290283"
"4229","4.182511329650879","4.182511329650879","4.182511329650879","1.8174233436584473","1.8174233436584473","1.8174233436584473","2.4829046726226807","2.4829046726226807","2.4829046726226807"
"4259","2.195279836654663","2.195279836654663","2.195279836654663","1.6156915426254272","1.6156915426254272","1.6156915426254272","2.4235663414001465","2.4235663414001465","2.4235663414001465"
"4289","1.9109481573104858","1.9109481573104858","1.9109481573104858","1.6203147172927856","1.6203147172927856","1.6203147172927856","2.4495627880096436","2.4495627880096436","2.4495627880096436"
"4319","2.0709879398345947","2.0709879398345947","2.0709879398345947","1.708709716796875","1.708709716796875","1.708709716796875","2.5860660076141357","2.5860660076141357","2.5860660076141357"
"4349","1.8974778652191162","1.8974778652191162","1.8974778652191162","1.6244261264801025","1.6244261264801025","1.6244261264801025","2.500223159790039","2.500223159790039","2.500223159790039"
"4379","2.89101505279541","2.89101505279541","2.89101505279541","2.030930995941162","2.030930995941162","2.030930995941162","2.480123281478882","2.480123281478882","2.480123281478882"
"4409","1.9135558605194092","1.9135558605194092","1.9135558605194092","1.618572473526001","1.618572473526001","1.618572473526001","2.4780428409576416","2.4780428409576416","2.4780428409576416"
"4439","2.593970775604248","2.593970775604248","2.593970775604248","1.6595382690429688","1.6595382690429688","1.6595382690429688","2.5583512783050537","2.5583512783050537","2.5583512783050537"
"4469","1.9214929342269897","1.9214929342269897","1.9214929342269897","1.6970162391662598","1.6970162391662598","1.6970162391662598","2.587148904800415","2.587148904800415","2.587148904800415"
"4499","2.548170328140259","2.548170328140259","2.548170328140259","2.015496253967285","2.015496253967285","2.015496253967285","2.4875717163085938","2.4875717163085938","2.4875717163085938"
"4529","1.9671194553375244","1.9671194553375244","1.9671194553375244","1.5919244289398193","1.5919244289398193","1.5919244289398193","2.4506328105926514","2.4506328105926514","2.4506328105926514"
"4559","3.136305570602417","3.136305570602417","3.136305570602417","1.7909094095230103","1.7909094095230103","1.7909094095230103","2.511317491531372","2.511317491531372","2.511317491531372"
"4589","1.8110567331314087","1.8110567331314087","1.8110567331314087","1.4837169647216797","1.4837169647216797","1.4837169647216797","2.3818984031677246","2.3818984031677246","2.3818984031677246"
"4619","1.8724966049194336","1.8724966049194336","1.8724966049194336","1.601422667503357","1.601422667503357","1.601422667503357","2.4974441528320312","2.4974441528320312","2.4974441528320312"
"4649","1.8386614322662354","1.8386614322662354","1.8386614322662354","1.8682345151901245","1.8682345151901245","1.8682345151901245","2.4030206203460693","2.4030206203460693","2.4030206203460693"
"4679","2.63247013092041","2.63247013092041","2.63247013092041","1.673103928565979","1.673103928565979","1.673103928565979","2.348301649093628","2.348301649093628","2.348301649093628"
"4709","3.1706044673919678","3.1706044673919678","3.1706044673919678","1.6514405012130737","1.6514405012130737","1.6514405012130737","2.4082694053649902","2.4082694053649902","2.4082694053649902"
"4739","3.5861425399780273","3.5861425399780273","3.5861425399780273","1.7477047443389893","1.7477047443389893","1.7477047443389893","2.3243582248687744","2.3243582248687744","2.3243582248687744"
"4769","2.637575626373291","2.637575626373291","2.637575626373291","1.6453216075897217","1.6453216075897217","1.6453216075897217","2.4499402046203613","2.4499402046203613","2.4499402046203613"
"4799","3.1809048652648926","3.1809048652648926","3.1809048652648926","1.6704374551773071","1.6704374551773071","1.6704374551773071","2.341446876525879","2.341446876525879","2.341446876525879"
"4829","2.733257293701172","2.733257293701172","2.733257293701172","1.6474756002426147","1.6474756002426147","1.6474756002426147","2.3685123920440674","2.3685123920440674","2.3685123920440674"
"4859","1.7019155025482178","1.7019155025482178","1.7019155025482178","1.5085580348968506","1.5085580348968506","1.5085580348968506","2.3458378314971924","2.3458378314971924","2.3458378314971924"
"4889","1.6766070127487183","1.6766070127487183","1.6766070127487183","1.3825896978378296","1.3825896978378296","1.3825896978378296","2.2866451740264893","2.2866451740264893","2.2866451740264893"
"4919","1.9952185153961182","1.9952185153961182","1.9952185153961182","1.8925126791000366","1.8925126791000366","1.8925126791000366","2.4148316383361816","2.4148316383361816","2.4148316383361816"
"4949","1.5668988227844238","1.5668988227844238","1.5668988227844238","1.5173124074935913","1.5173124074935913","1.5173124074935913","2.365145206451416","2.365145206451416","2.365145206451416"
"4979","1.7322163581848145","1.7322163581848145","1.7322163581848145","1.360671043395996","1.360671043395996","1.360671043395996","2.3965017795562744","2.3965017795562744","2.3965017795562744"
"5009","1.5908921957015991","1.5908921957015991","1.5908921957015991","1.440903902053833","1.440903902053833","1.440903902053833","2.3602027893066406","2.3602027893066406","2.3602027893066406"
"5039","1.7612639665603638","1.7612639665603638","1.7612639665603638","1.4700772762298584","1.4700772762298584","1.4700772762298584","2.3361222743988037","2.3361222743988037","2.3361222743988037"
"5069","1.7768665552139282","1.7768665552139282","1.7768665552139282","1.5150772333145142","1.5150772333145142","1.5150772333145142","2.376852035522461","2.376852035522461","2.376852035522461"
"5099","1.634850263595581","1.634850263595581","1.634850263595581","1.352211594581604","1.352211594581604","1.352211594581604","2.2450475692749023","2.2450475692749023","2.2450475692749023"
"5129","1.5270037651062012","1.5270037651062012","1.5270037651062012","1.3602428436279297","1.3602428436279297","1.3602428436279297","2.244377374649048","2.244377374649048","2.244377374649048"
"5159","2.069178342819214","2.069178342819214","2.069178342819214","1.5131206512451172","1.5131206512451172","1.5131206512451172","2.305745840072632","2.305745840072632","2.305745840072632"
"5189","1.6328167915344238","1.6328167915344238","1.6328167915344238","1.4528353214263916","1.4528353214263916","1.4528353214263916","2.3016209602355957","2.3016209602355957","2.3016209602355957"
"5219","1.58318293094635","1.58318293094635","1.58318293094635","1.5974377393722534","1.5974377393722534","1.5974377393722534","2.2504260540008545","2.2504260540008545","2.2504260540008545"
"5249","1.6292901039123535","1.6292901039123535","1.6292901039123535","1.3841800689697266","1.3841800689697266","1.3841800689697266","2.3536388874053955","2.3536388874053955","2.3536388874053955"
"5279","1.5858001708984375","1.5858001708984375","1.5858001708984375","1.6011382341384888","1.6011382341384888","1.6011382341384888","2.3062620162963867","2.3062620162963867","2.3062620162963867"
"5309","1.4463238716125488","1.4463238716125488","1.4463238716125488","1.5048431158065796","1.5048431158065796","1.5048431158065796","2.2094192504882812","2.2094192504882812","2.2094192504882812"
"5339","1.5835729837417603","1.5835729837417603","1.5835729837417603","1.5910993814468384","1.5910993814468384","1.5910993814468384","2.2793304920196533","2.2793304920196533","2.2793304920196533"
"5369","1.8876655101776123","1.8876655101776123","1.8876655101776123","1.378572940826416","1.378572940826416","1.378572940826416","2.3121347427368164","2.3121347427368164","2.3121347427368164"
"5399","1.5117729902267456","1.5117729902267456","1.5117729902267456","1.3456835746765137","1.3456835746765137","1.3456835746765137","2.260986328125","2.260986328125","2.260986328125"
"5429","1.4722028970718384","1.4722028970718384","1.4722028970718384","1.3096932172775269","1.3096932172775269","1.3096932172775269","2.167327880859375","2.167327880859375","2.167327880859375"
"5459","1.340474247932434","1.340474247932434","1.340474247932434","1.4606478214263916","1.4606478214263916","1.4606478214263916","2.1603710651397705","2.1603710651397705","2.1603710651397705"
"5489","1.300756812095642","1.300756812095642","1.300756812095642","1.2126147747039795","1.2126147747039795","1.2126147747039795","2.201202154159546","2.201202154159546","2.201202154159546"
"5519","1.521536946296692","1.521536946296692","1.521536946296692","1.327785611152649","1.327785611152649","1.327785611152649","2.2245194911956787","2.2245194911956787","2.2245194911956787"
"5549","1.364380121231079","1.364380121231079","1.364380121231079","1.3265960216522217","1.3265960216522217","1.3265960216522217","2.2532942295074463","2.2532942295074463","2.2532942295074463"
"5579","1.449981927871704","1.449981927871704","1.449981927871704","1.3549507856369019","1.3549507856369019","1.3549507856369019","2.1931777000427246","2.1931777000427246","2.1931777000427246"
"5609","1.3696210384368896","1.3696210384368896","1.3696210384368896","1.4238582849502563","1.4238582849502563","1.4238582849502563","2.1118714809417725","2.1118714809417725","2.1118714809417725"
"5639","1.4695332050323486","1.4695332050323486","1.4695332050323486","1.306803822517395","1.306803822517395","1.306803822517395","2.2096164226531982","2.2096164226531982","2.2096164226531982"
"5669","1.417383074760437","1.417383074760437","1.417383074760437","1.2694085836410522","1.2694085836410522","1.2694085836410522","2.1587605476379395","2.1587605476379395","2.1587605476379395"
"5699","2.039379119873047","2.039379119873047","2.039379119873047","1.2429981231689453","1.2429981231689453","1.2429981231689453","2.057382106781006","2.057382106781006","2.057382106781006"
"5729","1.2995245456695557","1.2995245456695557","1.2995245456695557","1.1909691095352173","1.1909691095352173","1.1909691095352173","2.1710753440856934","2.1710753440856934","2.1710753440856934"
"5759","1.2451612949371338","1.2451612949371338","1.2451612949371338","1.1675329208374023","1.1675329208374023","1.1675329208374023","2.171692371368408","2.171692371368408","2.171692371368408"
"5789","1.2524669170379639","1.2524669170379639","1.2524669170379639","1.1492096185684204","1.1492096185684204","1.1492096185684204","2.19987154006958","2.19987154006958","2.19987154006958"
"5819","1.2196403741836548","1.2196403741836548","1.2196403741836548","1.133217692375183","1.133217692375183","1.133217692375183","2.0846352577209473","2.0846352577209473","2.0846352577209473"
"5849","1.5490432977676392","1.5490432977676392","1.5490432977676392","1.1624364852905273","1.1624364852905273","1.1624364852905273","2.105867385864258","2.105867385864258","2.105867385864258"
"5879","1.2003518342971802","1.2003518342971802","1.2003518342971802","1.2375534772872925","1.2375534772872925","1.2375534772872925","2.14019775390625","2.14019775390625","2.14019775390625"
"5909","1.3252856731414795","1.3252856731414795","1.3252856731414795","1.1762620210647583","1.1762620210647583","1.1762620210647583","2.1413040161132812","2.1413040161132812","2.1413040161132812"
"5939","1.8104009628295898","1.8104009628295898","1.8104009628295898","1.2296470403671265","1.2296470403671265","1.2296470403671265","2.152803659439087","2.152803659439087","2.152803659439087"
"5969","1.3859333992004395","1.3859333992004395","1.3859333992004395","1.166435956954956","1.166435956954956","1.166435956954956","2.185213088989258","2.185213088989258","2.185213088989258"
"5999","1.199899673461914","1.199899673461914","1.199899673461914","1.213179349899292","1.213179349899292","1.213179349899292","2.124958038330078","2.124958038330078","2.124958038330078"
"6029","1.1706509590148926","1.1706509590148926","1.1706509590148926","1.1388726234436035","1.1388726234436035","1.1388726234436035","2.09769606590271","2.09769606590271","2.09769606590271"
"6059","1.2738758325576782","1.2738758325576782","1.2738758325576782","1.1364424228668213","1.1364424228668213","1.1364424228668213","2.0853750705718994","2.0853750705718994","2.0853750705718994"
"6089","1.0912836790084839","1.0912836790084839","1.0912836790084839","1.069146990776062","1.069146990776062","1.069146990776062","1.9999483823776245","1.9999483823776245","1.9999483823776245"
"6119","1.1528927087783813","1.1528927087783813","1.1528927087783813","1.290053367614746","1.290053367614746","1.290053367614746","2.032470464706421","2.032470464706421","2.032470464706421"
"6149","1.087497591972351","1.087497591972351","1.087497591972351","1.0772846937179565","1.0772846937179565","1.0772846937179565","2.092907667160034","2.092907667160034","2.092907667160034"
"6179","1.046533465385437","1.046533465385437","1.046533465385437","1.068079948425293","1.068079948425293","1.068079948425293","2.109405517578125","2.109405517578125","2.109405517578125"
"6209","1.4750374555587769","1.4750374555587769","1.4750374555587769","1.113311767578125","1.113311767578125","1.113311767578125","2.076324462890625","2.076324462890625","2.076324462890625"
"6239","0.985187828540802","0.985187828540802","0.985187828540802","1.0587468147277832","1.0587468147277832","1.0587468147277832","2.000048875808716","2.000048875808716","2.000048875808716"
"6269","1.1357898712158203","1.1357898712158203","1.1357898712158203","1.1083329916000366","1.1083329916000366","1.1083329916000366","2.0287976264953613","2.0287976264953613","2.0287976264953613"
"6299","1.0840070247650146","1.0840070247650146","1.0840070247650146","1.1952331066131592","1.1952331066131592","1.1952331066131592","2.199403762817383","2.199403762817383","2.199403762817383"
"6329","1.584619402885437","1.584619402885437","1.584619402885437","1.1080710887908936","1.1080710887908936","1.1080710887908936","1.960950255393982","1.960950255393982","1.960950255393982"
"6359","1.2157378196716309","1.2157378196716309","1.2157378196716309","1.2795617580413818","1.2795617580413818","1.2795617580413818","1.9898754358291626","1.9898754358291626","1.9898754358291626"
"6389","1.0791124105453491","1.0791124105453491","1.0791124105453491","1.0083327293395996","1.0083327293395996","1.0083327293395996","2.009981393814087","2.009981393814087","2.009981393814087"
"6419","0.909896731376648","0.909896731376648","0.909896731376648","1.035178303718567","1.035178303718567","1.035178303718567","1.9660576581954956","1.9660576581954956","1.9660576581954956"
"6449","1.0191004276275635","1.0191004276275635","1.0191004276275635","1.0133670568466187","1.0133670568466187","1.0133670568466187","1.950477123260498","1.950477123260498","1.950477123260498"
"6479","1.0411676168441772","1.0411676168441772","1.0411676168441772","1.0690940618515015","1.0690940618515015","1.0690940618515015","2.04483699798584","2.04483699798584","2.04483699798584"
"6509","1.467876672744751","1.467876672744751","1.467876672744751","1.1126030683517456","1.1126030683517456","1.1126030683517456","1.9732614755630493","1.9732614755630493","1.9732614755630493"
"6539","0.9985700845718384","0.9985700845718384","0.9985700845718384","1.0142730474472046","1.0142730474472046","1.0142730474472046","1.987455129623413","1.987455129623413","1.987455129623413"
"6569","1.0176228284835815","1.0176228284835815","1.0176228284835815","1.0395147800445557","1.0395147800445557","1.0395147800445557","2.110874652862549","2.110874652862549","2.110874652862549"
"6599","0.899896502494812","0.899896502494812","0.899896502494812","0.9722198247909546","0.9722198247909546","0.9722198247909546","1.980326533317566","1.980326533317566","1.980326533317566"
"6629","1.0123101472854614","1.0123101472854614","1.0123101472854614","1.0056143999099731","1.0056143999099731","1.0056143999099731","1.9885815382003784","1.9885815382003784","1.9885815382003784"
"6659","1.1092705726623535","1.1092705726623535","1.1092705726623535","1.0600590705871582","1.0600590705871582","1.0600590705871582","2.0131781101226807","2.0131781101226807","2.0131781101226807"
"6689","0.9108140468597412","0.9108140468597412","0.9108140468597412","0.8610849380493164","0.8610849380493164","0.8610849380493164","1.94847571849823","1.94847571849823","1.94847571849823"
"6719","0.9655366539955139","0.9655366539955139","0.9655366539955139","0.9656392931938171","0.9656392931938171","0.9656392931938171","2.0159060955047607","2.0159060955047607","2.0159060955047607"
"6749","1.2317930459976196","1.2317930459976196","1.2317930459976196","1.0320911407470703","1.0320911407470703","1.0320911407470703","2.0186522006988525","2.0186522006988525","2.0186522006988525"
"6779","0.9712468385696411","0.9712468385696411","0.9712468385696411","0.8521338701248169","0.8521338701248169","0.8521338701248169","1.9192837476730347","1.9192837476730347","1.9192837476730347"
"6809","0.8755550384521484","0.8755550384521484","0.8755550384521484","0.934394896030426","0.934394896030426","0.934394896030426","1.8986010551452637","1.8986010551452637","1.8986010551452637"
"6839","1.4883049726486206","1.4883049726486206","1.4883049726486206","0.9978780746459961","0.9978780746459961","0.9978780746459961","1.9576265811920166","1.9576265811920166","1.9576265811920166"
"6869","0.8438116908073425","0.8438116908073425","0.8438116908073425","0.9209826588630676","0.9209826588630676","0.9209826588630676","1.9197344779968262","1.9197344779968262","1.9197344779968262"
"6899","0.8948095440864563","0.8948095440864563","0.8948095440864563","1.0707205533981323","1.0707205533981323","1.0707205533981323","1.9162322282791138","1.9162322282791138","1.9162322282791138"
"6929","0.7844207882881165","0.7844207882881165","0.7844207882881165","0.8973414301872253","0.8973414301872253","0.8973414301872253","1.8909648656845093","1.8909648656845093","1.8909648656845093"
"6959","0.7201191782951355","0.7201191782951355","0.7201191782951355","0.9045618176460266","0.9045618176460266","0.9045618176460266","1.970162034034729","1.970162034034729","1.970162034034729"
"6989","0.7911309003829956","0.7911309003829956","0.7911309003829956","0.984443724155426","0.984443724155426","0.984443724155426","1.8987455368041992","1.8987455368041992","1.8987455368041992"
"7019","0.803365170955658","0.803365170955658","0.803365170955658","0.8830306529998779","0.8830306529998779","0.8830306529998779","1.8676040172576904","1.8676040172576904","1.8676040172576904"
"7049","1.0108368396759033","1.0108368396759033","1.0108368396759033","0.9966984391212463","0.9966984391212463","0.9966984391212463","1.901365876197815","1.901365876197815","1.901365876197815"
"7079","0.8107840418815613","0.8107840418815613","0.8107840418815613","0.9252714514732361","0.9252714514732361","0.9252714514732361","1.9534389972686768","1.9534389972686768","1.9534389972686768"
"7109","0.6222910284996033","0.6222910284996033","0.6222910284996033","0.8352453708648682","0.8352453708648682","0.8352453708648682","1.9421463012695312","1.9421463012695312","1.9421463012695312"
"7139","0.9018975496292114","0.9018975496292114","0.9018975496292114","0.9896696209907532","0.9896696209907532","0.9896696209907532","1.9682375192642212","1.9682375192642212","1.9682375192642212"
"7169","0.811833918094635","0.811833918094635","0.811833918094635","0.9715918302536011","0.9715918302536011","0.9715918302536011","2.056673526763916","2.056673526763916","2.056673526763916"
"7199","0.6813253164291382","0.6813253164291382","0.6813253164291382","0.9115034341812134","0.9115034341812134","0.9115034341812134","1.9355114698410034","1.9355114698410034","1.9355114698410034"
"7229","0.6989384889602661","0.6989384889602661","0.6989384889602661","0.7827571630477905","0.7827571630477905","0.7827571630477905","1.9290810823440552","1.9290810823440552","1.9290810823440552"
"7259","0.9006333947181702","0.9006333947181702","0.9006333947181702","1.0587158203125","1.0587158203125","1.0587158203125","1.9154260158538818","1.9154260158538818","1.9154260158538818"
"7289","0.8184117674827576","0.8184117674827576","0.8184117674827576","0.9558525681495667","0.9558525681495667","0.9558525681495667","1.9461350440979004","1.9461350440979004","1.9461350440979004"
"7319","0.7171682715415955","0.7171682715415955","0.7171682715415955","0.8212425112724304","0.8212425112724304","0.8212425112724304","1.8186302185058594","1.8186302185058594","1.8186302185058594"
"7349","0.7421301007270813","0.7421301007270813","0.7421301007270813","0.8446474075317383","0.8446474075317383","0.8446474075317383","1.8647266626358032","1.8647266626358032","1.8647266626358032"
"7379","0.6780276298522949","0.6780276298522949","0.6780276298522949","0.8474121689796448","0.8474121689796448","0.8474121689796448","2.0009818077087402","2.0009818077087402","2.0009818077087402"
"7409","0.718341052532196","0.718341052532196","0.718341052532196","0.8605576753616333","0.8605576753616333","0.8605576753616333","1.8531125783920288","1.8531125783920288","1.8531125783920288"
"7439","0.8167030215263367","0.8167030215263367","0.8167030215263367","0.8555102348327637","0.8555102348327637","0.8555102348327637","1.8731060028076172","1.8731060028076172","1.8731060028076172"
"7469","0.7363541722297668","0.7363541722297668","0.7363541722297668","0.9689868092536926","0.9689868092536926","0.9689868092536926","1.8670810461044312","1.8670810461044312","1.8670810461044312"
"7499","0.7355736494064331","0.7355736494064331","0.7355736494064331","0.9102027416229248","0.9102027416229248","0.9102027416229248","1.8885488510131836","1.8885488510131836","1.8885488510131836"
"7529","0.7831607460975647","0.7831607460975647","0.7831607460975647","0.813843309879303","0.813843309879303","0.813843309879303","1.8674044609069824","1.8674044609069824","1.8674044609069824"
"7559","0.6503236293792725","0.6503236293792725","0.6503236293792725","0.7938148379325867","0.7938148379325867","0.7938148379325867","1.8120187520980835","1.8120187520980835","1.8120187520980835"
"7589","0.7669356465339661","0.7669356465339661","0.7669356465339661","0.9195424318313599","0.9195424318313599","0.9195424318313599","1.9015792608261108","1.9015792608261108","1.9015792608261108"
"7619","0.8503947257995605","0.8503947257995605","0.8503947257995605","0.7346709966659546","0.7346709966659546","0.7346709966659546","1.8239614963531494","1.8239614963531494","1.8239614963531494"
"7649","0.7525994181632996","0.7525994181632996","0.7525994181632996","0.834917426109314","0.834917426109314","0.834917426109314","1.818166732788086","1.818166732788086","1.818166732788086"
"7679","0.674769401550293","0.674769401550293","0.674769401550293","0.8672047853469849","0.8672047853469849","0.8672047853469849","1.8236509561538696","1.8236509561538696","1.8236509561538696"
"7709","0.7387468814849854","0.7387468814849854","0.7387468814849854","0.7996514439582825","0.7996514439582825","0.7996514439582825","1.7593625783920288","1.7593625783920288","1.7593625783920288"
"7739","0.7636287808418274","0.7636287808418274","0.7636287808418274","0.8535225987434387","0.8535225987434387","0.8535225987434387","1.786059021949768","1.786059021949768","1.786059021949768"
"7769","0.610276460647583","0.610276460647583","0.610276460647583","0.7233259677886963","0.7233259677886963","0.7233259677886963","1.7518662214279175","1.7518662214279175","1.7518662214279175"
"7799","0.7311311364173889","0.7311311364173889","0.7311311364173889","0.8075531721115112","0.8075531721115112","0.8075531721115112","1.8210262060165405","1.8210262060165405","1.8210262060165405"
"7829","0.7170871496200562","0.7170871496200562","0.7170871496200562","0.9384087324142456","0.9384087324142456","0.9384087324142456","1.8517121076583862","1.8517121076583862","1.8517121076583862"
"7859","0.725063681602478","0.725063681602478","0.725063681602478","0.7832040190696716","0.7832040190696716","0.7832040190696716","1.7593389749526978","1.7593389749526978","1.7593389749526978"
"7889","0.6700336933135986","0.6700336933135986","0.6700336933135986","0.7644334435462952","0.7644334435462952","0.7644334435462952","1.781435489654541","1.781435489654541","1.781435489654541"
"7919","0.5759565830230713","0.5759565830230713","0.5759565830230713","0.6999362707138062","0.6999362707138062","0.6999362707138062","1.7519863843917847","1.7519863843917847","1.7519863843917847"
"7949","0.5705202221870422","0.5705202221870422","0.5705202221870422","0.7409647703170776","0.7409647703170776","0.7409647703170776","1.797271728515625","1.797271728515625","1.797271728515625"
"7979","0.7253606915473938","0.7253606915473938","0.7253606915473938","0.7304725646972656","0.7304725646972656","0.7304725646972656","1.7846592664718628","1.7846592664718628","1.7846592664718628"
"8009","0.7520270943641663","0.7520270943641663","0.7520270943641663","1.004538655281067","1.004538655281067","1.004538655281067","1.8026502132415771","1.8026502132415771","1.8026502132415771"
"8039","0.5413274168968201","0.5413274168968201","0.5413274168968201","0.8166370987892151","0.8166370987892151","0.8166370987892151","1.7359932661056519","1.7359932661056519","1.7359932661056519"
"8069","0.6095359325408936","0.6095359325408936","0.6095359325408936","0.7541689872741699","0.7541689872741699","0.7541689872741699","1.7594528198242188","1.7594528198242188","1.7594528198242188"
"8099","0.6331989765167236","0.6331989765167236","0.6331989765167236","0.786944568157196","0.786944568157196","0.786944568157196","1.759033203125","1.759033203125","1.759033203125"
"8129","0.5959550142288208","0.5959550142288208","0.5959550142288208","0.7165288329124451","0.7165288329124451","0.7165288329124451","1.742933750152588","1.742933750152588","1.742933750152588"
"8159","0.6229223608970642","0.6229223608970642","0.6229223608970642","0.7448406219482422","0.7448406219482422","0.7448406219482422","1.6819274425506592","1.6819274425506592","1.6819274425506592"
"8189","0.707554280757904","0.707554280757904","0.707554280757904","0.932005763053894","0.932005763053894","0.932005763053894","1.7445124387741089","1.7445124387741089","1.7445124387741089"
"8219","0.7001419067382812","0.7001419067382812","0.7001419067382812","0.8716229200363159","0.8716229200363159","0.8716229200363159","1.7416960000991821","1.7416960000991821","1.7416960000991821"
"8249","0.5845492482185364","0.5845492482185364","0.5845492482185364","0.6981503367424011","0.6981503367424011","0.6981503367424011","1.657484531402588","1.657484531402588","1.657484531402588"
"8279","0.6869997978210449","0.6869997978210449","0.6869997978210449","0.6682335734367371","0.6682335734367371","0.6682335734367371","1.6915175914764404","1.6915175914764404","1.6915175914764404"
"8309","0.5357446670532227","0.5357446670532227","0.5357446670532227","0.7205642461776733","0.7205642461776733","0.7205642461776733","1.6946721076965332","1.6946721076965332","1.6946721076965332"
"8339","0.6710159182548523","0.6710159182548523","0.6710159182548523","0.7407104969024658","0.7407104969024658","0.7407104969024658","1.750884771347046","1.750884771347046","1.750884771347046"
"8369","0.6014754176139832","0.6014754176139832","0.6014754176139832","0.8583961129188538","0.8583961129188538","0.8583961129188538","1.6764785051345825","1.6764785051345825","1.6764785051345825"
"8399","0.5421587824821472","0.5421587824821472","0.5421587824821472","0.7866871953010559","0.7866871953010559","0.7866871953010559","1.75355863571167","1.75355863571167","1.75355863571167"
"8429","0.663670003414154","0.663670003414154","0.663670003414154","0.8874348402023315","0.8874348402023315","0.8874348402023315","1.721927285194397","1.721927285194397","1.721927285194397"
"8459","0.5430538058280945","0.5430538058280945","0.5430538058280945","0.6808613538742065","0.6808613538742065","0.6808613538742065","1.708378553390503","1.708378553390503","1.708378553390503"
"8489","0.5973262190818787","0.5973262190818787","0.5973262190818787","0.7336176037788391","0.7336176037788391","0.7336176037788391","1.7330336570739746","1.7330336570739746","1.7330336570739746"
"8519","0.7275120615959167","0.7275120615959167","0.7275120615959167","0.8376391530036926","0.8376391530036926","0.8376391530036926","1.6901540756225586","1.6901540756225586","1.6901540756225586"
"8549","0.6172398924827576","0.6172398924827576","0.6172398924827576","0.6724902391433716","0.6724902391433716","0.6724902391433716","1.7117851972579956","1.7117851972579956","1.7117851972579956"
"8579","0.6381620168685913","0.6381620168685913","0.6381620168685913","0.8979043364524841","0.8979043364524841","0.8979043364524841","1.7517675161361694","1.7517675161361694","1.7517675161361694"
"8609","0.5076000690460205","0.5076000690460205","0.5076000690460205","0.6710688471794128","0.6710688471794128","0.6710688471794128","1.7250142097473145","1.7250142097473145","1.7250142097473145"
"8639","0.6286566853523254","0.6286566853523254","0.6286566853523254","0.747199296951294","0.747199296951294","0.747199296951294","1.7446842193603516","1.7446842193603516","1.7446842193603516"
"8669","0.4888600707054138","0.4888600707054138","0.4888600707054138","0.6597873568534851","0.6597873568534851","0.6597873568534851","1.729219913482666","1.729219913482666","1.729219913482666"
"8699","0.6305195689201355","0.6305195689201355","0.6305195689201355","0.628598153591156","0.628598153591156","0.628598153591156","1.7047500610351562","1.7047500610351562","1.7047500610351562"
"8729","0.6047091484069824","0.6047091484069824","0.6047091484069824","0.708095371723175","0.708095371723175","0.708095371723175","1.6716219186782837","1.6716219186782837","1.6716219186782837"
"8759","0.5792807936668396","0.5792807936668396","0.5792807936668396","0.7361268401145935","0.7361268401145935","0.7361268401145935","1.6992177963256836","1.6992177963256836","1.6992177963256836"
"8789","0.6396095156669617","0.6396095156669617","0.6396095156669617","0.9259076714515686","0.9259076714515686","0.9259076714515686","1.6960543394088745","1.6960543394088745","1.6960543394088745"
"8819","0.5327694416046143","0.5327694416046143","0.5327694416046143","0.6635284423828125","0.6635284423828125","0.6635284423828125","1.7229331731796265","1.7229331731796265","1.7229331731796265"
"8849","0.5254603624343872","0.5254603624343872","0.5254603624343872","0.7377994656562805","0.7377994656562805","0.7377994656562805","1.7127416133880615","1.7127416133880615","1.7127416133880615"
"8879","0.596176266670227","0.596176266670227","0.596176266670227","0.671469509601593","0.671469509601593","0.671469509601593","1.6785979270935059","1.6785979270935059","1.6785979270935059"
"8909","0.5321815609931946","0.5321815609931946","0.5321815609931946","0.6592867970466614","0.6592867970466614","0.6592867970466614","1.743163824081421","1.743163824081421","1.743163824081421"
"8939","0.5337633490562439","0.5337633490562439","0.5337633490562439","0.6412811279296875","0.6412811279296875","0.6412811279296875","1.6232037544250488","1.6232037544250488","1.6232037544250488"
"8969","0.4979598820209503","0.4979598820209503","0.4979598820209503","0.5636427998542786","0.5636427998542786","0.5636427998542786","1.6450083255767822","1.6450083255767822","1.6450083255767822"
"8999","0.5782225728034973","0.5782225728034973","0.5782225728034973","0.7941805720329285","0.7941805720329285","0.7941805720329285","1.7092422246932983","1.7092422246932983","1.7092422246932983"
"9029","0.5207986831665039","0.5207986831665039","0.5207986831665039","0.6667311787605286","0.6667311787605286","0.6667311787605286","1.6457021236419678","1.6457021236419678","1.6457021236419678"
"9059","0.4810764193534851","0.4810764193534851","0.4810764193534851","0.6362082958221436","0.6362082958221436","0.6362082958221436","1.6047093868255615","1.6047093868255615","1.6047093868255615"
"9089","0.4298041760921478","0.4298041760921478","0.4298041760921478","0.6676049828529358","0.6676049828529358","0.6676049828529358","1.6757128238677979","1.6757128238677979","1.6757128238677979"
"9119","0.464289128780365","0.464289128780365","0.464289128780365","0.611460268497467","0.611460268497467","0.611460268497467","1.6548925638198853","1.6548925638198853","1.6548925638198853"
"9149","0.5499092936515808","0.5499092936515808","0.5499092936515808","0.6401798129081726","0.6401798129081726","0.6401798129081726","1.6109261512756348","1.6109261512756348","1.6109261512756348"
"9179","0.5679140090942383","0.5679140090942383","0.5679140090942383","0.6398335099220276","0.6398335099220276","0.6398335099220276","1.6094101667404175","1.6094101667404175","1.6094101667404175"
"9209","0.625260055065155","0.625260055065155","0.625260055065155","0.7934527397155762","0.7934527397155762","0.7934527397155762","1.7091867923736572","1.7091867923736572","1.7091867923736572"
"9239","0.46191129088401794","0.46191129088401794","0.46191129088401794","0.6703141927719116","0.6703141927719116","0.6703141927719116","1.6959980726242065","1.6959980726242065","1.6959980726242065"
"9269","0.5273973941802979","0.5273973941802979","0.5273973941802979","0.6814472675323486","0.6814472675323486","0.6814472675323486","1.6508570909500122","1.6508570909500122","1.6508570909500122"
"9299","0.457960307598114","0.457960307598114","0.457960307598114","0.6024184823036194","0.6024184823036194","0.6024184823036194","1.5763740539550781","1.5763740539550781","1.5763740539550781"
"9329","0.48127833008766174","0.48127833008766174","0.48127833008766174","0.5522979497909546","0.5522979497909546","0.5522979497909546","1.5844497680664062","1.5844497680664062","1.5844497680664062"
"9359","0.5173513889312744","0.5173513889312744","0.5173513889312744","0.6316087245941162","0.6316087245941162","0.6316087245941162","1.630173921585083","1.630173921585083","1.630173921585083"
"9389","0.4732329845428467","0.4732329845428467","0.4732329845428467","0.5664812326431274","0.5664812326431274","0.5664812326431274","1.57956063747406","1.57956063747406","1.57956063747406"
"9419","0.5135772824287415","0.5135772824287415","0.5135772824287415","0.6026267409324646","0.6026267409324646","0.6026267409324646","1.6819579601287842","1.6819579601287842","1.6819579601287842"
"9449","0.45023131370544434","0.45023131370544434","0.45023131370544434","0.6698622107505798","0.6698622107505798","0.6698622107505798","1.591622233390808","1.591622233390808","1.591622233390808"
"9479","0.5013986825942993","0.5013986825942993","0.5013986825942993","0.6478716135025024","0.6478716135025024","0.6478716135025024","1.6541447639465332","1.6541447639465332","1.6541447639465332"
"9509","0.4719478487968445","0.4719478487968445","0.4719478487968445","0.6210793852806091","0.6210793852806091","0.6210793852806091","1.6294671297073364","1.6294671297073364","1.6294671297073364"
"9539","0.5340489745140076","0.5340489745140076","0.5340489745140076","0.5762580633163452","0.5762580633163452","0.5762580633163452","1.5496398210525513","1.5496398210525513","1.5496398210525513"
"9569","0.5137419700622559","0.5137419700622559","0.5137419700622559","0.6200162172317505","0.6200162172317505","0.6200162172317505","1.6625808477401733","1.6625808477401733","1.6625808477401733"
"9599","0.47990691661834717","0.47990691661834717","0.47990691661834717","0.6332071423530579","0.6332071423530579","0.6332071423530579","1.5527864694595337","1.5527864694595337","1.5527864694595337"
"9629","0.468699187040329","0.468699187040329","0.468699187040329","0.6154908537864685","0.6154908537864685","0.6154908537864685","1.5862139463424683","1.5862139463424683","1.5862139463424683"
"9659","0.6582310199737549","0.6582310199737549","0.6582310199737549","0.6077579259872437","0.6077579259872437","0.6077579259872437","1.5758030414581299","1.5758030414581299","1.5758030414581299"
"9689","0.4909883737564087","0.4909883737564087","0.4909883737564087","0.5164517164230347","0.5164517164230347","0.5164517164230347","1.496454119682312","1.496454119682312","1.496454119682312"
"9719","0.5323094725608826","0.5323094725608826","0.5323094725608826","0.6463717222213745","0.6463717222213745","0.6463717222213745","1.579398274421692","1.579398274421692","1.579398274421692"
"9749","0.5382041931152344","0.5382041931152344","0.5382041931152344","0.6302600502967834","0.6302600502967834","0.6302600502967834","1.5830366611480713","1.5830366611480713","1.5830366611480713"
"9779","0.5275477766990662","0.5275477766990662","0.5275477766990662","0.610272228717804","0.610272228717804","0.610272228717804","1.5541296005249023","1.5541296005249023","1.5541296005249023"
"9809","0.44177156686782837","0.44177156686782837","0.44177156686782837","0.5917733907699585","0.5917733907699585","0.5917733907699585","1.5845822095870972","1.5845822095870972","1.5845822095870972"
"9839","0.42277124524116516","0.42277124524116516","0.42277124524116516","0.6551762223243713","0.6551762223243713","0.6551762223243713","1.6200436353683472","1.6200436353683472","1.6200436353683472"
"9869","0.508543848991394","0.508543848991394","0.508543848991394","0.704340934753418","0.704340934753418","0.704340934753418","1.591819167137146","1.591819167137146","1.591819167137146"
"9899","0.31645357608795166","0.31645357608795166","0.31645357608795166","0.5314518809318542","0.5314518809318542","0.5314518809318542","1.5305149555206299","1.5305149555206299","1.5305149555206299"
"9929","0.49726852774620056","0.49726852774620056","0.49726852774620056","0.6017429828643799","0.6017429828643799","0.6017429828643799","1.5904428958892822","1.5904428958892822","1.5904428958892822"
"9959","0.43058958649635315","0.43058958649635315","0.43058958649635315","0.6062542796134949","0.6062542796134949","0.6062542796134949","1.5571502447128296","1.5571502447128296","1.5571502447128296"
"9989","0.3500220775604248","0.3500220775604248","0.3500220775604248","0.5008887648582458","0.5008887648582458","0.5008887648582458","1.5801604986190796","1.5801604986190796","1.5801604986190796"
"10019","0.41818368434906006","0.41818368434906006","0.41818368434906006","0.5218715071678162","0.5218715071678162","0.5218715071678162","1.5848782062530518","1.5848782062530518","1.5848782062530518"
"10049","0.4585210382938385","0.4585210382938385","0.4585210382938385","0.6161348819732666","0.6161348819732666","0.6161348819732666","1.5557869672775269","1.5557869672775269","1.5557869672775269"
"10079","0.38781118392944336","0.38781118392944336","0.38781118392944336","0.5580058693885803","0.5580058693885803","0.5580058693885803","1.5478065013885498","1.5478065013885498","1.5478065013885498"
"10109","0.3809320628643036","0.3809320628643036","0.3809320628643036","0.5295827388763428","0.5295827388763428","0.5295827388763428","1.5286091566085815","1.5286091566085815","1.5286091566085815"
"10139","0.431068480014801","0.431068480014801","0.431068480014801","0.5940721035003662","0.5940721035003662","0.5940721035003662","1.5399694442749023","1.5399694442749023","1.5399694442749023"
"10169","0.46285390853881836","0.46285390853881836","0.46285390853881836","0.609928548336029","0.609928548336029","0.609928548336029","1.547017216682434","1.547017216682434","1.547017216682434"
"10199","0.429550439119339","0.429550439119339","0.429550439119339","0.5551379919052124","0.5551379919052124","0.5551379919052124","1.576379418373108","1.576379418373108","1.576379418373108"
"10229","0.4538551867008209","0.4538551867008209","0.4538551867008209","0.5354739427566528","0.5354739427566528","0.5354739427566528","1.515802025794983","1.515802025794983","1.515802025794983"
"10259","0.3988642692565918","0.3988642692565918","0.3988642692565918","0.4686032831668854","0.4686032831668854","0.4686032831668854","1.4926176071166992","1.4926176071166992","1.4926176071166992"
"10289","0.4022049605846405","0.4022049605846405","0.4022049605846405","0.5644590854644775","0.5644590854644775","0.5644590854644775","1.6504167318344116","1.6504167318344116","1.6504167318344116"
"10319","0.46187809109687805","0.46187809109687805","0.46187809109687805","0.5669179558753967","0.5669179558753967","0.5669179558753967","1.5264414548873901","1.5264414548873901","1.5264414548873901"
"10349","0.4301903545856476","0.4301903545856476","0.4301903545856476","0.5676553845405579","0.5676553845405579","0.5676553845405579","1.4594491720199585","1.4594491720199585","1.4594491720199585"
"10379","0.43525969982147217","0.43525969982147217","0.43525969982147217","0.6797960996627808","0.6797960996627808","0.6797960996627808","1.606472134590149","1.606472134590149","1.606472134590149"
"10409","0.4727095663547516","0.4727095663547516","0.4727095663547516","0.5279454588890076","0.5279454588890076","0.5279454588890076","1.4746448993682861","1.4746448993682861","1.4746448993682861"
"10439","0.4167223274707794","0.4167223274707794","0.4167223274707794","0.5085567235946655","0.5085567235946655","0.5085567235946655","1.4379901885986328","1.4379901885986328","1.4379901885986328"
"10469","0.5024182200431824","0.5024182200431824","0.5024182200431824","0.6739844083786011","0.6739844083786011","0.6739844083786011","1.4944360256195068","1.4944360256195068","1.4944360256195068"
"10499","0.38604438304901123","0.38604438304901123","0.38604438304901123","0.6306357383728027","0.6306357383728027","0.6306357383728027","1.5341545343399048","1.5341545343399048","1.5341545343399048"
"10529","0.5150180459022522","0.5150180459022522","0.5150180459022522","0.6030591726303101","0.6030591726303101","0.6030591726303101","1.543152928352356","1.543152928352356","1.543152928352356"
"10559","0.4676385521888733","0.4676385521888733","0.4676385521888733","0.5462586879730225","0.5462586879730225","0.5462586879730225","1.4382745027542114","1.4382745027542114","1.4382745027542114"
"10589","0.3995857834815979","0.3995857834815979","0.3995857834815979","0.5607742667198181","0.5607742667198181","0.5607742667198181","1.4702821969985962","1.4702821969985962","1.4702821969985962"
"10619","0.40202972292900085","0.40202972292900085","0.40202972292900085","0.5283329486846924","0.5283329486846924","0.5283329486846924","1.5249804258346558","1.5249804258346558","1.5249804258346558"
"10649","0.38495519757270813","0.38495519757270813","0.38495519757270813","0.5948894619941711","0.5948894619941711","0.5948894619941711","1.5354408025741577","1.5354408025741577","1.5354408025741577"
"10679","0.3588712215423584","0.3588712215423584","0.3588712215423584","0.47482097148895264","0.47482097148895264","0.47482097148895264","1.4667788743972778","1.4667788743972778","1.4667788743972778"
"10709","0.4640210270881653","0.4640210270881653","0.4640210270881653","0.6509817242622375","0.6509817242622375","0.6509817242622375","1.4282406568527222","1.4282406568527222","1.4282406568527222"
"10739","0.42805466055870056","0.42805466055870056","0.42805466055870056","0.5397707223892212","0.5397707223892212","0.5397707223892212","1.4851057529449463","1.4851057529449463","1.4851057529449463"
"10769","0.4240879416465759","0.4240879416465759","0.4240879416465759","0.5388704538345337","0.5388704538345337","0.5388704538345337","1.5111455917358398","1.5111455917358398","1.5111455917358398"
"10799","0.39000391960144043","0.39000391960144043","0.39000391960144043","0.5521255135536194","0.5521255135536194","0.5521255135536194","1.4774872064590454","1.4774872064590454","1.4774872064590454"
"10829","0.35191965103149414","0.35191965103149414","0.35191965103149414","0.5408996939659119","0.5408996939659119","0.5408996939659119","1.5147677659988403","1.5147677659988403","1.5147677659988403"
"10859","0.38412755727767944","0.38412755727767944","0.38412755727767944","0.5158625245094299","0.5158625245094299","0.5158625245094299","1.508902907371521","1.508902907371521","1.508902907371521"
"10889","0.4127296209335327","0.4127296209335327","0.4127296209335327","0.6366752982139587","0.6366752982139587","0.6366752982139587","1.4968023300170898","1.4968023300170898","1.4968023300170898"
"10919","0.4309293031692505","0.4309293031692505","0.4309293031692505","0.6229367852210999","0.6229367852210999","0.6229367852210999","1.4933669567108154","1.4933669567108154","1.4933669567108154"
"10949","0.37459784746170044","0.37459784746170044","0.37459784746170044","0.46615082025527954","0.46615082025527954","0.46615082025527954","1.454492449760437","1.454492449760437","1.454492449760437"
"10979","0.36834606528282166","0.36834606528282166","0.36834606528282166","0.5437021255493164","0.5437021255493164","0.5437021255493164","1.4553524255752563","1.4553524255752563","1.4553524255752563"
"11009","0.43399810791015625","0.43399810791015625","0.43399810791015625","0.46983709931373596","0.46983709931373596","0.46983709931373596","1.4787696599960327","1.4787696599960327","1.4787696599960327"
"11039","0.39256006479263306","0.39256006479263306","0.39256006479263306","0.5055395364761353","0.5055395364761353","0.5055395364761353","1.43118417263031","1.43118417263031","1.43118417263031"
"11069","0.3322921693325043","0.3322921693325043","0.3322921693325043","0.44719573855400085","0.44719573855400085","0.44719573855400085","1.415234923362732","1.415234923362732","1.415234923362732"
"11099","0.33164235949516296","0.33164235949516296","0.33164235949516296","0.4852159917354584","0.4852159917354584","0.4852159917354584","1.4764785766601562","1.4764785766601562","1.4764785766601562"
"11129","0.3359682261943817","0.3359682261943817","0.3359682261943817","0.4930388629436493","0.4930388629436493","0.4930388629436493","1.465793251991272","1.465793251991272","1.465793251991272"
"11159","0.3585115075111389","0.3585115075111389","0.3585115075111389","0.5212574005126953","0.5212574005126953","0.5212574005126953","1.4859975576400757","1.4859975576400757","1.4859975576400757"
"11189","0.4011737108230591","0.4011737108230591","0.4011737108230591","0.6339911222457886","0.6339911222457886","0.6339911222457886","1.483589768409729","1.483589768409729","1.483589768409729"
"11219","0.4267577528953552","0.4267577528953552","0.4267577528953552","0.4950226843357086","0.4950226843357086","0.4950226843357086","1.4583165645599365","1.4583165645599365","1.4583165645599365"
"11249","0.3771347999572754","0.3771347999572754","0.3771347999572754","0.49748489260673523","0.49748489260673523","0.49748489260673523","1.4234215021133423","1.4234215021133423","1.4234215021133423"
"11279","0.3115519881248474","0.3115519881248474","0.3115519881248474","0.49678462743759155","0.49678462743759155","0.49678462743759155","1.4126251935958862","1.4126251935958862","1.4126251935958862"
"11309","0.3838323950767517","0.3838323950767517","0.3838323950767517","0.5720147490501404","0.5720147490501404","0.5720147490501404","1.4589824676513672","1.4589824676513672","1.4589824676513672"
"11339","0.37008774280548096","0.37008774280548096","0.37008774280548096","0.5077223181724548","0.5077223181724548","0.5077223181724548","1.429268479347229","1.429268479347229","1.429268479347229"
"11369","0.3450237512588501","0.3450237512588501","0.3450237512588501","0.4622306823730469","0.4622306823730469","0.4622306823730469","1.4023834466934204","1.4023834466934204","1.4023834466934204"
"11399","0.3336673676967621","0.3336673676967621","0.3336673676967621","0.49092912673950195","0.49092912673950195","0.49092912673950195","1.4811336994171143","1.4811336994171143","1.4811336994171143"
"11429","0.3913683295249939","0.3913683295249939","0.3913683295249939","0.5633231997489929","0.5633231997489929","0.5633231997489929","1.4752635955810547","1.4752635955810547","1.4752635955810547"
"11459","0.39312636852264404","0.39312636852264404","0.39312636852264404","0.4602207541465759","0.4602207541465759","0.4602207541465759","1.456931710243225","1.456931710243225","1.456931710243225"
"11489","0.3168860077857971","0.3168860077857971","0.3168860077857971","0.46819454431533813","0.46819454431533813","0.46819454431533813","1.4138545989990234","1.4138545989990234","1.4138545989990234"
"11519","0.3022840619087219","0.3022840619087219","0.3022840619087219","0.526215672492981","0.526215672492981","0.526215672492981","1.4559942483901978","1.4559942483901978","1.4559942483901978"
"11549","0.2941938638687134","0.2941938638687134","0.2941938638687134","0.46209076046943665","0.46209076046943665","0.46209076046943665","1.3556618690490723","1.3556618690490723","1.3556618690490723"
"11579","0.4601588249206543","0.4601588249206543","0.4601588249206543","0.5746442079544067","0.5746442079544067","0.5746442079544067","1.4059792757034302","1.4059792757034302","1.4059792757034302"
"11609","0.329894095659256","0.329894095659256","0.329894095659256","0.461762011051178","0.461762011051178","0.461762011051178","1.3443856239318848","1.3443856239318848","1.3443856239318848"
"11639","0.37107008695602417","0.37107008695602417","0.37107008695602417","0.62540203332901","0.62540203332901","0.62540203332901","1.421773076057434","1.421773076057434","1.421773076057434"
"11669","0.32079532742500305","0.32079532742500305","0.32079532742500305","0.46376991271972656","0.46376991271972656","0.46376991271972656","1.3719160556793213","1.3719160556793213","1.3719160556793213"
"11699","0.3731405436992645","0.3731405436992645","0.3731405436992645","0.5547647476196289","0.5547647476196289","0.5547647476196289","1.414373755455017","1.414373755455017","1.414373755455017"
"11729","0.32074522972106934","0.32074522972106934","0.32074522972106934","0.4579346477985382","0.4579346477985382","0.4579346477985382","1.4409328699111938","1.4409328699111938","1.4409328699111938"
"11759","0.29430243372917175","0.29430243372917175","0.29430243372917175","0.46398571133613586","0.46398571133613586","0.46398571133613586","1.4351823329925537","1.4351823329925537","1.4351823329925537"
"11789","0.36641085147857666","0.36641085147857666","0.36641085147857666","0.42699432373046875","0.42699432373046875","0.42699432373046875","1.3263369798660278","1.3263369798660278","1.3263369798660278"
"11819","0.34185877442359924","0.34185877442359924","0.34185877442359924","0.48357686400413513","0.48357686400413513","0.48357686400413513","1.4538542032241821","1.4538542032241821","1.4538542032241821"
"11849","0.3343316614627838","0.3343316614627838","0.3343316614627838","0.4777999818325043","0.4777999818325043","0.4777999818325043","1.3781565427780151","1.3781565427780151","1.3781565427780151"
"11879","0.32977333664894104","0.32977333664894104","0.32977333664894104","0.43618863821029663","0.43618863821029663","0.43618863821029663","1.350734829902649","1.350734829902649","1.350734829902649"
"11909","0.37298819422721863","0.37298819422721863","0.37298819422721863","0.5725774765014648","0.5725774765014648","0.5725774765014648","1.3335976600646973","1.3335976600646973","1.3335976600646973"
"11939","0.34904950857162476","0.34904950857162476","0.34904950857162476","0.4465269446372986","0.4465269446372986","0.4465269446372986","1.3638830184936523","1.3638830184936523","1.3638830184936523"
"11969","0.3055475056171417","0.3055475056171417","0.3055475056171417","0.43975070118904114","0.43975070118904114","0.43975070118904114","1.3463778495788574","1.3463778495788574","1.3463778495788574"
"11999","0.387804239988327","0.387804239988327","0.387804239988327","0.5222530961036682","0.5222530961036682","0.5222530961036682","1.2728757858276367","1.2728757858276367","1.2728757858276367"
"12029","0.38834577798843384","0.38834577798843384","0.38834577798843384","0.5529623031616211","0.5529623031616211","0.5529623031616211","1.3812397718429565","1.3812397718429565","1.3812397718429565"
"12059","0.31505540013313293","0.31505540013313293","0.31505540013313293","0.40445491671562195","0.40445491671562195","0.40445491671562195","1.376646876335144","1.376646876335144","1.376646876335144"
"12089","0.33881500363349915","0.33881500363349915","0.33881500363349915","0.4630328118801117","0.4630328118801117","0.4630328118801117","1.3632372617721558","1.3632372617721558","1.3632372617721558"
"12119","3.049823522567749","3.049823522567749","3.049823522567749","4.236427307128906","4.236427307128906","4.236427307128906","13.257883071899414","13.257883071899414","13.257883071899414"
"12149","0.29700660705566406","0.29700660705566406","0.29700660705566406","0.42571479082107544","0.42571479082107544","0.42571479082107544","1.3565523624420166","1.3565523624420166","1.3565523624420166"
"12179","0.33363479375839233","0.33363479375839233","0.33363479375839233","0.3895377218723297","0.3895377218723297","0.3895377218723297","1.3427098989486694","1.3427098989486694","1.3427098989486694"
"12209","0.36072587966918945","0.36072587966918945","0.36072587966918945","0.45279112458229065","0.45279112458229065","0.45279112458229065","1.3153722286224365","1.3153722286224365","1.3153722286224365"
"12239","0.3212268054485321","0.3212268054485321","0.3212268054485321","0.4281899034976959","0.4281899034976959","0.4281899034976959","1.3940701484680176","1.3940701484680176","1.3940701484680176"
"12269","0.3211711049079895","0.3211711049079895","0.3211711049079895","0.4139851927757263","0.4139851927757263","0.4139851927757263","1.3021138906478882","1.3021138906478882","1.3021138906478882"
"12299","0.37360548973083496","0.37360548973083496","0.37360548973083496","0.4372406601905823","0.4372406601905823","0.4372406601905823","1.3469043970108032","1.3469043970108032","1.3469043970108032"
"12329","0.3332735300064087","0.3332735300064087","0.3332735300064087","0.4021887183189392","0.4021887183189392","0.4021887183189392","1.3969480991363525","1.3969480991363525","1.3969480991363525"
"12359","0.3650132417678833","0.3650132417678833","0.3650132417678833","0.5257968306541443","0.5257968306541443","0.5257968306541443","1.3926677703857422","1.3926677703857422","1.3926677703857422"
"12389","0.317537784576416","0.317537784576416","0.317537784576416","0.45722705125808716","0.45722705125808716","0.45722705125808716","1.3174636363983154","1.3174636363983154","1.3174636363983154"
"12419","0.2980896234512329","0.2980896234512329","0.2980896234512329","0.42772215604782104","0.42772215604782104","0.42772215604782104","1.3529587984085083","1.3529587984085083","1.3529587984085083"
"12449","0.3936401605606079","0.3936401605606079","0.3936401605606079","0.5490702986717224","0.5490702986717224","0.5490702986717224","1.4037023782730103","1.4037023782730103","1.4037023782730103"
"12479","0.36154234409332275","0.36154234409332275","0.36154234409332275","0.5683783888816833","0.5683783888816833","0.5683783888816833","1.3502172231674194","1.3502172231674194","1.3502172231674194"
"12509","0.39240264892578125","0.39240264892578125","0.39240264892578125","0.5817222595214844","0.5817222595214844","0.5817222595214844","1.3624999523162842","1.3624999523162842","1.3624999523162842"
"12539","0.32099440693855286","0.32099440693855286","0.32099440693855286","0.45340120792388916","0.45340120792388916","0.45340120792388916","1.3683652877807617","1.3683652877807617","1.3683652877807617"
"12569","0.3355174660682678","0.3355174660682678","0.3355174660682678","0.4203125536441803","0.4203125536441803","0.4203125536441803","1.303310513496399","1.303310513496399","1.303310513496399"
"12599","0.2991268038749695","0.2991268038749695","0.2991268038749695","0.41911429166793823","0.41911429166793823","0.41911429166793823","1.347116470336914","1.347116470336914","1.347116470336914"
"12629","0.27934977412223816","0.27934977412223816","0.27934977412223816","0.45978522300720215","0.45978522300720215","0.45978522300720215","1.3413211107254028","1.3413211107254028","1.3413211107254028"
"12659","0.2727820873260498","0.2727820873260498","0.2727820873260498","0.3782563805580139","0.3782563805580139","0.3782563805580139","1.3137192726135254","1.3137192726135254","1.3137192726135254"
"12689","0.30618926882743835","0.30618926882743835","0.30618926882743835","0.4128511846065521","0.4128511846065521","0.4128511846065521","1.2790368795394897","1.2790368795394897","1.2790368795394897"
"12719","0.28084003925323486","0.28084003925323486","0.28084003925323486","0.3715241849422455","0.3715241849422455","0.3715241849422455","1.280434250831604","1.280434250831604","1.280434250831604"
"12749","0.3244364857673645","0.3244364857673645","0.3244364857673645","0.39210960268974304","0.39210960268974304","0.39210960268974304","1.313470482826233","1.313470482826233","1.313470482826233"
"12779","0.2845398783683777","0.2845398783683777","0.2845398783683777","0.410428524017334","0.410428524017334","0.410428524017334","1.3488967418670654","1.3488967418670654","1.3488967418670654"
"12809","0.3222431242465973","0.3222431242465973","0.3222431242465973","0.4666019380092621","0.4666019380092621","0.4666019380092621","1.337817668914795","1.337817668914795","1.337817668914795"
"12839","0.3028755486011505","0.3028755486011505","0.3028755486011505","0.4614669978618622","0.4614669978618622","0.4614669978618622","1.3199964761734009","1.3199964761734009","1.3199964761734009"
"12869","0.3213231563568115","0.3213231563568115","0.3213231563568115","0.4241379201412201","0.4241379201412201","0.4241379201412201","1.3633569478988647","1.3633569478988647","1.3633569478988647"
"12899","0.31383058428764343","0.31383058428764343","0.31383058428764343","0.40465208888053894","0.40465208888053894","0.40465208888053894","1.2470061779022217","1.2470061779022217","1.2470061779022217"
"12929","0.3235924541950226","0.3235924541950226","0.3235924541950226","0.45097917318344116","0.45097917318344116","0.45097917318344116","1.324477195739746","1.324477195739746","1.324477195739746"
"12959","0.3946093022823334","0.3946093022823334","0.3946093022823334","0.49637648463249207","0.49637648463249207","0.49637648463249207","1.2974075078964233","1.2974075078964233","1.2974075078964233"
"12989","0.3019871711730957","0.3019871711730957","0.3019871711730957","0.40676459670066833","0.40676459670066833","0.40676459670066833","1.3160614967346191","1.3160614967346191","1.3160614967346191"
"13019","0.28102928400039673","0.28102928400039673","0.28102928400039673","0.3978545665740967","0.3978545665740967","0.3978545665740967","1.274285912513733","1.274285912513733","1.274285912513733"
"13049","0.2970212996006012","0.2970212996006012","0.2970212996006012","0.3875718116760254","0.3875718116760254","0.3875718116760254","1.2725865840911865","1.2725865840911865","1.2725865840911865"
"13079","0.2993970513343811","0.2993970513343811","0.2993970513343811","0.40064677596092224","0.40064677596092224","0.40064677596092224","1.3588063716888428","1.3588063716888428","1.3588063716888428"
"13109","0.3320630192756653","0.3320630192756653","0.3320630192756653","0.3789253234863281","0.3789253234863281","0.3789253234863281","1.2564549446105957","1.2564549446105957","1.2564549446105957"
"13139","0.37063223123550415","0.37063223123550415","0.37063223123550415","0.5003432631492615","0.5003432631492615","0.5003432631492615","1.273966670036316","1.273966670036316","1.273966670036316"
"13169","0.301313191652298","0.301313191652298","0.301313191652298","0.4179757535457611","0.4179757535457611","0.4179757535457611","1.3160009384155273","1.3160009384155273","1.3160009384155273"
"13199","0.2738862633705139","0.2738862633705139","0.2738862633705139","0.43576720356941223","0.43576720356941223","0.43576720356941223","1.3273941278457642","1.3273941278457642","1.3273941278457642"
"13229","0.29924526810646057","0.29924526810646057","0.29924526810646057","0.39969778060913086","0.39969778060913086","0.39969778060913086","1.2943569421768188","1.2943569421768188","1.2943569421768188"
"13259","0.3233819603919983","0.3233819603919983","0.3233819603919983","0.392923504114151","0.392923504114151","0.392923504114151","1.2540910243988037","1.2540910243988037","1.2540910243988037"
"13289","0.28624001145362854","0.28624001145362854","0.28624001145362854","0.4028015732765198","0.4028015732765198","0.4028015732765198","1.288240671157837","1.288240671157837","1.288240671157837"
"13319","0.29534751176834106","0.29534751176834106","0.29534751176834106","0.404386967420578","0.404386967420578","0.404386967420578","1.304901123046875","1.304901123046875","1.304901123046875"
"13349","0.287727415561676","0.287727415561676","0.287727415561676","0.3694073259830475","0.3694073259830475","0.3694073259830475","1.2594555616378784","1.2594555616378784","1.2594555616378784"
"13379","0.2881292402744293","0.2881292402744293","0.2881292402744293","0.41782882809638977","0.41782882809638977","0.41782882809638977","1.3550894260406494","1.3550894260406494","1.3550894260406494"
"13409","0.26305392384529114","0.26305392384529114","0.26305392384529114","0.38569891452789307","0.38569891452789307","0.38569891452789307","1.284105658531189","1.284105658531189","1.284105658531189"
"13439","0.31263917684555054","0.31263917684555054","0.31263917684555054","0.4098067879676819","0.4098067879676819","0.4098067879676819","1.3070173263549805","1.3070173263549805","1.3070173263549805"
"13469","0.3186531066894531","0.3186531066894531","0.3186531066894531","0.40800413489341736","0.40800413489341736","0.40800413489341736","1.293165683746338","1.293165683746338","1.293165683746338"
"13499","0.2969304621219635","0.2969304621219635","0.2969304621219635","0.40011289715766907","0.40011289715766907","0.40011289715766907","1.309963345527649","1.309963345527649","1.309963345527649"
"13529","0.297343909740448","0.297343909740448","0.297343909740448","0.4350402355194092","0.4350402355194092","0.4350402355194092","1.3306435346603394","1.3306435346603394","1.3306435346603394"
"13559","0.20505927503108978","0.20505927503108978","0.20505927503108978","0.34598010778427124","0.34598010778427124","0.34598010778427124","1.283950924873352","1.283950924873352","1.283950924873352"
"13589","0.27342501282691956","0.27342501282691956","0.27342501282691956","0.36023107171058655","0.36023107171058655","0.36023107171058655","1.3330968618392944","1.3330968618392944","1.3330968618392944"
"13619","0.2602151334285736","0.2602151334285736","0.2602151334285736","0.3791308104991913","0.3791308104991913","0.3791308104991913","1.2671868801116943","1.2671868801116943","1.2671868801116943"
"13649","0.2745600938796997","0.2745600938796997","0.2745600938796997","0.37707751989364624","0.37707751989364624","0.37707751989364624","1.2758944034576416","1.2758944034576416","1.2758944034576416"
"13679","0.3110313415527344","0.3110313415527344","0.3110313415527344","0.421369343996048","0.421369343996048","0.421369343996048","1.2561026811599731","1.2561026811599731","1.2561026811599731"
"13709","0.33893150091171265","0.33893150091171265","0.33893150091171265","0.4662902057170868","0.4662902057170868","0.4662902057170868","1.219944715499878","1.219944715499878","1.219944715499878"
"13739","0.26709744334220886","0.26709744334220886","0.26709744334220886","0.3684194087982178","0.3684194087982178","0.3684194087982178","1.2680784463882446","1.2680784463882446","1.2680784463882446"
"13769","0.278187096118927","0.278187096118927","0.278187096118927","0.3653288185596466","0.3653288185596466","0.3653288185596466","1.2898865938186646","1.2898865938186646","1.2898865938186646"
"13799","0.2522728145122528","0.2522728145122528","0.2522728145122528","0.3144313097000122","0.3144313097000122","0.3144313097000122","1.196794867515564","1.196794867515564","1.196794867515564"
"13829","0.24590671062469482","0.24590671062469482","0.24590671062469482","0.39279863238334656","0.39279863238334656","0.39279863238334656","1.2663720846176147","1.2663720846176147","1.2663720846176147"
"13859","0.28746652603149414","0.28746652603149414","0.28746652603149414","0.4489404261112213","0.4489404261112213","0.4489404261112213","1.3287954330444336","1.3287954330444336","1.3287954330444336"
"13889","0.2720853090286255","0.2720853090286255","0.2720853090286255","0.4148555397987366","0.4148555397987366","0.4148555397987366","1.3074841499328613","1.3074841499328613","1.3074841499328613"
"13919","0.29769405722618103","0.29769405722618103","0.29769405722618103","0.3526626527309418","0.3526626527309418","0.3526626527309418","1.218591570854187","1.218591570854187","1.218591570854187"
"13949","0.25558722019195557","0.25558722019195557","0.25558722019195557","0.3696913719177246","0.3696913719177246","0.3696913719177246","1.2851455211639404","1.2851455211639404","1.2851455211639404"
"13979","0.25291067361831665","0.25291067361831665","0.25291067361831665","0.37747976183891296","0.37747976183891296","0.37747976183891296","1.225635290145874","1.225635290145874","1.225635290145874"
"14009","0.24639029800891876","0.24639029800891876","0.24639029800891876","0.3699159026145935","0.3699159026145935","0.3699159026145935","1.206370234489441","1.206370234489441","1.206370234489441"
"14039","0.22988742589950562","0.22988742589950562","0.22988742589950562","0.3483840227127075","0.3483840227127075","0.3483840227127075","1.2313185930252075","1.2313185930252075","1.2313185930252075"
"14069","0.32652607560157776","0.32652607560157776","0.32652607560157776","0.440692275762558","0.440692275762558","0.440692275762558","1.1598838567733765","1.1598838567733765","1.1598838567733765"
"14099","0.32315051555633545","0.32315051555633545","0.32315051555633545","0.380848228931427","0.380848228931427","0.380848228931427","1.2003319263458252","1.2003319263458252","1.2003319263458252"
"14129","0.2558425962924957","0.2558425962924957","0.2558425962924957","0.3693286180496216","0.3693286180496216","0.3693286180496216","1.2486480474472046","1.2486480474472046","1.2486480474472046"
"14159","0.26160958409309387","0.26160958409309387","0.26160958409309387","0.37036532163619995","0.37036532163619995","0.37036532163619995","1.23056960105896","1.23056960105896","1.23056960105896"
"14189","0.27321621775627136","0.27321621775627136","0.27321621775627136","0.39287620782852173","0.39287620782852173","0.39287620782852173","1.2229905128479004","1.2229905128479004","1.2229905128479004"
"14219","0.2789109945297241","0.2789109945297241","0.2789109945297241","0.3619926869869232","0.3619926869869232","0.3619926869869232","1.2101991176605225","1.2101991176605225","1.2101991176605225"
"14249","0.24172534048557281","0.24172534048557281","0.24172534048557281","0.38103824853897095","0.38103824853897095","0.38103824853897095","1.2129243612289429","1.2129243612289429","1.2129243612289429"
"14279","0.28099581599235535","0.28099581599235535","0.28099581599235535","0.35994216799736023","0.35994216799736023","0.35994216799736023","1.1726272106170654","1.1726272106170654","1.1726272106170654"
"14309","0.2563185691833496","0.2563185691833496","0.2563185691833496","0.3519750237464905","0.3519750237464905","0.3519750237464905","1.231745719909668","1.231745719909668","1.231745719909668"
"14339","0.27160415053367615","0.27160415053367615","0.27160415053367615","0.37290292978286743","0.37290292978286743","0.37290292978286743","1.1977691650390625","1.1977691650390625","1.1977691650390625"
"14369","0.26780256628990173","0.26780256628990173","0.26780256628990173","0.3507867455482483","0.3507867455482483","0.3507867455482483","1.2257347106933594","1.2257347106933594","1.2257347106933594"
"14399","0.2557471692562103","0.2557471692562103","0.2557471692562103","0.36389419436454773","0.36389419436454773","0.36389419436454773","1.2367963790893555","1.2367963790893555","1.2367963790893555"
"14429","0.2177128940820694","0.2177128940820694","0.2177128940820694","0.3565930128097534","0.3565930128097534","0.3565930128097534","1.2457807064056396","1.2457807064056396","1.2457807064056396"
"14459","0.27696165442466736","0.27696165442466736","0.27696165442466736","0.3824045956134796","0.3824045956134796","0.3824045956134796","1.204671859741211","1.204671859741211","1.204671859741211"
"14489","0.25152578949928284","0.25152578949928284","0.25152578949928284","0.3946516215801239","0.3946516215801239","0.3946516215801239","1.3008840084075928","1.3008840084075928","1.3008840084075928"
"14519","0.26318997144699097","0.26318997144699097","0.26318997144699097","0.3388354182243347","0.3388354182243347","0.3388354182243347","1.1926047801971436","1.1926047801971436","1.1926047801971436"
"14549","0.25448501110076904","0.25448501110076904","0.25448501110076904","0.36915332078933716","0.36915332078933716","0.36915332078933716","1.2314079999923706","1.2314079999923706","1.2314079999923706"
"14579","0.2460637241601944","0.2460637241601944","0.2460637241601944","0.3260836601257324","0.3260836601257324","0.3260836601257324","1.1633180379867554","1.1633180379867554","1.1633180379867554"
"14609","0.2597362697124481","0.2597362697124481","0.2597362697124481","0.3649744391441345","0.3649744391441345","0.3649744391441345","1.2197498083114624","1.2197498083114624","1.2197498083114624"
"14639","0.2576312720775604","0.2576312720775604","0.2576312720775604","0.36906111240386963","0.36906111240386963","0.36906111240386963","1.2421565055847168","1.2421565055847168","1.2421565055847168"
"14669","0.22997865080833435","0.22997865080833435","0.22997865080833435","0.3352131247520447","0.3352131247520447","0.3352131247520447","1.225469708442688","1.225469708442688","1.225469708442688"
"14699","0.22958138585090637","0.22958138585090637","0.22958138585090637","0.33117377758026123","0.33117377758026123","0.33117377758026123","1.1846129894256592","1.1846129894256592","1.1846129894256592"
"14729","0.2312869280576706","0.2312869280576706","0.2312869280576706","0.26950570940971375","0.26950570940971375","0.26950570940971375","1.1423439979553223","1.1423439979553223","1.1423439979553223"
"14759","0.23285014927387238","0.23285014927387238","0.23285014927387238","0.38119715452194214","0.38119715452194214","0.38119715452194214","1.184032678604126","1.184032678604126","1.184032678604126"
"14789","0.24500158429145813","0.24500158429145813","0.24500158429145813","0.34058520197868347","0.34058520197868347","0.34058520197868347","1.186936855316162","1.186936855316162","1.186936855316162"
"14819","0.22071868181228638","0.22071868181228638","0.22071868181228638","0.3200344741344452","0.3200344741344452","0.3200344741344452","1.1647406816482544","1.1647406816482544","1.1647406816482544"
"14849","0.23876430094242096","0.23876430094242096","0.23876430094242096","0.34695249795913696","0.34695249795913696","0.34695249795913696","1.2386870384216309","1.2386870384216309","1.2386870384216309"
"14879","0.24850355088710785","0.24850355088710785","0.24850355088710785","0.36467650532722473","0.36467650532722473","0.36467650532722473","1.2013359069824219","1.2013359069824219","1.2013359069824219"
"14909","0.23237892985343933","0.23237892985343933","0.23237892985343933","0.34797927737236023","0.34797927737236023","0.34797927737236023","1.1474461555480957","1.1474461555480957","1.1474461555480957"
"14939","0.2844751179218292","0.2844751179218292","0.2844751179218292","0.4495392441749573","0.4495392441749573","0.4495392441749573","1.1760282516479492","1.1760282516479492","1.1760282516479492"
"14969","0.2628419101238251","0.2628419101238251","0.2628419101238251","0.335254430770874","0.335254430770874","0.335254430770874","1.2238236665725708","1.2238236665725708","1.2238236665725708"
"14999","0.28601568937301636","0.28601568937301636","0.28601568937301636","0.2924249768257141","0.2924249768257141","0.2924249768257141","1.1212340593338013","1.1212340593338013","1.1212340593338013"
"15029","0.2076156735420227","0.2076156735420227","0.2076156735420227","0.34034469723701477","0.34034469723701477","0.34034469723701477","1.2011960744857788","1.2011960744857788","1.2011960744857788"
"15059","0.2573137879371643","0.2573137879371643","0.2573137879371643","0.2839788496494293","0.2839788496494293","0.2839788496494293","1.1157429218292236","1.1157429218292236","1.1157429218292236"
"15089","0.2214290201663971","0.2214290201663971","0.2214290201663971","0.3252356946468353","0.3252356946468353","0.3252356946468353","1.2331169843673706","1.2331169843673706","1.2331169843673706"
"15119","0.22947143018245697","0.22947143018245697","0.22947143018245697","0.33090636134147644","0.33090636134147644","0.33090636134147644","1.1443538665771484","1.1443538665771484","1.1443538665771484"
"15149","0.22685740888118744","0.22685740888118744","0.22685740888118744","0.30494871735572815","0.30494871735572815","0.30494871735572815","1.1315481662750244","1.1315481662750244","1.1315481662750244"
"15179","0.20916885137557983","0.20916885137557983","0.20916885137557983","0.2782440781593323","0.2782440781593323","0.2782440781593323","1.1321457624435425","1.1321457624435425","1.1321457624435425"
"15209","0.24444058537483215","0.24444058537483215","0.24444058537483215","0.3163054585456848","0.3163054585456848","0.3163054585456848","1.1668716669082642","1.1668716669082642","1.1668716669082642"
"15239","0.23121963441371918","0.23121963441371918","0.23121963441371918","0.3572251796722412","0.3572251796722412","0.3572251796722412","1.1966705322265625","1.1966705322265625","1.1966705322265625"
"15269","0.2152114063501358","0.2152114063501358","0.2152114063501358","0.33095163106918335","0.33095163106918335","0.33095163106918335","1.1821011304855347","1.1821011304855347","1.1821011304855347"
"15299","0.20815081894397736","0.20815081894397736","0.20815081894397736","0.33146482706069946","0.33146482706069946","0.33146482706069946","1.1595637798309326","1.1595637798309326","1.1595637798309326"
"15329","0.20619912445545197","0.20619912445545197","0.20619912445545197","0.3324566185474396","0.3324566185474396","0.3324566185474396","1.1358321905136108","1.1358321905136108","1.1358321905136108"
"15359","0.22474876046180725","0.22474876046180725","0.22474876046180725","0.2940577566623688","0.2940577566623688","0.2940577566623688","1.0758814811706543","1.0758814811706543","1.0758814811706543"
"15389","0.21666735410690308","0.21666735410690308","0.21666735410690308","0.35364750027656555","0.35364750027656555","0.35364750027656555","1.1866673231124878","1.1866673231124878","1.1866673231124878"
"15419","0.27168703079223633","0.27168703079223633","0.27168703079223633","0.3275897204875946","0.3275897204875946","0.3275897204875946","1.1746820211410522","1.1746820211410522","1.1746820211410522"
"15449","0.3146727681159973","0.3146727681159973","0.3146727681159973","0.4091895818710327","0.4091895818710327","0.4091895818710327","1.1008156538009644","1.1008156538009644","1.1008156538009644"
"15479","0.27651548385620117","0.27651548385620117","0.27651548385620117","0.3601427376270294","0.3601427376270294","0.3601427376270294","1.1881567239761353","1.1881567239761353","1.1881567239761353"
"15509","0.24755679070949554","0.24755679070949554","0.24755679070949554","0.330727219581604","0.330727219581604","0.330727219581604","1.1700966358184814","1.1700966358184814","1.1700966358184814"
"15539","0.25295132398605347","0.25295132398605347","0.25295132398605347","0.35535502433776855","0.35535502433776855","0.35535502433776855","1.156411051750183","1.156411051750183","1.156411051750183"
"15569","0.29150721430778503","0.29150721430778503","0.29150721430778503","0.451516717672348","0.451516717672348","0.451516717672348","1.1777137517929077","1.1777137517929077","1.1777137517929077"
"15599","0.20549099147319794","0.20549099147319794","0.20549099147319794","0.2844011187553406","0.2844011187553406","0.2844011187553406","1.1694175004959106","1.1694175004959106","1.1694175004959106"
"15629","0.21189098060131073","0.21189098060131073","0.21189098060131073","0.31132978200912476","0.31132978200912476","0.31132978200912476","1.1104296445846558","1.1104296445846558","1.1104296445846558"
"15659","0.19514022767543793","0.19514022767543793","0.19514022767543793","0.3166266679763794","0.3166266679763794","0.3166266679763794","1.1511576175689697","1.1511576175689697","1.1511576175689697"
"15689","0.22208473086357117","0.22208473086357117","0.22208473086357117","0.3745037615299225","0.3745037615299225","0.3745037615299225","1.163537859916687","1.163537859916687","1.163537859916687"
"15719","0.24511303007602692","0.24511303007602692","0.24511303007602692","0.3339713215827942","0.3339713215827942","0.3339713215827942","1.130484700202942","1.130484700202942","1.130484700202942"
"15749","0.2027958482503891","0.2027958482503891","0.2027958482503891","0.3052217662334442","0.3052217662334442","0.3052217662334442","1.1068572998046875","1.1068572998046875","1.1068572998046875"
"15779","0.22199557721614838","0.22199557721614838","0.22199557721614838","0.32775336503982544","0.32775336503982544","0.32775336503982544","1.1505640745162964","1.1505640745162964","1.1505640745162964"
"15809","0.2023392617702484","0.2023392617702484","0.2023392617702484","0.30419793725013733","0.30419793725013733","0.30419793725013733","1.1418699026107788","1.1418699026107788","1.1418699026107788"
"15839","0.21770524978637695","0.21770524978637695","0.21770524978637695","0.32616350054740906","0.32616350054740906","0.32616350054740906","1.1261770725250244","1.1261770725250244","1.1261770725250244"
"15869","0.2081393152475357","0.2081393152475357","0.2081393152475357","0.32939794659614563","0.32939794659614563","0.32939794659614563","1.1053001880645752","1.1053001880645752","1.1053001880645752"
"15899","0.25084295868873596","0.25084295868873596","0.25084295868873596","0.3503061532974243","0.3503061532974243","0.3503061532974243","1.1025627851486206","1.1025627851486206","1.1025627851486206"
"15929","0.29399552941322327","0.29399552941322327","0.29399552941322327","0.4768749177455902","0.4768749177455902","0.4768749177455902","1.183909296989441","1.183909296989441","1.183909296989441"
"15959","0.22505566477775574","0.22505566477775574","0.22505566477775574","0.3218075633049011","0.3218075633049011","0.3218075633049011","1.13933265209198","1.13933265209198","1.13933265209198"
"15989","0.22114476561546326","0.22114476561546326","0.22114476561546326","0.33913055062294006","0.33913055062294006","0.33913055062294006","1.1551525592803955","1.1551525592803955","1.1551525592803955"
"16019","0.24826793372631073","0.24826793372631073","0.24826793372631073","0.3557010293006897","0.3557010293006897","0.3557010293006897","1.1259349584579468","1.1259349584579468","1.1259349584579468"
"16049","0.2392762452363968","0.2392762452363968","0.2392762452363968","0.3440559208393097","0.3440559208393097","0.3440559208393097","1.1554553508758545","1.1554553508758545","1.1554553508758545"
"16079","0.21567243337631226","0.21567243337631226","0.21567243337631226","0.3452955484390259","0.3452955484390259","0.3452955484390259","1.170101284980774","1.170101284980774","1.170101284980774"
"16109","0.2959028482437134","0.2959028482437134","0.2959028482437134","0.4433327913284302","0.4433327913284302","0.4433327913284302","1.107467770576477","1.107467770576477","1.107467770576477"
"16139","0.21551081538200378","0.21551081538200378","0.21551081538200378","0.2691863477230072","0.2691863477230072","0.2691863477230072","1.1219443082809448","1.1219443082809448","1.1219443082809448"
"16169","0.2219952791929245","0.2219952791929245","0.2219952791929245","0.33122390508651733","0.33122390508651733","0.33122390508651733","1.112752079963684","1.112752079963684","1.112752079963684"
"16199","0.24774803221225739","0.24774803221225739","0.24774803221225739","0.3592856526374817","0.3592856526374817","0.3592856526374817","1.1544456481933594","1.1544456481933594","1.1544456481933594"
"16229","0.2301546037197113","0.2301546037197113","0.2301546037197113","0.30475082993507385","0.30475082993507385","0.30475082993507385","1.1008158922195435","1.1008158922195435","1.1008158922195435"
"16259","0.2869614064693451","0.2869614064693451","0.2869614064693451","0.42938879132270813","0.42938879132270813","0.42938879132270813","1.1095829010009766","1.1095829010009766","1.1095829010009766"
"16289","0.2344672977924347","0.2344672977924347","0.2344672977924347","0.29684436321258545","0.29684436321258545","0.29684436321258545","1.1083765029907227","1.1083765029907227","1.1083765029907227"
"16319","0.22969546914100647","0.22969546914100647","0.22969546914100647","0.30904436111450195","0.30904436111450195","0.30904436111450195","1.133254885673523","1.133254885673523","1.133254885673523"
"16349","0.27665430307388306","0.27665430307388306","0.27665430307388306","0.4006011188030243","0.4006011188030243","0.4006011188030243","1.1310670375823975","1.1310670375823975","1.1310670375823975"
"16379","0.20802493393421173","0.20802493393421173","0.20802493393421173","0.3012182116508484","0.3012182116508484","0.3012182116508484","1.1269067525863647","1.1269067525863647","1.1269067525863647"
"16409","0.2146868109703064","0.2146868109703064","0.2146868109703064","0.301194965839386","0.301194965839386","0.301194965839386","1.1052647829055786","1.1052647829055786","1.1052647829055786"
"16439","0.26614031195640564","0.26614031195640564","0.26614031195640564","0.34945106506347656","0.34945106506347656","0.34945106506347656","1.1094560623168945","1.1094560623168945","1.1094560623168945"
"16469","0.2059944123029709","0.2059944123029709","0.2059944123029709","0.32052725553512573","0.32052725553512573","0.32052725553512573","1.1473923921585083","1.1473923921585083","1.1473923921585083"
"16499","0.2207176685333252","0.2207176685333252","0.2207176685333252","0.29943159222602844","0.29943159222602844","0.29943159222602844","1.0753432512283325","1.0753432512283325","1.0753432512283325"
"16529","0.21026469767093658","0.21026469767093658","0.21026469767093658","0.289448618888855","0.289448618888855","0.289448618888855","1.066552996635437","1.066552996635437","1.066552996635437"
"16559","0.2042703926563263","0.2042703926563263","0.2042703926563263","0.303426057100296","0.303426057100296","0.303426057100296","1.0986415147781372","1.0986415147781372","1.0986415147781372"
"16589","0.20916756987571716","0.20916756987571716","0.20916756987571716","0.31735509634017944","0.31735509634017944","0.31735509634017944","1.0982128381729126","1.0982128381729126","1.0982128381729126"
"16619","0.18808701634407043","0.18808701634407043","0.18808701634407043","0.3000364601612091","0.3000364601612091","0.3000364601612091","1.133708119392395","1.133708119392395","1.133708119392395"
"16649","0.2229854017496109","0.2229854017496109","0.2229854017496109","0.3197477161884308","0.3197477161884308","0.3197477161884308","1.1748847961425781","1.1748847961425781","1.1748847961425781"
"16679","0.27303797006607056","0.27303797006607056","0.27303797006607056","0.40316930413246155","0.40316930413246155","0.40316930413246155","1.0724457502365112","1.0724457502365112","1.0724457502365112"
"16709","0.23252536356449127","0.23252536356449127","0.23252536356449127","0.2641044855117798","0.2641044855117798","0.2641044855117798","1.049063801765442","1.049063801765442","1.049063801765442"
"16739","0.21781222522258759","0.21781222522258759","0.21781222522258759","0.2797485888004303","0.2797485888004303","0.2797485888004303","1.1136606931686401","1.1136606931686401","1.1136606931686401"
"16769","0.19922257959842682","0.19922257959842682","0.19922257959842682","0.29537492990493774","0.29537492990493774","0.29537492990493774","1.0900065898895264","1.0900065898895264","1.0900065898895264"
"16799","0.1846533715724945","0.1846533715724945","0.1846533715724945","0.26852282881736755","0.26852282881736755","0.26852282881736755","1.0890660285949707","1.0890660285949707","1.0890660285949707"
"16829","0.21276457607746124","0.21276457607746124","0.21276457607746124","0.31356188654899597","0.31356188654899597","0.31356188654899597","1.1149957180023193","1.1149957180023193","1.1149957180023193"
"16859","0.2402448207139969","0.2402448207139969","0.2402448207139969","0.30469661951065063","0.30469661951065063","0.30469661951065063","1.0808945894241333","1.0808945894241333","1.0808945894241333"
"16889","0.25418609380722046","0.25418609380722046","0.25418609380722046","0.4072989523410797","0.4072989523410797","0.4072989523410797","1.0724127292633057","1.0724127292633057","1.0724127292633057"
"16919","0.2641791105270386","0.2641791105270386","0.2641791105270386","0.36929360032081604","0.36929360032081604","0.36929360032081604","1.0610884428024292","1.0610884428024292","1.0610884428024292"
"16949","0.22589972615242004","0.22589972615242004","0.22589972615242004","0.3117775619029999","0.3117775619029999","0.3117775619029999","1.105787992477417","1.105787992477417","1.105787992477417"
"16979","0.19192835688591003","0.19192835688591003","0.19192835688591003","0.2878664433956146","0.2878664433956146","0.2878664433956146","1.0708080530166626","1.0708080530166626","1.0708080530166626"
"17009","0.19114166498184204","0.19114166498184204","0.19114166498184204","0.28770872950553894","0.28770872950553894","0.28770872950553894","1.086272120475769","1.086272120475769","1.086272120475769"
"17039","0.21107661724090576","0.21107661724090576","0.21107661724090576","0.2595588266849518","0.2595588266849518","0.2595588266849518","1.0251415967941284","1.0251415967941284","1.0251415967941284"
"17069","0.20681335031986237","0.20681335031986237","0.20681335031986237","0.28631868958473206","0.28631868958473206","0.28631868958473206","1.1270490884780884","1.1270490884780884","1.1270490884780884"
"17099","0.21027366816997528","0.21027366816997528","0.21027366816997528","0.2935962975025177","0.2935962975025177","0.2935962975025177","1.0751622915267944","1.0751622915267944","1.0751622915267944"
"17129","0.20350080728530884","0.20350080728530884","0.20350080728530884","0.25887078046798706","0.25887078046798706","0.25887078046798706","1.0283434391021729","1.0283434391021729","1.0283434391021729"
"17159","0.2289799302816391","0.2289799302816391","0.2289799302816391","0.31628695130348206","0.31628695130348206","0.31628695130348206","1.0645556449890137","1.0645556449890137","1.0645556449890137"
"17189","0.20851363241672516","0.20851363241672516","0.20851363241672516","0.28940922021865845","0.28940922021865845","0.28940922021865845","1.0958839654922485","1.0958839654922485","1.0958839654922485"
"17219","0.19816815853118896","0.19816815853118896","0.19816815853118896","0.25741153955459595","0.25741153955459595","0.25741153955459595","1.009745478630066","1.009745478630066","1.009745478630066"
"17249","0.20003801584243774","0.20003801584243774","0.20003801584243774","0.3051442503929138","0.3051442503929138","0.3051442503929138","1.1255537271499634","1.1255537271499634","1.1255537271499634"
"17279","0.20587576925754547","0.20587576925754547","0.20587576925754547","0.2560541033744812","0.2560541033744812","0.2560541033744812","0.9966692924499512","0.9966692924499512","0.9966692924499512"
"17309","0.22159934043884277","0.22159934043884277","0.22159934043884277","0.2645450234413147","0.2645450234413147","0.2645450234413147","1.0310245752334595","1.0310245752334595","1.0310245752334595"
"17339","0.18993617594242096","0.18993617594242096","0.18993617594242096","0.25558215379714966","0.25558215379714966","0.25558215379714966","1.0529049634933472","1.0529049634933472","1.0529049634933472"
"17369","0.20180262625217438","0.20180262625217438","0.20180262625217438","0.23392534255981445","0.23392534255981445","0.23392534255981445","1.01792573928833","1.01792573928833","1.01792573928833"
"17399","0.20371003448963165","0.20371003448963165","0.20371003448963165","0.2930104732513428","0.2930104732513428","0.2930104732513428","1.1387951374053955","1.1387951374053955","1.1387951374053955"
"17429","0.27941417694091797","0.27941417694091797","0.27941417694091797","0.3885360658168793","0.3885360658168793","0.3885360658168793","1.0275349617004395","1.0275349617004395","1.0275349617004395"
"17459","0.18974478542804718","0.18974478542804718","0.18974478542804718","0.2715258300304413","0.2715258300304413","0.2715258300304413","1.0339436531066895","1.0339436531066895","1.0339436531066895"
"17489","0.2829206883907318","0.2829206883907318","0.2829206883907318","0.3942916691303253","0.3942916691303253","0.3942916691303253","1.0376006364822388","1.0376006364822388","1.0376006364822388"
"17519","0.16985438764095306","0.16985438764095306","0.16985438764095306","0.261832058429718","0.261832058429718","0.261832058429718","1.021796703338623","1.021796703338623","1.021796703338623"
"17549","0.17157433927059174","0.17157433927059174","0.17157433927059174","0.27626436948776245","0.27626436948776245","0.27626436948776245","1.0507057905197144","1.0507057905197144","1.0507057905197144"
"17579","0.203044593334198","0.203044593334198","0.203044593334198","0.2690626382827759","0.2690626382827759","0.2690626382827759","1.0521117448806763","1.0521117448806763","1.0521117448806763"
"17609","0.20056270062923431","0.20056270062923431","0.20056270062923431","0.2621632218360901","0.2621632218360901","0.2621632218360901","1.0441462993621826","1.0441462993621826","1.0441462993621826"
"17639","0.1964297890663147","0.1964297890663147","0.1964297890663147","0.24228887259960175","0.24228887259960175","0.24228887259960175","1.0495812892913818","1.0495812892913818","1.0495812892913818"
"17669","0.23527227342128754","0.23527227342128754","0.23527227342128754","0.3001420795917511","0.3001420795917511","0.3001420795917511","1.0628880262374878","1.0628880262374878","1.0628880262374878"
"17699","0.16899839043617249","0.16899839043617249","0.16899839043617249","0.2519000172615051","0.2519000172615051","0.2519000172615051","0.9910221099853516","0.9910221099853516","0.9910221099853516"
"17729","0.17939071357250214","0.17939071357250214","0.17939071357250214","0.24869102239608765","0.24869102239608765","0.24869102239608765","0.9912169575691223","0.9912169575691223","0.9912169575691223"
"17759","0.17682258784770966","0.17682258784770966","0.17682258784770966","0.24955476820468903","0.24955476820468903","0.24955476820468903","1.0433437824249268","1.0433437824249268","1.0433437824249268"
"17789","0.21997332572937012","0.21997332572937012","0.21997332572937012","0.27820417284965515","0.27820417284965515","0.27820417284965515","1.0603663921356201","1.0603663921356201","1.0603663921356201"
"17819","0.21068018674850464","0.21068018674850464","0.21068018674850464","0.29017290472984314","0.29017290472984314","0.29017290472984314","1.0524616241455078","1.0524616241455078","1.0524616241455078"
"17849","0.16691741347312927","0.16691741347312927","0.16691741347312927","0.2420756071805954","0.2420756071805954","0.2420756071805954","1.033930778503418","1.033930778503418","1.033930778503418"
"17879","0.20705005526542664","0.20705005526542664","0.20705005526542664","0.2839291989803314","0.2839291989803314","0.2839291989803314","1.0566169023513794","1.0566169023513794","1.0566169023513794"
"17909","0.24796827137470245","0.24796827137470245","0.24796827137470245","0.3865313231945038","0.3865313231945038","0.3865313231945038","1.0692139863967896","1.0692139863967896","1.0692139863967896"
"17939","0.16506259143352509","0.16506259143352509","0.16506259143352509","0.2842155992984772","0.2842155992984772","0.2842155992984772","1.0300183296203613","1.0300183296203613","1.0300183296203613"
"17969","0.20048865675926208","0.20048865675926208","0.20048865675926208","0.25756025314331055","0.25756025314331055","0.25756025314331055","1.0168952941894531","1.0168952941894531","1.0168952941894531"
"17999","0.2727939784526825","0.2727939784526825","0.2727939784526825","0.4146708846092224","0.4146708846092224","0.4146708846092224","1.0713266134262085","1.0713266134262085","1.0713266134262085"
"18029","0.18898704648017883","0.18898704648017883","0.18898704648017883","0.28629690408706665","0.28629690408706665","0.28629690408706665","1.0315979719161987","1.0315979719161987","1.0315979719161987"
"18059","0.1793781816959381","0.1793781816959381","0.1793781816959381","0.2541578710079193","0.2541578710079193","0.2541578710079193","1.0197943449020386","1.0197943449020386","1.0197943449020386"
"18089","0.21195751428604126","0.21195751428604126","0.21195751428604126","0.2663915157318115","0.2663915157318115","0.2663915157318115","1.059236764907837","1.059236764907837","1.059236764907837"
"18119","0.1765432506799698","0.1765432506799698","0.1765432506799698","0.28652629256248474","0.28652629256248474","0.28652629256248474","1.081074595451355","1.081074595451355","1.081074595451355"
"18149","0.1991821974515915","0.1991821974515915","0.1991821974515915","0.2699527144432068","0.2699527144432068","0.2699527144432068","1.0210115909576416","1.0210115909576416","1.0210115909576416"
"18179","0.1899394690990448","0.1899394690990448","0.1899394690990448","0.25821828842163086","0.25821828842163086","0.25821828842163086","1.0457720756530762","1.0457720756530762","1.0457720756530762"
"18209","0.24835561215877533","0.24835561215877533","0.24835561215877533","0.41029030084609985","0.41029030084609985","0.41029030084609985","1.0733908414840698","1.0733908414840698","1.0733908414840698"
"18239","0.1866472065448761","0.1866472065448761","0.1866472065448761","0.30059218406677246","0.30059218406677246","0.30059218406677246","1.0502967834472656","1.0502967834472656","1.0502967834472656"
"18269","0.22169525921344757","0.22169525921344757","0.22169525921344757","0.3141208589076996","0.3141208589076996","0.3141208589076996","1.016412377357483","1.016412377357483","1.016412377357483"
"18299","0.221210315823555","0.221210315823555","0.221210315823555","0.3670025169849396","0.3670025169849396","0.3670025169849396","0.9939762949943542","0.9939762949943542","0.9939762949943542"
"18329","0.19625556468963623","0.19625556468963623","0.19625556468963623","0.29321157932281494","0.29321157932281494","0.29321157932281494","1.002090573310852","1.002090573310852","1.002090573310852"
"18359","0.2555215656757355","0.2555215656757355","0.2555215656757355","0.38375309109687805","0.38375309109687805","0.38375309109687805","1.0267902612686157","1.0267902612686157","1.0267902612686157"
"18389","0.1777665615081787","0.1777665615081787","0.1777665615081787","0.2598583996295929","0.2598583996295929","0.2598583996295929","0.9821488261222839","0.9821488261222839","0.9821488261222839"
"18419","0.19464324414730072","0.19464324414730072","0.19464324414730072","0.30284327268600464","0.30284327268600464","0.30284327268600464","1.0228970050811768","1.0228970050811768","1.0228970050811768"
"18449","0.17533308267593384","0.17533308267593384","0.17533308267593384","0.27919313311576843","0.27919313311576843","0.27919313311576843","0.9772241115570068","0.9772241115570068","0.9772241115570068"
"18479","0.19459040462970734","0.19459040462970734","0.19459040462970734","0.27681034803390503","0.27681034803390503","0.27681034803390503","1.062673807144165","1.062673807144165","1.062673807144165"
"18509","0.19051244854927063","0.19051244854927063","0.19051244854927063","0.27248096466064453","0.27248096466064453","0.27248096466064453","1.015824556350708","1.015824556350708","1.015824556350708"
"18539","0.19138945639133453","0.19138945639133453","0.19138945639133453","0.2757333815097809","0.2757333815097809","0.2757333815097809","1.0241076946258545","1.0241076946258545","1.0241076946258545"
"18569","0.17059695720672607","0.17059695720672607","0.17059695720672607","0.23471248149871826","0.23471248149871826","0.23471248149871826","0.9847280383110046","0.9847280383110046","0.9847280383110046"
"18599","0.1755981147289276","0.1755981147289276","0.1755981147289276","0.26030799746513367","0.26030799746513367","0.26030799746513367","1.031114935874939","1.031114935874939","1.031114935874939"
"18629","0.21309985220432281","0.21309985220432281","0.21309985220432281","0.270049124956131","0.270049124956131","0.270049124956131","1.0315742492675781","1.0315742492675781","1.0315742492675781"
"18659","0.23481464385986328","0.23481464385986328","0.23481464385986328","0.3590439558029175","0.3590439558029175","0.3590439558029175","0.9934456944465637","0.9934456944465637","0.9934456944465637"
"18689","0.20732872188091278","0.20732872188091278","0.20732872188091278","0.23704688251018524","0.23704688251018524","0.23704688251018524","0.9483945965766907","0.9483945965766907","0.9483945965766907"
"18719","0.18164420127868652","0.18164420127868652","0.18164420127868652","0.24190132319927216","0.24190132319927216","0.24190132319927216","0.9889944791793823","0.9889944791793823","0.9889944791793823"
"18749","0.15989156067371368","0.15989156067371368","0.15989156067371368","0.2570117115974426","0.2570117115974426","0.2570117115974426","0.9701595902442932","0.9701595902442932","0.9701595902442932"
"18779","0.2551683783531189","0.2551683783531189","0.2551683783531189","0.36970239877700806","0.36970239877700806","0.36970239877700806","0.9815751314163208","0.9815751314163208","0.9815751314163208"
"18809","0.2067497968673706","0.2067497968673706","0.2067497968673706","0.2603279948234558","0.2603279948234558","0.2603279948234558","1.015223741531372","1.015223741531372","1.015223741531372"
"18839","0.25111818313598633","0.25111818313598633","0.25111818313598633","0.4022601842880249","0.4022601842880249","0.4022601842880249","1.0230542421340942","1.0230542421340942","1.0230542421340942"
"18869","0.17009125649929047","0.17009125649929047","0.17009125649929047","0.2810433804988861","0.2810433804988861","0.2810433804988861","1.0118463039398193","1.0118463039398193","1.0118463039398193"
"18899","0.19160640239715576","0.19160640239715576","0.19160640239715576","0.2682356834411621","0.2682356834411621","0.2682356834411621","1.0182032585144043","1.0182032585144043","1.0182032585144043"
"18929","0.2621505558490753","0.2621505558490753","0.2621505558490753","0.37601691484451294","0.37601691484451294","0.37601691484451294","0.98768550157547","0.98768550157547","0.98768550157547"
"18959","0.22750329971313477","0.22750329971313477","0.22750329971313477","0.26720499992370605","0.26720499992370605","0.26720499992370605","0.9763936996459961","0.9763936996459961","0.9763936996459961"
"18989","0.1937503069639206","0.1937503069639206","0.1937503069639206","0.2705317735671997","0.2705317735671997","0.2705317735671997","0.9985111951828003","0.9985111951828003","0.9985111951828003"
"19019","0.17371326684951782","0.17371326684951782","0.17371326684951782","0.25169384479522705","0.25169384479522705","0.25169384479522705","0.9653893709182739","0.9653893709182739","0.9653893709182739"
"19049","0.17300330102443695","0.17300330102443695","0.17300330102443695","0.23654744029045105","0.23654744029045105","0.23654744029045105","0.9670413136482239","0.9670413136482239","0.9670413136482239"
"19079","0.16769225895404816","0.16769225895404816","0.16769225895404816","0.25612780451774597","0.25612780451774597","0.25612780451774597","0.9728291630744934","0.9728291630744934","0.9728291630744934"
"19109","0.2611059844493866","0.2611059844493866","0.2611059844493866","0.36245742440223694","0.36245742440223694","0.36245742440223694","0.9992613196372986","0.9992613196372986","0.9992613196372986"
"19139","0.2105076164007187","0.2105076164007187","0.2105076164007187","0.2282591611146927","0.2282591611146927","0.2282591611146927","1.0018656253814697","1.0018656253814697","1.0018656253814697"
"19169","0.18522284924983978","0.18522284924983978","0.18522284924983978","0.2750385105609894","0.2750385105609894","0.2750385105609894","0.9689028859138489","0.9689028859138489","0.9689028859138489"
"19199","0.18545743823051453","0.18545743823051453","0.18545743823051453","0.256636381149292","0.256636381149292","0.256636381149292","0.9577419757843018","0.9577419757843018","0.9577419757843018"
"19229","0.19357426464557648","0.19357426464557648","0.19357426464557648","0.23934406042099","0.23934406042099","0.23934406042099","1.0113937854766846","1.0113937854766846","1.0113937854766846"
"19259","0.19116702675819397","0.19116702675819397","0.19116702675819397","0.26600027084350586","0.26600027084350586","0.26600027084350586","1.0052207708358765","1.0052207708358765","1.0052207708358765"
"19289","0.17190639674663544","0.17190639674663544","0.17190639674663544","0.23421137034893036","0.23421137034893036","0.23421137034893036","0.9735239744186401","0.9735239744186401","0.9735239744186401"
"19319","0.20697493851184845","0.20697493851184845","0.20697493851184845","0.28699490427970886","0.28699490427970886","0.28699490427970886","1.0334718227386475","1.0334718227386475","1.0334718227386475"
"19349","0.18150226771831512","0.18150226771831512","0.18150226771831512","0.278425931930542","0.278425931930542","0.278425931930542","0.9975556135177612","0.9975556135177612","0.9975556135177612"
"19379","0.1650150716304779","0.1650150716304779","0.1650150716304779","0.2431507408618927","0.2431507408618927","0.2431507408618927","0.9405003190040588","0.9405003190040588","0.9405003190040588"
"19409","0.17545674741268158","0.17545674741268158","0.17545674741268158","0.22830459475517273","0.22830459475517273","0.22830459475517273","0.9324450492858887","0.9324450492858887","0.9324450492858887"
"19439","0.1668429970741272","0.1668429970741272","0.1668429970741272","0.2238665372133255","0.2238665372133255","0.2238665372133255","0.9684242606163025","0.9684242606163025","0.9684242606163025"
"19469","0.16287346184253693","0.16287346184253693","0.16287346184253693","0.2184411883354187","0.2184411883354187","0.2184411883354187","0.9489514231681824","0.9489514231681824","0.9489514231681824"
"19499","0.17089256644248962","0.17089256644248962","0.17089256644248962","0.25471818447113037","0.25471818447113037","0.25471818447113037","0.9779954552650452","0.9779954552650452","0.9779954552650452"
"19529","0.18580161035060883","0.18580161035060883","0.18580161035060883","0.2415710836648941","0.2415710836648941","0.2415710836648941","1.0103249549865723","1.0103249549865723","1.0103249549865723"
"19559","0.17483657598495483","0.17483657598495483","0.17483657598495483","0.23796948790550232","0.23796948790550232","0.23796948790550232","0.9387801885604858","0.9387801885604858","0.9387801885604858"
"19589","0.1960693895816803","0.1960693895816803","0.1960693895816803","0.242161363363266","0.242161363363266","0.242161363363266","0.924270749092102","0.924270749092102","0.924270749092102"
"19619","0.18137210607528687","0.18137210607528687","0.18137210607528687","0.2505611479282379","0.2505611479282379","0.2505611479282379","0.9822382926940918","0.9822382926940918","0.9822382926940918"
"19649","0.2072632610797882","0.2072632610797882","0.2072632610797882","0.2631000578403473","0.2631000578403473","0.2631000578403473","0.9749926328659058","0.9749926328659058","0.9749926328659058"
"19679","0.18127410113811493","0.18127410113811493","0.18127410113811493","0.21761322021484375","0.21761322021484375","0.21761322021484375","0.9303527474403381","0.9303527474403381","0.9303527474403381"
"19709","0.2543424665927887","0.2543424665927887","0.2543424665927887","0.34963512420654297","0.34963512420654297","0.34963512420654297","0.9678052067756653","0.9678052067756653","0.9678052067756653"
"19739","0.1873900443315506","0.1873900443315506","0.1873900443315506","0.23602378368377686","0.23602378368377686","0.23602378368377686","0.9442502856254578","0.9442502856254578","0.9442502856254578"
"19769","0.148567333817482","0.148567333817482","0.148567333817482","0.21222205460071564","0.21222205460071564","0.21222205460071564","0.9257690906524658","0.9257690906524658","0.9257690906524658"
"19799","0.18651366233825684","0.18651366233825684","0.18651366233825684","0.23740191757678986","0.23740191757678986","0.23740191757678986","0.9493539333343506","0.9493539333343506","0.9493539333343506"
"19829","0.2433650940656662","0.2433650940656662","0.2433650940656662","0.37901321053504944","0.37901321053504944","0.37901321053504944","1.0007487535476685","1.0007487535476685","1.0007487535476685"
"19859","0.18686744570732117","0.18686744570732117","0.18686744570732117","0.2521723508834839","0.2521723508834839","0.2521723508834839","0.9719317555427551","0.9719317555427551","0.9719317555427551"
"19889","0.17823880910873413","0.17823880910873413","0.17823880910873413","0.24543239176273346","0.24543239176273346","0.24543239176273346","0.9439632892608643","0.9439632892608643","0.9439632892608643"
"19919","0.231523334980011","0.231523334980011","0.231523334980011","0.3545489013195038","0.3545489013195038","0.3545489013195038","0.9825561046600342","0.9825561046600342","0.9825561046600342"
"19949","0.172941654920578","0.172941654920578","0.172941654920578","0.254789263010025","0.254789263010025","0.254789263010025","0.9726507067680359","0.9726507067680359","0.9726507067680359"
"19979","0.20807063579559326","0.20807063579559326","0.20807063579559326","0.24397413432598114","0.24397413432598114","0.24397413432598114","0.9665098190307617","0.9665098190307617","0.9665098190307617"