"Step","layer_10_hook_resid_pre_gpt2_standard_fisher_true_project_TinyStories - losses/fisher_reg_term","layer_10_hook_resid_pre_gpt2_standard_fisher_true_project_TinyStories - losses/fisher_reg_term__MIN","layer_10_hook_resid_pre_gpt2_standard_fisher_true_project_TinyStories - losses/fisher_reg_term__MAX","layer_5_hook_resid_pre_gpt2_standard_fisher_true_project_TinyStories - losses/fisher_reg_term","layer_5_hook_resid_pre_gpt2_standard_fisher_true_project_TinyStories - losses/fisher_reg_term__MIN","layer_5_hook_resid_pre_gpt2_standard_fisher_true_project_TinyStories - losses/fisher_reg_term__MAX","layer_0_hook_resid_pre_gpt2_standard_fisher_true_project_TinyStories - losses/fisher_reg_term","layer_0_hook_resid_pre_gpt2_standard_fisher_true_project_TinyStories - losses/fisher_reg_term__MIN","layer_0_hook_resid_pre_gpt2_standard_fisher_true_project_TinyStories - losses/fisher_reg_term__MAX"
"29","6.4265947341918945","6.4265947341918945","6.4265947341918945","7.278107643127441","7.278107643127441","7.278107643127441","2.9096484184265137","2.9096484184265137","2.9096484184265137"
"59","7.9568328857421875","7.9568328857421875","7.9568328857421875","9.22629451751709","9.22629451751709","9.22629451751709","2.8691890239715576","2.8691890239715576","2.8691890239715576"
"89","6.236767292022705","6.236767292022705","6.236767292022705","9.45092487335205","9.45092487335205","9.45092487335205","2.838472843170166","2.838472843170166","2.838472843170166"
"119","5.186830997467041","5.186830997467041","5.186830997467041","8.212249755859375","8.212249755859375","8.212249755859375","2.579111337661743","2.579111337661743","2.579111337661743"
"149","43.44779586791992","43.44779586791992","43.44779586791992","63.17808532714844","63.17808532714844","63.17808532714844","2.271595001220703","2.271595001220703","2.271595001220703"
"179","45.838417053222656","45.838417053222656","45.838417053222656","63.87892532348633","63.87892532348633","63.87892532348633","2.217494249343872","2.217494249343872","2.217494249343872"
"209","4.140712261199951","4.140712261199951","4.140712261199951","6.424172878265381","6.424172878265381","6.424172878265381","2.0670602321624756","2.0670602321624756","2.0670602321624756"
"239","3.945960521697998","3.945960521697998","3.945960521697998","5.309205055236816","5.309205055236816","5.309205055236816","1.8683652877807617","1.8683652877807617","1.8683652877807617"
"269","3.984614133834839","3.984614133834839","3.984614133834839","5.561126708984375","5.561126708984375","5.561126708984375","2.1354756355285645","2.1354756355285645","2.1354756355285645"
"299","3.58200740814209","3.58200740814209","3.58200740814209","5.219385147094727","5.219385147094727","5.219385147094727","1.8648618459701538","1.8648618459701538","1.8648618459701538"
"329","59.49387741088867","59.49387741088867","59.49387741088867","32.262447357177734","32.262447357177734","32.262447357177734","10.927978515625","10.927978515625","10.927978515625"
"359","51.526611328125","51.526611328125","51.526611328125","25.123682022094727","25.123682022094727","25.123682022094727","7.255582332611084","7.255582332611084","7.255582332611084"
"389","47.93291473388672","47.93291473388672","47.93291473388672","22.462366104125977","22.462366104125977","22.462366104125977","6.83814811706543","6.83814811706543","6.83814811706543"
"419","49.615272521972656","49.615272521972656","49.615272521972656","21.397472381591797","21.397472381591797","21.397472381591797","6.580220699310303","6.580220699310303","6.580220699310303"
"449","45.31424331665039","45.31424331665039","45.31424331665039","18.13947105407715","18.13947105407715","18.13947105407715","6.352441310882568","6.352441310882568","6.352441310882568"
"479","48.455867767333984","48.455867767333984","48.455867767333984","19.91602325439453","19.91602325439453","19.91602325439453","5.92788553237915","5.92788553237915","5.92788553237915"
"509","46.999080657958984","46.999080657958984","46.999080657958984","20.227928161621094","20.227928161621094","20.227928161621094","5.908329963684082","5.908329963684082","5.908329963684082"
"539","38.880615234375","38.880615234375","38.880615234375","51.41138458251953","51.41138458251953","51.41138458251953","6.358684062957764","6.358684062957764","6.358684062957764"
"569","42.40796661376953","42.40796661376953","42.40796661376953","16.72889518737793","16.72889518737793","16.72889518737793","6.0314836502075195","6.0314836502075195","6.0314836502075195"
"599","44.55271530151367","44.55271530151367","44.55271530151367","15.663422584533691","15.663422584533691","15.663422584533691","5.366222858428955","5.366222858428955","5.366222858428955"
"629","47.47212600708008","47.47212600708008","47.47212600708008","17.794328689575195","17.794328689575195","17.794328689575195","4.767559051513672","4.767559051513672","4.767559051513672"
"659","50.334774017333984","50.334774017333984","50.334774017333984","18.81544303894043","18.81544303894043","18.81544303894043","4.40467643737793","4.40467643737793","4.40467643737793"
"689","61.54686737060547","61.54686737060547","61.54686737060547","62.84410095214844","62.84410095214844","62.84410095214844","4.502434730529785","4.502434730529785","4.502434730529785"
"719","46.29965591430664","46.29965591430664","46.29965591430664","16.114736557006836","16.114736557006836","16.114736557006836","4.589012145996094","4.589012145996094","4.589012145996094"
"749","44.35391616821289","44.35391616821289","44.35391616821289","16.775028228759766","16.775028228759766","16.775028228759766","4.932803630828857","4.932803630828857","4.932803630828857"
"779","44.72661590576172","44.72661590576172","44.72661590576172","15.32489013671875","15.32489013671875","15.32489013671875","4.504152774810791","4.504152774810791","4.504152774810791"
"809","60.56831741333008","60.56831741333008","60.56831741333008","61.84432601928711","61.84432601928711","61.84432601928711","4.445496559143066","4.445496559143066","4.445496559143066"
"839","45.521995544433594","45.521995544433594","45.521995544433594","15.388410568237305","15.388410568237305","15.388410568237305","4.286709308624268","4.286709308624268","4.286709308624268"
"869","57.44990921020508","57.44990921020508","57.44990921020508","60.5927734375","60.5927734375","60.5927734375","5.303825378417969","5.303825378417969","5.303825378417969"
"899","44.08323287963867","44.08323287963867","44.08323287963867","15.575716972351074","15.575716972351074","15.575716972351074","4.471096515655518","4.471096515655518","4.471096515655518"
"929","43.42824935913086","43.42824935913086","43.42824935913086","15.046027183532715","15.046027183532715","15.046027183532715","4.455514907836914","4.455514907836914","4.455514907836914"
"959","37.45203399658203","37.45203399658203","37.45203399658203","48.05181121826172","48.05181121826172","48.05181121826172","4.840496063232422","4.840496063232422","4.840496063232422"
"989","54.30255889892578","54.30255889892578","54.30255889892578","16.35242462158203","16.35242462158203","16.35242462158203","3.276186943054199","3.276186943054199","3.276186943054199"
"1019","63.047000885009766","63.047000885009766","63.047000885009766","60.7050666809082","60.7050666809082","60.7050666809082","3.295572519302368","3.295572519302368","3.295572519302368"
"1049","49.92569351196289","49.92569351196289","49.92569351196289","13.644598960876465","13.644598960876465","13.644598960876465","3.3275740146636963","3.3275740146636963","3.3275740146636963"
"1079","48.40951919555664","48.40951919555664","48.40951919555664","12.18246841430664","12.18246841430664","12.18246841430664","3.2861742973327637","3.2861742973327637","3.2861742973327637"
"1109","61.737430572509766","61.737430572509766","61.737430572509766","59.59407043457031","59.59407043457031","59.59407043457031","3.5644643306732178","3.5644643306732178","3.5644643306732178"
"1139","39.42599868774414","39.42599868774414","39.42599868774414","13.028217315673828","13.028217315673828","13.028217315673828","4.314394474029541","4.314394474029541","4.314394474029541"
"1169","38.099552154541016","38.099552154541016","38.099552154541016","11.863348960876465","11.863348960876465","11.863348960876465","4.160801410675049","4.160801410675049","4.160801410675049"
"1199","36.766849517822266","36.766849517822266","36.766849517822266","11.27504825592041","11.27504825592041","11.27504825592041","4.003200054168701","4.003200054168701","4.003200054168701"
"1229","62.437225341796875","62.437225341796875","62.437225341796875","59.633445739746094","59.633445739746094","59.633445739746094","3.0533745288848877","3.0533745288848877","3.0533745288848877"
"1259","39.71136474609375","39.71136474609375","39.71136474609375","12.030912399291992","12.030912399291992","12.030912399291992","3.823552370071411","3.823552370071411","3.823552370071411"
"1289","37.06068801879883","37.06068801879883","37.06068801879883","10.848523139953613","10.848523139953613","10.848523139953613","3.5582690238952637","3.5582690238952637","3.5582690238952637"
"1319","41.0546760559082","41.0546760559082","41.0546760559082","47.89490509033203","47.89490509033203","47.89490509033203","3.8148763179779053","3.8148763179779053","3.8148763179779053"
"1349","40.40210723876953","40.40210723876953","40.40210723876953","12.042548179626465","12.042548179626465","12.042548179626465","3.7485311031341553","3.7485311031341553","3.7485311031341553"
"1379","40.99831008911133","40.99831008911133","40.99831008911133","11.637898445129395","11.637898445129395","11.637898445129395","3.1710124015808105","3.1710124015808105","3.1710124015808105"
"1409","36.39799880981445","36.39799880981445","36.39799880981445","11.042902946472168","11.042902946472168","11.042902946472168","3.456430673599243","3.456430673599243","3.456430673599243"
"1439","35.444698333740234","35.444698333740234","35.444698333740234","11.560595512390137","11.560595512390137","11.560595512390137","4.18797492980957","4.18797492980957","4.18797492980957"
"1469","32.439910888671875","32.439910888671875","32.439910888671875","10.539140701293945","10.539140701293945","10.539140701293945","4.202559947967529","4.202559947967529","4.202559947967529"
"1499","34.65177536010742","34.65177536010742","34.65177536010742","9.520223617553711","9.520223617553711","9.520223617553711","3.6117749214172363","3.6117749214172363","3.6117749214172363"
"1529","36.140254974365234","36.140254974365234","36.140254974365234","10.434541702270508","10.434541702270508","10.434541702270508","3.342641592025757","3.342641592025757","3.342641592025757"
"1559","35.31669616699219","35.31669616699219","35.31669616699219","10.948017120361328","10.948017120361328","10.948017120361328","3.254610776901245","3.254610776901245","3.254610776901245"
"1589","37.36159896850586","37.36159896850586","37.36159896850586","10.611071586608887","10.611071586608887","10.611071586608887","3.3352270126342773","3.3352270126342773","3.3352270126342773"
"1619","34.8853874206543","34.8853874206543","34.8853874206543","43.30405044555664","43.30405044555664","43.30405044555664","3.703775644302368","3.703775644302368","3.703775644302368"
"1649","38.33899688720703","38.33899688720703","38.33899688720703","46.07804489135742","46.07804489135742","46.07804489135742","2.9846551418304443","2.9846551418304443","2.9846551418304443"
"1679","33.866634368896484","33.866634368896484","33.866634368896484","9.562396049499512","9.562396049499512","9.562396049499512","3.2759928703308105","3.2759928703308105","3.2759928703308105"
"1709","34.283485412597656","34.283485412597656","34.283485412597656","8.53719425201416","8.53719425201416","8.53719425201416","2.8379225730895996","2.8379225730895996","2.8379225730895996"
"1739","27.74422264099121","27.74422264099121","27.74422264099121","7.548623085021973","7.548623085021973","7.548623085021973","2.8046274185180664","2.8046274185180664","2.8046274185180664"
"1769","30.615068435668945","30.615068435668945","30.615068435668945","9.810983657836914","9.810983657836914","9.810983657836914","3.195477247238159","3.195477247238159","3.195477247238159"
"1799","29.71016502380371","29.71016502380371","29.71016502380371","8.679354667663574","8.679354667663574","8.679354667663574","3.1376402378082275","3.1376402378082275","3.1376402378082275"
"1829","29.18071174621582","29.18071174621582","29.18071174621582","9.442816734313965","9.442816734313965","9.442816734313965","3.4477157592773438","3.4477157592773438","3.4477157592773438"
"1859","28.0655517578125","28.0655517578125","28.0655517578125","9.500871658325195","9.500871658325195","9.500871658325195","3.161646604537964","3.161646604537964","3.161646604537964"
"1889","27.75123405456543","27.75123405456543","27.75123405456543","6.741775989532471","6.741775989532471","6.741775989532471","2.757880210876465","2.757880210876465","2.757880210876465"
"1919","33.33124542236328","33.33124542236328","33.33124542236328","42.71757888793945","42.71757888793945","42.71757888793945","2.80959415435791","2.80959415435791","2.80959415435791"
"1949","27.937719345092773","27.937719345092773","27.937719345092773","8.858993530273438","8.858993530273438","8.858993530273438","2.861013650894165","2.861013650894165","2.861013650894165"
"1979","29.175992965698242","29.175992965698242","29.175992965698242","8.220118522644043","8.220118522644043","8.220118522644043","2.8848040103912354","2.8848040103912354","2.8848040103912354"
"2009","27.37480926513672","27.37480926513672","27.37480926513672","8.054214477539062","8.054214477539062","8.054214477539062","2.86171555519104","2.86171555519104","2.86171555519104"
"2039","27.556875228881836","27.556875228881836","27.556875228881836","7.714761734008789","7.714761734008789","7.714761734008789","2.603440523147583","2.603440523147583","2.603440523147583"
"2069","25.854562759399414","25.854562759399414","25.854562759399414","8.917177200317383","8.917177200317383","8.917177200317383","3.0597362518310547","3.0597362518310547","3.0597362518310547"
"2099","25.40510368347168","25.40510368347168","25.40510368347168","9.506495475769043","9.506495475769043","9.506495475769043","3.3858611583709717","3.3858611583709717","3.3858611583709717"
"2129","25.074487686157227","25.074487686157227","25.074487686157227","7.3971171379089355","7.3971171379089355","7.3971171379089355","2.492389440536499","2.492389440536499","2.492389440536499"
"2159","27.446611404418945","27.446611404418945","27.446611404418945","6.5594162940979","6.5594162940979","6.5594162940979","2.253898859024048","2.253898859024048","2.253898859024048"
"2189","24.28498649597168","24.28498649597168","24.28498649597168","7.257761001586914","7.257761001586914","7.257761001586914","2.7424428462982178","2.7424428462982178","2.7424428462982178"
"2219","25.31743049621582","25.31743049621582","25.31743049621582","8.236017227172852","8.236017227172852","8.236017227172852","2.851200580596924","2.851200580596924","2.851200580596924"
"2249","25.50086784362793","25.50086784362793","25.50086784362793","7.732202053070068","7.732202053070068","7.732202053070068","2.7647807598114014","2.7647807598114014","2.7647807598114014"
"2279","206.03224182128906","206.03224182128906","206.03224182128906","100.03311157226562","100.03311157226562","100.03311157226562","52.984676361083984","52.984676361083984","52.984676361083984"
"2309","24.164770126342773","24.164770126342773","24.164770126342773","6.224359035491943","6.224359035491943","6.224359035491943","2.6053109169006348","2.6053109169006348","2.6053109169006348"
"2339","31.64358139038086","31.64358139038086","31.64358139038086","41.25547790527344","41.25547790527344","41.25547790527344","2.690458059310913","2.690458059310913","2.690458059310913"
"2369","32.49720001220703","32.49720001220703","32.49720001220703","43.54971694946289","43.54971694946289","43.54971694946289","2.6261253356933594","2.6261253356933594","2.6261253356933594"
"2399","28.45976448059082","28.45976448059082","28.45976448059082","40.264713287353516","40.264713287353516","40.264713287353516","2.536940336227417","2.536940336227417","2.536940336227417"
"2429","21.393056869506836","21.393056869506836","21.393056869506836","6.315332889556885","6.315332889556885","6.315332889556885","2.498297929763794","2.498297929763794","2.498297929763794"
"2459","22.04523468017578","22.04523468017578","22.04523468017578","6.488414287567139","6.488414287567139","6.488414287567139","2.5175158977508545","2.5175158977508545","2.5175158977508545"
"2489","23.980731964111328","23.980731964111328","23.980731964111328","7.3165435791015625","7.3165435791015625","7.3165435791015625","2.7002148628234863","2.7002148628234863","2.7002148628234863"
"2519","22.426218032836914","22.426218032836914","22.426218032836914","6.971630096435547","6.971630096435547","6.971630096435547","2.497009515762329","2.497009515762329","2.497009515762329"
"2549","23.384496688842773","23.384496688842773","23.384496688842773","7.027061462402344","7.027061462402344","7.027061462402344","2.8489363193511963","2.8489363193511963","2.8489363193511963"
"2579","28.05582046508789","28.05582046508789","28.05582046508789","38.88310241699219","38.88310241699219","38.88310241699219","2.4783499240875244","2.4783499240875244","2.4783499240875244"
"2609","21.5944766998291","21.5944766998291","21.5944766998291","6.733414173126221","6.733414173126221","6.733414173126221","2.3975720405578613","2.3975720405578613","2.3975720405578613"
"2639","16.017536163330078","16.017536163330078","16.017536163330078","4.678628444671631","4.678628444671631","4.678628444671631","2.27303147315979","2.27303147315979","2.27303147315979"
"2669","19.421648025512695","19.421648025512695","19.421648025512695","6.425364971160889","6.425364971160889","6.425364971160889","2.5393457412719727","2.5393457412719727","2.5393457412719727"
"2699","21.24549674987793","21.24549674987793","21.24549674987793","5.955355167388916","5.955355167388916","5.955355167388916","2.431931257247925","2.431931257247925","2.431931257247925"
"2729","20.86113166809082","20.86113166809082","20.86113166809082","6.986485481262207","6.986485481262207","6.986485481262207","2.5134317874908447","2.5134317874908447","2.5134317874908447"
"2759","14.741355895996094","14.741355895996094","14.741355895996094","4.476255416870117","4.476255416870117","4.476255416870117","2.4688446521759033","2.4688446521759033","2.4688446521759033"
"2789","16.723722457885742","16.723722457885742","16.723722457885742","4.456847667694092","4.456847667694092","4.456847667694092","2.5408036708831787","2.5408036708831787","2.5408036708831787"
"2819","18.750438690185547","18.750438690185547","18.750438690185547","5.736137390136719","5.736137390136719","5.736137390136719","2.3291356563568115","2.3291356563568115","2.3291356563568115"
"2849","19.033340454101562","19.033340454101562","19.033340454101562","6.157767295837402","6.157767295837402","6.157767295837402","2.638740062713623","2.638740062713623","2.638740062713623"
"2879","24.505826950073242","24.505826950073242","24.505826950073242","37.70295715332031","37.70295715332031","37.70295715332031","2.4704418182373047","2.4704418182373047","2.4704418182373047"
"2909","15.488259315490723","15.488259315490723","15.488259315490723","4.937997341156006","4.937997341156006","4.937997341156006","2.4017953872680664","2.4017953872680664","2.4017953872680664"
"2939","8.666159629821777","8.666159629821777","8.666159629821777","3.5639805793762207","3.5639805793762207","3.5639805793762207","2.1702165603637695","2.1702165603637695","2.1702165603637695"
"2969","24.98274803161621","24.98274803161621","24.98274803161621","37.136985778808594","37.136985778808594","37.136985778808594","2.2071120738983154","2.2071120738983154","2.2071120738983154"
"2999","10.290786743164062","10.290786743164062","10.290786743164062","3.572533130645752","3.572533130645752","3.572533130645752","2.26340913772583","2.26340913772583","2.26340913772583"
"3029","26.94721221923828","26.94721221923828","26.94721221923828","39.309818267822266","39.309818267822266","39.309818267822266","2.1936867237091064","2.1936867237091064","2.1936867237091064"
"3059","16.25176429748535","16.25176429748535","16.25176429748535","4.896772384643555","4.896772384643555","4.896772384643555","2.1281259059906006","2.1281259059906006","2.1281259059906006"
"3089","11.12890625","11.12890625","11.12890625","3.394977331161499","3.394977331161499","3.394977331161499","2.219954252243042","2.219954252243042","2.219954252243042"
"3119","13.4215087890625","13.4215087890625","13.4215087890625","3.881826400756836","3.881826400756836","3.881826400756836","2.054533004760742","2.054533004760742","2.054533004760742"
"3149","12.226972579956055","12.226972579956055","12.226972579956055","3.7801132202148438","3.7801132202148438","3.7801132202148438","2.1815593242645264","2.1815593242645264","2.1815593242645264"
"3179","12.955496788024902","12.955496788024902","12.955496788024902","5.073284149169922","5.073284149169922","5.073284149169922","2.2764458656311035","2.2764458656311035","2.2764458656311035"
"3209","17.02276039123535","17.02276039123535","17.02276039123535","5.298488616943359","5.298488616943359","5.298488616943359","2.516364574432373","2.516364574432373","2.516364574432373"
"3239","13.54793643951416","13.54793643951416","13.54793643951416","3.9015018939971924","3.9015018939971924","3.9015018939971924","2.211422920227051","2.211422920227051","2.211422920227051"
"3269","13.079699516296387","13.079699516296387","13.079699516296387","4.343766689300537","4.343766689300537","4.343766689300537","2.1416015625","2.1416015625","2.1416015625"
"3299","15.640321731567383","15.640321731567383","15.640321731567383","5.121654987335205","5.121654987335205","5.121654987335205","2.247373104095459","2.247373104095459","2.247373104095459"
"3329","17.163442611694336","17.163442611694336","17.163442611694336","5.726386070251465","5.726386070251465","5.726386070251465","2.398141622543335","2.398141622543335","2.398141622543335"
"3359","14.210707664489746","14.210707664489746","14.210707664489746","4.782508850097656","4.782508850097656","4.782508850097656","2.3046963214874268","2.3046963214874268","2.3046963214874268"
"3389","7.455638408660889","7.455638408660889","7.455638408660889","2.8910539150238037","2.8910539150238037","2.8910539150238037","2.1062216758728027","2.1062216758728027","2.1062216758728027"
"3419","12.60965633392334","12.60965633392334","12.60965633392334","3.790186643600464","3.790186643600464","3.790186643600464","1.979429006576538","1.979429006576538","1.979429006576538"
"3449","12.973386764526367","12.973386764526367","12.973386764526367","4.244579315185547","4.244579315185547","4.244579315185547","2.1097183227539062","2.1097183227539062","2.1097183227539062"
"3479","11.910761833190918","11.910761833190918","11.910761833190918","3.808830738067627","3.808830738067627","3.808830738067627","2.144171714782715","2.144171714782715","2.144171714782715"
"3509","20.318029403686523","20.318029403686523","20.318029403686523","33.830467224121094","33.830467224121094","33.830467224121094","2.3394980430603027","2.3394980430603027","2.3394980430603027"
"3539","16.61425018310547","16.61425018310547","16.61425018310547","5.8396897315979","5.8396897315979","5.8396897315979","2.1416945457458496","2.1416945457458496","2.1416945457458496"
"3569","12.45124340057373","12.45124340057373","12.45124340057373","3.872343063354492","3.872343063354492","3.872343063354492","1.9825859069824219","1.9825859069824219","1.9825859069824219"
"3599","10.107720375061035","10.107720375061035","10.107720375061035","3.689795970916748","3.689795970916748","3.689795970916748","2.200033187866211","2.200033187866211","2.200033187866211"
"3629","7.959481239318848","7.959481239318848","7.959481239318848","3.3588473796844482","3.3588473796844482","3.3588473796844482","2.248957872390747","2.248957872390747","2.248957872390747"
"3659","18.087308883666992","18.087308883666992","18.087308883666992","33.253780364990234","33.253780364990234","33.253780364990234","2.1333158016204834","2.1333158016204834","2.1333158016204834"
"3689","2.938997745513916","2.938997745513916","2.938997745513916","2.6172749996185303","2.6172749996185303","2.6172749996185303","2.186652183532715","2.186652183532715","2.186652183532715"
"3719","11.926753044128418","11.926753044128418","11.926753044128418","4.482855319976807","4.482855319976807","4.482855319976807","2.0899295806884766","2.0899295806884766","2.0899295806884766"
"3749","2.8434770107269287","2.8434770107269287","2.8434770107269287","2.574848175048828","2.574848175048828","2.574848175048828","2.215494394302368","2.215494394302368","2.215494394302368"
"3779","8.398514747619629","8.398514747619629","8.398514747619629","3.7096681594848633","3.7096681594848633","3.7096681594848633","2.1077535152435303","2.1077535152435303","2.1077535152435303"
"3809","9.585186958312988","9.585186958312988","9.585186958312988","2.9824249744415283","2.9824249744415283","2.9824249744415283","1.9428778886795044","1.9428778886795044","1.9428778886795044"
"3839","9.755857467651367","9.755857467651367","9.755857467651367","3.3201358318328857","3.3201358318328857","3.3201358318328857","2.3261611461639404","2.3261611461639404","2.3261611461639404"
"3869","18.857202529907227","18.857202529907227","18.857202529907227","32.023014068603516","32.023014068603516","32.023014068603516","2.3656234741210938","2.3656234741210938","2.3656234741210938"
"3899","13.368688583374023","13.368688583374023","13.368688583374023","4.749106407165527","4.749106407165527","4.749106407165527","2.151045799255371","2.151045799255371","2.151045799255371"
"3929","6.395328044891357","6.395328044891357","6.395328044891357","2.833688974380493","2.833688974380493","2.833688974380493","2.1211633682250977","2.1211633682250977","2.1211633682250977"
"3959","8.612791061401367","8.612791061401367","8.612791061401367","3.1633269786834717","3.1633269786834717","3.1633269786834717","2.094679117202759","2.094679117202759","2.094679117202759"
"3989","8.538741111755371","8.538741111755371","8.538741111755371","3.5973167419433594","3.5973167419433594","3.5973167419433594","2.249164581298828","2.249164581298828","2.249164581298828"
"4019","15.017034530639648","15.017034530639648","15.017034530639648","31.471601486206055","31.471601486206055","31.471601486206055","2.0057196617126465","2.0057196617126465","2.0057196617126465"
"4049","7.758039951324463","7.758039951324463","7.758039951324463","2.8649847507476807","2.8649847507476807","2.8649847507476807","2.230149745941162","2.230149745941162","2.230149745941162"
"4079","13.581029891967773","13.581029891967773","13.581029891967773","4.671663284301758","4.671663284301758","4.671663284301758","2.2051703929901123","2.2051703929901123","2.2051703929901123"
"4109","9.260680198669434","9.260680198669434","9.260680198669434","3.419419288635254","3.419419288635254","3.419419288635254","2.1442809104919434","2.1442809104919434","2.1442809104919434"
"4139","12.450263023376465","12.450263023376465","12.450263023376465","4.67169189453125","4.67169189453125","4.67169189453125","2.2145872116088867","2.2145872116088867","2.2145872116088867"
"4169","11.955632209777832","11.955632209777832","11.955632209777832","4.020825386047363","4.020825386047363","4.020825386047363","2.114917039871216","2.114917039871216","2.114917039871216"
"4199","5.49282693862915","5.49282693862915","5.49282693862915","2.7764852046966553","2.7764852046966553","2.7764852046966553","2.1616291999816895","2.1616291999816895","2.1616291999816895"
"4229","15.67129135131836","15.67129135131836","15.67129135131836","5.300721168518066","5.300721168518066","5.300721168518066","2.406425714492798","2.406425714492798","2.406425714492798"
"4259","2.719066619873047","2.719066619873047","2.719066619873047","2.6315808296203613","2.6315808296203613","2.6315808296203613","2.1244137287139893","2.1244137287139893","2.1244137287139893"
"4289","2.5958266258239746","2.5958266258239746","2.5958266258239746","2.460916042327881","2.460916042327881","2.460916042327881","2.1581900119781494","2.1581900119781494","2.1581900119781494"
"4319","2.676574945449829","2.676574945449829","2.676574945449829","2.4921042919158936","2.4921042919158936","2.4921042919158936","2.0714123249053955","2.0714123249053955","2.0714123249053955"
"4349","2.8618133068084717","2.8618133068084717","2.8618133068084717","2.6027209758758545","2.6027209758758545","2.6027209758758545","2.1122219562530518","2.1122219562530518","2.1122219562530518"
"4379","13.035197257995605","13.035197257995605","13.035197257995605","30.235170364379883","30.235170364379883","30.235170364379883","2.273777961730957","2.273777961730957","2.273777961730957"
"4409","2.6921777725219727","2.6921777725219727","2.6921777725219727","2.588179349899292","2.588179349899292","2.588179349899292","2.230506181716919","2.230506181716919","2.230506181716919"
"4439","6.128293514251709","6.128293514251709","6.128293514251709","2.6394035816192627","2.6394035816192627","2.6394035816192627","2.021012544631958","2.021012544631958","2.021012544631958"
"4469","2.407710313796997","2.407710313796997","2.407710313796997","2.209186553955078","2.209186553955078","2.209186553955078","1.8875746726989746","1.8875746726989746","1.8875746726989746"
"4499","12.753114700317383","12.753114700317383","12.753114700317383","29.801551818847656","29.801551818847656","29.801551818847656","2.1078338623046875","2.1078338623046875","2.1078338623046875"
"4529","9.491434097290039","9.491434097290039","9.491434097290039","4.18266487121582","4.18266487121582","4.18266487121582","2.089047431945801","2.089047431945801","2.089047431945801"
"4559","10.757001876831055","10.757001876831055","10.757001876831055","3.5114989280700684","3.5114989280700684","3.5114989280700684","1.9150408506393433","1.9150408506393433","1.9150408506393433"
"4589","2.4565296173095703","2.4565296173095703","2.4565296173095703","2.411604642868042","2.411604642868042","2.411604642868042","2.0844969749450684","2.0844969749450684","2.0844969749450684"
"4619","2.5154685974121094","2.5154685974121094","2.5154685974121094","2.329414129257202","2.329414129257202","2.329414129257202","1.9300379753112793","1.9300379753112793","1.9300379753112793"
"4649","9.882111549377441","9.882111549377441","9.882111549377441","29.18519401550293","29.18519401550293","29.18519401550293","2.0795745849609375","2.0795745849609375","2.0795745849609375"
"4679","7.590847015380859","7.590847015380859","7.590847015380859","2.9893925189971924","2.9893925189971924","2.9893925189971924","2.1773064136505127","2.1773064136505127","2.1773064136505127"
"4709","9.31092357635498","9.31092357635498","9.31092357635498","3.9888522624969482","3.9888522624969482","3.9888522624969482","1.8727275133132935","1.8727275133132935","1.8727275133132935"
"4739","9.960392951965332","9.960392951965332","9.960392951965332","4.366568565368652","4.366568565368652","4.366568565368652","2.242436408996582","2.242436408996582","2.242436408996582"
"4769","8.887825965881348","8.887825965881348","8.887825965881348","3.4441020488739014","3.4441020488739014","3.4441020488739014","2.178469181060791","2.178469181060791","2.178469181060791"
"4799","5.041872024536133","5.041872024536133","5.041872024536133","2.472093105316162","2.472093105316162","2.472093105316162","1.8158496618270874","1.8158496618270874","1.8158496618270874"
"4829","7.309762954711914","7.309762954711914","7.309762954711914","2.8206710815429688","2.8206710815429688","2.8206710815429688","2.0827934741973877","2.0827934741973877","2.0827934741973877"
"4859","2.477403402328491","2.477403402328491","2.477403402328491","2.4072792530059814","2.4072792530059814","2.4072792530059814","2.073526620864868","2.073526620864868","2.073526620864868"
"4889","2.3169021606445312","2.3169021606445312","2.3169021606445312","2.3350486755371094","2.3350486755371094","2.3350486755371094","2.0582451820373535","2.0582451820373535","2.0582451820373535"
"4919","11.085986137390137","11.085986137390137","11.085986137390137","28.09837532043457","28.09837532043457","28.09837532043457","2.1530563831329346","2.1530563831329346","2.1530563831329346"
"4949","2.492971420288086","2.492971420288086","2.492971420288086","2.4193456172943115","2.4193456172943115","2.4193456172943115","2.1156890392303467","2.1156890392303467","2.1156890392303467"
"4979","2.356424570083618","2.356424570083618","2.356424570083618","2.3945584297180176","2.3945584297180176","2.3945584297180176","2.0511229038238525","2.0511229038238525","2.0511229038238525"
"5009","2.3861260414123535","2.3861260414123535","2.3861260414123535","2.3379669189453125","2.3379669189453125","2.3379669189453125","1.9834306240081787","1.9834306240081787","1.9834306240081787"
"5039","2.4002528190612793","2.4002528190612793","2.4002528190612793","2.2826759815216064","2.2826759815216064","2.2826759815216064","1.9656391143798828","1.9656391143798828","1.9656391143798828"
"5069","2.3174870014190674","2.3174870014190674","2.3174870014190674","2.258378267288208","2.258378267288208","2.258378267288208","1.983150839805603","1.983150839805603","1.983150839805603"
"5099","2.3582570552825928","2.3582570552825928","2.3582570552825928","2.336960792541504","2.336960792541504","2.336960792541504","1.9613010883331299","1.9613010883331299","1.9613010883331299"
"5129","2.3978497982025146","2.3978497982025146","2.3978497982025146","2.4084041118621826","2.4084041118621826","2.4084041118621826","2.171476125717163","2.171476125717163","2.171476125717163"
"5159","7.010200023651123","7.010200023651123","7.010200023651123","3.1298513412475586","3.1298513412475586","3.1298513412475586","2.0413641929626465","2.0413641929626465","2.0413641929626465"
"5189","2.3885815143585205","2.3885815143585205","2.3885815143585205","2.349787473678589","2.349787473678589","2.349787473678589","2.0762012004852295","2.0762012004852295","2.0762012004852295"
"5219","8.010952949523926","8.010952949523926","8.010952949523926","26.7374267578125","26.7374267578125","26.7374267578125","2.136986017227173","2.136986017227173","2.136986017227173"
"5249","2.4532997608184814","2.4532997608184814","2.4532997608184814","2.3352878093719482","2.3352878093719482","2.3352878093719482","1.9378142356872559","1.9378142356872559","1.9378142356872559"
"5279","7.970893383026123","7.970893383026123","7.970893383026123","26.53213882446289","26.53213882446289","26.53213882446289","1.9964224100112915","1.9964224100112915","1.9964224100112915"
"5309","7.793604373931885","7.793604373931885","7.793604373931885","26.337913513183594","26.337913513183594","26.337913513183594","1.9901957511901855","1.9901957511901855","1.9901957511901855"
"5339","7.882676124572754","7.882676124572754","7.882676124572754","26.429872512817383","26.429872512817383","26.429872512817383","2.065591335296631","2.065591335296631","2.065591335296631"
"5369","7.298743724822998","7.298743724822998","7.298743724822998","3.473554849624634","3.473554849624634","3.473554849624634","1.8877177238464355","1.8877177238464355","1.8877177238464355"
"5399","2.2604942321777344","2.2604942321777344","2.2604942321777344","2.246335744857788","2.246335744857788","2.246335744857788","1.9025285243988037","1.9025285243988037","1.9025285243988037"
"5429","2.168290138244629","2.168290138244629","2.168290138244629","2.1708905696868896","2.1708905696868896","2.1708905696868896","1.8353219032287598","1.8353219032287598","1.8353219032287598"
"5459","7.455347061157227","7.455347061157227","7.455347061157227","25.614784240722656","25.614784240722656","25.614784240722656","1.9189202785491943","1.9189202785491943","1.9189202785491943"
"5489","2.4699912071228027","2.4699912071228027","2.4699912071228027","2.5644023418426514","2.5644023418426514","2.5644023418426514","2.3536794185638428","2.3536794185638428","2.3536794185638428"
"5519","2.276770830154419","2.276770830154419","2.276770830154419","2.3350613117218018","2.3350613117218018","2.3350613117218018","2.0854649543762207","2.0854649543762207","2.0854649543762207"
"5549","2.2294163703918457","2.2294163703918457","2.2294163703918457","2.1808125972747803","2.1808125972747803","2.1808125972747803","1.8917416334152222","1.8917416334152222","1.8917416334152222"
"5579","9.434541702270508","9.434541702270508","9.434541702270508","3.481013298034668","3.481013298034668","3.481013298034668","2.078134059906006","2.078134059906006","2.078134059906006"
"5609","7.182715892791748","7.182715892791748","7.182715892791748","25.28675651550293","25.28675651550293","25.28675651550293","1.9181573390960693","1.9181573390960693","1.9181573390960693"
"5639","2.3506808280944824","2.3506808280944824","2.3506808280944824","2.394714593887329","2.394714593887329","2.394714593887329","2.1270811557769775","2.1270811557769775","2.1270811557769775"
"5669","2.19122576713562","2.19122576713562","2.19122576713562","2.2181050777435303","2.2181050777435303","2.2181050777435303","1.9680606126785278","1.9680606126785278","1.9680606126785278"
"5699","8.266420364379883","8.266420364379883","8.266420364379883","3.564548969268799","3.564548969268799","3.564548969268799","2.1146180629730225","2.1146180629730225","2.1146180629730225"
"5729","2.2430245876312256","2.2430245876312256","2.2430245876312256","2.322782278060913","2.322782278060913","2.322782278060913","2.012982130050659","2.012982130050659","2.012982130050659"
"5759","2.1682722568511963","2.1682722568511963","2.1682722568511963","2.2704927921295166","2.2704927921295166","2.2704927921295166","2.044987201690674","2.044987201690674","2.044987201690674"
"5789","2.210444688796997","2.210444688796997","2.210444688796997","2.2531936168670654","2.2531936168670654","2.2531936168670654","1.8866610527038574","1.8866610527038574","1.8866610527038574"
"5819","2.347651243209839","2.347651243209839","2.347651243209839","2.4061977863311768","2.4061977863311768","2.4061977863311768","2.0601232051849365","2.0601232051849365","2.0601232051849365"
"5849","2.15622878074646","2.15622878074646","2.15622878074646","2.200702428817749","2.200702428817749","2.200702428817749","1.9341208934783936","1.9341208934783936","1.9341208934783936"
"5879","2.3109636306762695","2.3109636306762695","2.3109636306762695","2.4382760524749756","2.4382760524749756","2.4382760524749756","2.242619514465332","2.242619514465332","2.242619514465332"
"5909","2.20358943939209","2.20358943939209","2.20358943939209","2.263733148574829","2.263733148574829","2.263733148574829","1.907513976097107","1.907513976097107","1.907513976097107"
"5939","10.14669418334961","10.14669418334961","10.14669418334961","3.655062198638916","3.655062198638916","3.655062198638916","1.9056780338287354","1.9056780338287354","1.9056780338287354"
"5969","2.1809842586517334","2.1809842586517334","2.1809842586517334","2.2700252532958984","2.2700252532958984","2.2700252532958984","1.9123389720916748","1.9123389720916748","1.9123389720916748"
"5999","2.2910213470458984","2.2910213470458984","2.2910213470458984","2.312541961669922","2.312541961669922","2.312541961669922","2.017611265182495","2.017611265182495","2.017611265182495"
"6029","2.160820960998535","2.160820960998535","2.160820960998535","2.1998729705810547","2.1998729705810547","2.1998729705810547","1.903813123703003","1.903813123703003","1.903813123703003"
"6059","7.865818977355957","7.865818977355957","7.865818977355957","4.213931560516357","4.213931560516357","4.213931560516357","2.059912919998169","2.059912919998169","2.059912919998169"
"6089","2.14347243309021","2.14347243309021","2.14347243309021","2.181837558746338","2.181837558746338","2.181837558746338","1.8600572347640991","1.8600572347640991","1.8600572347640991"
"6119","6.490015506744385","6.490015506744385","6.490015506744385","24.33882713317871","24.33882713317871","24.33882713317871","2.0496671199798584","2.0496671199798584","2.0496671199798584"
"6149","2.4178292751312256","2.4178292751312256","2.4178292751312256","2.452590227127075","2.452590227127075","2.452590227127075","2.1437506675720215","2.1437506675720215","2.1437506675720215"
"6179","2.262934923171997","2.262934923171997","2.262934923171997","2.391282320022583","2.391282320022583","2.391282320022583","2.0459938049316406","2.0459938049316406","2.0459938049316406"
"6209","8.468923568725586","8.468923568725586","8.468923568725586","2.6938998699188232","2.6938998699188232","2.6938998699188232","1.9042004346847534","1.9042004346847534","1.9042004346847534"
"6239","2.153123617172241","2.153123617172241","2.153123617172241","2.2288312911987305","2.2288312911987305","2.2288312911987305","1.926107406616211","1.926107406616211","1.926107406616211"
"6269","2.191884756088257","2.191884756088257","2.191884756088257","2.282925605773926","2.282925605773926","2.282925605773926","2.042564630508423","2.042564630508423","2.042564630508423"
"6299","2.1800734996795654","2.1800734996795654","2.1800734996795654","2.233271598815918","2.233271598815918","2.233271598815918","1.959458589553833","1.959458589553833","1.959458589553833"
"6329","8.990145683288574","8.990145683288574","8.990145683288574","4.077066898345947","4.077066898345947","4.077066898345947","1.9764522314071655","1.9764522314071655","1.9764522314071655"
"6359","6.278013706207275","6.278013706207275","6.278013706207275","23.6668643951416","23.6668643951416","23.6668643951416","1.8538854122161865","1.8538854122161865","1.8538854122161865"
"6389","2.22914981842041","2.22914981842041","2.22914981842041","2.3350670337677","2.3350670337677","2.3350670337677","2.0321691036224365","2.0321691036224365","2.0321691036224365"
"6419","2.180133104324341","2.180133104324341","2.180133104324341","2.3284175395965576","2.3284175395965576","2.3284175395965576","2.1155471801757812","2.1155471801757812","2.1155471801757812"
"6449","2.278812885284424","2.278812885284424","2.278812885284424","2.3768248558044434","2.3768248558044434","2.3768248558044434","2.1773293018341064","2.1773293018341064","2.1773293018341064"
"6479","2.1101231575012207","2.1101231575012207","2.1101231575012207","2.2206554412841797","2.2206554412841797","2.2206554412841797","1.9330254793167114","1.9330254793167114","1.9330254793167114"
"6509","8.851017951965332","8.851017951965332","8.851017951965332","2.806658983230591","2.806658983230591","2.806658983230591","1.9500702619552612","1.9500702619552612","1.9500702619552612"
"6539","2.1307551860809326","2.1307551860809326","2.1307551860809326","2.204972743988037","2.204972743988037","2.204972743988037","1.926855444908142","1.926855444908142","1.926855444908142"
"6569","2.118131637573242","2.118131637573242","2.118131637573242","2.22292423248291","2.22292423248291","2.22292423248291","2.0086710453033447","2.0086710453033447","2.0086710453033447"
"6599","2.1989269256591797","2.1989269256591797","2.1989269256591797","2.2438008785247803","2.2438008785247803","2.2438008785247803","1.8501865863800049","1.8501865863800049","1.8501865863800049"
"6629","2.1728789806365967","2.1728789806365967","2.1728789806365967","2.248255968093872","2.248255968093872","2.248255968093872","1.8306405544281006","1.8306405544281006","1.8306405544281006"
"6659","10.58403205871582","10.58403205871582","10.58403205871582","2.841020345687866","2.841020345687866","2.841020345687866","1.9306719303131104","1.9306719303131104","1.9306719303131104"
"6689","2.1064891815185547","2.1064891815185547","2.1064891815185547","2.1600606441497803","2.1600606441497803","2.1600606441497803","1.8449273109436035","1.8449273109436035","1.8449273109436035"
"6719","2.0991973876953125","2.0991973876953125","2.0991973876953125","2.2166028022766113","2.2166028022766113","2.2166028022766113","1.9630026817321777","1.9630026817321777","1.9630026817321777"
"6749","17.31256103515625","17.31256103515625","17.31256103515625","3.0220561027526855","3.0220561027526855","3.0220561027526855","2.0810983180999756","2.0810983180999756","2.0810983180999756"
"6779","7.739488124847412","7.739488124847412","7.739488124847412","3.398301839828491","3.398301839828491","3.398301839828491","1.9299125671386719","1.9299125671386719","1.9299125671386719"
"6809","2.124133348464966","2.124133348464966","2.124133348464966","2.2246456146240234","2.2246456146240234","2.2246456146240234","1.9786906242370605","1.9786906242370605","1.9786906242370605"
"6839","8.72147274017334","8.72147274017334","8.72147274017334","3.175166368484497","3.175166368484497","3.175166368484497","1.8764580488204956","1.8764580488204956","1.8764580488204956"
"6869","2.0878028869628906","2.0878028869628906","2.0878028869628906","2.219850778579712","2.219850778579712","2.219850778579712","1.942453145980835","1.942453145980835","1.942453145980835"
"6899","6.471768856048584","6.471768856048584","6.471768856048584","24.49627685546875","24.49627685546875","24.49627685546875","1.9507707357406616","1.9507707357406616","1.9507707357406616"
"6929","2.039212226867676","2.039212226867676","2.039212226867676","2.1660706996917725","2.1660706996917725","2.1660706996917725","1.9048364162445068","1.9048364162445068","1.9048364162445068"
"6959","2.1213974952697754","2.1213974952697754","2.1213974952697754","2.276245355606079","2.276245355606079","2.276245355606079","1.9562968015670776","1.9562968015670776","1.9562968015670776"
"6989","2.1184396743774414","2.1184396743774414","2.1184396743774414","2.180213689804077","2.180213689804077","2.180213689804077","1.836955189704895","1.836955189704895","1.836955189704895"
"7019","2.1128406524658203","2.1128406524658203","2.1128406524658203","2.181445360183716","2.181445360183716","2.181445360183716","1.9338268041610718","1.9338268041610718","1.9338268041610718"
"7049","9.374961853027344","9.374961853027344","9.374961853027344","3.3153300285339355","3.3153300285339355","3.3153300285339355","2.0533101558685303","2.0533101558685303","2.0533101558685303"
"7079","2.0131959915161133","2.0131959915161133","2.0131959915161133","2.079711437225342","2.079711437225342","2.079711437225342","1.8075796365737915","1.8075796365737915","1.8075796365737915"
"7109","2.09999680519104","2.09999680519104","2.09999680519104","2.150171995162964","2.150171995162964","2.150171995162964","1.9138578176498413","1.9138578176498413","1.9138578176498413"
"7139","2.1647348403930664","2.1647348403930664","2.1647348403930664","2.237788200378418","2.237788200378418","2.237788200378418","1.8784259557724","1.8784259557724","1.8784259557724"
"7169","2.1456587314605713","2.1456587314605713","2.1456587314605713","2.2546353340148926","2.2546353340148926","2.2546353340148926","1.9763420820236206","1.9763420820236206","1.9763420820236206"
"7199","2.0866312980651855","2.0866312980651855","2.0866312980651855","2.2751898765563965","2.2751898765563965","2.2751898765563965","1.960819959640503","1.960819959640503","1.960819959640503"
"7229","2.061523675918579","2.061523675918579","2.061523675918579","2.1746232509613037","2.1746232509613037","2.1746232509613037","1.9245011806488037","1.9245011806488037","1.9245011806488037"
"7259","10.943934440612793","10.943934440612793","10.943934440612793","21.470609664916992","21.470609664916992","21.470609664916992","1.9220139980316162","1.9220139980316162","1.9220139980316162"
"7289","2.1481850147247314","2.1481850147247314","2.1481850147247314","2.1983158588409424","2.1983158588409424","2.1983158588409424","1.9108996391296387","1.9108996391296387","1.9108996391296387"
"7319","2.139331102371216","2.139331102371216","2.139331102371216","2.3720242977142334","2.3720242977142334","2.3720242977142334","2.2055232524871826","2.2055232524871826","2.2055232524871826"
"7349","2.0922601222991943","2.0922601222991943","2.0922601222991943","2.208686113357544","2.208686113357544","2.208686113357544","1.9278627634048462","1.9278627634048462","1.9278627634048462"
"7379","2.1371679306030273","2.1371679306030273","2.1371679306030273","2.153714895248413","2.153714895248413","2.153714895248413","1.77581787109375","1.77581787109375","1.77581787109375"
"7409","2.0494544506073","2.0494544506073","2.0494544506073","2.124976873397827","2.124976873397827","2.124976873397827","1.8198703527450562","1.8198703527450562","1.8198703527450562"
"7439","2.097083330154419","2.097083330154419","2.097083330154419","2.2804811000823975","2.2804811000823975","2.2804811000823975","1.908612608909607","1.908612608909607","1.908612608909607"
"7469","5.272759914398193","5.272759914398193","5.272759914398193","20.69542694091797","20.69542694091797","20.69542694091797","1.8178619146347046","1.8178619146347046","1.8178619146347046"
"7499","2.103062629699707","2.103062629699707","2.103062629699707","2.2714364528656006","2.2714364528656006","2.2714364528656006","2.0631210803985596","2.0631210803985596","2.0631210803985596"
"7529","2.029717445373535","2.029717445373535","2.029717445373535","2.146066427230835","2.146066427230835","2.146066427230835","1.8699315786361694","1.8699315786361694","1.8699315786361694"
"7559","1.9871758222579956","1.9871758222579956","1.9871758222579956","2.0896718502044678","2.0896718502044678","2.0896718502044678","1.8722814321517944","1.8722814321517944","1.8722814321517944"
"7589","2.0815844535827637","2.0815844535827637","2.0815844535827637","2.1953887939453125","2.1953887939453125","2.1953887939453125","1.945027470588684","1.945027470588684","1.945027470588684"
"7619","12.181079864501953","12.181079864501953","12.181079864501953","3.9998016357421875","3.9998016357421875","3.9998016357421875","1.8288606405258179","1.8288606405258179","1.8288606405258179"
"7649","2.0148417949676514","2.0148417949676514","2.0148417949676514","2.1318306922912598","2.1318306922912598","2.1318306922912598","1.8080544471740723","1.8080544471740723","1.8080544471740723"
"7679","2.072615385055542","2.072615385055542","2.072615385055542","2.1821017265319824","2.1821017265319824","2.1821017265319824","1.9001623392105103","1.9001623392105103","1.9001623392105103"
"7709","2.0382890701293945","2.0382890701293945","2.0382890701293945","2.269012451171875","2.269012451171875","2.269012451171875","2.0190203189849854","2.0190203189849854","2.0190203189849854"
"7739","1.958445429801941","1.958445429801941","1.958445429801941","2.0643210411071777","2.0643210411071777","2.0643210411071777","1.8125680685043335","1.8125680685043335","1.8125680685043335"
"7769","2.0382683277130127","2.0382683277130127","2.0382683277130127","2.245041608810425","2.245041608810425","2.245041608810425","1.9668171405792236","1.9668171405792236","1.9668171405792236"
"7799","2.110883951187134","2.110883951187134","2.110883951187134","2.243828296661377","2.243828296661377","2.243828296661377","1.9781055450439453","1.9781055450439453","1.9781055450439453"
"7829","5.073462963104248","5.073462963104248","5.073462963104248","20.18570899963379","20.18570899963379","20.18570899963379","1.9038430452346802","1.9038430452346802","1.9038430452346802"
"7859","1.993337869644165","1.993337869644165","1.993337869644165","2.105804204940796","2.105804204940796","2.105804204940796","1.8785353899002075","1.8785353899002075","1.8785353899002075"
"7889","2.041480779647827","2.041480779647827","2.041480779647827","2.244063377380371","2.244063377380371","2.244063377380371","1.990822434425354","1.990822434425354","1.990822434425354"
"7919","2.0377893447875977","2.0377893447875977","2.0377893447875977","2.157012939453125","2.157012939453125","2.157012939453125","1.9008413553237915","1.9008413553237915","1.9008413553237915"
"7949","1.9953243732452393","1.9953243732452393","1.9953243732452393","2.214675188064575","2.214675188064575","2.214675188064575","1.9640014171600342","1.9640014171600342","1.9640014171600342"
"7979","2.0993545055389404","2.0993545055389404","2.0993545055389404","2.202260732650757","2.202260732650757","2.202260732650757","1.9665576219558716","1.9665576219558716","1.9665576219558716"
"8009","4.959660530090332","4.959660530090332","4.959660530090332","19.71550941467285","19.71550941467285","19.71550941467285","1.93464195728302","1.93464195728302","1.93464195728302"
"8039","1.9570553302764893","1.9570553302764893","1.9570553302764893","2.1051857471466064","2.1051857471466064","2.1051857471466064","1.788112759590149","1.788112759590149","1.788112759590149"
"8069","2.0571062564849854","2.0571062564849854","2.0571062564849854","2.2902255058288574","2.2902255058288574","2.2902255058288574","2.095655679702759","2.095655679702759","2.095655679702759"
"8099","1.9975354671478271","1.9975354671478271","1.9975354671478271","2.160335063934326","2.160335063934326","2.160335063934326","1.913957118988037","1.913957118988037","1.913957118988037"
"8129","2.0619308948516846","2.0619308948516846","2.0619308948516846","2.311448335647583","2.311448335647583","2.311448335647583","2.087019681930542","2.087019681930542","2.087019681930542"
"8159","1.980771541595459","1.980771541595459","1.980771541595459","2.054058313369751","2.054058313369751","2.054058313369751","1.7836750745773315","1.7836750745773315","1.7836750745773315"
"8189","4.8807878494262695","4.8807878494262695","4.8807878494262695","19.47496795654297","19.47496795654297","19.47496795654297","2.003432035446167","2.003432035446167","2.003432035446167"
"8219","4.784492492675781","4.784492492675781","4.784492492675781","19.306528091430664","19.306528091430664","19.306528091430664","1.7546851634979248","1.7546851634979248","1.7546851634979248"
"8249","2.0293915271759033","2.0293915271759033","2.0293915271759033","2.2080624103546143","2.2080624103546143","2.2080624103546143","1.920440673828125","1.920440673828125","1.920440673828125"
"8279","2.0547006130218506","2.0547006130218506","2.0547006130218506","2.3088343143463135","2.3088343143463135","2.3088343143463135","2.1105308532714844","2.1105308532714844","2.1105308532714844"
"8309","2.0010900497436523","2.0010900497436523","2.0010900497436523","2.129976511001587","2.129976511001587","2.129976511001587","1.8624825477600098","1.8624825477600098","1.8624825477600098"
"8339","1.9325896501541138","1.9325896501541138","1.9325896501541138","2.1291842460632324","2.1291842460632324","2.1291842460632324","1.882728934288025","1.882728934288025","1.882728934288025"
"8369","4.7570672035217285","4.7570672035217285","4.7570672035217285","18.93720245361328","18.93720245361328","18.93720245361328","1.8799632787704468","1.8799632787704468","1.8799632787704468"
"8399","1.9141875505447388","1.9141875505447388","1.9141875505447388","2.1122496128082275","2.1122496128082275","2.1122496128082275","1.8665093183517456","1.8665093183517456","1.8665093183517456"
"8429","4.742337226867676","4.742337226867676","4.742337226867676","18.95355796813965","18.95355796813965","18.95355796813965","1.925363302230835","1.925363302230835","1.925363302230835"
"8459","2.0452542304992676","2.0452542304992676","2.0452542304992676","2.2732417583465576","2.2732417583465576","2.2732417583465576","2.0716562271118164","2.0716562271118164","2.0716562271118164"
"8489","1.991915225982666","1.991915225982666","1.991915225982666","2.23687744140625","2.23687744140625","2.23687744140625","1.9699804782867432","1.9699804782867432","1.9699804782867432"
"8519","4.610599040985107","4.610599040985107","4.610599040985107","18.5679874420166","18.5679874420166","18.5679874420166","1.7904305458068848","1.7904305458068848","1.7904305458068848"
"8549","2.1487300395965576","2.1487300395965576","2.1487300395965576","2.329974889755249","2.329974889755249","2.329974889755249","2.0989184379577637","2.0989184379577637","2.0989184379577637"
"8579","4.570402145385742","4.570402145385742","4.570402145385742","18.42044448852539","18.42044448852539","18.42044448852539","1.7563872337341309","1.7563872337341309","1.7563872337341309"
"8609","1.9046730995178223","1.9046730995178223","1.9046730995178223","2.0550472736358643","2.0550472736358643","2.0550472736358643","1.7193093299865723","1.7193093299865723","1.7193093299865723"
"8639","1.974587082862854","1.974587082862854","1.974587082862854","2.1337826251983643","2.1337826251983643","2.1337826251983643","1.9362603425979614","1.9362603425979614","1.9362603425979614"
"8669","1.9238622188568115","1.9238622188568115","1.9238622188568115","2.1689846515655518","2.1689846515655518","2.1689846515655518","1.9952105283737183","1.9952105283737183","1.9952105283737183"
"8699","1.974091649055481","1.974091649055481","1.974091649055481","2.073052406311035","2.073052406311035","2.073052406311035","1.786849021911621","1.786849021911621","1.786849021911621"
"8729","1.9416537284851074","1.9416537284851074","1.9416537284851074","2.1998531818389893","2.1998531818389893","2.1998531818389893","1.8841955661773682","1.8841955661773682","1.8841955661773682"
"8759","1.971152424812317","1.971152424812317","1.971152424812317","2.2121896743774414","2.2121896743774414","2.2121896743774414","1.9301965236663818","1.9301965236663818","1.9301965236663818"
"8789","5.027314186096191","5.027314186096191","5.027314186096191","19.85725975036621","19.85725975036621","19.85725975036621","1.9315769672393799","1.9315769672393799","1.9315769672393799"
"8819","1.9657448530197144","1.9657448530197144","1.9657448530197144","2.214616298675537","2.214616298675537","2.214616298675537","2.0619442462921143","2.0619442462921143","2.0619442462921143"
"8849","1.9200458526611328","1.9200458526611328","1.9200458526611328","2.10032320022583","2.10032320022583","2.10032320022583","1.8030248880386353","1.8030248880386353","1.8030248880386353"
"8879","1.9543585777282715","1.9543585777282715","1.9543585777282715","2.248645544052124","2.248645544052124","2.248645544052124","2.1279757022857666","2.1279757022857666","2.1279757022857666"
"8909","1.9014418125152588","1.9014418125152588","1.9014418125152588","2.0417306423187256","2.0417306423187256","2.0417306423187256","1.866402506828308","1.866402506828308","1.866402506828308"
"8939","1.9291232824325562","1.9291232824325562","1.9291232824325562","2.117954969406128","2.117954969406128","2.117954969406128","1.9611958265304565","1.9611958265304565","1.9611958265304565"
"8969","1.964747428894043","1.964747428894043","1.964747428894043","2.1497271060943604","2.1497271060943604","2.1497271060943604","1.952982783317566","1.952982783317566","1.952982783317566"
"8999","4.440530776977539","4.440530776977539","4.440530776977539","17.766498565673828","17.766498565673828","17.766498565673828","2.089071273803711","2.089071273803711","2.089071273803711"
"9029","1.9180418252944946","1.9180418252944946","1.9180418252944946","2.1314568519592285","2.1314568519592285","2.1314568519592285","1.834387183189392","1.834387183189392","1.834387183189392"
"9059","1.9294500350952148","1.9294500350952148","1.9294500350952148","2.166285991668701","2.166285991668701","2.166285991668701","1.8634825944900513","1.8634825944900513","1.8634825944900513"
"9089","1.9287594556808472","1.9287594556808472","1.9287594556808472","2.1314761638641357","2.1314761638641357","2.1314761638641357","1.9752451181411743","1.9752451181411743","1.9752451181411743"
"9119","1.902382731437683","1.902382731437683","1.902382731437683","2.123861074447632","2.123861074447632","2.123861074447632","1.921492576599121","1.921492576599121","1.921492576599121"
"9149","1.9550143480300903","1.9550143480300903","1.9550143480300903","2.179743528366089","2.179743528366089","2.179743528366089","1.9247881174087524","1.9247881174087524","1.9247881174087524"
"9179","1.8540542125701904","1.8540542125701904","1.8540542125701904","2.060680389404297","2.060680389404297","2.060680389404297","1.787831425666809","1.787831425666809","1.787831425666809"
"9209","4.3055524826049805","4.3055524826049805","4.3055524826049805","17.278242111206055","17.278242111206055","17.278242111206055","2.0094282627105713","2.0094282627105713","2.0094282627105713"
"9239","1.9087870121002197","1.9087870121002197","1.9087870121002197","2.183119058609009","2.183119058609009","2.183119058609009","2.094592809677124","2.094592809677124","2.094592809677124"
"9269","1.9885973930358887","1.9885973930358887","1.9885973930358887","2.2967529296875","2.2967529296875","2.2967529296875","2.0736117362976074","2.0736117362976074","2.0736117362976074"
"9299","1.9704868793487549","1.9704868793487549","1.9704868793487549","2.2470521926879883","2.2470521926879883","2.2470521926879883","2.0780389308929443","2.0780389308929443","2.0780389308929443"
"9329","1.9527413845062256","1.9527413845062256","1.9527413845062256","2.186251401901245","2.186251401901245","2.186251401901245","1.8912432193756104","1.8912432193756104","1.8912432193756104"
"9359","1.888275146484375","1.888275146484375","1.888275146484375","2.1479642391204834","2.1479642391204834","2.1479642391204834","1.9383233785629272","1.9383233785629272","1.9383233785629272"
"9389","1.8350704908370972","1.8350704908370972","1.8350704908370972","2.0376815795898438","2.0376815795898438","2.0376815795898438","1.754356026649475","1.754356026649475","1.754356026649475"
"9419","1.8653905391693115","1.8653905391693115","1.8653905391693115","2.144033193588257","2.144033193588257","2.144033193588257","2.0153191089630127","2.0153191089630127","2.0153191089630127"
"9449","1.8198596239089966","1.8198596239089966","1.8198596239089966","1.9933676719665527","1.9933676719665527","1.9933676719665527","1.7367385625839233","1.7367385625839233","1.7367385625839233"
"9479","1.9085150957107544","1.9085150957107544","1.9085150957107544","2.1347105503082275","2.1347105503082275","2.1347105503082275","1.8740109205245972","1.8740109205245972","1.8740109205245972"
"9509","1.8200799226760864","1.8200799226760864","1.8200799226760864","2.052091360092163","2.052091360092163","2.052091360092163","1.7906785011291504","1.7906785011291504","1.7906785011291504"
"9539","1.8306416273117065","1.8306416273117065","1.8306416273117065","2.091146230697632","2.091146230697632","2.091146230697632","1.8418325185775757","1.8418325185775757","1.8418325185775757"
"9569","1.8338024616241455","1.8338024616241455","1.8338024616241455","2.1032326221466064","2.1032326221466064","2.1032326221466064","1.9046056270599365","1.9046056270599365","1.9046056270599365"
"9599","1.8697848320007324","1.8697848320007324","1.8697848320007324","2.18088960647583","2.18088960647583","2.18088960647583","2.053473711013794","2.053473711013794","2.053473711013794"
"9629","1.8581273555755615","1.8581273555755615","1.8581273555755615","2.1631808280944824","2.1631808280944824","2.1631808280944824","1.8935211896896362","1.8935211896896362","1.8935211896896362"
"9659","13.904533386230469","13.904533386230469","13.904533386230469","2.7342019081115723","2.7342019081115723","2.7342019081115723","2.0455102920532227","2.0455102920532227","2.0455102920532227"
"9689","1.9385210275650024","1.9385210275650024","1.9385210275650024","2.174021005630493","2.174021005630493","2.174021005630493","1.9294226169586182","1.9294226169586182","1.9294226169586182"
"9719","1.84987211227417","1.84987211227417","1.84987211227417","2.0766401290893555","2.0766401290893555","2.0766401290893555","1.7812997102737427","1.7812997102737427","1.7812997102737427"
"9749","1.78895103931427","1.78895103931427","1.78895103931427","2.0326597690582275","2.0326597690582275","2.0326597690582275","1.879981517791748","1.879981517791748","1.879981517791748"
"9779","1.8608654737472534","1.8608654737472534","1.8608654737472534","2.1957204341888428","2.1957204341888428","2.1957204341888428","2.021771192550659","2.021771192550659","2.021771192550659"
"9809","1.924227237701416","1.924227237701416","1.924227237701416","2.151282548904419","2.151282548904419","2.151282548904419","1.893166422843933","1.893166422843933","1.893166422843933"
"9839","1.8987438678741455","1.8987438678741455","1.8987438678741455","2.1414172649383545","2.1414172649383545","2.1414172649383545","1.9846948385238647","1.9846948385238647","1.9846948385238647"
"9869","4.032515048980713","4.032515048980713","4.032515048980713","16.097742080688477","16.097742080688477","16.097742080688477","2.1309492588043213","2.1309492588043213","2.1309492588043213"
"9899","1.8363240957260132","1.8363240957260132","1.8363240957260132","2.0827689170837402","2.0827689170837402","2.0827689170837402","1.7894139289855957","1.7894139289855957","1.7894139289855957"
"9929","1.8565949201583862","1.8565949201583862","1.8565949201583862","2.085096597671509","2.085096597671509","2.085096597671509","1.8372249603271484","1.8372249603271484","1.8372249603271484"
"9959","1.9400417804718018","1.9400417804718018","1.9400417804718018","2.2723734378814697","2.2723734378814697","2.2723734378814697","2.0395431518554688","2.0395431518554688","2.0395431518554688"
"9989","1.8136907815933228","1.8136907815933228","1.8136907815933228","2.041062831878662","2.041062831878662","2.041062831878662","1.7101916074752808","1.7101916074752808","1.7101916074752808"
"10019","1.870079755783081","1.870079755783081","1.870079755783081","2.173462152481079","2.173462152481079","2.173462152481079","1.9587458372116089","1.9587458372116089","1.9587458372116089"
"10049","1.7923526763916016","1.7923526763916016","1.7923526763916016","2.0447452068328857","2.0447452068328857","2.0447452068328857","1.9033199548721313","1.9033199548721313","1.9033199548721313"
"10079","1.8402434587478638","1.8402434587478638","1.8402434587478638","2.168610095977783","2.168610095977783","2.168610095977783","1.9717304706573486","1.9717304706573486","1.9717304706573486"
"10109","1.8539483547210693","1.8539483547210693","1.8539483547210693","2.168605089187622","2.168605089187622","2.168605089187622","1.948345422744751","1.948345422744751","1.948345422744751"
"10139","1.8471513986587524","1.8471513986587524","1.8471513986587524","2.1703202724456787","2.1703202724456787","2.1703202724456787","2.0428264141082764","2.0428264141082764","2.0428264141082764"
"10169","1.7645982503890991","1.7645982503890991","1.7645982503890991","1.9952178001403809","1.9952178001403809","1.9952178001403809","1.8104701042175293","1.8104701042175293","1.8104701042175293"
"10199","1.838261365890503","1.838261365890503","1.838261365890503","2.086099147796631","2.086099147796631","2.086099147796631","1.8263375759124756","1.8263375759124756","1.8263375759124756"
"10229","1.849609375","1.849609375","1.849609375","2.119762897491455","2.119762897491455","2.119762897491455","1.928865671157837","1.928865671157837","1.928865671157837"
"10259","1.8302761316299438","1.8302761316299438","1.8302761316299438","2.0978612899780273","2.0978612899780273","2.0978612899780273","1.8385404348373413","1.8385404348373413","1.8385404348373413"
"10289","1.8904997110366821","1.8904997110366821","1.8904997110366821","2.1935362815856934","2.1935362815856934","2.1935362815856934","1.932953953742981","1.932953953742981","1.932953953742981"
"10319","1.8398717641830444","1.8398717641830444","1.8398717641830444","2.087676763534546","2.087676763534546","2.087676763534546","1.7930673360824585","1.7930673360824585","1.7930673360824585"
"10349","1.7812169790267944","1.7812169790267944","1.7812169790267944","2.0581161975860596","2.0581161975860596","2.0581161975860596","1.797040343284607","1.797040343284607","1.797040343284607"
"10379","3.7759459018707275","3.7759459018707275","3.7759459018707275","15.092446327209473","15.092446327209473","15.092446327209473","1.7987028360366821","1.7987028360366821","1.7987028360366821"
"10409","1.7747656106948853","1.7747656106948853","1.7747656106948853","2.05415415763855","2.05415415763855","2.05415415763855","1.834641695022583","1.834641695022583","1.834641695022583"
"10439","1.800819993019104","1.800819993019104","1.800819993019104","2.10927677154541","2.10927677154541","2.10927677154541","1.8690341711044312","1.8690341711044312","1.8690341711044312"
"10469","4.1525797843933105","4.1525797843933105","4.1525797843933105","16.572843551635742","16.572843551635742","16.572843551635742","1.8896276950836182","1.8896276950836182","1.8896276950836182"
"10499","1.806131362915039","1.806131362915039","1.806131362915039","2.108088970184326","2.108088970184326","2.108088970184326","1.9241671562194824","1.9241671562194824","1.9241671562194824"
"10529","14.64829158782959","14.64829158782959","14.64829158782959","2.9215478897094727","2.9215478897094727","2.9215478897094727","1.9850579500198364","1.9850579500198364","1.9850579500198364"
"10559","1.780694842338562","1.780694842338562","1.780694842338562","2.090740919113159","2.090740919113159","2.090740919113159","1.820054531097412","1.820054531097412","1.820054531097412"
"10589","1.8446017503738403","1.8446017503738403","1.8446017503738403","2.1590023040771484","2.1590023040771484","2.1590023040771484","1.8633739948272705","1.8633739948272705","1.8633739948272705"
"10619","1.7717924118041992","1.7717924118041992","1.7717924118041992","2.0930867195129395","2.0930867195129395","2.0930867195129395","1.8827768564224243","1.8827768564224243","1.8827768564224243"
"10649","1.817312479019165","1.817312479019165","1.817312479019165","2.1425793170928955","2.1425793170928955","2.1425793170928955","1.9758940935134888","1.9758940935134888","1.9758940935134888"
"10679","1.7526649236679077","1.7526649236679077","1.7526649236679077","2.068051815032959","2.068051815032959","2.068051815032959","1.827052116394043","1.827052116394043","1.827052116394043"
"10709","3.6781671047210693","3.6781671047210693","3.6781671047210693","14.630393981933594","14.630393981933594","14.630393981933594","1.8439512252807617","1.8439512252807617","1.8439512252807617"
"10739","1.8318798542022705","1.8318798542022705","1.8318798542022705","2.125800371170044","2.125800371170044","2.125800371170044","1.8408377170562744","1.8408377170562744","1.8408377170562744"
"10769","1.8058249950408936","1.8058249950408936","1.8058249950408936","2.0825960636138916","2.0825960636138916","2.0825960636138916","1.7750829458236694","1.7750829458236694","1.7750829458236694"
"10799","1.7600626945495605","1.7600626945495605","1.7600626945495605","2.10257887840271","2.10257887840271","2.10257887840271","1.935299038887024","1.935299038887024","1.935299038887024"
"10829","1.755789041519165","1.755789041519165","1.755789041519165","2.0432181358337402","2.0432181358337402","2.0432181358337402","1.826416015625","1.826416015625","1.826416015625"
"10859","1.8179106712341309","1.8179106712341309","1.8179106712341309","2.079036235809326","2.079036235809326","2.079036235809326","1.817910075187683","1.817910075187683","1.817910075187683"
"10889","3.6784298419952393","3.6784298419952393","3.6784298419952393","14.632173538208008","14.632173538208008","14.632173538208008","1.9152098894119263","1.9152098894119263","1.9152098894119263"
"10919","3.6483945846557617","3.6483945846557617","3.6483945846557617","14.498353958129883","14.498353958129883","14.498353958129883","1.8910311460494995","1.8910311460494995","1.8910311460494995"
"10949","1.7554293870925903","1.7554293870925903","1.7554293870925903","2.0387468338012695","2.0387468338012695","2.0387468338012695","1.8156267404556274","1.8156267404556274","1.8156267404556274"
"10979","1.7942092418670654","1.7942092418670654","1.7942092418670654","2.134892225265503","2.134892225265503","2.134892225265503","2.0163118839263916","2.0163118839263916","2.0163118839263916"
"11009","1.7845968008041382","1.7845968008041382","1.7845968008041382","2.122943639755249","2.122943639755249","2.122943639755249","1.945570468902588","1.945570468902588","1.945570468902588"
"11039","1.8028627634048462","1.8028627634048462","1.8028627634048462","2.081714391708374","2.081714391708374","2.081714391708374","1.8198381662368774","1.8198381662368774","1.8198381662368774"
"11069","1.8786972761154175","1.8786972761154175","1.8786972761154175","2.010557174682617","2.010557174682617","2.010557174682617","1.7600805759429932","1.7600805759429932","1.7600805759429932"
"11099","1.794930100440979","1.794930100440979","1.794930100440979","2.1633713245391846","2.1633713245391846","2.1633713245391846","2.0369043350219727","2.0369043350219727","2.0369043350219727"
"11129","1.7593951225280762","1.7593951225280762","1.7593951225280762","2.018676996231079","2.018676996231079","2.018676996231079","1.7881418466567993","1.7881418466567993","1.7881418466567993"
"11159","1.821000337600708","1.821000337600708","1.821000337600708","2.1175034046173096","2.1175034046173096","2.1175034046173096","1.8824355602264404","1.8824355602264404","1.8824355602264404"
"11189","4.037387847900391","4.037387847900391","4.037387847900391","15.820761680603027","15.820761680603027","15.820761680603027","1.830771803855896","1.830771803855896","1.830771803855896"
"11219","1.8410826921463013","1.8410826921463013","1.8410826921463013","2.1154286861419678","2.1154286861419678","2.1154286861419678","1.9303820133209229","1.9303820133209229","1.9303820133209229"
"11249","1.826284408569336","1.826284408569336","1.826284408569336","2.1354925632476807","2.1354925632476807","2.1354925632476807","1.9495364427566528","1.9495364427566528","1.9495364427566528"
"11279","1.7516738176345825","1.7516738176345825","1.7516738176345825","2.0473783016204834","2.0473783016204834","2.0473783016204834","1.776894450187683","1.776894450187683","1.776894450187683"
"11309","3.6014537811279297","3.6014537811279297","3.6014537811279297","14.15404224395752","14.15404224395752","14.15404224395752","1.907153844833374","1.907153844833374","1.907153844833374"
"11339","1.9194647073745728","1.9194647073745728","1.9194647073745728","2.1879360675811768","2.1879360675811768","2.1879360675811768","1.878230094909668","1.878230094909668","1.878230094909668"
"11369","1.7132749557495117","1.7132749557495117","1.7132749557495117","2.0241198539733887","2.0241198539733887","2.0241198539733887","1.7575269937515259","1.7575269937515259","1.7575269937515259"
"11399","1.7412755489349365","1.7412755489349365","1.7412755489349365","2.073239326477051","2.073239326477051","2.073239326477051","1.8876307010650635","1.8876307010650635","1.8876307010650635"
"11429","3.580798864364624","3.580798864364624","3.580798864364624","14.13662052154541","14.13662052154541","14.13662052154541","1.9396675825119019","1.9396675825119019","1.9396675825119019"
"11459","1.7819515466690063","1.7819515466690063","1.7819515466690063","2.1092989444732666","2.1092989444732666","2.1092989444732666","1.8858392238616943","1.8858392238616943","1.8858392238616943"
"11489","1.7992910146713257","1.7992910146713257","1.7992910146713257","2.1462559700012207","2.1462559700012207","2.1462559700012207","1.882130742073059","1.882130742073059","1.882130742073059"
"11519","1.761483073234558","1.761483073234558","1.761483073234558","1.998258352279663","1.998258352279663","1.998258352279663","1.8696330785751343","1.8696330785751343","1.8696330785751343"
"11549","1.8021825551986694","1.8021825551986694","1.8021825551986694","2.1858389377593994","2.1858389377593994","2.1858389377593994","1.8949350118637085","1.8949350118637085","1.8949350118637085"
"11579","3.514066696166992","3.514066696166992","3.514066696166992","13.927614212036133","13.927614212036133","13.927614212036133","1.882454752922058","1.882454752922058","1.882454752922058"
"11609","1.7352269887924194","1.7352269887924194","1.7352269887924194","2.0414745807647705","2.0414745807647705","2.0414745807647705","1.8532134294509888","1.8532134294509888","1.8532134294509888"
"11639","3.553586959838867","3.553586959838867","3.553586959838867","13.88690185546875","13.88690185546875","13.88690185546875","1.930245280265808","1.930245280265808","1.930245280265808"
"11669","1.7482573986053467","1.7482573986053467","1.7482573986053467","2.042621612548828","2.042621612548828","2.042621612548828","1.7911485433578491","1.7911485433578491","1.7911485433578491"
"11699","3.4748950004577637","3.4748950004577637","3.4748950004577637","13.681591033935547","13.681591033935547","13.681591033935547","1.6767128705978394","1.6767128705978394","1.6767128705978394"
"11729","1.7284557819366455","1.7284557819366455","1.7284557819366455","2.1153206825256348","2.1153206825256348","2.1153206825256348","1.8549978733062744","1.8549978733062744","1.8549978733062744"
"11759","1.7053638696670532","1.7053638696670532","1.7053638696670532","1.9895758628845215","1.9895758628845215","1.9895758628845215","1.6767520904541016","1.6767520904541016","1.6767520904541016"
"11789","1.8111934661865234","1.8111934661865234","1.8111934661865234","2.1299612522125244","2.1299612522125244","2.1299612522125244","1.901619791984558","1.901619791984558","1.901619791984558"
"11819","1.740356683731079","1.740356683731079","1.740356683731079","2.009406328201294","2.009406328201294","2.009406328201294","1.7636122703552246","1.7636122703552246","1.7636122703552246"
"11849","1.7191959619522095","1.7191959619522095","1.7191959619522095","2.0031192302703857","2.0031192302703857","2.0031192302703857","1.8036593198776245","1.8036593198776245","1.8036593198776245"
"11879","1.7463397979736328","1.7463397979736328","1.7463397979736328","2.0457699298858643","2.0457699298858643","2.0457699298858643","1.844812273979187","1.844812273979187","1.844812273979187"
"11909","3.4040489196777344","3.4040489196777344","3.4040489196777344","13.487055778503418","13.487055778503418","13.487055778503418","1.7152843475341797","1.7152843475341797","1.7152843475341797"
"11939","1.7560955286026","1.7560955286026","1.7560955286026","2.0885658264160156","2.0885658264160156","2.0885658264160156","1.8585984706878662","1.8585984706878662","1.8585984706878662"
"11969","1.789336919784546","1.789336919784546","1.789336919784546","2.1218340396881104","2.1218340396881104","2.1218340396881104","1.9587326049804688","1.9587326049804688","1.9587326049804688"
"11999","3.4679081439971924","3.4679081439971924","3.4679081439971924","13.662116050720215","13.662116050720215","13.662116050720215","1.9618078470230103","1.9618078470230103","1.9618078470230103"
"12029","3.4410057067871094","3.4410057067871094","3.4410057067871094","13.564597129821777","13.564597129821777","13.564597129821777","1.879055142402649","1.879055142402649","1.879055142402649"
"12059","1.752419114112854","1.752419114112854","1.752419114112854","2.0695443153381348","2.0695443153381348","2.0695443153381348","1.8654836416244507","1.8654836416244507","1.8654836416244507"
"12089","1.7801202535629272","1.7801202535629272","1.7801202535629272","2.0472166538238525","2.0472166538238525","2.0472166538238525","1.8888126611709595","1.8888126611709595","1.8888126611709595"
"12119","44.96981430053711","44.96981430053711","44.96981430053711","134.8453826904297","134.8453826904297","134.8453826904297","30.644750595092773","30.644750595092773","30.644750595092773"
"12149","1.7690588235855103","1.7690588235855103","1.7690588235855103","2.0992629528045654","2.0992629528045654","2.0992629528045654","1.9002636671066284","1.9002636671066284","1.9002636671066284"
"12179","1.7287251949310303","1.7287251949310303","1.7287251949310303","2.037890911102295","2.037890911102295","2.037890911102295","1.7721233367919922","1.7721233367919922","1.7721233367919922"
"12209","1.7627133131027222","1.7627133131027222","1.7627133131027222","2.119328260421753","2.119328260421753","2.119328260421753","1.860378384590149","1.860378384590149","1.860378384590149"
"12239","1.7729992866516113","1.7729992866516113","1.7729992866516113","2.168048620223999","2.168048620223999","2.168048620223999","2.0587801933288574","2.0587801933288574","2.0587801933288574"
"12269","1.7113239765167236","1.7113239765167236","1.7113239765167236","2.0165421962738037","2.0165421962738037","2.0165421962738037","1.9308465719223022","1.9308465719223022","1.9308465719223022"
"12299","1.7353280782699585","1.7353280782699585","1.7353280782699585","2.0408008098602295","2.0408008098602295","2.0408008098602295","1.8154940605163574","1.8154940605163574","1.8154940605163574"
"12329","1.7406970262527466","1.7406970262527466","1.7406970262527466","2.0033481121063232","2.0033481121063232","2.0033481121063232","1.7298223972320557","1.7298223972320557","1.7298223972320557"
"12359","3.3289055824279785","3.3289055824279785","3.3289055824279785","13.14844799041748","13.14844799041748","13.14844799041748","1.8221304416656494","1.8221304416656494","1.8221304416656494"
"12389","1.7388482093811035","1.7388482093811035","1.7388482093811035","1.9902639389038086","1.9902639389038086","1.9902639389038086","1.7862521409988403","1.7862521409988403","1.7862521409988403"
"12419","1.6859670877456665","1.6859670877456665","1.6859670877456665","1.9756696224212646","1.9756696224212646","1.9756696224212646","1.7624562978744507","1.7624562978744507","1.7624562978744507"
"12449","3.3655285835266113","3.3655285835266113","3.3655285835266113","13.183229446411133","13.183229446411133","13.183229446411133","1.9036022424697876","1.9036022424697876","1.9036022424697876"
"12479","3.36911940574646","3.36911940574646","3.36911940574646","13.017526626586914","13.017526626586914","13.017526626586914","1.7279052734375","1.7279052734375","1.7279052734375"
"12509","3.3601183891296387","3.3601183891296387","3.3601183891296387","13.175267219543457","13.175267219543457","13.175267219543457","1.9868837594985962","1.9868837594985962","1.9868837594985962"
"12539","1.697636365890503","1.697636365890503","1.697636365890503","1.9874999523162842","1.9874999523162842","1.9874999523162842","1.7347338199615479","1.7347338199615479","1.7347338199615479"
"12569","1.7796416282653809","1.7796416282653809","1.7796416282653809","2.126202344894409","2.126202344894409","2.126202344894409","1.9314587116241455","1.9314587116241455","1.9314587116241455"
"12599","1.725532054901123","1.725532054901123","1.725532054901123","2.0551085472106934","2.0551085472106934","2.0551085472106934","1.786388874053955","1.786388874053955","1.786388874053955"
"12629","1.7643691301345825","1.7643691301345825","1.7643691301345825","2.0812888145446777","2.0812888145446777","2.0812888145446777","1.876453161239624","1.876453161239624","1.876453161239624"
"12659","1.7607269287109375","1.7607269287109375","1.7607269287109375","2.108151912689209","2.108151912689209","2.108151912689209","1.8828555345535278","1.8828555345535278","1.8828555345535278"
"12689","1.7526659965515137","1.7526659965515137","1.7526659965515137","2.000936269760132","2.000936269760132","2.000936269760132","1.7441620826721191","1.7441620826721191","1.7441620826721191"
"12719","1.7150732278823853","1.7150732278823853","1.7150732278823853","2.0423500537872314","2.0423500537872314","2.0423500537872314","1.8135128021240234","1.8135128021240234","1.8135128021240234"
"12749","1.81337308883667","1.81337308883667","1.81337308883667","2.144822597503662","2.144822597503662","2.144822597503662","1.8954730033874512","1.8954730033874512","1.8954730033874512"
"12779","1.6720898151397705","1.6720898151397705","1.6720898151397705","1.9835283756256104","1.9835283756256104","1.9835283756256104","1.7911183834075928","1.7911183834075928","1.7911183834075928"
"12809","1.6810338497161865","1.6810338497161865","1.6810338497161865","1.9768521785736084","1.9768521785736084","1.9768521785736084","1.7949801683425903","1.7949801683425903","1.7949801683425903"
"12839","1.702370524406433","1.702370524406433","1.702370524406433","1.948189377784729","1.948189377784729","1.948189377784729","1.6873143911361694","1.6873143911361694","1.6873143911361694"
"12869","1.8077934980392456","1.8077934980392456","1.8077934980392456","2.063619375228882","2.063619375228882","2.063619375228882","1.7995144128799438","1.7995144128799438","1.7995144128799438"
"12899","1.7484277486801147","1.7484277486801147","1.7484277486801147","2.0475363731384277","2.0475363731384277","2.0475363731384277","1.8311998844146729","1.8311998844146729","1.8311998844146729"
"12929","1.7527015209197998","1.7527015209197998","1.7527015209197998","2.034219980239868","2.034219980239868","2.034219980239868","1.8833094835281372","1.8833094835281372","1.8833094835281372"
"12959","3.951782464981079","3.951782464981079","3.951782464981079","15.895280838012695","15.895280838012695","15.895280838012695","1.9619189500808716","1.9619189500808716","1.9619189500808716"
"12989","1.740090012550354","1.740090012550354","1.740090012550354","2.0068717002868652","2.0068717002868652","2.0068717002868652","1.815757155418396","1.815757155418396","1.815757155418396"
"13019","1.6866761445999146","1.6866761445999146","1.6866761445999146","1.9864336252212524","1.9864336252212524","1.9864336252212524","1.7486947774887085","1.7486947774887085","1.7486947774887085"
"13049","1.681435465812683","1.681435465812683","1.681435465812683","1.9975084066390991","1.9975084066390991","1.9975084066390991","1.7779107093811035","1.7779107093811035","1.7779107093811035"
"13079","1.6701159477233887","1.6701159477233887","1.6701159477233887","1.9400806427001953","1.9400806427001953","1.9400806427001953","1.6960766315460205","1.6960766315460205","1.6960766315460205"
"13109","1.677542805671692","1.677542805671692","1.677542805671692","1.9746557474136353","1.9746557474136353","1.9746557474136353","1.7444490194320679","1.7444490194320679","1.7444490194320679"
"13139","3.266421318054199","3.266421318054199","3.266421318054199","12.67339038848877","12.67339038848877","12.67339038848877","1.7151238918304443","1.7151238918304443","1.7151238918304443"
"13169","1.7043801546096802","1.7043801546096802","1.7043801546096802","2.079195499420166","2.079195499420166","2.079195499420166","1.9074429273605347","1.9074429273605347","1.9074429273605347"
"13199","1.7683444023132324","1.7683444023132324","1.7683444023132324","2.079906940460205","2.079906940460205","2.079906940460205","1.902999997138977","1.902999997138977","1.902999997138977"
"13229","1.7186347246170044","1.7186347246170044","1.7186347246170044","2.0301454067230225","2.0301454067230225","2.0301454067230225","1.7700296640396118","1.7700296640396118","1.7700296640396118"
"13259","1.7450497150421143","1.7450497150421143","1.7450497150421143","2.0257012844085693","2.0257012844085693","2.0257012844085693","1.8315461874008179","1.8315461874008179","1.8315461874008179"
"13289","1.769169569015503","1.769169569015503","1.769169569015503","2.0650277137756348","2.0650277137756348","2.0650277137756348","1.8627458810806274","1.8627458810806274","1.8627458810806274"
"13319","1.7309685945510864","1.7309685945510864","1.7309685945510864","2.0908522605895996","2.0908522605895996","2.0908522605895996","1.8685213327407837","1.8685213327407837","1.8685213327407837"
"13349","1.6959524154663086","1.6959524154663086","1.6959524154663086","2.0501599311828613","2.0501599311828613","2.0501599311828613","1.8737856149673462","1.8737856149673462","1.8737856149673462"
"13379","1.7936075925827026","1.7936075925827026","1.7936075925827026","2.02986478805542","2.02986478805542","2.02986478805542","1.8067378997802734","1.8067378997802734","1.8067378997802734"
"13409","1.8090635538101196","1.8090635538101196","1.8090635538101196","2.1102395057678223","2.1102395057678223","2.1102395057678223","1.8588672876358032","1.8588672876358032","1.8588672876358032"
"13439","1.7997221946716309","1.7997221946716309","1.7997221946716309","2.1056575775146484","2.1056575775146484","2.1056575775146484","1.8316560983657837","1.8316560983657837","1.8316560983657837"
"13469","1.6856874227523804","1.6856874227523804","1.6856874227523804","1.9831680059432983","1.9831680059432983","1.9831680059432983","1.7297238111495972","1.7297238111495972","1.7297238111495972"
"13499","1.7278262376785278","1.7278262376785278","1.7278262376785278","2.079784393310547","2.079784393310547","2.079784393310547","1.931075096130371","1.931075096130371","1.931075096130371"
"13529","1.7316139936447144","1.7316139936447144","1.7316139936447144","2.093421697616577","2.093421697616577","2.093421697616577","1.8391021490097046","1.8391021490097046","1.8391021490097046"
"13559","1.7107295989990234","1.7107295989990234","1.7107295989990234","2.0946877002716064","2.0946877002716064","2.0946877002716064","1.8895702362060547","1.8895702362060547","1.8895702362060547"
"13589","1.7233513593673706","1.7233513593673706","1.7233513593673706","2.0645647048950195","2.0645647048950195","2.0645647048950195","1.793318748474121","1.793318748474121","1.793318748474121"
"13619","1.6919381618499756","1.6919381618499756","1.6919381618499756","2.0095574855804443","2.0095574855804443","2.0095574855804443","1.8498804569244385","1.8498804569244385","1.8498804569244385"
"13649","1.7388848066329956","1.7388848066329956","1.7388848066329956","2.0952892303466797","2.0952892303466797","2.0952892303466797","1.8938332796096802","1.8938332796096802","1.8938332796096802"
"13679","1.7374398708343506","1.7374398708343506","1.7374398708343506","1.9617867469787598","1.9617867469787598","1.9617867469787598","1.7560404539108276","1.7560404539108276","1.7560404539108276"
"13709","3.1322288513183594","3.1322288513183594","3.1322288513183594","12.2207612991333","12.2207612991333","12.2207612991333","1.8794796466827393","1.8794796466827393","1.8794796466827393"
"13739","1.74818754196167","1.74818754196167","1.74818754196167","1.9894863367080688","1.9894863367080688","1.9894863367080688","1.7786248922348022","1.7786248922348022","1.7786248922348022"
"13769","1.683599829673767","1.683599829673767","1.683599829673767","1.9759316444396973","1.9759316444396973","1.9759316444396973","1.7918832302093506","1.7918832302093506","1.7918832302093506"
"13799","1.6933529376983643","1.6933529376983643","1.6933529376983643","2.0608410835266113","2.0608410835266113","2.0608410835266113","1.9390004873275757","1.9390004873275757","1.9390004873275757"
"13829","1.7054200172424316","1.7054200172424316","1.7054200172424316","2.0074303150177","2.0074303150177","2.0074303150177","1.8581898212432861","1.8581898212432861","1.8581898212432861"
"13859","1.6902434825897217","1.6902434825897217","1.6902434825897217","1.9536629915237427","1.9536629915237427","1.9536629915237427","1.6867607831954956","1.6867607831954956","1.6867607831954956"
"13889","1.774582028388977","1.774582028388977","1.774582028388977","2.0497710704803467","2.0497710704803467","2.0497710704803467","1.9465365409851074","1.9465365409851074","1.9465365409851074"
"13919","1.7573271989822388","1.7573271989822388","1.7573271989822388","2.124992609024048","2.124992609024048","2.124992609024048","2.059983253479004","2.059983253479004","2.059983253479004"
"13949","1.7075345516204834","1.7075345516204834","1.7075345516204834","1.980715036392212","1.980715036392212","1.980715036392212","1.812585711479187","1.812585711479187","1.812585711479187"
"13979","1.7119721174240112","1.7119721174240112","1.7119721174240112","2.125953197479248","2.125953197479248","2.125953197479248","2.0579733848571777","2.0579733848571777","2.0579733848571777"
"14009","1.7648872137069702","1.7648872137069702","1.7648872137069702","2.096705913543701","2.096705913543701","2.096705913543701","1.8773000240325928","1.8773000240325928","1.8773000240325928"
"14039","1.7469509840011597","1.7469509840011597","1.7469509840011597","2.058356761932373","2.058356761932373","2.058356761932373","1.8584160804748535","1.8584160804748535","1.8584160804748535"
"14069","3.105329751968384","3.105329751968384","3.105329751968384","11.905348777770996","11.905348777770996","11.905348777770996","1.9195199012756348","1.9195199012756348","1.9195199012756348"
"14099","1.6787751913070679","1.6787751913070679","1.6787751913070679","1.9871047735214233","1.9871047735214233","1.9871047735214233","1.7531414031982422","1.7531414031982422","1.7531414031982422"
"14129","1.6434167623519897","1.6434167623519897","1.6434167623519897","1.911578893661499","1.911578893661499","1.911578893661499","1.633107304573059","1.633107304573059","1.633107304573059"
"14159","1.7096612453460693","1.7096612453460693","1.7096612453460693","2.0174901485443115","2.0174901485443115","2.0174901485443115","1.8258309364318848","1.8258309364318848","1.8258309364318848"
"14189","1.7687939405441284","1.7687939405441284","1.7687939405441284","2.002432107925415","2.002432107925415","2.002432107925415","1.784410834312439","1.784410834312439","1.784410834312439"
"14219","1.7105971574783325","1.7105971574783325","1.7105971574783325","2.0527091026306152","2.0527091026306152","2.0527091026306152","1.8528107404708862","1.8528107404708862","1.8528107404708862"
"14249","1.686013102531433","1.686013102531433","1.686013102531433","1.959450602531433","1.959450602531433","1.959450602531433","1.7907133102416992","1.7907133102416992","1.7907133102416992"
"14279","1.6959365606307983","1.6959365606307983","1.6959365606307983","1.9868115186691284","1.9868115186691284","1.9868115186691284","1.6795684099197388","1.6795684099197388","1.6795684099197388"
"14309","1.7107677459716797","1.7107677459716797","1.7107677459716797","2.0486855506896973","2.0486855506896973","2.0486855506896973","1.9350385665893555","1.9350385665893555","1.9350385665893555"
"14339","1.704915165901184","1.704915165901184","1.704915165901184","1.9927877187728882","1.9927877187728882","1.9927877187728882","1.7789162397384644","1.7789162397384644","1.7789162397384644"
"14369","1.7478117942810059","1.7478117942810059","1.7478117942810059","2.008425235748291","2.008425235748291","2.008425235748291","1.8104450702667236","1.8104450702667236","1.8104450702667236"
"14399","1.6699885129928589","1.6699885129928589","1.6699885129928589","1.9501622915267944","1.9501622915267944","1.9501622915267944","1.6977044343948364","1.6977044343948364","1.6977044343948364"
"14429","1.753499984741211","1.753499984741211","1.753499984741211","2.026737928390503","2.026737928390503","2.026737928390503","1.7896497249603271","1.7896497249603271","1.7896497249603271"
"14459","1.6992157697677612","1.6992157697677612","1.6992157697677612","2.0250296592712402","2.0250296592712402","2.0250296592712402","2.0675432682037354","2.0675432682037354","2.0675432682037354"
"14489","1.7385058403015137","1.7385058403015137","1.7385058403015137","2.0369558334350586","2.0369558334350586","2.0369558334350586","1.8556407690048218","1.8556407690048218","1.8556407690048218"
"14519","1.6711057424545288","1.6711057424545288","1.6711057424545288","1.970549464225769","1.970549464225769","1.970549464225769","1.7343463897705078","1.7343463897705078","1.7343463897705078"
"14549","1.6922053098678589","1.6922053098678589","1.6922053098678589","2.02860951423645","2.02860951423645","2.02860951423645","1.8679174184799194","1.8679174184799194","1.8679174184799194"
"14579","1.780842900276184","1.780842900276184","1.780842900276184","2.117666006088257","2.117666006088257","2.117666006088257","1.9865951538085938","1.9865951538085938","1.9865951538085938"
"14609","1.7347604036331177","1.7347604036331177","1.7347604036331177","2.0977249145507812","2.0977249145507812","2.0977249145507812","1.8897875547409058","1.8897875547409058","1.8897875547409058"
"14639","1.699242353439331","1.699242353439331","1.699242353439331","2.009361505508423","2.009361505508423","2.009361505508423","1.9292964935302734","1.9292964935302734","1.9292964935302734"
"14669","1.7747352123260498","1.7747352123260498","1.7747352123260498","2.0326709747314453","2.0326709747314453","2.0326709747314453","1.7913025617599487","1.7913025617599487","1.7913025617599487"
"14699","1.744338035583496","1.744338035583496","1.744338035583496","2.054269790649414","2.054269790649414","2.054269790649414","1.8507684469223022","1.8507684469223022","1.8507684469223022"
"14729","1.7296608686447144","1.7296608686447144","1.7296608686447144","2.106506109237671","2.106506109237671","2.106506109237671","1.9823522567749023","1.9823522567749023","1.9823522567749023"
"14759","1.7233935594558716","1.7233935594558716","1.7233935594558716","2.021183490753174","2.021183490753174","2.021183490753174","1.9047983884811401","1.9047983884811401","1.9047983884811401"
"14789","1.752840280532837","1.752840280532837","1.752840280532837","2.042429208755493","2.042429208755493","2.042429208755493","1.778846263885498","1.778846263885498","1.778846263885498"
"14819","1.783666968345642","1.783666968345642","1.783666968345642","2.082169532775879","2.082169532775879","2.082169532775879","1.8002657890319824","1.8002657890319824","1.8002657890319824"
"14849","1.6378698348999023","1.6378698348999023","1.6378698348999023","1.9778246879577637","1.9778246879577637","1.9778246879577637","1.7760332822799683","1.7760332822799683","1.7760332822799683"
"14879","1.6972283124923706","1.6972283124923706","1.6972283124923706","1.9926660060882568","1.9926660060882568","1.9926660060882568","1.7542098760604858","1.7542098760604858","1.7542098760604858"
"14909","1.6847420930862427","1.6847420930862427","1.6847420930862427","1.9927184581756592","1.9927184581756592","1.9927184581756592","1.835313320159912","1.835313320159912","1.835313320159912"
"14939","2.950725555419922","2.950725555419922","2.950725555419922","11.076027870178223","11.076027870178223","11.076027870178223","1.738641619682312","1.738641619682312","1.738641619682312"
"14969","1.6861469745635986","1.6861469745635986","1.6861469745635986","2.024350881576538","2.024350881576538","2.024350881576538","1.8235918283462524","1.8235918283462524","1.8235918283462524"
"14999","1.7371597290039062","1.7371597290039062","1.7371597290039062","1.9632221460342407","1.9632221460342407","1.9632221460342407","1.691733717918396","1.691733717918396","1.691733717918396"
"15029","1.6700804233551025","1.6700804233551025","1.6700804233551025","1.9439520835876465","1.9439520835876465","1.9439520835876465","1.6819210052490234","1.6819210052490234","1.6819210052490234"
"15059","1.6427669525146484","1.6427669525146484","1.6427669525146484","1.8975194692611694","1.8975194692611694","1.8975194692611694","1.677362322807312","1.677362322807312","1.677362322807312"
"15089","1.710390567779541","1.710390567779541","1.710390567779541","1.96967613697052","1.96967613697052","1.96967613697052","1.807547926902771","1.807547926902771","1.807547926902771"
"15119","1.6752581596374512","1.6752581596374512","1.6752581596374512","1.9643937349319458","1.9643937349319458","1.9643937349319458","1.7939629554748535","1.7939629554748535","1.7939629554748535"
"15149","1.7508989572525024","1.7508989572525024","1.7508989572525024","2.080925703048706","2.080925703048706","2.080925703048706","1.9747332334518433","1.9747332334518433","1.9747332334518433"
"15179","1.683334469795227","1.683334469795227","1.683334469795227","1.9767252206802368","1.9767252206802368","1.9767252206802368","1.8887842893600464","1.8887842893600464","1.8887842893600464"
"15209","1.74599289894104","1.74599289894104","1.74599289894104","2.1333279609680176","2.1333279609680176","2.1333279609680176","1.962380051612854","1.962380051612854","1.962380051612854"
"15239","1.7307872772216797","1.7307872772216797","1.7307872772216797","2.078287363052368","2.078287363052368","2.078287363052368","1.8634819984436035","1.8634819984436035","1.8634819984436035"
"15269","1.7094497680664062","1.7094497680664062","1.7094497680664062","1.9732253551483154","1.9732253551483154","1.9732253551483154","1.700061559677124","1.700061559677124","1.700061559677124"
"15299","1.68394136428833","1.68394136428833","1.68394136428833","1.9670231342315674","1.9670231342315674","1.9670231342315674","1.8018772602081299","1.8018772602081299","1.8018772602081299"
"15329","1.7640846967697144","1.7640846967697144","1.7640846967697144","2.1004855632781982","2.1004855632781982","2.1004855632781982","1.818171501159668","1.818171501159668","1.818171501159668"
"15359","1.7000601291656494","1.7000601291656494","1.7000601291656494","2.03818678855896","2.03818678855896","2.03818678855896","1.9105315208435059","1.9105315208435059","1.9105315208435059"
"15389","1.6634786128997803","1.6634786128997803","1.6634786128997803","1.9931148290634155","1.9931148290634155","1.9931148290634155","1.814407467842102","1.814407467842102","1.814407467842102"
"15419","1.6415557861328125","1.6415557861328125","1.6415557861328125","1.9814103841781616","1.9814103841781616","1.9814103841781616","1.8005553483963013","1.8005553483963013","1.8005553483963013"
"15449","2.95798397064209","2.95798397064209","2.95798397064209","10.743654251098633","10.743654251098633","10.743654251098633","1.7433172464370728","1.7433172464370728","1.7433172464370728"
"15479","1.7232708930969238","1.7232708930969238","1.7232708930969238","2.0154967308044434","2.0154967308044434","2.0154967308044434","1.7988213300704956","1.7988213300704956","1.7988213300704956"
"15509","1.6741349697113037","1.6741349697113037","1.6741349697113037","1.9855562448501587","1.9855562448501587","1.9855562448501587","1.8840162754058838","1.8840162754058838","1.8840162754058838"
"15539","1.705521821975708","1.705521821975708","1.705521821975708","1.945884108543396","1.945884108543396","1.945884108543396","1.7767138481140137","1.7767138481140137","1.7767138481140137"
"15569","2.923643112182617","2.923643112182617","2.923643112182617","10.595717430114746","10.595717430114746","10.595717430114746","1.6682766675949097","1.6682766675949097","1.6682766675949097"
"15599","1.71774160861969","1.71774160861969","1.71774160861969","2.073309898376465","2.073309898376465","2.073309898376465","2.0335898399353027","2.0335898399353027","2.0335898399353027"
"15629","1.721043348312378","1.721043348312378","1.721043348312378","1.9513307809829712","1.9513307809829712","1.9513307809829712","1.6377854347229004","1.6377854347229004","1.6377854347229004"
"15659","1.6594735383987427","1.6594735383987427","1.6594735383987427","1.9897751808166504","1.9897751808166504","1.9897751808166504","1.7520487308502197","1.7520487308502197","1.7520487308502197"
"15689","1.7217962741851807","1.7217962741851807","1.7217962741851807","2.033830404281616","2.033830404281616","2.033830404281616","1.900146484375","1.900146484375","1.900146484375"
"15719","1.6952868700027466","1.6952868700027466","1.6952868700027466","1.9834661483764648","1.9834661483764648","1.9834661483764648","1.7605258226394653","1.7605258226394653","1.7605258226394653"
"15749","1.7175259590148926","1.7175259590148926","1.7175259590148926","2.061901092529297","2.061901092529297","2.061901092529297","1.890608787536621","1.890608787536621","1.890608787536621"
"15779","1.7662569284439087","1.7662569284439087","1.7662569284439087","2.136507749557495","2.136507749557495","2.136507749557495","2.006822109222412","2.006822109222412","2.006822109222412"
"15809","1.6886125802993774","1.6886125802993774","1.6886125802993774","1.9939621686935425","1.9939621686935425","1.9939621686935425","1.758962631225586","1.758962631225586","1.758962631225586"
"15839","1.6902074813842773","1.6902074813842773","1.6902074813842773","2.004805088043213","2.004805088043213","2.004805088043213","1.7432916164398193","1.7432916164398193","1.7432916164398193"
"15869","1.7007344961166382","1.7007344961166382","1.7007344961166382","2.015305995941162","2.015305995941162","2.015305995941162","1.7875442504882812","1.7875442504882812","1.7875442504882812"
"15899","1.7250056266784668","1.7250056266784668","1.7250056266784668","2.0611932277679443","2.0611932277679443","2.0611932277679443","1.9098962545394897","1.9098962545394897","1.9098962545394897"
"15929","2.933323383331299","2.933323383331299","2.933323383331299","10.557265281677246","10.557265281677246","10.557265281677246","1.821385145187378","1.821385145187378","1.821385145187378"
"15959","1.6983698606491089","1.6983698606491089","1.6983698606491089","1.9420877695083618","1.9420877695083618","1.9420877695083618","1.7864922285079956","1.7864922285079956","1.7864922285079956"
"15989","1.7978482246398926","1.7978482246398926","1.7978482246398926","1.9519288539886475","1.9519288539886475","1.9519288539886475","1.6595611572265625","1.6595611572265625","1.6595611572265625"
"16019","1.6980315446853638","1.6980315446853638","1.6980315446853638","1.9231417179107666","1.9231417179107666","1.9231417179107666","1.6520648002624512","1.6520648002624512","1.6520648002624512"
"16049","1.690125584602356","1.690125584602356","1.690125584602356","2.008756637573242","2.008756637573242","2.008756637573242","1.7753582000732422","1.7753582000732422","1.7753582000732422"
"16079","1.7656841278076172","1.7656841278076172","1.7656841278076172","2.017580270767212","2.017580270767212","2.017580270767212","1.7761907577514648","1.7761907577514648","1.7761907577514648"
"16109","2.875699281692505","2.875699281692505","2.875699281692505","10.379667282104492","10.379667282104492","10.379667282104492","1.7989710569381714","1.7989710569381714","1.7989710569381714"
"16139","1.6832184791564941","1.6832184791564941","1.6832184791564941","1.9732434749603271","1.9732434749603271","1.9732434749603271","1.7757676839828491","1.7757676839828491","1.7757676839828491"
"16169","1.745843768119812","1.745843768119812","1.745843768119812","2.151951789855957","2.151951789855957","2.151951789855957","1.9494400024414062","1.9494400024414062","1.9494400024414062"
"16199","1.6967926025390625","1.6967926025390625","1.6967926025390625","2.0112273693084717","2.0112273693084717","2.0112273693084717","1.7892788648605347","1.7892788648605347","1.7892788648605347"
"16229","1.7048614025115967","1.7048614025115967","1.7048614025115967","2.0221316814422607","2.0221316814422607","2.0221316814422607","1.8016680479049683","1.8016680479049683","1.8016680479049683"
"16259","2.8688859939575195","2.8688859939575195","2.8688859939575195","10.249560356140137","10.249560356140137","10.249560356140137","1.7112030982971191","1.7112030982971191","1.7112030982971191"
"16289","1.6710995435714722","1.6710995435714722","1.6710995435714722","1.939266324043274","1.939266324043274","1.939266324043274","1.717145323753357","1.717145323753357","1.717145323753357"
"16319","1.7412633895874023","1.7412633895874023","1.7412633895874023","2.111027240753174","2.111027240753174","2.111027240753174","1.8888076543807983","1.8888076543807983","1.8888076543807983"
"16349","3.120445728302002","3.120445728302002","3.120445728302002","11.468841552734375","11.468841552734375","11.468841552734375","1.7762905359268188","1.7762905359268188","1.7762905359268188"
"16379","1.714493989944458","1.714493989944458","1.714493989944458","2.0480141639709473","2.0480141639709473","2.0480141639709473","1.8919299840927124","1.8919299840927124","1.8919299840927124"
"16409","1.7159684896469116","1.7159684896469116","1.7159684896469116","1.9978975057601929","1.9978975057601929","1.9978975057601929","1.8426162004470825","1.8426162004470825","1.8426162004470825"
"16439","1.7109214067459106","1.7109214067459106","1.7109214067459106","1.9812941551208496","1.9812941551208496","1.9812941551208496","1.6796813011169434","1.6796813011169434","1.6796813011169434"
"16469","1.714841604232788","1.714841604232788","1.714841604232788","2.01424241065979","2.01424241065979","2.01424241065979","1.814008116722107","1.814008116722107","1.814008116722107"
"16499","1.6916248798370361","1.6916248798370361","1.6916248798370361","1.9948989152908325","1.9948989152908325","1.9948989152908325","1.8035513162612915","1.8035513162612915","1.8035513162612915"
"16529","1.6760692596435547","1.6760692596435547","1.6760692596435547","1.9646843671798706","1.9646843671798706","1.9646843671798706","1.7535345554351807","1.7535345554351807","1.7535345554351807"
"16559","1.6766753196716309","1.6766753196716309","1.6766753196716309","1.9880716800689697","1.9880716800689697","1.9880716800689697","1.80164635181427","1.80164635181427","1.80164635181427"
"16589","1.7067244052886963","1.7067244052886963","1.7067244052886963","2.0267865657806396","2.0267865657806396","2.0267865657806396","1.8323843479156494","1.8323843479156494","1.8323843479156494"
"16619","1.7486177682876587","1.7486177682876587","1.7486177682876587","2.0757741928100586","2.0757741928100586","2.0757741928100586","1.951554775238037","1.951554775238037","1.951554775238037"
"16649","1.6997768878936768","1.6997768878936768","1.6997768878936768","2.034395694732666","2.034395694732666","2.034395694732666","1.739307165145874","1.739307165145874","1.739307165145874"
"16679","2.8679513931274414","2.8679513931274414","2.8679513931274414","9.92078971862793","9.92078971862793","9.92078971862793","1.786116600036621","1.786116600036621","1.786116600036621"
"16709","1.7123589515686035","1.7123589515686035","1.7123589515686035","2.062775135040283","2.062775135040283","2.062775135040283","1.8642727136611938","1.8642727136611938","1.8642727136611938"
"16739","1.712114930152893","1.712114930152893","1.712114930152893","2.0493831634521484","2.0493831634521484","2.0493831634521484","1.9075359106063843","1.9075359106063843","1.9075359106063843"
"16769","1.6912047863006592","1.6912047863006592","1.6912047863006592","2.0356945991516113","2.0356945991516113","2.0356945991516113","1.7894893884658813","1.7894893884658813","1.7894893884658813"
"16799","1.77149498462677","1.77149498462677","1.77149498462677","2.054109811782837","2.054109811782837","2.054109811782837","1.9206773042678833","1.9206773042678833","1.9206773042678833"
"16829","1.6692153215408325","1.6692153215408325","1.6692153215408325","1.952614665031433","1.952614665031433","1.952614665031433","1.7100350856781006","1.7100350856781006","1.7100350856781006"
"16859","1.747335433959961","1.747335433959961","1.747335433959961","2.0958969593048096","2.0958969593048096","2.0958969593048096","1.7945083379745483","1.7945083379745483","1.7945083379745483"
"16889","3.2715580463409424","3.2715580463409424","3.2715580463409424","12.00542163848877","12.00542163848877","12.00542163848877","1.6758376359939575","1.6758376359939575","1.6758376359939575"
"16919","2.8489863872528076","2.8489863872528076","2.8489863872528076","9.70079231262207","9.70079231262207","9.70079231262207","1.7830777168273926","1.7830777168273926","1.7830777168273926"
"16949","1.691320776939392","1.691320776939392","1.691320776939392","2.000028371810913","2.000028371810913","2.000028371810913","1.722320556640625","1.722320556640625","1.722320556640625"
"16979","1.6294198036193848","1.6294198036193848","1.6294198036193848","1.903064489364624","1.903064489364624","1.903064489364624","1.7479422092437744","1.7479422092437744","1.7479422092437744"
"17009","1.7319986820220947","1.7319986820220947","1.7319986820220947","2.0200414657592773","2.0200414657592773","2.0200414657592773","1.768000602722168","1.768000602722168","1.768000602722168"
"17039","1.6603444814682007","1.6603444814682007","1.6603444814682007","1.9809622764587402","1.9809622764587402","1.9809622764587402","1.8247326612472534","1.8247326612472534","1.8247326612472534"
"17069","1.7138597965240479","1.7138597965240479","1.7138597965240479","2.0295708179473877","2.0295708179473877","2.0295708179473877","1.8852322101593018","1.8852322101593018","1.8852322101593018"
"17099","1.700103759765625","1.700103759765625","1.700103759765625","2.054257869720459","2.054257869720459","2.054257869720459","1.7849947214126587","1.7849947214126587","1.7849947214126587"
"17129","1.6955678462982178","1.6955678462982178","1.6955678462982178","2.0111441612243652","2.0111441612243652","2.0111441612243652","1.887650966644287","1.887650966644287","1.887650966644287"
"17159","1.7557501792907715","1.7557501792907715","1.7557501792907715","2.092928886413574","2.092928886413574","2.092928886413574","1.91810941696167","1.91810941696167","1.91810941696167"
"17189","1.6568094491958618","1.6568094491958618","1.6568094491958618","1.9732134342193604","1.9732134342193604","1.9732134342193604","1.632729172706604","1.632729172706604","1.632729172706604"
"17219","1.6852035522460938","1.6852035522460938","1.6852035522460938","1.9546233415603638","1.9546233415603638","1.9546233415603638","1.7371059656143188","1.7371059656143188","1.7371059656143188"
"17249","1.6570391654968262","1.6570391654968262","1.6570391654968262","1.9810854196548462","1.9810854196548462","1.9810854196548462","1.8120923042297363","1.8120923042297363","1.8120923042297363"
"17279","1.661906361579895","1.661906361579895","1.661906361579895","1.9172494411468506","1.9172494411468506","1.9172494411468506","1.679694652557373","1.679694652557373","1.679694652557373"
"17309","1.6715505123138428","1.6715505123138428","1.6715505123138428","1.9597958326339722","1.9597958326339722","1.9597958326339722","1.738073706626892","1.738073706626892","1.738073706626892"
"17339","1.673899531364441","1.673899531364441","1.673899531364441","1.9855397939682007","1.9855397939682007","1.9855397939682007","1.7289679050445557","1.7289679050445557","1.7289679050445557"
"17369","1.6422888040542603","1.6422888040542603","1.6422888040542603","2.001703977584839","2.001703977584839","2.001703977584839","1.824471116065979","1.824471116065979","1.824471116065979"
"17399","1.7032760381698608","1.7032760381698608","1.7032760381698608","2.0055572986602783","2.0055572986602783","2.0055572986602783","1.7425392866134644","1.7425392866134644","1.7425392866134644"
"17429","2.745910882949829","2.745910882949829","2.745910882949829","9.491803169250488","9.491803169250488","9.491803169250488","1.7573280334472656","1.7573280334472656","1.7573280334472656"
"17459","1.7315673828125","1.7315673828125","1.7315673828125","2.037163734436035","2.037163734436035","2.037163734436035","1.9141772985458374","1.9141772985458374","1.9141772985458374"
"17489","2.787584066390991","2.787584066390991","2.787584066390991","9.547892570495605","9.547892570495605","9.547892570495605","1.8370481729507446","1.8370481729507446","1.8370481729507446"
"17519","1.7442513704299927","1.7442513704299927","1.7442513704299927","2.101623296737671","2.101623296737671","2.101623296737671","2.1250874996185303","2.1250874996185303","2.1250874996185303"
"17549","1.6625922918319702","1.6625922918319702","1.6625922918319702","1.9737796783447266","1.9737796783447266","1.9737796783447266","1.8274182081222534","1.8274182081222534","1.8274182081222534"
"17579","1.692201852798462","1.692201852798462","1.692201852798462","2.009605646133423","2.009605646133423","2.009605646133423","1.8465666770935059","1.8465666770935059","1.8465666770935059"
"17609","1.658959150314331","1.658959150314331","1.658959150314331","1.9286205768585205","1.9286205768585205","1.9286205768585205","1.7878477573394775","1.7878477573394775","1.7878477573394775"
"17639","1.6953165531158447","1.6953165531158447","1.6953165531158447","2.0160231590270996","2.0160231590270996","2.0160231590270996","1.7687509059906006","1.7687509059906006","1.7687509059906006"
"17669","1.6799067258834839","1.6799067258834839","1.6799067258834839","2.0146639347076416","2.0146639347076416","2.0146639347076416","1.7629152536392212","1.7629152536392212","1.7629152536392212"
"17699","1.6715667247772217","1.6715667247772217","1.6715667247772217","1.974872350692749","1.974872350692749","1.974872350692749","1.7556365728378296","1.7556365728378296","1.7556365728378296"
"17729","1.6981136798858643","1.6981136798858643","1.6981136798858643","2.0081214904785156","2.0081214904785156","2.0081214904785156","1.813381314277649","1.813381314277649","1.813381314277649"
"17759","1.6440114974975586","1.6440114974975586","1.6440114974975586","1.923158884048462","1.923158884048462","1.923158884048462","1.6216673851013184","1.6216673851013184","1.6216673851013184"
"17789","1.6372066736221313","1.6372066736221313","1.6372066736221313","1.901267409324646","1.901267409324646","1.901267409324646","1.6678903102874756","1.6678903102874756","1.6678903102874756"
"17819","1.6982402801513672","1.6982402801513672","1.6982402801513672","1.9951101541519165","1.9951101541519165","1.9951101541519165","1.6454263925552368","1.6454263925552368","1.6454263925552368"
"17849","1.6813606023788452","1.6813606023788452","1.6813606023788452","1.9660093784332275","1.9660093784332275","1.9660093784332275","1.6782665252685547","1.6782665252685547","1.6782665252685547"
"17879","1.7919540405273438","1.7919540405273438","1.7919540405273438","2.112818956375122","2.112818956375122","2.112818956375122","1.9184502363204956","1.9184502363204956","1.9184502363204956"
"17909","2.7624547481536865","2.7624547481536865","2.7624547481536865","9.316521644592285","9.316521644592285","9.316521644592285","1.8293514251708984","1.8293514251708984","1.8293514251708984"
"17939","1.651348352432251","1.651348352432251","1.651348352432251","1.9521574974060059","1.9521574974060059","1.9521574974060059","1.744517207145691","1.744517207145691","1.744517207145691"
"17969","1.692987322807312","1.692987322807312","1.692987322807312","1.9517464637756348","1.9517464637756348","1.9517464637756348","1.7515902519226074","1.7515902519226074","1.7515902519226074"
"17999","2.7407922744750977","2.7407922744750977","2.7407922744750977","9.30701732635498","9.30701732635498","9.30701732635498","1.7705715894699097","1.7705715894699097","1.7705715894699097"
"18029","1.6342617273330688","1.6342617273330688","1.6342617273330688","1.9451583623886108","1.9451583623886108","1.9451583623886108","1.7416768074035645","1.7416768074035645","1.7416768074035645"
"18059","1.7142592668533325","1.7142592668533325","1.7142592668533325","2.0409677028656006","2.0409677028656006","2.0409677028656006","1.849209189414978","1.849209189414978","1.849209189414978"
"18089","1.6784863471984863","1.6784863471984863","1.6784863471984863","1.9784467220306396","1.9784467220306396","1.9784467220306396","1.8263899087905884","1.8263899087905884","1.8263899087905884"
"18119","1.6965283155441284","1.6965283155441284","1.6965283155441284","1.9478182792663574","1.9478182792663574","1.9478182792663574","1.7685314416885376","1.7685314416885376","1.7685314416885376"
"18149","1.659521460533142","1.659521460533142","1.659521460533142","1.965790033340454","1.965790033340454","1.965790033340454","1.692144751548767","1.692144751548767","1.692144751548767"
"18179","1.6982792615890503","1.6982792615890503","1.6982792615890503","1.9434641599655151","1.9434641599655151","1.9434641599655151","1.7063452005386353","1.7063452005386353","1.7063452005386353"
"18209","2.973057270050049","2.973057270050049","2.973057270050049","10.4544038772583","10.4544038772583","10.4544038772583","1.7205451726913452","1.7205451726913452","1.7205451726913452"
"18239","1.6908886432647705","1.6908886432647705","1.6908886432647705","1.913473129272461","1.913473129272461","1.913473129272461","1.6589044332504272","1.6589044332504272","1.6589044332504272"
"18269","1.6646347045898438","1.6646347045898438","1.6646347045898438","1.9301918745040894","1.9301918745040894","1.9301918745040894","1.7331407070159912","1.7331407070159912","1.7331407070159912"
"18299","2.7475225925445557","2.7475225925445557","2.7475225925445557","9.197539329528809","9.197539329528809","9.197539329528809","1.816720724105835","1.816720724105835","1.816720724105835"
"18329","1.740020751953125","1.740020751953125","1.740020751953125","2.0626778602600098","2.0626778602600098","2.0626778602600098","1.9494342803955078","1.9494342803955078","1.9494342803955078"
"18359","2.742225170135498","2.742225170135498","2.742225170135498","8.999276161193848","8.999276161193848","8.999276161193848","1.701762318611145","1.701762318611145","1.701762318611145"
"18389","1.6952041387557983","1.6952041387557983","1.6952041387557983","1.9724377393722534","1.9724377393722534","1.9724377393722534","1.8318819999694824","1.8318819999694824","1.8318819999694824"
"18419","1.7192009687423706","1.7192009687423706","1.7192009687423706","1.9910765886306763","1.9910765886306763","1.9910765886306763","1.7753338813781738","1.7753338813781738","1.7753338813781738"
"18449","1.683126449584961","1.683126449584961","1.683126449584961","1.9676189422607422","1.9676189422607422","1.9676189422607422","1.683585524559021","1.683585524559021","1.683585524559021"
"18479","1.6862400770187378","1.6862400770187378","1.6862400770187378","1.9998302459716797","1.9998302459716797","1.9998302459716797","1.8175177574157715","1.8175177574157715","1.8175177574157715"
"18509","1.6941704750061035","1.6941704750061035","1.6941704750061035","2.030203342437744","2.030203342437744","2.030203342437744","1.9129058122634888","1.9129058122634888","1.9129058122634888"
"18539","1.693026065826416","1.693026065826416","1.693026065826416","2.0163867473602295","2.0163867473602295","2.0163867473602295","1.831887125968933","1.831887125968933","1.831887125968933"
"18569","1.6651999950408936","1.6651999950408936","1.6651999950408936","1.9824047088623047","1.9824047088623047","1.9824047088623047","1.7784911394119263","1.7784911394119263","1.7784911394119263"
"18599","1.638579249382019","1.638579249382019","1.638579249382019","1.9681962728500366","1.9681962728500366","1.9681962728500366","1.695637822151184","1.695637822151184","1.695637822151184"
"18629","1.703959345817566","1.703959345817566","1.703959345817566","1.952829122543335","1.952829122543335","1.952829122543335","1.6838483810424805","1.6838483810424805","1.6838483810424805"
"18659","2.7280116081237793","2.7280116081237793","2.7280116081237793","9.035396575927734","9.035396575927734","9.035396575927734","1.7236498594284058","1.7236498594284058","1.7236498594284058"
"18689","1.7060208320617676","1.7060208320617676","1.7060208320617676","2.0110418796539307","2.0110418796539307","2.0110418796539307","1.7827892303466797","1.7827892303466797","1.7827892303466797"
"18719","1.64047110080719","1.64047110080719","1.64047110080719","1.9339441061019897","1.9339441061019897","1.9339441061019897","1.8090616464614868","1.8090616464614868","1.8090616464614868"
"18749","1.7135818004608154","1.7135818004608154","1.7135818004608154","1.9855440855026245","1.9855440855026245","1.9855440855026245","1.7749849557876587","1.7749849557876587","1.7749849557876587"
"18779","2.732281446456909","2.732281446456909","2.732281446456909","9.083740234375","9.083740234375","9.083740234375","1.771733045578003","1.771733045578003","1.771733045578003"
"18809","1.8017773628234863","1.8017773628234863","1.8017773628234863","2.0655593872070312","2.0655593872070312","2.0655593872070312","1.9625890254974365","1.9625890254974365","1.9625890254974365"
"18839","2.7058181762695312","2.7058181762695312","2.7058181762695312","8.945235252380371","8.945235252380371","8.945235252380371","1.6709542274475098","1.6709542274475098","1.6709542274475098"
"18869","1.6640764474868774","1.6640764474868774","1.6640764474868774","1.9575814008712769","1.9575814008712769","1.9575814008712769","1.66790771484375","1.66790771484375","1.66790771484375"
"18899","1.6967376470565796","1.6967376470565796","1.6967376470565796","2.0197269916534424","2.0197269916534424","2.0197269916534424","1.766302466392517","1.766302466392517","1.766302466392517"
"18929","2.7137999534606934","2.7137999534606934","2.7137999534606934","9.031645774841309","9.031645774841309","9.031645774841309","1.7225991487503052","1.7225991487503052","1.7225991487503052"
"18959","1.6888961791992188","1.6888961791992188","1.6888961791992188","1.993666648864746","1.993666648864746","1.993666648864746","1.8575891256332397","1.8575891256332397","1.8575891256332397"
"18989","1.6465600728988647","1.6465600728988647","1.6465600728988647","1.9362016916275024","1.9362016916275024","1.9362016916275024","1.7119009494781494","1.7119009494781494","1.7119009494781494"
"19019","1.6866776943206787","1.6866776943206787","1.6866776943206787","1.9971424341201782","1.9971424341201782","1.9971424341201782","1.7911553382873535","1.7911553382873535","1.7911553382873535"
"19049","1.7238095998764038","1.7238095998764038","1.7238095998764038","2.148097276687622","2.148097276687622","2.148097276687622","2.011427402496338","2.011427402496338","2.011427402496338"
"19079","1.6883628368377686","1.6883628368377686","1.6883628368377686","1.9086183309555054","1.9086183309555054","1.9086183309555054","1.6195183992385864","1.6195183992385864","1.6195183992385864"
"19109","2.7525954246520996","2.7525954246520996","2.7525954246520996","9.026294708251953","9.026294708251953","9.026294708251953","1.9428811073303223","1.9428811073303223","1.9428811073303223"
"19139","1.6998437643051147","1.6998437643051147","1.6998437643051147","1.9636547565460205","1.9636547565460205","1.9636547565460205","1.7933167219161987","1.7933167219161987","1.7933167219161987"
"19169","1.692889928817749","1.692889928817749","1.692889928817749","1.9641293287277222","1.9641293287277222","1.9641293287277222","1.6717497110366821","1.6717497110366821","1.6717497110366821"
"19199","1.6212563514709473","1.6212563514709473","1.6212563514709473","1.9183461666107178","1.9183461666107178","1.9183461666107178","1.6818068027496338","1.6818068027496338","1.6818068027496338"
"19229","1.696457028388977","1.696457028388977","1.696457028388977","1.956447958946228","1.956447958946228","1.956447958946228","1.8461966514587402","1.8461966514587402","1.8461966514587402"
"19259","1.7255572080612183","1.7255572080612183","1.7255572080612183","1.9779958724975586","1.9779958724975586","1.9779958724975586","1.7451494932174683","1.7451494932174683","1.7451494932174683"
"19289","1.6309632062911987","1.6309632062911987","1.6309632062911987","1.9170993566513062","1.9170993566513062","1.9170993566513062","1.8926818370819092","1.8926818370819092","1.8926818370819092"
"19319","1.65426766872406","1.65426766872406","1.65426766872406","1.9376928806304932","1.9376928806304932","1.9376928806304932","1.7207860946655273","1.7207860946655273","1.7207860946655273"
"19349","1.7088388204574585","1.7088388204574585","1.7088388204574585","2.028602361679077","2.028602361679077","2.028602361679077","1.8230364322662354","1.8230364322662354","1.8230364322662354"
"19379","1.6855355501174927","1.6855355501174927","1.6855355501174927","1.9155199527740479","1.9155199527740479","1.9155199527740479","1.694993257522583","1.694993257522583","1.694993257522583"
"19409","1.7510883808135986","1.7510883808135986","1.7510883808135986","2.058565855026245","2.058565855026245","2.058565855026245","1.8930271863937378","1.8930271863937378","1.8930271863937378"
"19439","1.6709380149841309","1.6709380149841309","1.6709380149841309","1.9262804985046387","1.9262804985046387","1.9262804985046387","1.713061809539795","1.713061809539795","1.713061809539795"
"19469","1.687654733657837","1.687654733657837","1.687654733657837","1.952544093132019","1.952544093132019","1.952544093132019","1.6817196607589722","1.6817196607589722","1.6817196607589722"
"19499","1.7634236812591553","1.7634236812591553","1.7634236812591553","2.0508127212524414","2.0508127212524414","2.0508127212524414","1.7813513278961182","1.7813513278961182","1.7813513278961182"
"19529","1.6736540794372559","1.6736540794372559","1.6736540794372559","1.9344406127929688","1.9344406127929688","1.9344406127929688","1.739879846572876","1.739879846572876","1.739879846572876"
"19559","1.6659003496170044","1.6659003496170044","1.6659003496170044","1.9602696895599365","1.9602696895599365","1.9602696895599365","1.744899868965149","1.744899868965149","1.744899868965149"
"19589","1.6854298114776611","1.6854298114776611","1.6854298114776611","1.967915415763855","1.967915415763855","1.967915415763855","1.7650827169418335","1.7650827169418335","1.7650827169418335"
"19619","1.6706362962722778","1.6706362962722778","1.6706362962722778","1.939759612083435","1.939759612083435","1.939759612083435","1.6689398288726807","1.6689398288726807","1.6689398288726807"
"19649","1.7337572574615479","1.7337572574615479","1.7337572574615479","2.0575265884399414","2.0575265884399414","2.0575265884399414","1.8427578210830688","1.8427578210830688","1.8427578210830688"
"19679","1.6866199970245361","1.6866199970245361","1.6866199970245361","1.9795161485671997","1.9795161485671997","1.9795161485671997","1.7092208862304688","1.7092208862304688","1.7092208862304688"
"19709","2.6974902153015137","2.6974902153015137","2.6974902153015137","8.730606079101562","8.730606079101562","8.730606079101562","1.6895028352737427","1.6895028352737427","1.6895028352737427"
"19739","1.6818585395812988","1.6818585395812988","1.6818585395812988","1.914520025253296","1.914520025253296","1.914520025253296","1.5851110219955444","1.5851110219955444","1.5851110219955444"
"19769","1.6560328006744385","1.6560328006744385","1.6560328006744385","1.9867769479751587","1.9867769479751587","1.9867769479751587","1.7361433506011963","1.7361433506011963","1.7361433506011963"
"19799","1.7088124752044678","1.7088124752044678","1.7088124752044678","1.9906519651412964","1.9906519651412964","1.9906519651412964","1.867730975151062","1.867730975151062","1.867730975151062"
"19829","2.687452554702759","2.687452554702759","2.687452554702759","8.822295188903809","8.822295188903809","8.822295188903809","1.8684313297271729","1.8684313297271729","1.8684313297271729"
"19859","1.6980743408203125","1.6980743408203125","1.6980743408203125","1.9790607690811157","1.9790607690811157","1.9790607690811157","1.77311110496521","1.77311110496521","1.77311110496521"
"19889","1.6343786716461182","1.6343786716461182","1.6343786716461182","1.9561296701431274","1.9561296701431274","1.9561296701431274","1.8181097507476807","1.8181097507476807","1.8181097507476807"
"19919","2.667314291000366","2.667314291000366","2.667314291000366","8.75573444366455","8.75573444366455","8.75573444366455","1.8317697048187256","1.8317697048187256","1.8317697048187256"
"19949","1.6708520650863647","1.6708520650863647","1.6708520650863647","1.9371182918548584","1.9371182918548584","1.9371182918548584","1.72041654586792","1.72041654586792","1.72041654586792"
"19979","1.69598388671875","1.69598388671875","1.69598388671875","1.936525583267212","1.936525583267212","1.936525583267212","1.800154209136963","1.800154209136963","1.800154209136963"