"Step","layer_10_hook_resid_mid_gpt2_standard_fisher_true_project_TheStackPython - losses/fisher_reg_term","layer_10_hook_resid_mid_gpt2_standard_fisher_true_project_TheStackPython - losses/fisher_reg_term__MIN","layer_10_hook_resid_mid_gpt2_standard_fisher_true_project_TheStackPython - losses/fisher_reg_term__MAX","layer_5_hook_resid_mid_gpt2_standard_fisher_true_project_TheStackPython - losses/fisher_reg_term","layer_5_hook_resid_mid_gpt2_standard_fisher_true_project_TheStackPython - losses/fisher_reg_term__MIN","layer_5_hook_resid_mid_gpt2_standard_fisher_true_project_TheStackPython - losses/fisher_reg_term__MAX","layer_0_hook_resid_mid_gpt2_standard_fisher_true_project_TheStackPython - losses/fisher_reg_term","layer_0_hook_resid_mid_gpt2_standard_fisher_true_project_TheStackPython - losses/fisher_reg_term__MIN","layer_0_hook_resid_mid_gpt2_standard_fisher_true_project_TheStackPython - losses/fisher_reg_term__MAX"
"29","20.61332893371582","20.61332893371582","20.61332893371582","21.19186019897461","21.19186019897461","21.19186019897461","21.69151496887207","21.69151496887207","21.69151496887207"
"59","18.143930435180664","18.143930435180664","18.143930435180664","12.318334579467773","12.318334579467773","12.318334579467773","25.84840202331543","25.84840202331543","25.84840202331543"
"89","14.231538772583008","14.231538772583008","14.231538772583008","11.058869361877441","11.058869361877441","11.058869361877441","20.49873924255371","20.49873924255371","20.49873924255371"
"119","12.48556900024414","12.48556900024414","12.48556900024414","9.493983268737793","9.493983268737793","9.493983268737793","16.677637100219727","16.677637100219727","16.677637100219727"
"149","40.717288970947266","40.717288970947266","40.717288970947266","53.80984115600586","53.80984115600586","53.80984115600586","14.688990592956543","14.688990592956543","14.688990592956543"
"179","43.03600311279297","43.03600311279297","43.03600311279297","55.11127853393555","55.11127853393555","55.11127853393555","13.089943885803223","13.089943885803223","13.089943885803223"
"209","7.9930739402771","7.9930739402771","7.9930739402771","7.21406364440918","7.21406364440918","7.21406364440918","11.7745361328125","11.7745361328125","11.7745361328125"
"239","7.17349100112915","7.17349100112915","7.17349100112915","6.290322780609131","6.290322780609131","6.290322780609131","10.24915885925293","10.24915885925293","10.24915885925293"
"269","6.99798583984375","6.99798583984375","6.99798583984375","6.661623477935791","6.661623477935791","6.661623477935791","10.165620803833008","10.165620803833008","10.165620803833008"
"299","7.552731037139893","7.552731037139893","7.552731037139893","6.564888954162598","6.564888954162598","6.564888954162598","9.057544708251953","9.057544708251953","9.057544708251953"
"329","67.52392578125","67.52392578125","67.52392578125","36.41059494018555","36.41059494018555","36.41059494018555","9.528722763061523","9.528722763061523","9.528722763061523"
"359","59.00283432006836","59.00283432006836","59.00283432006836","29.323286056518555","29.323286056518555","29.323286056518555","8.301076889038086","8.301076889038086","8.301076889038086"
"389","58.60664749145508","58.60664749145508","58.60664749145508","26.309980392456055","26.309980392456055","26.309980392456055","7.779172897338867","7.779172897338867","7.779172897338867"
"419","58.7669792175293","58.7669792175293","58.7669792175293","25.069250106811523","25.069250106811523","25.069250106811523","7.601318359375","7.601318359375","7.601318359375"
"449","52.95629119873047","52.95629119873047","52.95629119873047","22.082382202148438","22.082382202148438","22.082382202148438","7.147160530090332","7.147160530090332","7.147160530090332"
"479","48.81322479248047","48.81322479248047","48.81322479248047","22.59438133239746","22.59438133239746","22.59438133239746","6.889169692993164","6.889169692993164","6.889169692993164"
"509","53.36865234375","53.36865234375","53.36865234375","23.133975982666016","23.133975982666016","23.133975982666016","6.607571125030518","6.607571125030518","6.607571125030518"
"539","41.82965087890625","41.82965087890625","41.82965087890625","44.76487350463867","44.76487350463867","44.76487350463867","6.523013591766357","6.523013591766357","6.523013591766357"
"569","47.11079025268555","47.11079025268555","47.11079025268555","18.86094856262207","18.86094856262207","18.86094856262207","6.3154191970825195","6.3154191970825195","6.3154191970825195"
"599","51.19707107543945","51.19707107543945","51.19707107543945","20.984615325927734","20.984615325927734","20.984615325927734","6.145239353179932","6.145239353179932","6.145239353179932"
"629","52.54929733276367","52.54929733276367","52.54929733276367","22.522001266479492","22.522001266479492","22.522001266479492","5.961552143096924","5.961552143096924","5.961552143096924"
"659","60.2181396484375","60.2181396484375","60.2181396484375","22.074262619018555","22.074262619018555","22.074262619018555","5.796478748321533","5.796478748321533","5.796478748321533"
"689","58.295101165771484","58.295101165771484","58.295101165771484","57.7373046875","57.7373046875","57.7373046875","5.695692539215088","5.695692539215088","5.695692539215088"
"719","55.332576751708984","55.332576751708984","55.332576751708984","22.37188148498535","22.37188148498535","22.37188148498535","5.663550853729248","5.663550853729248","5.663550853729248"
"749","48.41336441040039","48.41336441040039","48.41336441040039","19.22031593322754","19.22031593322754","19.22031593322754","5.443030834197998","5.443030834197998","5.443030834197998"
"779","52.72494125366211","52.72494125366211","52.72494125366211","19.295141220092773","19.295141220092773","19.295141220092773","4.9768290519714355","4.9768290519714355","4.9768290519714355"
"809","56.71091842651367","56.71091842651367","56.71091842651367","56.62846374511719","56.62846374511719","56.62846374511719","4.867902755737305","4.867902755737305","4.867902755737305"
"839","49.75300598144531","49.75300598144531","49.75300598144531","20.371423721313477","20.371423721313477","20.371423721313477","4.917452335357666","4.917452335357666","4.917452335357666"
"869","54.67361068725586","54.67361068725586","54.67361068725586","55.41051483154297","55.41051483154297","55.41051483154297","4.867279052734375","4.867279052734375","4.867279052734375"
"899","48.19322967529297","48.19322967529297","48.19322967529297","20.340044021606445","20.340044021606445","20.340044021606445","5.079545497894287","5.079545497894287","5.079545497894287"
"929","51.84337615966797","51.84337615966797","51.84337615966797","18.696170806884766","18.696170806884766","18.696170806884766","4.625805377960205","4.625805377960205","4.625805377960205"
"959","39.00463104248047","39.00463104248047","39.00463104248047","41.34547805786133","41.34547805786133","41.34547805786133","4.842953205108643","4.842953205108643","4.842953205108643"
"989","59.39999771118164","59.39999771118164","59.39999771118164","19.804035186767578","19.804035186767578","19.804035186767578","4.450331211090088","4.450331211090088","4.450331211090088"
"1019","59.03026580810547","59.03026580810547","59.03026580810547","56.17870330810547","56.17870330810547","56.17870330810547","4.392744064331055","4.392744064331055","4.392744064331055"
"1049","51.02783203125","51.02783203125","51.02783203125","17.926721572875977","17.926721572875977","17.926721572875977","4.330824375152588","4.330824375152588","4.330824375152588"
"1079","50.17325210571289","50.17325210571289","50.17325210571289","18.064390182495117","18.064390182495117","18.064390182495117","4.303238868713379","4.303238868713379","4.303238868713379"
"1109","57.84359359741211","57.84359359741211","57.84359359741211","54.91684341430664","54.91684341430664","54.91684341430664","4.467071533203125","4.467071533203125","4.467071533203125"
"1139","48.913875579833984","48.913875579833984","48.913875579833984","16.196083068847656","16.196083068847656","16.196083068847656","4.09900426864624","4.09900426864624","4.09900426864624"
"1169","40.446495056152344","40.446495056152344","40.446495056152344","15.300272941589355","15.300272941589355","15.300272941589355","4.393279075622559","4.393279075622559","4.393279075622559"
"1199","44.484169006347656","44.484169006347656","44.484169006347656","16.812664031982422","16.812664031982422","16.812664031982422","4.375411510467529","4.375411510467529","4.375411510467529"
"1229","58.61521530151367","58.61521530151367","58.61521530151367","55.45608139038086","55.45608139038086","55.45608139038086","4.157294750213623","4.157294750213623","4.157294750213623"
"1259","44.28091812133789","44.28091812133789","44.28091812133789","14.849931716918945","14.849931716918945","14.849931716918945","4.203092098236084","4.203092098236084","4.203092098236084"
"1289","44.482322692871094","44.482322692871094","44.482322692871094","16.239145278930664","16.239145278930664","16.239145278930664","4.058276653289795","4.058276653289795","4.058276653289795"
"1319","41.22190475463867","41.22190475463867","41.22190475463867","42.66790008544922","42.66790008544922","42.66790008544922","4.166003227233887","4.166003227233887","4.166003227233887"
"1349","43.52663040161133","43.52663040161133","43.52663040161133","16.35576820373535","16.35576820373535","16.35576820373535","3.962066650390625","3.962066650390625","3.962066650390625"
"1379","45.471649169921875","45.471649169921875","45.471649169921875","14.495076179504395","14.495076179504395","14.495076179504395","3.8718459606170654","3.8718459606170654","3.8718459606170654"
"1409","42.71469497680664","42.71469497680664","42.71469497680664","15.506607055664062","15.506607055664062","15.506607055664062","4.063530921936035","4.063530921936035","4.063530921936035"
"1439","40.30780792236328","40.30780792236328","40.30780792236328","13.18967056274414","13.18967056274414","13.18967056274414","4.06245756149292","4.06245756149292","4.06245756149292"
"1469","40.78315734863281","40.78315734863281","40.78315734863281","14.64284610748291","14.64284610748291","14.64284610748291","3.85478138923645","3.85478138923645","3.85478138923645"
"1499","42.65439224243164","42.65439224243164","42.65439224243164","13.79056167602539","13.79056167602539","13.79056167602539","3.859588623046875","3.859588623046875","3.859588623046875"
"1529","42.79014205932617","42.79014205932617","42.79014205932617","15.047438621520996","15.047438621520996","15.047438621520996","3.936216354370117","3.936216354370117","3.936216354370117"
"1559","40.61223602294922","40.61223602294922","40.61223602294922","13.762825965881348","13.762825965881348","13.762825965881348","3.968045949935913","3.968045949935913","3.968045949935913"
"1589","43.74959945678711","43.74959945678711","43.74959945678711","15.66563892364502","15.66563892364502","15.66563892364502","3.848362445831299","3.848362445831299","3.848362445831299"
"1619","38.37532043457031","38.37532043457031","38.37532043457031","37.83774948120117","37.83774948120117","37.83774948120117","3.9854753017425537","3.9854753017425537","3.9854753017425537"
"1649","39.746822357177734","39.746822357177734","39.746822357177734","40.17379379272461","40.17379379272461","40.17379379272461","3.7733819484710693","3.7733819484710693","3.7733819484710693"
"1679","45.937713623046875","45.937713623046875","45.937713623046875","14.918679237365723","14.918679237365723","14.918679237365723","4.025842666625977","4.025842666625977","4.025842666625977"
"1709","39.884361267089844","39.884361267089844","39.884361267089844","12.44273853302002","12.44273853302002","12.44273853302002","3.6559364795684814","3.6559364795684814","3.6559364795684814"
"1739","37.2620849609375","37.2620849609375","37.2620849609375","11.795214653015137","11.795214653015137","11.795214653015137","3.7970387935638428","3.7970387935638428","3.7970387935638428"
"1769","36.65171813964844","36.65171813964844","36.65171813964844","12.045405387878418","12.045405387878418","12.045405387878418","3.564962387084961","3.564962387084961","3.564962387084961"
"1799","36.118370056152344","36.118370056152344","36.118370056152344","11.973929405212402","11.973929405212402","11.973929405212402","3.765590190887451","3.765590190887451","3.765590190887451"
"1829","33.89714813232422","33.89714813232422","33.89714813232422","12.315800666809082","12.315800666809082","12.315800666809082","3.532095193862915","3.532095193862915","3.532095193862915"
"1859","32.77402114868164","32.77402114868164","32.77402114868164","11.550015449523926","11.550015449523926","11.550015449523926","3.7872064113616943","3.7872064113616943","3.7872064113616943"
"1889","35.96649932861328","35.96649932861328","35.96649932861328","10.54388427734375","10.54388427734375","10.54388427734375","3.342641592025757","3.342641592025757","3.342641592025757"
"1919","35.26838684082031","35.26838684082031","35.26838684082031","37.9752197265625","37.9752197265625","37.9752197265625","3.5971946716308594","3.5971946716308594","3.5971946716308594"
"1949","36.77485656738281","36.77485656738281","36.77485656738281","12.22397232055664","12.22397232055664","12.22397232055664","3.40871262550354","3.40871262550354","3.40871262550354"
"1979","34.735836029052734","34.735836029052734","34.735836029052734","12.555970191955566","12.555970191955566","12.555970191955566","3.631417989730835","3.631417989730835","3.631417989730835"
"2009","36.29929733276367","36.29929733276367","36.29929733276367","12.570085525512695","12.570085525512695","12.570085525512695","3.7361247539520264","3.7361247539520264","3.7361247539520264"
"2039","29.894237518310547","29.894237518310547","29.894237518310547","10.545367240905762","10.545367240905762","10.545367240905762","3.56149959564209","3.56149959564209","3.56149959564209"
"2069","31.844711303710938","31.844711303710938","31.844711303710938","11.376399993896484","11.376399993896484","11.376399993896484","3.3380470275878906","3.3380470275878906","3.3380470275878906"
"2099","28.639408111572266","28.639408111572266","28.639408111572266","10.464866638183594","10.464866638183594","10.464866638183594","3.3291900157928467","3.3291900157928467","3.3291900157928467"
"2129","31.55789566040039","31.55789566040039","31.55789566040039","9.720539093017578","9.720539093017578","9.720539093017578","3.4710936546325684","3.4710936546325684","3.4710936546325684"
"2159","28.634578704833984","28.634578704833984","28.634578704833984","8.214923858642578","8.214923858642578","8.214923858642578","3.2978289127349854","3.2978289127349854","3.2978289127349854"
"2189","31.9083309173584","31.9083309173584","31.9083309173584","10.790173530578613","10.790173530578613","10.790173530578613","3.3574819564819336","3.3574819564819336","3.3574819564819336"
"2219","30.10099983215332","30.10099983215332","30.10099983215332","10.988653182983398","10.988653182983398","10.988653182983398","3.589510202407837","3.589510202407837","3.589510202407837"
"2249","32.11667251586914","32.11667251586914","32.11667251586914","10.658551216125488","10.658551216125488","10.658551216125488","3.7359941005706787","3.7359941005706787","3.7359941005706787"
"2279","232.71124267578125","232.71124267578125","232.71124267578125","120.52511596679688","120.52511596679688","120.52511596679688","55.67626953125","55.67626953125","55.67626953125"
"2309","31.25944709777832","31.25944709777832","31.25944709777832","8.90703010559082","8.90703010559082","8.90703010559082","3.1980156898498535","3.1980156898498535","3.1980156898498535"
"2339","33.22349166870117","33.22349166870117","33.22349166870117","35.76716613769531","35.76716613769531","35.76716613769531","3.479832172393799","3.479832172393799","3.479832172393799"
"2369","34.4371337890625","34.4371337890625","34.4371337890625","37.82476043701172","37.82476043701172","37.82476043701172","3.19899582862854","3.19899582862854","3.19899582862854"
"2399","31.441816329956055","31.441816329956055","31.441816329956055","34.915122985839844","34.915122985839844","34.915122985839844","3.473022937774658","3.473022937774658","3.473022937774658"
"2429","26.90921401977539","26.90921401977539","26.90921401977539","7.759617805480957","7.759617805480957","7.759617805480957","3.3915226459503174","3.3915226459503174","3.3915226459503174"
"2459","19.001174926757812","19.001174926757812","19.001174926757812","7.274817943572998","7.274817943572998","7.274817943572998","3.4783101081848145","3.4783101081848145","3.4783101081848145"
"2489","25.568466186523438","25.568466186523438","25.568466186523438","8.361040115356445","8.361040115356445","8.361040115356445","3.3172993659973145","3.3172993659973145","3.3172993659973145"
"2519","28.042736053466797","28.042736053466797","28.042736053466797","9.633891105651855","9.633891105651855","9.633891105651855","3.319993734359741","3.319993734359741","3.319993734359741"
"2549","25.23929214477539","25.23929214477539","25.23929214477539","9.63149356842041","9.63149356842041","9.63149356842041","3.404278516769409","3.404278516769409","3.404278516769409"
"2579","28.907875061035156","28.907875061035156","28.907875061035156","33.02571105957031","33.02571105957031","33.02571105957031","3.1872451305389404","3.1872451305389404","3.1872451305389404"
"2609","23.147279739379883","23.147279739379883","23.147279739379883","6.940274715423584","6.940274715423584","6.940274715423584","3.147243022918701","3.147243022918701","3.147243022918701"
"2639","22.611507415771484","22.611507415771484","22.611507415771484","6.705906391143799","6.705906391143799","6.705906391143799","3.1409976482391357","3.1409976482391357","3.1409976482391357"
"2669","26.587270736694336","26.587270736694336","26.587270736694336","8.803174018859863","8.803174018859863","8.803174018859863","3.1393656730651855","3.1393656730651855","3.1393656730651855"
"2699","24.784114837646484","24.784114837646484","24.784114837646484","7.755582332611084","7.755582332611084","7.755582332611084","3.1995010375976562","3.1995010375976562","3.1995010375976562"
"2729","25.96355628967285","25.96355628967285","25.96355628967285","9.844613075256348","9.844613075256348","9.844613075256348","3.0378148555755615","3.0378148555755615","3.0378148555755615"
"2759","20.79813003540039","20.79813003540039","20.79813003540039","6.5003790855407715","6.5003790855407715","6.5003790855407715","3.12365460395813","3.12365460395813","3.12365460395813"
"2789","20.588973999023438","20.588973999023438","20.588973999023438","7.003520488739014","7.003520488739014","7.003520488739014","3.298992872238159","3.298992872238159","3.298992872238159"
"2819","18.322162628173828","18.322162628173828","18.322162628173828","6.157704830169678","6.157704830169678","6.157704830169678","2.9096460342407227","2.9096460342407227","2.9096460342407227"
"2849","23.859254837036133","23.859254837036133","23.859254837036133","9.328987121582031","9.328987121582031","9.328987121582031","3.2439043521881104","3.2439043521881104","3.2439043521881104"
"2879","27.459983825683594","27.459983825683594","27.459983825683594","31.597028732299805","31.597028732299805","31.597028732299805","2.9547135829925537","2.9547135829925537","2.9547135829925537"
"2909","18.308353424072266","18.308353424072266","18.308353424072266","6.002580642700195","6.002580642700195","6.002580642700195","3.1437859535217285","3.1437859535217285","3.1437859535217285"
"2939","13.714613914489746","13.714613914489746","13.714613914489746","4.223932266235352","4.223932266235352","4.223932266235352","3.0636448860168457","3.0636448860168457","3.0636448860168457"
"2969","28.583515167236328","28.583515167236328","28.583515167236328","31.744619369506836","31.744619369506836","31.744619369506836","3.0963962078094482","3.0963962078094482","3.0963962078094482"
"2999","10.9150972366333","10.9150972366333","10.9150972366333","4.737392902374268","4.737392902374268","4.737392902374268","3.2493066787719727","3.2493066787719727","3.2493066787719727"
"3029","27.420814514160156","27.420814514160156","27.420814514160156","33.77865982055664","33.77865982055664","33.77865982055664","3.1697702407836914","3.1697702407836914","3.1697702407836914"
"3059","21.72113800048828","21.72113800048828","21.72113800048828","6.991860389709473","6.991860389709473","6.991860389709473","2.988699197769165","2.988699197769165","2.988699197769165"
"3089","15.272482872009277","15.272482872009277","15.272482872009277","5.129585266113281","5.129585266113281","5.129585266113281","2.9571492671966553","2.9571492671966553","2.9571492671966553"
"3119","22.004072189331055","22.004072189331055","22.004072189331055","6.778569221496582","6.778569221496582","6.778569221496582","3.2466845512390137","3.2466845512390137","3.2466845512390137"
"3149","13.454473495483398","13.454473495483398","13.454473495483398","5.499809265136719","5.499809265136719","5.499809265136719","2.998528480529785","2.998528480529785","2.998528480529785"
"3179","16.234338760375977","16.234338760375977","16.234338760375977","5.008991241455078","5.008991241455078","5.008991241455078","3.2701964378356934","3.2701964378356934","3.2701964378356934"
"3209","23.28126335144043","23.28126335144043","23.28126335144043","7.3222975730896","7.3222975730896","7.3222975730896","3.232982635498047","3.232982635498047","3.232982635498047"
"3239","19.794876098632812","19.794876098632812","19.794876098632812","7.513339042663574","7.513339042663574","7.513339042663574","2.9195330142974854","2.9195330142974854","2.9195330142974854"
"3269","22.26102638244629","22.26102638244629","22.26102638244629","7.0184783935546875","7.0184783935546875","7.0184783935546875","3.014493703842163","3.014493703842163","3.014493703842163"
"3299","17.014755249023438","17.014755249023438","17.014755249023438","6.004250526428223","6.004250526428223","6.004250526428223","2.817932605743408","2.817932605743408","2.817932605743408"
"3329","19.2521915435791","19.2521915435791","19.2521915435791","6.117266654968262","6.117266654968262","6.117266654968262","2.878887176513672","2.878887176513672","2.878887176513672"
"3359","19.726701736450195","19.726701736450195","19.726701736450195","6.9009904861450195","6.9009904861450195","6.9009904861450195","2.875777244567871","2.875777244567871","2.875777244567871"
"3389","6.771504878997803","6.771504878997803","6.771504878997803","3.7092278003692627","3.7092278003692627","3.7092278003692627","2.874511957168579","2.874511957168579","2.874511957168579"
"3419","20.473310470581055","20.473310470581055","20.473310470581055","5.670114040374756","5.670114040374756","5.670114040374756","2.855445384979248","2.855445384979248","2.855445384979248"
"3449","14.894418716430664","14.894418716430664","14.894418716430664","5.169534683227539","5.169534683227539","5.169534683227539","2.8276727199554443","2.8276727199554443","2.8276727199554443"
"3479","17.211666107177734","17.211666107177734","17.211666107177734","5.221911430358887","5.221911430358887","5.221911430358887","3.0652716159820557","3.0652716159820557","3.0652716159820557"
"3509","23.053382873535156","23.053382873535156","23.053382873535156","28.569480895996094","28.569480895996094","28.569480895996094","2.907205820083618","2.907205820083618","2.907205820083618"
"3539","21.539350509643555","21.539350509643555","21.539350509643555","7.367664813995361","7.367664813995361","7.367664813995361","2.933398962020874","2.933398962020874","2.933398962020874"
"3569","14.081788063049316","14.081788063049316","14.081788063049316","4.693429946899414","4.693429946899414","4.693429946899414","2.731675148010254","2.731675148010254","2.731675148010254"
"3599","16.042726516723633","16.042726516723633","16.042726516723633","5.585406303405762","5.585406303405762","5.585406303405762","3.0640547275543213","3.0640547275543213","3.0640547275543213"
"3629","7.205536842346191","7.205536842346191","7.205536842346191","3.5366530418395996","3.5366530418395996","3.5366530418395996","2.785602331161499","2.785602331161499","2.785602331161499"
"3659","19.82363510131836","19.82363510131836","19.82363510131836","28.36028289794922","28.36028289794922","28.36028289794922","2.906115770339966","2.906115770339966","2.906115770339966"
"3689","4.005046367645264","4.005046367645264","4.005046367645264","2.916931629180908","2.916931629180908","2.916931629180908","2.757688283920288","2.757688283920288","2.757688283920288"
"3719","11.027936935424805","11.027936935424805","11.027936935424805","4.122842788696289","4.122842788696289","4.122842788696289","2.813243865966797","2.813243865966797","2.813243865966797"
"3749","3.7333805561065674","3.7333805561065674","3.7333805561065674","2.8930492401123047","2.8930492401123047","2.8930492401123047","2.741429090499878","2.741429090499878","2.741429090499878"
"3779","13.892291069030762","13.892291069030762","13.892291069030762","5.6663665771484375","5.6663665771484375","5.6663665771484375","3.0597612857818604","3.0597612857818604","3.0597612857818604"
"3809","14.43920612335205","14.43920612335205","14.43920612335205","5.608821868896484","5.608821868896484","5.608821868896484","2.678689479827881","2.678689479827881","2.678689479827881"
"3839","8.977560997009277","8.977560997009277","8.977560997009277","4.052986145019531","4.052986145019531","4.052986145019531","2.7081820964813232","2.7081820964813232","2.7081820964813232"
"3869","21.597360610961914","21.597360610961914","21.597360610961914","27.250532150268555","27.250532150268555","27.250532150268555","2.946880340576172","2.946880340576172","2.946880340576172"
"3899","17.825048446655273","17.825048446655273","17.825048446655273","6.1869730949401855","6.1869730949401855","6.1869730949401855","2.7610409259796143","2.7610409259796143","2.7610409259796143"
"3929","11.777043342590332","11.777043342590332","11.777043342590332","4.6366705894470215","4.6366705894470215","4.6366705894470215","3.0660741329193115","3.0660741329193115","3.0660741329193115"
"3959","9.660745620727539","9.660745620727539","9.660745620727539","4.733515739440918","4.733515739440918","4.733515739440918","2.8837976455688477","2.8837976455688477","2.8837976455688477"
"3989","11.799782752990723","11.799782752990723","11.799782752990723","3.596446990966797","3.596446990966797","3.596446990966797","2.7024407386779785","2.7024407386779785","2.7024407386779785"
"4019","17.152782440185547","17.152782440185547","17.152782440185547","26.246191024780273","26.246191024780273","26.246191024780273","2.7646543979644775","2.7646543979644775","2.7646543979644775"
"4049","6.56988000869751","6.56988000869751","6.56988000869751","3.308234691619873","3.308234691619873","3.308234691619873","2.5878472328186035","2.5878472328186035","2.5878472328186035"
"4079","16.554018020629883","16.554018020629883","16.554018020629883","6.448528289794922","6.448528289794922","6.448528289794922","2.737257242202759","2.737257242202759","2.737257242202759"
"4109","18.431936264038086","18.431936264038086","18.431936264038086","6.661827087402344","6.661827087402344","6.661827087402344","2.7001962661743164","2.7001962661743164","2.7001962661743164"
"4139","17.81725311279297","17.81725311279297","17.81725311279297","6.400026798248291","6.400026798248291","6.400026798248291","2.7162652015686035","2.7162652015686035","2.7162652015686035"
"4169","15.03271484375","15.03271484375","15.03271484375","4.58554744720459","4.58554744720459","4.58554744720459","2.7423510551452637","2.7423510551452637","2.7423510551452637"
"4199","10.378129959106445","10.378129959106445","10.378129959106445","3.87760853767395","3.87760853767395","3.87760853767395","2.548513650894165","2.548513650894165","2.548513650894165"
"4229","17.896276473999023","17.896276473999023","17.896276473999023","6.885135173797607","6.885135173797607","6.885135173797607","2.8266100883483887","2.8266100883483887","2.8266100883483887"
"4259","3.2377498149871826","3.2377498149871826","3.2377498149871826","2.91123104095459","2.91123104095459","2.91123104095459","2.6719255447387695","2.6719255447387695","2.6719255447387695"
"4289","3.2259535789489746","3.2259535789489746","3.2259535789489746","2.8631231784820557","2.8631231784820557","2.8631231784820557","2.5595240592956543","2.5595240592956543","2.5595240592956543"
"4319","3.331472158432007","3.331472158432007","3.331472158432007","2.9370737075805664","2.9370737075805664","2.9370737075805664","2.7482011318206787","2.7482011318206787","2.7482011318206787"
"4349","3.1913554668426514","3.1913554668426514","3.1913554668426514","2.859362840652466","2.859362840652466","2.859362840652466","2.73880934715271","2.73880934715271","2.73880934715271"
"4379","13.996810913085938","13.996810913085938","13.996810913085938","24.978517532348633","24.978517532348633","24.978517532348633","2.568773031234741","2.568773031234741","2.568773031234741"
"4409","3.1000585556030273","3.1000585556030273","3.1000585556030273","2.884964942932129","2.884964942932129","2.884964942932129","2.607011079788208","2.607011079788208","2.607011079788208"
"4439","8.401885986328125","8.401885986328125","8.401885986328125","4.013890743255615","4.013890743255615","4.013890743255615","2.557448148727417","2.557448148727417","2.557448148727417"
"4469","3.3811089992523193","3.3811089992523193","3.3811089992523193","2.942918062210083","2.942918062210083","2.942918062210083","2.72060489654541","2.72060489654541","2.72060489654541"
"4499","12.323068618774414","12.323068618774414","12.323068618774414","24.61971092224121","24.61971092224121","24.61971092224121","2.6897823810577393","2.6897823810577393","2.6897823810577393"
"4529","5.630629062652588","5.630629062652588","5.630629062652588","3.2993083000183105","3.2993083000183105","3.2993083000183105","2.384026527404785","2.384026527404785","2.384026527404785"
"4559","14.697731971740723","14.697731971740723","14.697731971740723","4.630257606506348","4.630257606506348","4.630257606506348","2.5879602432250977","2.5879602432250977","2.5879602432250977"
"4589","3.5731847286224365","3.5731847286224365","3.5731847286224365","3.207017660140991","3.207017660140991","3.207017660140991","2.81652569770813","2.81652569770813","2.81652569770813"
"4619","3.1890738010406494","3.1890738010406494","3.1890738010406494","2.903843402862549","2.903843402862549","2.903843402862549","2.674924850463867","2.674924850463867","2.674924850463867"
"4649","10.466033935546875","10.466033935546875","10.466033935546875","24.044750213623047","24.044750213623047","24.044750213623047","2.4314138889312744","2.4314138889312744","2.4314138889312744"
"4679","6.52110481262207","6.52110481262207","6.52110481262207","3.2647039890289307","3.2647039890289307","3.2647039890289307","2.5467398166656494","2.5467398166656494","2.5467398166656494"
"4709","9.959883689880371","9.959883689880371","9.959883689880371","4.092126369476318","4.092126369476318","4.092126369476318","2.4398863315582275","2.4398863315582275","2.4398863315582275"
"4739","18.505983352661133","18.505983352661133","18.505983352661133","6.896006107330322","6.896006107330322","6.896006107330322","2.8152496814727783","2.8152496814727783","2.8152496814727783"
"4769","17.33885383605957","17.33885383605957","17.33885383605957","6.312289237976074","6.312289237976074","6.312289237976074","2.463853597640991","2.463853597640991","2.463853597640991"
"4799","7.2243804931640625","7.2243804931640625","7.2243804931640625","3.519925832748413","3.519925832748413","3.519925832748413","2.5619640350341797","2.5619640350341797","2.5619640350341797"
"4829","7.270907878875732","7.270907878875732","7.270907878875732","3.1350605487823486","3.1350605487823486","3.1350605487823486","2.485783100128174","2.485783100128174","2.485783100128174"
"4859","2.7848098278045654","2.7848098278045654","2.7848098278045654","2.612366199493408","2.612366199493408","2.612366199493408","2.3808529376983643","2.3808529376983643","2.3808529376983643"
"4889","2.992424964904785","2.992424964904785","2.992424964904785","2.75925612449646","2.75925612449646","2.75925612449646","2.4503653049468994","2.4503653049468994","2.4503653049468994"
"4919","14.866954803466797","14.866954803466797","14.866954803466797","23.094526290893555","23.094526290893555","23.094526290893555","2.504833936691284","2.504833936691284","2.504833936691284"
"4949","2.8506710529327393","2.8506710529327393","2.8506710529327393","2.7444896697998047","2.7444896697998047","2.7444896697998047","2.4104630947113037","2.4104630947113037","2.4104630947113037"
"4979","2.8457067012786865","2.8457067012786865","2.8457067012786865","2.816495656967163","2.816495656967163","2.816495656967163","2.5792477130889893","2.5792477130889893","2.5792477130889893"
"5009","2.907924175262451","2.907924175262451","2.907924175262451","2.6459474563598633","2.6459474563598633","2.6459474563598633","2.337040901184082","2.337040901184082","2.337040901184082"
"5039","2.729213237762451","2.729213237762451","2.729213237762451","2.610135555267334","2.610135555267334","2.610135555267334","2.3180601596832275","2.3180601596832275","2.3180601596832275"
"5069","2.8684029579162598","2.8684029579162598","2.8684029579162598","2.769641160964966","2.769641160964966","2.769641160964966","2.421971321105957","2.421971321105957","2.421971321105957"
"5099","2.6809544563293457","2.6809544563293457","2.6809544563293457","2.6282713413238525","2.6282713413238525","2.6282713413238525","2.4288723468780518","2.4288723468780518","2.4288723468780518"
"5129","2.7498936653137207","2.7498936653137207","2.7498936653137207","2.5624289512634277","2.5624289512634277","2.5624289512634277","2.4218335151672363","2.4218335151672363","2.4218335151672363"
"5159","10.246216773986816","10.246216773986816","10.246216773986816","4.653477191925049","4.653477191925049","4.653477191925049","2.52876615524292","2.52876615524292","2.52876615524292"
"5189","2.672189950942993","2.672189950942993","2.672189950942993","2.6422173976898193","2.6422173976898193","2.6422173976898193","2.4392178058624268","2.4392178058624268","2.4392178058624268"
"5219","8.163113594055176","8.163113594055176","8.163113594055176","21.770931243896484","21.770931243896484","21.770931243896484","2.2830159664154053","2.2830159664154053","2.2830159664154053"
"5249","2.7982277870178223","2.7982277870178223","2.7982277870178223","2.8269340991973877","2.8269340991973877","2.8269340991973877","2.5635204315185547","2.5635204315185547","2.5635204315185547"
"5279","7.825631618499756","7.825631618499756","7.825631618499756","21.619815826416016","21.619815826416016","21.619815826416016","2.288965940475464","2.288965940475464","2.288965940475464"
"5309","8.28563117980957","8.28563117980957","8.28563117980957","22.09461784362793","22.09461784362793","22.09461784362793","2.67281436920166","2.67281436920166","2.67281436920166"
"5339","7.643452167510986","7.643452167510986","7.643452167510986","21.252267837524414","21.252267837524414","21.252267837524414","2.1826682090759277","2.1826682090759277","2.1826682090759277"
"5369","10.197531700134277","10.197531700134277","10.197531700134277","4.404788017272949","4.404788017272949","4.404788017272949","2.2524986267089844","2.2524986267089844","2.2524986267089844"
"5399","2.657766342163086","2.657766342163086","2.657766342163086","2.5129384994506836","2.5129384994506836","2.5129384994506836","2.2506227493286133","2.2506227493286133","2.2506227493286133"
"5429","2.769188165664673","2.769188165664673","2.769188165664673","2.8225669860839844","2.8225669860839844","2.8225669860839844","2.5848045349121094","2.5848045349121094","2.5848045349121094"
"5459","7.330128192901611","7.330128192901611","7.330128192901611","20.998464584350586","20.998464584350586","20.998464584350586","2.226722240447998","2.226722240447998","2.226722240447998"
"5489","2.745182514190674","2.745182514190674","2.745182514190674","2.67197322845459","2.67197322845459","2.67197322845459","2.413590908050537","2.413590908050537","2.413590908050537"
"5519","2.590684652328491","2.590684652328491","2.590684652328491","2.5168509483337402","2.5168509483337402","2.5168509483337402","2.196398973464966","2.196398973464966","2.196398973464966"
"5549","2.6985185146331787","2.6985185146331787","2.6985185146331787","2.6700706481933594","2.6700706481933594","2.6700706481933594","2.307790517807007","2.307790517807007","2.307790517807007"
"5579","13.811580657958984","13.811580657958984","13.811580657958984","3.9929656982421875","3.9929656982421875","3.9929656982421875","2.522688865661621","2.522688865661621","2.522688865661621"
"5609","7.246944427490234","7.246944427490234","7.246944427490234","20.783430099487305","20.783430099487305","20.783430099487305","2.451245069503784","2.451245069503784","2.451245069503784"
"5639","2.4759740829467773","2.4759740829467773","2.4759740829467773","2.4887642860412598","2.4887642860412598","2.4887642860412598","2.2885258197784424","2.2885258197784424","2.2885258197784424"
"5669","2.5289909839630127","2.5289909839630127","2.5289909839630127","2.551934242248535","2.551934242248535","2.551934242248535","2.3290555477142334","2.3290555477142334","2.3290555477142334"
"5699","10.586870193481445","10.586870193481445","10.586870193481445","3.5644493103027344","3.5644493103027344","3.5644493103027344","2.273822784423828","2.273822784423828","2.273822784423828"
"5729","2.58980655670166","2.58980655670166","2.58980655670166","2.6019914150238037","2.6019914150238037","2.6019914150238037","2.352832078933716","2.352832078933716","2.352832078933716"
"5759","2.595024347305298","2.595024347305298","2.595024347305298","2.707350492477417","2.707350492477417","2.707350492477417","2.4736151695251465","2.4736151695251465","2.4736151695251465"
"5789","2.6589226722717285","2.6589226722717285","2.6589226722717285","2.722792863845825","2.722792863845825","2.722792863845825","2.4094862937927246","2.4094862937927246","2.4094862937927246"
"5819","2.4243319034576416","2.4243319034576416","2.4243319034576416","2.4344842433929443","2.4344842433929443","2.4344842433929443","2.206232786178589","2.206232786178589","2.206232786178589"
"5849","2.376422643661499","2.376422643661499","2.376422643661499","2.510768413543701","2.510768413543701","2.510768413543701","2.1955177783966064","2.1955177783966064","2.1955177783966064"
"5879","2.5069868564605713","2.5069868564605713","2.5069868564605713","2.5542852878570557","2.5542852878570557","2.5542852878570557","2.250366449356079","2.250366449356079","2.250366449356079"
"5909","2.4051599502563477","2.4051599502563477","2.4051599502563477","2.4818599224090576","2.4818599224090576","2.4818599224090576","2.2545430660247803","2.2545430660247803","2.2545430660247803"
"5939","12.828192710876465","12.828192710876465","12.828192710876465","4.9862284660339355","4.9862284660339355","4.9862284660339355","2.1748807430267334","2.1748807430267334","2.1748807430267334"
"5969","2.4497134685516357","2.4497134685516357","2.4497134685516357","2.4722142219543457","2.4722142219543457","2.4722142219543457","2.1697773933410645","2.1697773933410645","2.1697773933410645"
"5999","2.4408321380615234","2.4408321380615234","2.4408321380615234","2.5450351238250732","2.5450351238250732","2.5450351238250732","2.333643674850464","2.333643674850464","2.333643674850464"
"6029","2.571721076965332","2.571721076965332","2.571721076965332","2.6101388931274414","2.6101388931274414","2.6101388931274414","2.261547803878784","2.261547803878784","2.261547803878784"
"6059","6.236528396606445","6.236528396606445","6.236528396606445","3.2270257472991943","3.2270257472991943","3.2270257472991943","2.311551094055176","2.311551094055176","2.311551094055176"
"6089","2.424429416656494","2.424429416656494","2.424429416656494","2.5508034229278564","2.5508034229278564","2.5508034229278564","2.228658437728882","2.228658437728882","2.228658437728882"
"6119","6.408599853515625","6.408599853515625","6.408599853515625","19.554561614990234","19.554561614990234","19.554561614990234","2.2311642169952393","2.2311642169952393","2.2311642169952393"
"6149","2.382934808731079","2.382934808731079","2.382934808731079","2.5977962017059326","2.5977962017059326","2.5977962017059326","2.3584299087524414","2.3584299087524414","2.3584299087524414"
"6179","2.2796308994293213","2.2796308994293213","2.2796308994293213","2.2799062728881836","2.2799062728881836","2.2799062728881836","1.9646776914596558","1.9646776914596558","1.9646776914596558"
"6209","8.564120292663574","8.564120292663574","8.564120292663574","3.043126344680786","3.043126344680786","3.043126344680786","2.1037087440490723","2.1037087440490723","2.1037087440490723"
"6239","2.2929604053497314","2.2929604053497314","2.2929604053497314","2.3979251384735107","2.3979251384735107","2.3979251384735107","2.176280975341797","2.176280975341797","2.176280975341797"
"6269","2.265652656555176","2.265652656555176","2.265652656555176","2.368037462234497","2.368037462234497","2.368037462234497","2.0606820583343506","2.0606820583343506","2.0606820583343506"
"6299","2.4613680839538574","2.4613680839538574","2.4613680839538574","2.559722900390625","2.559722900390625","2.559722900390625","2.2404608726501465","2.2404608726501465","2.2404608726501465"
"6329","7.655052185058594","7.655052185058594","7.655052185058594","3.3177688121795654","3.3177688121795654","3.3177688121795654","2.025062084197998","2.025062084197998","2.025062084197998"
"6359","5.933314800262451","5.933314800262451","5.933314800262451","18.761852264404297","18.761852264404297","18.761852264404297","2.1137425899505615","2.1137425899505615","2.1137425899505615"
"6389","2.454360246658325","2.454360246658325","2.454360246658325","2.6297643184661865","2.6297643184661865","2.6297643184661865","2.31604266166687","2.31604266166687","2.31604266166687"
"6419","2.2793238162994385","2.2793238162994385","2.2793238162994385","2.4564404487609863","2.4564404487609863","2.4564404487609863","2.0757579803466797","2.0757579803466797","2.0757579803466797"
"6449","2.2692909240722656","2.2692909240722656","2.2692909240722656","2.310256242752075","2.310256242752075","2.310256242752075","1.9878661632537842","1.9878661632537842","1.9878661632537842"
"6479","2.3626255989074707","2.3626255989074707","2.3626255989074707","2.457813262939453","2.457813262939453","2.457813262939453","2.058401107788086","2.058401107788086","2.058401107788086"
"6509","14.504347801208496","14.504347801208496","14.504347801208496","3.148407459259033","3.148407459259033","3.148407459259033","2.0496840476989746","2.0496840476989746","2.0496840476989746"
"6539","2.378767490386963","2.378767490386963","2.378767490386963","2.4352939128875732","2.4352939128875732","2.4352939128875732","2.0832719802856445","2.0832719802856445","2.0832719802856445"
"6569","2.2831218242645264","2.2831218242645264","2.2831218242645264","2.359060764312744","2.359060764312744","2.359060764312744","1.9703707695007324","1.9703707695007324","1.9703707695007324"
"6599","2.4088528156280518","2.4088528156280518","2.4088528156280518","2.4686577320098877","2.4686577320098877","2.4686577320098877","2.1623685359954834","2.1623685359954834","2.1623685359954834"
"6629","2.49607515335083","2.49607515335083","2.49607515335083","2.649277925491333","2.649277925491333","2.649277925491333","2.2504658699035645","2.2504658699035645","2.2504658699035645"
"6659","9.804096221923828","9.804096221923828","9.804096221923828","4.370570182800293","4.370570182800293","4.370570182800293","2.2558586597442627","2.2558586597442627","2.2558586597442627"
"6689","2.2637362480163574","2.2637362480163574","2.2637362480163574","2.352125644683838","2.352125644683838","2.352125644683838","2.00801682472229","2.00801682472229","2.00801682472229"
"6719","2.3100645542144775","2.3100645542144775","2.3100645542144775","2.471789598464966","2.471789598464966","2.471789598464966","2.109589099884033","2.109589099884033","2.109589099884033"
"6749","14.513739585876465","14.513739585876465","14.513739585876465","4.639744281768799","4.639744281768799","4.639744281768799","2.1073966026306152","2.1073966026306152","2.1073966026306152"
"6779","12.142580032348633","12.142580032348633","12.142580032348633","6.15101432800293","6.15101432800293","6.15101432800293","2.1304075717926025","2.1304075717926025","2.1304075717926025"
"6809","2.3591673374176025","2.3591673374176025","2.3591673374176025","2.4815754890441895","2.4815754890441895","2.4815754890441895","2.1596648693084717","2.1596648693084717","2.1596648693084717"
"6839","17.47900390625","17.47900390625","17.47900390625","3.7392876148223877","3.7392876148223877","3.7392876148223877","2.030287504196167","2.030287504196167","2.030287504196167"
"6869","2.37912917137146","2.37912917137146","2.37912917137146","2.6764633655548096","2.6764633655548096","2.6764633655548096","2.217628002166748","2.217628002166748","2.217628002166748"
"6899","6.092024803161621","6.092024803161621","6.092024803161621","19.46043586730957","19.46043586730957","19.46043586730957","2.1074066162109375","2.1074066162109375","2.1074066162109375"
"6929","2.438558578491211","2.438558578491211","2.438558578491211","2.5868780612945557","2.5868780612945557","2.5868780612945557","2.098581075668335","2.098581075668335","2.098581075668335"
"6959","2.279475450515747","2.279475450515747","2.279475450515747","2.4385015964508057","2.4385015964508057","2.4385015964508057","2.0587751865386963","2.0587751865386963","2.0587751865386963"
"6989","2.2643282413482666","2.2643282413482666","2.2643282413482666","2.476442813873291","2.476442813873291","2.476442813873291","2.1328060626983643","2.1328060626983643","2.1328060626983643"
"7019","2.2681047916412354","2.2681047916412354","2.2681047916412354","2.4175057411193848","2.4175057411193848","2.4175057411193848","2.027787446975708","2.027787446975708","2.027787446975708"
"7049","12.534748077392578","12.534748077392578","12.534748077392578","3.306267023086548","3.306267023086548","3.306267023086548","1.933638095855713","1.933638095855713","1.933638095855713"
"7079","2.146317958831787","2.146317958831787","2.146317958831787","2.3239879608154297","2.3239879608154297","2.3239879608154297","1.9669245481491089","1.9669245481491089","1.9669245481491089"
"7109","2.2497973442077637","2.2497973442077637","2.2497973442077637","2.366727590560913","2.366727590560913","2.366727590560913","1.9743303060531616","1.9743303060531616","1.9743303060531616"
"7139","2.1866605281829834","2.1866605281829834","2.1866605281829834","2.3905413150787354","2.3905413150787354","2.3905413150787354","2.018951416015625","2.018951416015625","2.018951416015625"
"7169","2.160588264465332","2.160588264465332","2.160588264465332","2.403970956802368","2.403970956802368","2.403970956802368","2.022895574569702","2.022895574569702","2.022895574569702"
"7199","2.1708762645721436","2.1708762645721436","2.1708762645721436","2.327643632888794","2.327643632888794","2.327643632888794","1.92953360080719","1.92953360080719","1.92953360080719"
"7229","2.2766165733337402","2.2766165733337402","2.2766165733337402","2.4743049144744873","2.4743049144744873","2.4743049144744873","2.09591007232666","2.09591007232666","2.09591007232666"
"7259","11.87076187133789","11.87076187133789","11.87076187133789","17.461322784423828","17.461322784423828","17.461322784423828","1.963135004043579","1.963135004043579","1.963135004043579"
"7289","2.323727607727051","2.323727607727051","2.323727607727051","2.443777084350586","2.443777084350586","2.443777084350586","2.0126991271972656","2.0126991271972656","2.0126991271972656"
"7319","2.255617380142212","2.255617380142212","2.255617380142212","2.4845738410949707","2.4845738410949707","2.4845738410949707","2.1098477840423584","2.1098477840423584","2.1098477840423584"
"7349","2.283977508544922","2.283977508544922","2.283977508544922","2.501399517059326","2.501399517059326","2.501399517059326","2.1151139736175537","2.1151139736175537","2.1151139736175537"
"7379","2.113584518432617","2.113584518432617","2.113584518432617","2.363773822784424","2.363773822784424","2.363773822784424","1.980470895767212","1.980470895767212","1.980470895767212"
"7409","2.1448521614074707","2.1448521614074707","2.1448521614074707","2.483895778656006","2.483895778656006","2.483895778656006","2.0548782348632812","2.0548782348632812","2.0548782348632812"
"7439","2.167456865310669","2.167456865310669","2.167456865310669","2.388328790664673","2.388328790664673","2.388328790664673","1.963980793952942","1.963980793952942","1.963980793952942"
"7469","5.057313442230225","5.057313442230225","5.057313442230225","16.42389678955078","16.42389678955078","16.42389678955078","2.032968759536743","2.032968759536743","2.032968759536743"
"7499","2.1041438579559326","2.1041438579559326","2.1041438579559326","2.3690481185913086","2.3690481185913086","2.3690481185913086","1.8835194110870361","1.8835194110870361","1.8835194110870361"
"7529","2.4140684604644775","2.4140684604644775","2.4140684604644775","2.6225509643554688","2.6225509643554688","2.6225509643554688","2.2137985229492188","2.2137985229492188","2.2137985229492188"
"7559","2.1087348461151123","2.1087348461151123","2.1087348461151123","2.3061110973358154","2.3061110973358154","2.3061110973358154","1.851900577545166","1.851900577545166","1.851900577545166"
"7589","2.2677624225616455","2.2677624225616455","2.2677624225616455","2.381092071533203","2.381092071533203","2.381092071533203","1.9570612907409668","1.9570612907409668","1.9570612907409668"
"7619","11.631464958190918","11.631464958190918","11.631464958190918","3.8349554538726807","3.8349554538726807","3.8349554538726807","2.0731735229492188","2.0731735229492188","2.0731735229492188"
"7649","2.1715118885040283","2.1715118885040283","2.1715118885040283","2.5238139629364014","2.5238139629364014","2.5238139629364014","2.060392141342163","2.060392141342163","2.060392141342163"
"7679","2.3420112133026123","2.3420112133026123","2.3420112133026123","2.7374966144561768","2.7374966144561768","2.7374966144561768","2.09476375579834","2.09476375579834","2.09476375579834"
"7709","2.1396565437316895","2.1396565437316895","2.1396565437316895","2.4236130714416504","2.4236130714416504","2.4236130714416504","1.928170084953308","1.928170084953308","1.928170084953308"
"7739","2.0861711502075195","2.0861711502075195","2.0861711502075195","2.3754098415374756","2.3754098415374756","2.3754098415374756","1.9766045808792114","1.9766045808792114","1.9766045808792114"
"7769","2.174335479736328","2.174335479736328","2.174335479736328","2.363917589187622","2.363917589187622","2.363917589187622","1.9388537406921387","1.9388537406921387","1.9388537406921387"
"7799","2.0723767280578613","2.0723767280578613","2.0723767280578613","2.350998878479004","2.350998878479004","2.350998878479004","1.9088045358657837","1.9088045358657837","1.9088045358657837"
"7829","4.685107231140137","4.685107231140137","4.685107231140137","15.814570426940918","15.814570426940918","15.814570426940918","1.9418280124664307","1.9418280124664307","1.9418280124664307"
"7859","2.1587631702423096","2.1587631702423096","2.1587631702423096","2.4275524616241455","2.4275524616241455","2.4275524616241455","1.9802824258804321","1.9802824258804321","1.9802824258804321"
"7889","2.182971239089966","2.182971239089966","2.182971239089966","2.569572925567627","2.569572925567627","2.569572925567627","1.9976333379745483","1.9976333379745483","1.9976333379745483"
"7919","2.0292141437530518","2.0292141437530518","2.0292141437530518","2.2786874771118164","2.2786874771118164","2.2786874771118164","1.8770259618759155","1.8770259618759155","1.8770259618759155"
"7949","2.155289649963379","2.155289649963379","2.155289649963379","2.4612274169921875","2.4612274169921875","2.4612274169921875","1.9982967376708984","1.9982967376708984","1.9982967376708984"
"7979","2.0377986431121826","2.0377986431121826","2.0377986431121826","2.3782620429992676","2.3782620429992676","2.3782620429992676","1.925526738166809","1.925526738166809","1.925526738166809"
"8009","4.553504943847656","4.553504943847656","4.553504943847656","15.42338752746582","15.42338752746582","15.42338752746582","1.8894917964935303","1.8894917964935303","1.8894917964935303"
"8039","2.144792079925537","2.144792079925537","2.144792079925537","2.424041986465454","2.424041986465454","2.424041986465454","1.897424578666687","1.897424578666687","1.897424578666687"
"8069","2.0220232009887695","2.0220232009887695","2.0220232009887695","2.345262050628662","2.345262050628662","2.345262050628662","1.8812264204025269","1.8812264204025269","1.8812264204025269"
"8099","2.085564136505127","2.085564136505127","2.085564136505127","2.380242347717285","2.380242347717285","2.380242347717285","1.922652244567871","1.922652244567871","1.922652244567871"
"8129","2.060537099838257","2.060537099838257","2.060537099838257","2.3760151863098145","2.3760151863098145","2.3760151863098145","1.8683444261550903","1.8683444261550903","1.8683444261550903"
"8159","2.3229172229766846","2.3229172229766846","2.3229172229766846","2.7710320949554443","2.7710320949554443","2.7710320949554443","2.2459802627563477","2.2459802627563477","2.2459802627563477"
"8189","4.475414752960205","4.475414752960205","4.475414752960205","15.061155319213867","15.061155319213867","15.061155319213867","1.90137779712677","1.90137779712677","1.90137779712677"
"8219","4.345725059509277","4.345725059509277","4.345725059509277","14.851759910583496","14.851759910583496","14.851759910583496","1.8026264905929565","1.8026264905929565","1.8026264905929565"
"8249","2.2369842529296875","2.2369842529296875","2.2369842529296875","2.684110164642334","2.684110164642334","2.684110164642334","1.9943881034851074","1.9943881034851074","1.9943881034851074"
"8279","2.0611822605133057","2.0611822605133057","2.0611822605133057","2.392077684402466","2.392077684402466","2.392077684402466","1.889734148979187","1.889734148979187","1.889734148979187"
"8309","2.0354421138763428","2.0354421138763428","2.0354421138763428","2.2467856407165527","2.2467856407165527","2.2467856407165527","1.7712197303771973","1.7712197303771973","1.7712197303771973"
"8339","2.1600067615509033","2.1600067615509033","2.1600067615509033","2.395660400390625","2.395660400390625","2.395660400390625","1.917055606842041","1.917055606842041","1.917055606842041"
"8369","4.375329494476318","4.375329494476318","4.375329494476318","14.778182029724121","14.778182029724121","14.778182029724121","1.9015862941741943","1.9015862941741943","1.9015862941741943"
"8399","2.06136417388916","2.06136417388916","2.06136417388916","2.3921942710876465","2.3921942710876465","2.3921942710876465","1.8864257335662842","1.8864257335662842","1.8864257335662842"
"8429","4.487392902374268","4.487392902374268","4.487392902374268","14.975914001464844","14.975914001464844","14.975914001464844","2.0364034175872803","2.0364034175872803","2.0364034175872803"
"8459","1.9939517974853516","1.9939517974853516","1.9939517974853516","2.2880752086639404","2.2880752086639404","2.2880752086639404","1.7764348983764648","1.7764348983764648","1.7764348983764648"
"8489","2.0728938579559326","2.0728938579559326","2.0728938579559326","2.3397669792175293","2.3397669792175293","2.3397669792175293","1.8541022539138794","1.8541022539138794","1.8541022539138794"
"8519","4.232112407684326","4.232112407684326","4.232112407684326","14.407755851745605","14.407755851745605","14.407755851745605","1.7946635484695435","1.7946635484695435","1.7946635484695435"
"8549","2.085163116455078","2.085163116455078","2.085163116455078","2.497706890106201","2.497706890106201","2.497706890106201","2.0122389793395996","2.0122389793395996","2.0122389793395996"
"8579","4.17473840713501","4.17473840713501","4.17473840713501","14.211512565612793","14.211512565612793","14.211512565612793","1.7625750303268433","1.7625750303268433","1.7625750303268433"
"8609","2.042118549346924","2.042118549346924","2.042118549346924","2.3609206676483154","2.3609206676483154","2.3609206676483154","1.8881384134292603","1.8881384134292603","1.8881384134292603"
"8639","2.053696393966675","2.053696393966675","2.053696393966675","2.32607364654541","2.32607364654541","2.32607364654541","1.807667851448059","1.807667851448059","1.807667851448059"
"8669","2.040480375289917","2.040480375289917","2.040480375289917","2.4350216388702393","2.4350216388702393","2.4350216388702393","1.9305328130722046","1.9305328130722046","1.9305328130722046"
"8699","2.066105842590332","2.066105842590332","2.066105842590332","2.373905897140503","2.373905897140503","2.373905897140503","1.8053025007247925","1.8053025007247925","1.8053025007247925"
"8729","1.9859615564346313","1.9859615564346313","1.9859615564346313","2.299389362335205","2.299389362335205","2.299389362335205","1.8421756029129028","1.8421756029129028","1.8421756029129028"
"8759","2.0350003242492676","2.0350003242492676","2.0350003242492676","2.3514912128448486","2.3514912128448486","2.3514912128448486","1.8417202234268188","1.8417202234268188","1.8417202234268188"
"8789","4.572997093200684","4.572997093200684","4.572997093200684","15.356389045715332","15.356389045715332","15.356389045715332","1.7894731760025024","1.7894731760025024","1.7894731760025024"
"8819","1.9637707471847534","1.9637707471847534","1.9637707471847534","2.3527047634124756","2.3527047634124756","2.3527047634124756","1.8584401607513428","1.8584401607513428","1.8584401607513428"
"8849","1.9543185234069824","1.9543185234069824","1.9543185234069824","2.415487051010132","2.415487051010132","2.415487051010132","1.892926573753357","1.892926573753357","1.892926573753357"
"8879","1.944101333618164","1.944101333618164","1.944101333618164","2.208484411239624","2.208484411239624","2.208484411239624","1.7427098751068115","1.7427098751068115","1.7427098751068115"
"8909","2.000765085220337","2.000765085220337","2.000765085220337","2.4290573596954346","2.4290573596954346","2.4290573596954346","1.8733669519424438","1.8733669519424438","1.8733669519424438"
"8939","2.011556625366211","2.011556625366211","2.011556625366211","2.28767991065979","2.28767991065979","2.28767991065979","1.7393229007720947","1.7393229007720947","1.7393229007720947"
"8969","2.080271005630493","2.080271005630493","2.080271005630493","2.3774142265319824","2.3774142265319824","2.3774142265319824","1.8285549879074097","1.8285549879074097","1.8285549879074097"
"8999","4.0994672775268555","4.0994672775268555","4.0994672775268555","13.603686332702637","13.603686332702637","13.603686332702637","1.829789400100708","1.829789400100708","1.829789400100708"
"9029","1.8942452669143677","1.8942452669143677","1.8942452669143677","2.300755500793457","2.300755500793457","2.300755500793457","1.7955379486083984","1.7955379486083984","1.7955379486083984"
"9059","1.948614478111267","1.948614478111267","1.948614478111267","2.422508478164673","2.422508478164673","2.422508478164673","1.8098276853561401","1.8098276853561401","1.8098276853561401"
"9089","1.93270742893219","1.93270742893219","1.93270742893219","2.2193143367767334","2.2193143367767334","2.2193143367767334","1.659347653388977","1.659347653388977","1.659347653388977"
"9119","1.8861383199691772","1.8861383199691772","1.8861383199691772","2.3670313358306885","2.3670313358306885","2.3670313358306885","1.882675290107727","1.882675290107727","1.882675290107727"
"9149","1.9617022275924683","1.9617022275924683","1.9617022275924683","2.305230140686035","2.305230140686035","2.305230140686035","1.7379662990570068","1.7379662990570068","1.7379662990570068"
"9179","1.8849135637283325","1.8849135637283325","1.8849135637283325","2.298806667327881","2.298806667327881","2.298806667327881","1.8032965660095215","1.8032965660095215","1.8032965660095215"
"9209","3.897899627685547","3.897899627685547","3.897899627685547","13.466493606567383","13.466493606567383","13.466493606567383","1.8420170545578003","1.8420170545578003","1.8420170545578003"
"9239","1.960476279258728","1.960476279258728","1.960476279258728","2.3376781940460205","2.3376781940460205","2.3376781940460205","1.8489960432052612","1.8489960432052612","1.8489960432052612"
"9269","1.9827914237976074","1.9827914237976074","1.9827914237976074","2.3496696949005127","2.3496696949005127","2.3496696949005127","1.7602545022964478","1.7602545022964478","1.7602545022964478"
"9299","1.904378890991211","1.904378890991211","1.904378890991211","2.255009174346924","2.255009174346924","2.255009174346924","1.7034324407577515","1.7034324407577515","1.7034324407577515"
"9329","1.8434096574783325","1.8434096574783325","1.8434096574783325","2.2290756702423096","2.2290756702423096","2.2290756702423096","1.6721320152282715","1.6721320152282715","1.6721320152282715"
"9359","1.9400209188461304","1.9400209188461304","1.9400209188461304","2.324512481689453","2.324512481689453","2.324512481689453","1.7265050411224365","1.7265050411224365","1.7265050411224365"
"9389","1.8681368827819824","1.8681368827819824","1.8681368827819824","2.3384573459625244","2.3384573459625244","2.3384573459625244","1.7611613273620605","1.7611613273620605","1.7611613273620605"
"9419","1.9545658826828003","1.9545658826828003","1.9545658826828003","2.3218560218811035","2.3218560218811035","2.3218560218811035","1.751918911933899","1.751918911933899","1.751918911933899"
"9449","1.9523861408233643","1.9523861408233643","1.9523861408233643","2.428154468536377","2.428154468536377","2.428154468536377","1.8412644863128662","1.8412644863128662","1.8412644863128662"
"9479","1.9583756923675537","1.9583756923675537","1.9583756923675537","2.421515464782715","2.421515464782715","2.421515464782715","1.8731322288513184","1.8731322288513184","1.8731322288513184"
"9509","1.902838110923767","1.902838110923767","1.902838110923767","2.2673532962799072","2.2673532962799072","2.2673532962799072","1.7188881635665894","1.7188881635665894","1.7188881635665894"
"9539","1.8758776187896729","1.8758776187896729","1.8758776187896729","2.3234851360321045","2.3234851360321045","2.3234851360321045","1.804240107536316","1.804240107536316","1.804240107536316"
"9569","1.9340776205062866","1.9340776205062866","1.9340776205062866","2.3393516540527344","2.3393516540527344","2.3393516540527344","1.7901089191436768","1.7901089191436768","1.7901089191436768"
"9599","1.8652770519256592","1.8652770519256592","1.8652770519256592","2.2892868518829346","2.2892868518829346","2.2892868518829346","1.7532869577407837","1.7532869577407837","1.7532869577407837"
"9629","1.9831445217132568","1.9831445217132568","1.9831445217132568","2.3130297660827637","2.3130297660827637","2.3130297660827637","1.7306205034255981","1.7306205034255981","1.7306205034255981"
"9659","22.4078311920166","22.4078311920166","22.4078311920166","3.964264392852783","3.964264392852783","3.964264392852783","1.705253005027771","1.705253005027771","1.705253005027771"
"9689","1.7916970252990723","1.7916970252990723","1.7916970252990723","2.15574049949646","2.15574049949646","2.15574049949646","1.6357815265655518","1.6357815265655518","1.6357815265655518"
"9719","1.8468502759933472","1.8468502759933472","1.8468502759933472","2.300258159637451","2.300258159637451","2.300258159637451","1.7843559980392456","1.7843559980392456","1.7843559980392456"
"9749","1.8218966722488403","1.8218966722488403","1.8218966722488403","2.1985092163085938","2.1985092163085938","2.1985092163085938","1.6632943153381348","1.6632943153381348","1.6632943153381348"
"9779","1.8709973096847534","1.8709973096847534","1.8709973096847534","2.224771738052368","2.224771738052368","2.224771738052368","1.634724736213684","1.634724736213684","1.634724736213684"
"9809","1.8213425874710083","1.8213425874710083","1.8213425874710083","2.256629228591919","2.256629228591919","2.256629228591919","1.745522379875183","1.745522379875183","1.745522379875183"
"9839","1.8390604257583618","1.8390604257583618","1.8390604257583618","2.228945016860962","2.228945016860962","2.228945016860962","1.6634441614151","1.6634441614151","1.6634441614151"
"9869","3.5681581497192383","3.5681581497192383","3.5681581497192383","12.367877960205078","12.367877960205078","12.367877960205078","1.6829094886779785","1.6829094886779785","1.6829094886779785"
"9899","1.854759931564331","1.854759931564331","1.854759931564331","2.1851673126220703","2.1851673126220703","2.1851673126220703","1.6356459856033325","1.6356459856033325","1.6356459856033325"
"9929","1.8183441162109375","1.8183441162109375","1.8183441162109375","2.243403196334839","2.243403196334839","2.243403196334839","1.6751165390014648","1.6751165390014648","1.6751165390014648"
"9959","1.8001971244812012","1.8001971244812012","1.8001971244812012","2.217716693878174","2.217716693878174","2.217716693878174","1.6497695446014404","1.6497695446014404","1.6497695446014404"
"9989","1.8356804847717285","1.8356804847717285","1.8356804847717285","2.310251474380493","2.310251474380493","2.310251474380493","1.7131218910217285","1.7131218910217285","1.7131218910217285"
"10019","1.9260613918304443","1.9260613918304443","1.9260613918304443","2.406390428543091","2.406390428543091","2.406390428543091","1.7090630531311035","1.7090630531311035","1.7090630531311035"
"10049","1.820322871208191","1.820322871208191","1.820322871208191","2.291091203689575","2.291091203689575","2.291091203689575","1.713923454284668","1.713923454284668","1.713923454284668"
"10079","1.933496356010437","1.933496356010437","1.933496356010437","2.407735586166382","2.407735586166382","2.407735586166382","1.7803603410720825","1.7803603410720825","1.7803603410720825"
"10109","1.7944653034210205","1.7944653034210205","1.7944653034210205","2.2578139305114746","2.2578139305114746","2.2578139305114746","1.6817529201507568","1.6817529201507568","1.6817529201507568"
"10139","1.8304749727249146","1.8304749727249146","1.8304749727249146","2.3174915313720703","2.3174915313720703","2.3174915313720703","1.7547975778579712","1.7547975778579712","1.7547975778579712"
"10169","1.9515249729156494","1.9515249729156494","1.9515249729156494","2.4201579093933105","2.4201579093933105","2.4201579093933105","1.7517591714859009","1.7517591714859009","1.7517591714859009"
"10199","1.7901628017425537","1.7901628017425537","1.7901628017425537","2.1598808765411377","2.1598808765411377","2.1598808765411377","1.5678434371948242","1.5678434371948242","1.5678434371948242"
"10229","1.7546136379241943","1.7546136379241943","1.7546136379241943","2.1612863540649414","2.1612863540649414","2.1612863540649414","1.634595274925232","1.634595274925232","1.634595274925232"
"10259","1.8276678323745728","1.8276678323745728","1.8276678323745728","2.3037848472595215","2.3037848472595215","2.3037848472595215","1.7148756980895996","1.7148756980895996","1.7148756980895996"
"10289","1.9279998540878296","1.9279998540878296","1.9279998540878296","2.365786552429199","2.365786552429199","2.365786552429199","1.708790898323059","1.708790898323059","1.708790898323059"
"10319","1.9359506368637085","1.9359506368637085","1.9359506368637085","2.3933236598968506","2.3933236598968506","2.3933236598968506","1.719323992729187","1.719323992729187","1.719323992729187"
"10349","1.7303210496902466","1.7303210496902466","1.7303210496902466","2.194293737411499","2.194293737411499","2.194293737411499","1.563618779182434","1.563618779182434","1.563618779182434"
"10379","3.447550058364868","3.447550058364868","3.447550058364868","11.848919868469238","11.848919868469238","11.848919868469238","1.6633949279785156","1.6633949279785156","1.6633949279785156"
"10409","1.8519396781921387","1.8519396781921387","1.8519396781921387","2.2886760234832764","2.2886760234832764","2.2886760234832764","1.670812964439392","1.670812964439392","1.670812964439392"
"10439","1.902488112449646","1.902488112449646","1.902488112449646","2.3423194885253906","2.3423194885253906","2.3423194885253906","1.728908658027649","1.728908658027649","1.728908658027649"
"10469","3.7468621730804443","3.7468621730804443","3.7468621730804443","13.041122436523438","13.041122436523438","13.041122436523438","1.656379222869873","1.656379222869873","1.656379222869873"
"10499","2.04109787940979","2.04109787940979","2.04109787940979","2.1321072578430176","2.1321072578430176","2.1321072578430176","1.5744073390960693","1.5744073390960693","1.5744073390960693"
"10529","20.005741119384766","20.005741119384766","20.005741119384766","4.479079723358154","4.479079723358154","4.479079723358154","1.602762222290039","1.602762222290039","1.602762222290039"
"10559","2.0162832736968994","2.0162832736968994","2.0162832736968994","2.3102939128875732","2.3102939128875732","2.3102939128875732","1.729215145111084","1.729215145111084","1.729215145111084"
"10589","1.8922847509384155","1.8922847509384155","1.8922847509384155","2.457206964492798","2.457206964492798","2.457206964492798","1.774921178817749","1.774921178817749","1.774921178817749"
"10619","1.7781336307525635","1.7781336307525635","1.7781336307525635","2.299006700515747","2.299006700515747","2.299006700515747","1.6495574712753296","1.6495574712753296","1.6495574712753296"
"10649","1.8971384763717651","1.8971384763717651","1.8971384763717651","2.456700086593628","2.456700086593628","2.456700086593628","1.7999786138534546","1.7999786138534546","1.7999786138534546"
"10679","1.96968412399292","1.96968412399292","1.96968412399292","2.4672112464904785","2.4672112464904785","2.4672112464904785","1.7991223335266113","1.7991223335266113","1.7991223335266113"
"10709","3.392033815383911","3.392033815383911","3.392033815383911","11.47388744354248","11.47388744354248","11.47388744354248","1.674538493156433","1.674538493156433","1.674538493156433"
"10739","1.8493523597717285","1.8493523597717285","1.8493523597717285","2.3367717266082764","2.3367717266082764","2.3367717266082764","1.6612921953201294","1.6612921953201294","1.6612921953201294"
"10769","1.901533603668213","1.901533603668213","1.901533603668213","2.338336229324341","2.338336229324341","2.338336229324341","1.7136565446853638","1.7136565446853638","1.7136565446853638"
"10799","1.8265241384506226","1.8265241384506226","1.8265241384506226","2.2931222915649414","2.2931222915649414","2.2931222915649414","1.6465139389038086","1.6465139389038086","1.6465139389038086"
"10829","1.7626389265060425","1.7626389265060425","1.7626389265060425","2.213733673095703","2.213733673095703","2.213733673095703","1.6033320426940918","1.6033320426940918","1.6033320426940918"
"10859","1.776355504989624","1.776355504989624","1.776355504989624","2.271375894546509","2.271375894546509","2.271375894546509","1.679502010345459","1.679502010345459","1.679502010345459"
"10889","3.258944272994995","3.258944272994995","3.258944272994995","11.234220504760742","11.234220504760742","11.234220504760742","1.5370938777923584","1.5370938777923584","1.5370938777923584"
"10919","3.3685667514801025","3.3685667514801025","3.3685667514801025","11.278731346130371","11.278731346130371","11.278731346130371","1.6118144989013672","1.6118144989013672","1.6118144989013672"
"10949","1.9398964643478394","1.9398964643478394","1.9398964643478394","2.350268840789795","2.350268840789795","2.350268840789795","1.7055819034576416","1.7055819034576416","1.7055819034576416"
"10979","1.8518136739730835","1.8518136739730835","1.8518136739730835","2.194798707962036","2.194798707962036","2.194798707962036","1.5665332078933716","1.5665332078933716","1.5665332078933716"
"11009","1.7658920288085938","1.7658920288085938","1.7658920288085938","2.2153759002685547","2.2153759002685547","2.2153759002685547","1.5576614141464233","1.5576614141464233","1.5576614141464233"
"11039","1.812496304512024","1.812496304512024","1.812496304512024","2.263664722442627","2.263664722442627","2.263664722442627","1.6484230756759644","1.6484230756759644","1.6484230756759644"
"11069","1.7488030195236206","1.7488030195236206","1.7488030195236206","2.25120210647583","2.25120210647583","2.25120210647583","1.635272741317749","1.635272741317749","1.635272741317749"
"11099","1.7484426498413086","1.7484426498413086","1.7484426498413086","2.1890828609466553","2.1890828609466553","2.1890828609466553","1.5697702169418335","1.5697702169418335","1.5697702169418335"
"11129","1.7466354370117188","1.7466354370117188","1.7466354370117188","2.1551730632781982","2.1551730632781982","2.1551730632781982","1.4858022928237915","1.4858022928237915","1.4858022928237915"
"11159","1.77085542678833","1.77085542678833","1.77085542678833","2.3119304180145264","2.3119304180145264","2.3119304180145264","1.6386511325836182","1.6386511325836182","1.6386511325836182"
"11189","3.631542921066284","3.631542921066284","3.631542921066284","12.67535400390625","12.67535400390625","12.67535400390625","1.6563200950622559","1.6563200950622559","1.6563200950622559"
"11219","1.8863366842269897","1.8863366842269897","1.8863366842269897","2.237105369567871","2.237105369567871","2.237105369567871","1.6420650482177734","1.6420650482177734","1.6420650482177734"
"11249","1.80999755859375","1.80999755859375","1.80999755859375","2.2463760375976562","2.2463760375976562","2.2463760375976562","1.5946004390716553","1.5946004390716553","1.5946004390716553"
"11279","1.8456075191497803","1.8456075191497803","1.8456075191497803","2.244771718978882","2.244771718978882","2.244771718978882","1.6068668365478516","1.6068668365478516","1.6068668365478516"
"11309","3.2647762298583984","3.2647762298583984","3.2647762298583984","11.12514591217041","11.12514591217041","11.12514591217041","1.6456265449523926","1.6456265449523926","1.6456265449523926"
"11339","1.752645492553711","1.752645492553711","1.752645492553711","2.1851630210876465","2.1851630210876465","2.1851630210876465","1.537622094154358","1.537622094154358","1.537622094154358"
"11369","1.7771716117858887","1.7771716117858887","1.7771716117858887","2.2406201362609863","2.2406201362609863","2.2406201362609863","1.594027042388916","1.594027042388916","1.594027042388916"
"11399","1.8293242454528809","1.8293242454528809","1.8293242454528809","2.4158546924591064","2.4158546924591064","2.4158546924591064","1.727824330329895","1.727824330329895","1.727824330329895"
"11429","3.3063414096832275","3.3063414096832275","3.3063414096832275","11.038748741149902","11.038748741149902","11.038748741149902","1.6160650253295898","1.6160650253295898","1.6160650253295898"
"11459","1.7314093112945557","1.7314093112945557","1.7314093112945557","2.218604326248169","2.218604326248169","2.218604326248169","1.5713253021240234","1.5713253021240234","1.5713253021240234"
"11489","1.9100521802902222","1.9100521802902222","1.9100521802902222","2.384766101837158","2.384766101837158","2.384766101837158","1.726889967918396","1.726889967918396","1.726889967918396"
"11519","1.8072490692138672","1.8072490692138672","1.8072490692138672","2.240391731262207","2.240391731262207","2.240391731262207","1.6021056175231934","1.6021056175231934","1.6021056175231934"
"11549","1.8036353588104248","1.8036353588104248","1.8036353588104248","2.1840803623199463","2.1840803623199463","2.1840803623199463","1.474155068397522","1.474155068397522","1.474155068397522"
"11579","3.1821327209472656","3.1821327209472656","3.1821327209472656","10.849021911621094","10.849021911621094","10.849021911621094","1.6212775707244873","1.6212775707244873","1.6212775707244873"
"11609","1.7358226776123047","1.7358226776123047","1.7358226776123047","2.306433916091919","2.306433916091919","2.306433916091919","1.6493237018585205","1.6493237018585205","1.6493237018585205"
"11639","3.286855459213257","3.286855459213257","3.286855459213257","10.775553703308105","10.775553703308105","10.775553703308105","1.615891695022583","1.615891695022583","1.615891695022583"
"11669","1.8098299503326416","1.8098299503326416","1.8098299503326416","2.200319766998291","2.200319766998291","2.200319766998291","1.5454833507537842","1.5454833507537842","1.5454833507537842"
"11699","3.20267653465271","3.20267653465271","3.20267653465271","10.77742862701416","10.77742862701416","10.77742862701416","1.5311205387115479","1.5311205387115479","1.5311205387115479"
"11729","1.7781401872634888","1.7781401872634888","1.7781401872634888","2.1880624294281006","2.1880624294281006","2.1880624294281006","1.524526596069336","1.524526596069336","1.524526596069336"
"11759","1.7724169492721558","1.7724169492721558","1.7724169492721558","2.2613918781280518","2.2613918781280518","2.2613918781280518","1.5430752038955688","1.5430752038955688","1.5430752038955688"
"11789","1.7664074897766113","1.7664074897766113","1.7664074897766113","2.227220058441162","2.227220058441162","2.227220058441162","1.547293782234192","1.547293782234192","1.547293782234192"
"11819","1.7303235530853271","1.7303235530853271","1.7303235530853271","2.216977834701538","2.216977834701538","2.216977834701538","1.515013337135315","1.515013337135315","1.515013337135315"
"11849","1.9416821002960205","1.9416821002960205","1.9416821002960205","2.4319519996643066","2.4319519996643066","2.4319519996643066","1.6755995750427246","1.6755995750427246","1.6755995750427246"
"11879","1.76642906665802","1.76642906665802","1.76642906665802","2.2296502590179443","2.2296502590179443","2.2296502590179443","1.5730849504470825","1.5730849504470825","1.5730849504470825"
"11909","3.188063859939575","3.188063859939575","3.188063859939575","10.454978942871094","10.454978942871094","10.454978942871094","1.5440386533737183","1.5440386533737183","1.5440386533737183"
"11939","1.7552855014801025","1.7552855014801025","1.7552855014801025","2.1836626529693604","2.1836626529693604","2.1836626529693604","1.4823720455169678","1.4823720455169678","1.4823720455169678"
"11969","1.7602132558822632","1.7602132558822632","1.7602132558822632","2.2161831855773926","2.2161831855773926","2.2161831855773926","1.5417585372924805","1.5417585372924805","1.5417585372924805"
"11999","3.113391160964966","3.113391160964966","3.113391160964966","10.47222900390625","10.47222900390625","10.47222900390625","1.5097216367721558","1.5097216367721558","1.5097216367721558"
"12029","3.1324658393859863","3.1324658393859863","3.1324658393859863","10.383293151855469","10.383293151855469","10.383293151855469","1.499388575553894","1.499388575553894","1.499388575553894"
"12059","1.7600606679916382","1.7600606679916382","1.7600606679916382","2.2271509170532227","2.2271509170532227","2.2271509170532227","1.5323044061660767","1.5323044061660767","1.5323044061660767"
"12089","1.8173937797546387","1.8173937797546387","1.8173937797546387","2.3912224769592285","2.3912224769592285","2.3912224769592285","1.643471360206604","1.643471360206604","1.643471360206604"
"12119","43.00153350830078","43.00153350830078","43.00153350830078","112.5253677368164","112.5253677368164","112.5253677368164","27.37128448486328","27.37128448486328","27.37128448486328"
"12149","1.8639270067214966","1.8639270067214966","1.8639270067214966","2.247676134109497","2.247676134109497","2.247676134109497","1.5281630754470825","1.5281630754470825","1.5281630754470825"
"12179","1.7849105596542358","1.7849105596542358","1.7849105596542358","2.2374119758605957","2.2374119758605957","2.2374119758605957","1.525268793106079","1.525268793106079","1.525268793106079"
"12209","1.8355947732925415","1.8355947732925415","1.8355947732925415","2.3160195350646973","2.3160195350646973","2.3160195350646973","1.6100578308105469","1.6100578308105469","1.6100578308105469"
"12239","1.7964086532592773","1.7964086532592773","1.7964086532592773","2.2173993587493896","2.2173993587493896","2.2173993587493896","1.5415005683898926","1.5415005683898926","1.5415005683898926"
"12269","1.7955985069274902","1.7955985069274902","1.7955985069274902","2.291245937347412","2.291245937347412","2.291245937347412","1.5225085020065308","1.5225085020065308","1.5225085020065308"
"12299","1.7739574909210205","1.7739574909210205","1.7739574909210205","2.2266387939453125","2.2266387939453125","2.2266387939453125","1.5196131467819214","1.5196131467819214","1.5196131467819214"
"12329","1.807008981704712","1.807008981704712","1.807008981704712","2.265739679336548","2.265739679336548","2.265739679336548","1.5040724277496338","1.5040724277496338","1.5040724277496338"
"12359","3.0389842987060547","3.0389842987060547","3.0389842987060547","10.170110702514648","10.170110702514648","10.170110702514648","1.5406676530838013","1.5406676530838013","1.5406676530838013"
"12389","1.7260247468948364","1.7260247468948364","1.7260247468948364","2.1167144775390625","2.1167144775390625","2.1167144775390625","1.3975574970245361","1.3975574970245361","1.3975574970245361"
"12419","1.7895323038101196","1.7895323038101196","1.7895323038101196","2.23330020904541","2.23330020904541","2.23330020904541","1.5385640859603882","1.5385640859603882","1.5385640859603882"
"12449","3.052978515625","3.052978515625","3.052978515625","10.003662109375","10.003662109375","10.003662109375","1.5215240716934204","1.5215240716934204","1.5215240716934204"
"12479","3.1107776165008545","3.1107776165008545","3.1107776165008545","10.17629337310791","10.17629337310791","10.17629337310791","1.5212087631225586","1.5212087631225586","1.5212087631225586"
"12509","2.983785390853882","2.983785390853882","2.983785390853882","9.864765167236328","9.864765167236328","9.864765167236328","1.4090611934661865","1.4090611934661865","1.4090611934661865"
"12539","1.737396001815796","1.737396001815796","1.737396001815796","2.1850290298461914","2.1850290298461914","2.1850290298461914","1.4621371030807495","1.4621371030807495","1.4621371030807495"
"12569","1.8337146043777466","1.8337146043777466","1.8337146043777466","2.2304420471191406","2.2304420471191406","2.2304420471191406","1.550520896911621","1.550520896911621","1.550520896911621"
"12599","1.7215129137039185","1.7215129137039185","1.7215129137039185","2.165367841720581","2.165367841720581","2.165367841720581","1.4670902490615845","1.4670902490615845","1.4670902490615845"
"12629","1.7474291324615479","1.7474291324615479","1.7474291324615479","2.252056837081909","2.252056837081909","2.252056837081909","1.5366586446762085","1.5366586446762085","1.5366586446762085"
"12659","1.744498610496521","1.744498610496521","1.744498610496521","2.262349843978882","2.262349843978882","2.262349843978882","1.5152004957199097","1.5152004957199097","1.5152004957199097"
"12689","1.7471084594726562","1.7471084594726562","1.7471084594726562","2.2539713382720947","2.2539713382720947","2.2539713382720947","1.4900084733963013","1.4900084733963013","1.4900084733963013"
"12719","1.7404464483261108","1.7404464483261108","1.7404464483261108","2.2953085899353027","2.2953085899353027","2.2953085899353027","1.5302664041519165","1.5302664041519165","1.5302664041519165"
"12749","1.7706458568572998","1.7706458568572998","1.7706458568572998","2.2391176223754883","2.2391176223754883","2.2391176223754883","1.5033423900604248","1.5033423900604248","1.5033423900604248"
"12779","1.84522545337677","1.84522545337677","1.84522545337677","2.2821083068847656","2.2821083068847656","2.2821083068847656","1.5981115102767944","1.5981115102767944","1.5981115102767944"
"12809","1.676912784576416","1.676912784576416","1.676912784576416","2.212812662124634","2.212812662124634","2.212812662124634","1.4922726154327393","1.4922726154327393","1.4922726154327393"
"12839","1.8619017601013184","1.8619017601013184","1.8619017601013184","2.3858330249786377","2.3858330249786377","2.3858330249786377","1.6029491424560547","1.6029491424560547","1.6029491424560547"
"12869","1.8518885374069214","1.8518885374069214","1.8518885374069214","2.3014464378356934","2.3014464378356934","2.3014464378356934","1.5101430416107178","1.5101430416107178","1.5101430416107178"
"12899","1.8098998069763184","1.8098998069763184","1.8098998069763184","2.284630537033081","2.284630537033081","2.284630537033081","1.4932302236557007","1.4932302236557007","1.4932302236557007"
"12929","1.7667912244796753","1.7667912244796753","1.7667912244796753","2.206010103225708","2.206010103225708","2.206010103225708","1.4635974168777466","1.4635974168777466","1.4635974168777466"
"12959","3.5786683559417725","3.5786683559417725","3.5786683559417725","12.505084991455078","12.505084991455078","12.505084991455078","1.5623605251312256","1.5623605251312256","1.5623605251312256"
"12989","1.7888799905776978","1.7888799905776978","1.7888799905776978","2.1823763847351074","2.1823763847351074","2.1823763847351074","1.4500337839126587","1.4500337839126587","1.4500337839126587"
"13019","1.7237603664398193","1.7237603664398193","1.7237603664398193","2.1993465423583984","2.1993465423583984","2.1993465423583984","1.46591055393219","1.46591055393219","1.46591055393219"
"13049","1.8827265501022339","1.8827265501022339","1.8827265501022339","2.267958641052246","2.267958641052246","2.267958641052246","1.5055062770843506","1.5055062770843506","1.5055062770843506"
"13079","1.7474993467330933","1.7474993467330933","1.7474993467330933","2.2335565090179443","2.2335565090179443","2.2335565090179443","1.4944661855697632","1.4944661855697632","1.4944661855697632"
"13109","1.9634274244308472","1.9634274244308472","1.9634274244308472","2.319396734237671","2.319396734237671","2.319396734237671","1.5412135124206543","1.5412135124206543","1.5412135124206543"
"13139","3.0074148178100586","3.0074148178100586","3.0074148178100586","9.796510696411133","9.796510696411133","9.796510696411133","1.4845651388168335","1.4845651388168335","1.4845651388168335"
"13169","1.718202829360962","1.718202829360962","1.718202829360962","2.10076904296875","2.10076904296875","2.10076904296875","1.3854904174804688","1.3854904174804688","1.3854904174804688"
"13199","1.7197445631027222","1.7197445631027222","1.7197445631027222","2.2084174156188965","2.2084174156188965","2.2084174156188965","1.474734902381897","1.474734902381897","1.474734902381897"
"13229","1.7064193487167358","1.7064193487167358","1.7064193487167358","2.1282765865325928","2.1282765865325928","2.1282765865325928","1.4514238834381104","1.4514238834381104","1.4514238834381104"
"13259","1.7487188577651978","1.7487188577651978","1.7487188577651978","2.277945041656494","2.277945041656494","2.277945041656494","1.4824025630950928","1.4824025630950928","1.4824025630950928"
"13289","1.7112067937850952","1.7112067937850952","1.7112067937850952","2.1579692363739014","2.1579692363739014","2.1579692363739014","1.4048032760620117","1.4048032760620117","1.4048032760620117"
"13319","1.7596144676208496","1.7596144676208496","1.7596144676208496","2.2886242866516113","2.2886242866516113","2.2886242866516113","1.475628137588501","1.475628137588501","1.475628137588501"
"13349","1.7164068222045898","1.7164068222045898","1.7164068222045898","2.132079839706421","2.132079839706421","2.132079839706421","1.441683053970337","1.441683053970337","1.441683053970337"
"13379","1.6808743476867676","1.6808743476867676","1.6808743476867676","2.08329701423645","2.08329701423645","2.08329701423645","1.368854284286499","1.368854284286499","1.368854284286499"
"13409","1.7465630769729614","1.7465630769729614","1.7465630769729614","2.142775535583496","2.142775535583496","2.142775535583496","1.4242631196975708","1.4242631196975708","1.4242631196975708"
"13439","1.7149871587753296","1.7149871587753296","1.7149871587753296","2.196580410003662","2.196580410003662","2.196580410003662","1.4516270160675049","1.4516270160675049","1.4516270160675049"
"13469","1.7432060241699219","1.7432060241699219","1.7432060241699219","2.2300682067871094","2.2300682067871094","2.2300682067871094","1.4797064065933228","1.4797064065933228","1.4797064065933228"
"13499","1.837178349494934","1.837178349494934","1.837178349494934","2.142735004425049","2.142735004425049","2.142735004425049","1.475180983543396","1.475180983543396","1.475180983543396"
"13529","1.7148314714431763","1.7148314714431763","1.7148314714431763","2.109607219696045","2.109607219696045","2.109607219696045","1.3792067766189575","1.3792067766189575","1.3792067766189575"
"13559","1.7655456066131592","1.7655456066131592","1.7655456066131592","2.232611894607544","2.232611894607544","2.232611894607544","1.4359651803970337","1.4359651803970337","1.4359651803970337"
"13589","1.7928624153137207","1.7928624153137207","1.7928624153137207","2.2631382942199707","2.2631382942199707","2.2631382942199707","1.5035667419433594","1.5035667419433594","1.5035667419433594"
"13619","1.7906019687652588","1.7906019687652588","1.7906019687652588","2.2363345623016357","2.2363345623016357","2.2363345623016357","1.5422691106796265","1.5422691106796265","1.5422691106796265"
"13649","1.805196762084961","1.805196762084961","1.805196762084961","2.1643741130828857","2.1643741130828857","2.1643741130828857","1.4431798458099365","1.4431798458099365","1.4431798458099365"
"13679","1.8692377805709839","1.8692377805709839","1.8692377805709839","2.3912320137023926","2.3912320137023926","2.3912320137023926","1.5044289827346802","1.5044289827346802","1.5044289827346802"
"13709","2.907578706741333","2.907578706741333","2.907578706741333","9.273300170898438","9.273300170898438","9.273300170898438","1.4317864179611206","1.4317864179611206","1.4317864179611206"
"13739","1.7897478342056274","1.7897478342056274","1.7897478342056274","2.324821949005127","2.324821949005127","2.324821949005127","1.5249205827713013","1.5249205827713013","1.5249205827713013"
"13769","1.8513832092285156","1.8513832092285156","1.8513832092285156","2.204936981201172","2.204936981201172","2.204936981201172","1.4588735103607178","1.4588735103607178","1.4588735103607178"
"13799","1.8279627561569214","1.8279627561569214","1.8279627561569214","2.3054656982421875","2.3054656982421875","2.3054656982421875","1.5408855676651","1.5408855676651","1.5408855676651"
"13829","1.7397297620773315","1.7397297620773315","1.7397297620773315","2.1767070293426514","2.1767070293426514","2.1767070293426514","1.403566598892212","1.403566598892212","1.403566598892212"
"13859","1.7021175622940063","1.7021175622940063","1.7021175622940063","2.170116424560547","2.170116424560547","2.170116424560547","1.3808830976486206","1.3808830976486206","1.3808830976486206"
"13889","1.77693772315979","1.77693772315979","1.77693772315979","2.2209081649780273","2.2209081649780273","2.2209081649780273","1.4763506650924683","1.4763506650924683","1.4763506650924683"
"13919","1.704602599143982","1.704602599143982","1.704602599143982","2.1459555625915527","2.1459555625915527","2.1459555625915527","1.406274437904358","1.406274437904358","1.406274437904358"
"13949","1.7227108478546143","1.7227108478546143","1.7227108478546143","2.2375171184539795","2.2375171184539795","2.2375171184539795","1.4296499490737915","1.4296499490737915","1.4296499490737915"
"13979","1.6825695037841797","1.6825695037841797","1.6825695037841797","2.0597281455993652","2.0597281455993652","2.0597281455993652","1.3732372522354126","1.3732372522354126","1.3732372522354126"
"14009","1.7089691162109375","1.7089691162109375","1.7089691162109375","2.1418890953063965","2.1418890953063965","2.1418890953063965","1.3734281063079834","1.3734281063079834","1.3734281063079834"
"14039","1.7697315216064453","1.7697315216064453","1.7697315216064453","2.2000741958618164","2.2000741958618164","2.2000741958618164","1.4441877603530884","1.4441877603530884","1.4441877603530884"
"14069","2.9036290645599365","2.9036290645599365","2.9036290645599365","9.258936882019043","9.258936882019043","9.258936882019043","1.4477449655532837","1.4477449655532837","1.4477449655532837"
"14099","1.7861398458480835","1.7861398458480835","1.7861398458480835","2.185441493988037","2.185441493988037","2.185441493988037","1.3906612396240234","1.3906612396240234","1.3906612396240234"
"14129","1.7146068811416626","1.7146068811416626","1.7146068811416626","2.1587042808532715","2.1587042808532715","2.1587042808532715","1.3886609077453613","1.3886609077453613","1.3886609077453613"
"14159","1.8236957788467407","1.8236957788467407","1.8236957788467407","2.331479549407959","2.331479549407959","2.331479549407959","1.516374945640564","1.516374945640564","1.516374945640564"
"14189","1.77516508102417","1.77516508102417","1.77516508102417","2.2731096744537354","2.2731096744537354","2.2731096744537354","1.4794937372207642","1.4794937372207642","1.4794937372207642"
"14219","1.765588641166687","1.765588641166687","1.765588641166687","2.2442619800567627","2.2442619800567627","2.2442619800567627","1.4781321287155151","1.4781321287155151","1.4781321287155151"
"14249","1.7240535020828247","1.7240535020828247","1.7240535020828247","2.177661895751953","2.177661895751953","2.177661895751953","1.3687655925750732","1.3687655925750732","1.3687655925750732"
"14279","1.803458333015442","1.803458333015442","1.803458333015442","2.4311039447784424","2.4311039447784424","2.4311039447784424","1.550646185874939","1.550646185874939","1.550646185874939"
"14309","1.9024348258972168","1.9024348258972168","1.9024348258972168","2.4026618003845215","2.4026618003845215","2.4026618003845215","1.5312005281448364","1.5312005281448364","1.5312005281448364"
"14339","1.7722413539886475","1.7722413539886475","1.7722413539886475","2.2394893169403076","2.2394893169403076","2.2394893169403076","1.4788973331451416","1.4788973331451416","1.4788973331451416"
"14369","1.8644115924835205","1.8644115924835205","1.8644115924835205","2.454853057861328","2.454853057861328","2.454853057861328","1.556762933731079","1.556762933731079","1.556762933731079"
"14399","1.7437515258789062","1.7437515258789062","1.7437515258789062","2.2020528316497803","2.2020528316497803","2.2020528316497803","1.4469133615493774","1.4469133615493774","1.4469133615493774"
"14429","1.7528566122055054","1.7528566122055054","1.7528566122055054","2.1794676780700684","2.1794676780700684","2.1794676780700684","1.407631516456604","1.407631516456604","1.407631516456604"
"14459","1.778036117553711","1.778036117553711","1.778036117553711","2.2483530044555664","2.2483530044555664","2.2483530044555664","1.4106777906417847","1.4106777906417847","1.4106777906417847"
"14489","1.6702163219451904","1.6702163219451904","1.6702163219451904","2.081145763397217","2.081145763397217","2.081145763397217","1.3171305656433105","1.3171305656433105","1.3171305656433105"
"14519","1.7475996017456055","1.7475996017456055","1.7475996017456055","2.154358148574829","2.154358148574829","2.154358148574829","1.3677401542663574","1.3677401542663574","1.3677401542663574"
"14549","1.72440767288208","1.72440767288208","1.72440767288208","2.2571656703948975","2.2571656703948975","2.2571656703948975","1.4229084253311157","1.4229084253311157","1.4229084253311157"
"14579","1.790865421295166","1.790865421295166","1.790865421295166","2.189258337020874","2.189258337020874","2.189258337020874","1.380050778388977","1.380050778388977","1.380050778388977"
"14609","1.8225176334381104","1.8225176334381104","1.8225176334381104","2.298541307449341","2.298541307449341","2.298541307449341","1.4693101644515991","1.4693101644515991","1.4693101644515991"
"14639","1.7599663734436035","1.7599663734436035","1.7599663734436035","2.288745880126953","2.288745880126953","2.288745880126953","1.4685790538787842","1.4685790538787842","1.4685790538787842"
"14669","1.7917733192443848","1.7917733192443848","1.7917733192443848","2.1922714710235596","2.1922714710235596","2.1922714710235596","1.4071907997131348","1.4071907997131348","1.4071907997131348"
"14699","1.7786803245544434","1.7786803245544434","1.7786803245544434","2.3105010986328125","2.3105010986328125","2.3105010986328125","1.4842525720596313","1.4842525720596313","1.4842525720596313"
"14729","1.7147098779678345","1.7147098779678345","1.7147098779678345","2.203376054763794","2.203376054763794","2.203376054763794","1.4593255519866943","1.4593255519866943","1.4593255519866943"
"14759","1.8653634786605835","1.8653634786605835","1.8653634786605835","2.1421849727630615","2.1421849727630615","2.1421849727630615","1.3678213357925415","1.3678213357925415","1.3678213357925415"
"14789","1.7368595600128174","1.7368595600128174","1.7368595600128174","2.1495578289031982","2.1495578289031982","2.1495578289031982","1.3433837890625","1.3433837890625","1.3433837890625"
"14819","1.9651877880096436","1.9651877880096436","1.9651877880096436","2.215900182723999","2.215900182723999","2.215900182723999","1.428789496421814","1.428789496421814","1.428789496421814"
"14849","1.8906735181808472","1.8906735181808472","1.8906735181808472","2.4038329124450684","2.4038329124450684","2.4038329124450684","1.5377486944198608","1.5377486944198608","1.5377486944198608"
"14879","1.8561556339263916","1.8561556339263916","1.8561556339263916","2.2472548484802246","2.2472548484802246","2.2472548484802246","1.381308913230896","1.381308913230896","1.381308913230896"
"14909","1.7142412662506104","1.7142412662506104","1.7142412662506104","2.1302037239074707","2.1302037239074707","2.1302037239074707","1.3705307245254517","1.3705307245254517","1.3705307245254517"
"14939","2.8167855739593506","2.8167855739593506","2.8167855739593506","9.02425479888916","9.02425479888916","9.02425479888916","1.4543253183364868","1.4543253183364868","1.4543253183364868"
"14969","1.7641444206237793","1.7641444206237793","1.7641444206237793","2.1886074542999268","2.1886074542999268","2.1886074542999268","1.4705783128738403","1.4705783128738403","1.4705783128738403"
"14999","1.8034329414367676","1.8034329414367676","1.8034329414367676","2.298370838165283","2.298370838165283","2.298370838165283","1.5339940786361694","1.5339940786361694","1.5339940786361694"
"15029","1.7068551778793335","1.7068551778793335","1.7068551778793335","2.1410140991210938","2.1410140991210938","2.1410140991210938","1.3263211250305176","1.3263211250305176","1.3263211250305176"
"15059","1.8118737936019897","1.8118737936019897","1.8118737936019897","2.384476661682129","2.384476661682129","2.384476661682129","1.6004314422607422","1.6004314422607422","1.6004314422607422"
"15089","1.7449615001678467","1.7449615001678467","1.7449615001678467","2.18983793258667","2.18983793258667","2.18983793258667","1.356459617614746","1.356459617614746","1.356459617614746"
"15119","1.8320494890213013","1.8320494890213013","1.8320494890213013","2.2802858352661133","2.2802858352661133","2.2802858352661133","1.438185691833496","1.438185691833496","1.438185691833496"
"15149","1.7709541320800781","1.7709541320800781","1.7709541320800781","2.243098497390747","2.243098497390747","2.243098497390747","1.425944209098816","1.425944209098816","1.425944209098816"
"15179","1.8246433734893799","1.8246433734893799","1.8246433734893799","2.2351667881011963","2.2351667881011963","2.2351667881011963","1.4172649383544922","1.4172649383544922","1.4172649383544922"
"15209","1.7519298791885376","1.7519298791885376","1.7519298791885376","2.2256767749786377","2.2256767749786377","2.2256767749786377","1.3632384538650513","1.3632384538650513","1.3632384538650513"
"15239","1.700716495513916","1.700716495513916","1.700716495513916","2.1479415893554688","2.1479415893554688","2.1479415893554688","1.3678513765335083","1.3678513765335083","1.3678513765335083"
"15269","1.6647921800613403","1.6647921800613403","1.6647921800613403","2.1163747310638428","2.1163747310638428","2.1163747310638428","1.3052639961242676","1.3052639961242676","1.3052639961242676"
"15299","1.7479517459869385","1.7479517459869385","1.7479517459869385","2.173424243927002","2.173424243927002","2.173424243927002","1.4001384973526","1.4001384973526","1.4001384973526"
"15329","1.8058886528015137","1.8058886528015137","1.8058886528015137","2.234448194503784","2.234448194503784","2.234448194503784","1.415230631828308","1.415230631828308","1.415230631828308"
"15359","1.8558648824691772","1.8558648824691772","1.8558648824691772","2.230393886566162","2.230393886566162","2.230393886566162","1.4551739692687988","1.4551739692687988","1.4551739692687988"
"15389","1.8481508493423462","1.8481508493423462","1.8481508493423462","2.2686891555786133","2.2686891555786133","2.2686891555786133","1.4375561475753784","1.4375561475753784","1.4375561475753784"
"15419","1.7624021768569946","1.7624021768569946","1.7624021768569946","2.2294585704803467","2.2294585704803467","2.2294585704803467","1.359033465385437","1.359033465385437","1.359033465385437"
"15449","2.684636116027832","2.684636116027832","2.684636116027832","8.40131950378418","8.40131950378418","8.40131950378418","1.2957744598388672","1.2957744598388672","1.2957744598388672"
"15479","1.7210595607757568","1.7210595607757568","1.7210595607757568","2.2313411235809326","2.2313411235809326","2.2313411235809326","1.4389656782150269","1.4389656782150269","1.4389656782150269"
"15509","1.6940008401870728","1.6940008401870728","1.6940008401870728","2.179675579071045","2.179675579071045","2.179675579071045","1.3849691152572632","1.3849691152572632","1.3849691152572632"
"15539","1.728922724723816","1.728922724723816","1.728922724723816","2.2355003356933594","2.2355003356933594","2.2355003356933594","1.4195607900619507","1.4195607900619507","1.4195607900619507"
"15569","2.730814218521118","2.730814218521118","2.730814218521118","8.361076354980469","8.361076354980469","8.361076354980469","1.3543142080307007","1.3543142080307007","1.3543142080307007"
"15599","1.72092604637146","1.72092604637146","1.72092604637146","2.193575143814087","2.193575143814087","2.193575143814087","1.357619047164917","1.357619047164917","1.357619047164917"
"15629","1.7728108167648315","1.7728108167648315","1.7728108167648315","2.1915013790130615","2.1915013790130615","2.1915013790130615","1.3825325965881348","1.3825325965881348","1.3825325965881348"
"15659","1.7879583835601807","1.7879583835601807","1.7879583835601807","2.2404043674468994","2.2404043674468994","2.2404043674468994","1.404826045036316","1.404826045036316","1.404826045036316"
"15689","1.7668800354003906","1.7668800354003906","1.7668800354003906","2.23939847946167","2.23939847946167","2.23939847946167","1.4072214365005493","1.4072214365005493","1.4072214365005493"
"15719","1.7797051668167114","1.7797051668167114","1.7797051668167114","2.272939443588257","2.272939443588257","2.272939443588257","1.399786353111267","1.399786353111267","1.399786353111267"
"15749","1.7199151515960693","1.7199151515960693","1.7199151515960693","2.196983575820923","2.196983575820923","2.196983575820923","1.413145899772644","1.413145899772644","1.413145899772644"
"15779","1.7154061794281006","1.7154061794281006","1.7154061794281006","2.16819167137146","2.16819167137146","2.16819167137146","1.365399718284607","1.365399718284607","1.365399718284607"
"15809","1.6885427236557007","1.6885427236557007","1.6885427236557007","2.147764205932617","2.147764205932617","2.147764205932617","1.3513400554656982","1.3513400554656982","1.3513400554656982"
"15839","1.7930670976638794","1.7930670976638794","1.7930670976638794","2.2386434078216553","2.2386434078216553","2.2386434078216553","1.39596426486969","1.39596426486969","1.39596426486969"
"15869","1.7103123664855957","1.7103123664855957","1.7103123664855957","2.137235641479492","2.137235641479492","2.137235641479492","1.3194799423217773","1.3194799423217773","1.3194799423217773"
"15899","1.8226101398468018","1.8226101398468018","1.8226101398468018","2.2693748474121094","2.2693748474121094","2.2693748474121094","1.4230512380599976","1.4230512380599976","1.4230512380599976"
"15929","2.6911423206329346","2.6911423206329346","2.6911423206329346","8.375204086303711","8.375204086303711","8.375204086303711","1.3386355638504028","1.3386355638504028","1.3386355638504028"
"15959","1.7267932891845703","1.7267932891845703","1.7267932891845703","2.0786027908325195","2.0786027908325195","2.0786027908325195","1.255696415901184","1.255696415901184","1.255696415901184"
"15989","1.7174400091171265","1.7174400091171265","1.7174400091171265","2.1699750423431396","2.1699750423431396","2.1699750423431396","1.2908843755722046","1.2908843755722046","1.2908843755722046"
"16019","1.6939356327056885","1.6939356327056885","1.6939356327056885","2.1228628158569336","2.1228628158569336","2.1228628158569336","1.251440167427063","1.251440167427063","1.251440167427063"
"16049","1.736375331878662","1.736375331878662","1.736375331878662","2.167696237564087","2.167696237564087","2.167696237564087","1.358986496925354","1.358986496925354","1.358986496925354"
"16079","1.771750807762146","1.771750807762146","1.771750807762146","2.1909334659576416","2.1909334659576416","2.1909334659576416","1.3384979963302612","1.3384979963302612","1.3384979963302612"
"16109","2.6325128078460693","2.6325128078460693","2.6325128078460693","8.142146110534668","8.142146110534668","8.142146110534668","1.2833913564682007","1.2833913564682007","1.2833913564682007"
"16139","1.6706390380859375","1.6706390380859375","1.6706390380859375","2.089824676513672","2.089824676513672","2.089824676513672","1.2455013990402222","1.2455013990402222","1.2455013990402222"
"16169","1.7733410596847534","1.7733410596847534","1.7733410596847534","2.2834012508392334","2.2834012508392334","2.2834012508392334","1.4165074825286865","1.4165074825286865","1.4165074825286865"
"16199","1.7246766090393066","1.7246766090393066","1.7246766090393066","2.1358144283294678","2.1358144283294678","2.1358144283294678","1.296599268913269","1.296599268913269","1.296599268913269"
"16229","1.7644801139831543","1.7644801139831543","1.7644801139831543","2.1802172660827637","2.1802172660827637","2.1802172660827637","1.3604931831359863","1.3604931831359863","1.3604931831359863"
"16259","2.64852237701416","2.64852237701416","2.64852237701416","8.134222984313965","8.134222984313965","8.134222984313965","1.3391894102096558","1.3391894102096558","1.3391894102096558"
"16289","1.7531074285507202","1.7531074285507202","1.7531074285507202","2.3104240894317627","2.3104240894317627","2.3104240894317627","1.4671883583068848","1.4671883583068848","1.4671883583068848"
"16319","1.7647955417633057","1.7647955417633057","1.7647955417633057","2.2759077548980713","2.2759077548980713","2.2759077548980713","1.368951439857483","1.368951439857483","1.368951439857483"
"16349","2.866765022277832","2.866765022277832","2.866765022277832","9.15177059173584","9.15177059173584","9.15177059173584","1.3108891248703003","1.3108891248703003","1.3108891248703003"
"16379","1.764904499053955","1.764904499053955","1.764904499053955","2.246469259262085","2.246469259262085","2.246469259262085","1.3576022386550903","1.3576022386550903","1.3576022386550903"
"16409","1.7627644538879395","1.7627644538879395","1.7627644538879395","2.0819480419158936","2.0819480419158936","2.0819480419158936","1.2708779573440552","1.2708779573440552","1.2708779573440552"
"16439","1.7065283060073853","1.7065283060073853","1.7065283060073853","2.1252505779266357","2.1252505779266357","2.1252505779266357","1.2717971801757812","1.2717971801757812","1.2717971801757812"
"16469","1.6809426546096802","1.6809426546096802","1.6809426546096802","2.1997287273406982","2.1997287273406982","2.1997287273406982","1.351986050605774","1.351986050605774","1.351986050605774"
"16499","1.6253888607025146","1.6253888607025146","1.6253888607025146","2.0654454231262207","2.0654454231262207","2.0654454231262207","1.2663865089416504","1.2663865089416504","1.2663865089416504"
"16529","1.678697943687439","1.678697943687439","1.678697943687439","2.154076099395752","2.154076099395752","2.154076099395752","1.2972691059112549","1.2972691059112549","1.2972691059112549"
"16559","1.734264612197876","1.734264612197876","1.734264612197876","2.259674310684204","2.259674310684204","2.259674310684204","1.3324153423309326","1.3324153423309326","1.3324153423309326"
"16589","1.6763912439346313","1.6763912439346313","1.6763912439346313","2.2024343013763428","2.2024343013763428","2.2024343013763428","1.3237909078598022","1.3237909078598022","1.3237909078598022"
"16619","1.7381986379623413","1.7381986379623413","1.7381986379623413","2.188236713409424","2.188236713409424","2.188236713409424","1.3020111322402954","1.3020111322402954","1.3020111322402954"
"16649","1.6366877555847168","1.6366877555847168","1.6366877555847168","2.0429015159606934","2.0429015159606934","2.0429015159606934","1.2046481370925903","1.2046481370925903","1.2046481370925903"
"16679","2.610260009765625","2.610260009765625","2.610260009765625","7.741097927093506","7.741097927093506","7.741097927093506","1.2861058712005615","1.2861058712005615","1.2861058712005615"
"16709","1.7091211080551147","1.7091211080551147","1.7091211080551147","2.08730149269104","2.08730149269104","2.08730149269104","1.2480016946792603","1.2480016946792603","1.2480016946792603"
"16739","1.8008791208267212","1.8008791208267212","1.8008791208267212","2.1106042861938477","2.1106042861938477","2.1106042861938477","1.2722277641296387","1.2722277641296387","1.2722277641296387"
"16769","1.7547518014907837","1.7547518014907837","1.7547518014907837","2.118851661682129","2.118851661682129","2.118851661682129","1.349493384361267","1.349493384361267","1.349493384361267"
"16799","1.734466791152954","1.734466791152954","1.734466791152954","2.1928012371063232","2.1928012371063232","2.1928012371063232","1.353658676147461","1.353658676147461","1.353658676147461"
"16829","1.750136375427246","1.750136375427246","1.750136375427246","2.229027271270752","2.229027271270752","2.229027271270752","1.3523958921432495","1.3523958921432495","1.3523958921432495"
"16859","1.771523356437683","1.771523356437683","1.771523356437683","2.217238187789917","2.217238187789917","2.217238187789917","1.3438491821289062","1.3438491821289062","1.3438491821289062"
"16889","3.0730273723602295","3.0730273723602295","3.0730273723602295","9.937755584716797","9.937755584716797","9.937755584716797","1.286041498184204","1.286041498184204","1.286041498184204"
"16919","2.6371240615844727","2.6371240615844727","2.6371240615844727","7.713623523712158","7.713623523712158","7.713623523712158","1.3081291913986206","1.3081291913986206","1.3081291913986206"
"16949","1.6926250457763672","1.6926250457763672","1.6926250457763672","2.0764403343200684","2.0764403343200684","2.0764403343200684","1.2505310773849487","1.2505310773849487","1.2505310773849487"
"16979","1.8325084447860718","1.8325084447860718","1.8325084447860718","2.1678624153137207","2.1678624153137207","2.1678624153137207","1.2837207317352295","1.2837207317352295","1.2837207317352295"
"17009","1.721513271331787","1.721513271331787","1.721513271331787","2.1690993309020996","2.1690993309020996","2.1690993309020996","1.3295974731445312","1.3295974731445312","1.3295974731445312"
"17039","1.7582753896713257","1.7582753896713257","1.7582753896713257","2.2847747802734375","2.2847747802734375","2.2847747802734375","1.3387789726257324","1.3387789726257324","1.3387789726257324"
"17069","1.731943964958191","1.731943964958191","1.731943964958191","2.1773054599761963","2.1773054599761963","2.1773054599761963","1.3354042768478394","1.3354042768478394","1.3354042768478394"
"17099","1.8817187547683716","1.8817187547683716","1.8817187547683716","2.3054351806640625","2.3054351806640625","2.3054351806640625","1.3924773931503296","1.3924773931503296","1.3924773931503296"
"17129","1.8328683376312256","1.8328683376312256","1.8328683376312256","2.298197031021118","2.298197031021118","2.298197031021118","1.4250131845474243","1.4250131845474243","1.4250131845474243"
"17159","1.6978015899658203","1.6978015899658203","1.6978015899658203","2.0749168395996094","2.0749168395996094","2.0749168395996094","1.2388370037078857","1.2388370037078857","1.2388370037078857"
"17189","1.7211428880691528","1.7211428880691528","1.7211428880691528","2.0818450450897217","2.0818450450897217","2.0818450450897217","1.21678626537323","1.21678626537323","1.21678626537323"
"17219","1.8134996891021729","1.8134996891021729","1.8134996891021729","2.1254005432128906","2.1254005432128906","2.1254005432128906","1.253326654434204","1.253326654434204","1.253326654434204"
"17249","1.7437772750854492","1.7437772750854492","1.7437772750854492","2.158276081085205","2.158276081085205","2.158276081085205","1.3256973028182983","1.3256973028182983","1.3256973028182983"
"17279","1.6835662126541138","1.6835662126541138","1.6835662126541138","2.105545997619629","2.105545997619629","2.105545997619629","1.2314918041229248","1.2314918041229248","1.2314918041229248"
"17309","1.7704393863677979","1.7704393863677979","1.7704393863677979","2.2086117267608643","2.2086117267608643","2.2086117267608643","1.341988205909729","1.341988205909729","1.341988205909729"
"17339","1.8144439458847046","1.8144439458847046","1.8144439458847046","2.286982774734497","2.286982774734497","2.286982774734497","1.340242624282837","1.340242624282837","1.340242624282837"
"17369","1.7524371147155762","1.7524371147155762","1.7524371147155762","2.173994779586792","2.173994779586792","2.173994779586792","1.2947094440460205","1.2947094440460205","1.2947094440460205"
"17399","1.7648154497146606","1.7648154497146606","1.7648154497146606","2.153620958328247","2.153620958328247","2.153620958328247","1.288397192955017","1.288397192955017","1.288397192955017"
"17429","2.5300545692443848","2.5300545692443848","2.5300545692443848","7.528656959533691","7.528656959533691","7.528656959533691","1.2550395727157593","1.2550395727157593","1.2550395727157593"
"17459","1.7374968528747559","1.7374968528747559","1.7374968528747559","2.123670816421509","2.123670816421509","2.123670816421509","1.2253460884094238","1.2253460884094238","1.2253460884094238"
"17489","2.579946279525757","2.579946279525757","2.579946279525757","7.634790897369385","7.634790897369385","7.634790897369385","1.2965911626815796","1.2965911626815796","1.2965911626815796"
"17519","1.7349534034729004","1.7349534034729004","1.7349534034729004","2.2027249336242676","2.2027249336242676","2.2027249336242676","1.3280726671218872","1.3280726671218872","1.3280726671218872"
"17549","1.7083269357681274","1.7083269357681274","1.7083269357681274","2.222899913787842","2.222899913787842","2.222899913787842","1.3145601749420166","1.3145601749420166","1.3145601749420166"
"17579","1.7554333209991455","1.7554333209991455","1.7554333209991455","2.223961353302002","2.223961353302002","2.223961353302002","1.342651128768921","1.342651128768921","1.342651128768921"
"17609","1.7201205492019653","1.7201205492019653","1.7201205492019653","2.0729949474334717","2.0729949474334717","2.0729949474334717","1.2243832349777222","1.2243832349777222","1.2243832349777222"
"17639","1.6876494884490967","1.6876494884490967","1.6876494884490967","2.13395094871521","2.13395094871521","2.13395094871521","1.312622308731079","1.312622308731079","1.312622308731079"
"17669","1.6543974876403809","1.6543974876403809","1.6543974876403809","2.0942578315734863","2.0942578315734863","2.0942578315734863","1.2308520078659058","1.2308520078659058","1.2308520078659058"
"17699","1.712023138999939","1.712023138999939","1.712023138999939","2.1224632263183594","2.1224632263183594","2.1224632263183594","1.263349175453186","1.263349175453186","1.263349175453186"
"17729","1.7511632442474365","1.7511632442474365","1.7511632442474365","2.229099750518799","2.229099750518799","2.229099750518799","1.324148416519165","1.324148416519165","1.324148416519165"
"17759","1.7041643857955933","1.7041643857955933","1.7041643857955933","2.097019672393799","2.097019672393799","2.097019672393799","1.2702984809875488","1.2702984809875488","1.2702984809875488"
"17789","1.6988189220428467","1.6988189220428467","1.6988189220428467","2.2003369331359863","2.2003369331359863","2.2003369331359863","1.2624657154083252","1.2624657154083252","1.2624657154083252"
"17819","1.7256121635437012","1.7256121635437012","1.7256121635437012","2.169440507888794","2.169440507888794","2.169440507888794","1.2804573774337769","1.2804573774337769","1.2804573774337769"
"17849","1.695844054222107","1.695844054222107","1.695844054222107","2.0959558486938477","2.0959558486938477","2.0959558486938477","1.2116395235061646","1.2116395235061646","1.2116395235061646"
"17879","1.6578997373580933","1.6578997373580933","1.6578997373580933","2.0978167057037354","2.0978167057037354","2.0978167057037354","1.2142837047576904","1.2142837047576904","1.2142837047576904"
"17909","2.5201220512390137","2.5201220512390137","2.5201220512390137","7.283333778381348","7.283333778381348","7.283333778381348","1.2299878597259521","1.2299878597259521","1.2299878597259521"
"17939","1.7091561555862427","1.7091561555862427","1.7091561555862427","2.160144329071045","2.160144329071045","2.160144329071045","1.2546179294586182","1.2546179294586182","1.2546179294586182"
"17969","1.6705929040908813","1.6705929040908813","1.6705929040908813","2.1066832542419434","2.1066832542419434","2.1066832542419434","1.235561490058899","1.235561490058899","1.235561490058899"
"17999","2.553708553314209","2.553708553314209","2.553708553314209","7.353255271911621","7.353255271911621","7.353255271911621","1.2128536701202393","1.2128536701202393","1.2128536701202393"
"18029","1.7251553535461426","1.7251553535461426","1.7251553535461426","2.1160006523132324","2.1160006523132324","2.1160006523132324","1.236107587814331","1.236107587814331","1.236107587814331"
"18059","1.7349989414215088","1.7349989414215088","1.7349989414215088","2.143221616744995","2.143221616744995","2.143221616744995","1.2736164331436157","1.2736164331436157","1.2736164331436157"
"18089","1.6978566646575928","1.6978566646575928","1.6978566646575928","2.1583900451660156","2.1583900451660156","2.1583900451660156","1.2802205085754395","1.2802205085754395","1.2802205085754395"
"18119","1.7740600109100342","1.7740600109100342","1.7740600109100342","2.2266862392425537","2.2266862392425537","2.2266862392425537","1.3290846347808838","1.3290846347808838","1.3290846347808838"
"18149","1.638357162475586","1.638357162475586","1.638357162475586","2.021643877029419","2.021643877029419","2.021643877029419","1.1742550134658813","1.1742550134658813","1.1742550134658813"
"18179","1.7073992490768433","1.7073992490768433","1.7073992490768433","2.1803297996520996","2.1803297996520996","2.1803297996520996","1.2936055660247803","1.2936055660247803","1.2936055660247803"
"18209","2.7071471214294434","2.7071471214294434","2.7071471214294434","8.390625953674316","8.390625953674316","8.390625953674316","1.2400100231170654","1.2400100231170654","1.2400100231170654"
"18239","1.750955581665039","1.750955581665039","1.750955581665039","2.2022907733917236","2.2022907733917236","2.2022907733917236","1.3547409772872925","1.3547409772872925","1.3547409772872925"
"18269","1.6923925876617432","1.6923925876617432","1.6923925876617432","2.1386735439300537","2.1386735439300537","2.1386735439300537","1.1855732202529907","1.1855732202529907","1.1855732202529907"
"18299","2.452730655670166","2.452730655670166","2.452730655670166","7.087470054626465","7.087470054626465","7.087470054626465","1.1462982892990112","1.1462982892990112","1.1462982892990112"
"18329","1.6613787412643433","1.6613787412643433","1.6613787412643433","2.1439006328582764","2.1439006328582764","2.1439006328582764","1.286901831626892","1.286901831626892","1.286901831626892"
"18359","2.591630697250366","2.591630697250366","2.591630697250366","7.128598690032959","7.128598690032959","7.128598690032959","1.1488595008850098","1.1488595008850098","1.1488595008850098"
"18389","1.711082935333252","1.711082935333252","1.711082935333252","2.1555960178375244","2.1555960178375244","2.1555960178375244","1.2346420288085938","1.2346420288085938","1.2346420288085938"
"18419","1.810181736946106","1.810181736946106","1.810181736946106","2.211451292037964","2.211451292037964","2.211451292037964","1.3360085487365723","1.3360085487365723","1.3360085487365723"
"18449","1.7799938917160034","1.7799938917160034","1.7799938917160034","2.2654411792755127","2.2654411792755127","2.2654411792755127","1.3088247776031494","1.3088247776031494","1.3088247776031494"
"18479","1.7326748371124268","1.7326748371124268","1.7326748371124268","2.186566114425659","2.186566114425659","2.186566114425659","1.262566328048706","1.262566328048706","1.262566328048706"
"18509","1.7569005489349365","1.7569005489349365","1.7569005489349365","2.293579339981079","2.293579339981079","2.293579339981079","1.4334368705749512","1.4334368705749512","1.4334368705749512"
"18539","1.6008987426757812","1.6008987426757812","1.6008987426757812","2.0207197666168213","2.0207197666168213","2.0207197666168213","1.2003892660140991","1.2003892660140991","1.2003892660140991"
"18569","1.660394549369812","1.660394549369812","1.660394549369812","2.0330650806427","2.0330650806427","2.0330650806427","1.1893031597137451","1.1893031597137451","1.1893031597137451"
"18599","1.7232557535171509","1.7232557535171509","1.7232557535171509","2.193927049636841","2.193927049636841","2.193927049636841","1.263998031616211","1.263998031616211","1.263998031616211"
"18629","1.807492971420288","1.807492971420288","1.807492971420288","2.3256170749664307","2.3256170749664307","2.3256170749664307","1.4182647466659546","1.4182647466659546","1.4182647466659546"
"18659","2.546034574508667","2.546034574508667","2.546034574508667","7.30718469619751","7.30718469619751","7.30718469619751","1.2454830408096313","1.2454830408096313","1.2454830408096313"
"18689","1.7636983394622803","1.7636983394622803","1.7636983394622803","2.2534549236297607","2.2534549236297607","2.2534549236297607","1.3181860446929932","1.3181860446929932","1.3181860446929932"
"18719","1.6792138814926147","1.6792138814926147","1.6792138814926147","2.10286283493042","2.10286283493042","2.10286283493042","1.199669599533081","1.199669599533081","1.199669599533081"
"18749","1.713928461074829","1.713928461074829","1.713928461074829","2.1322925090789795","2.1322925090789795","2.1322925090789795","1.2193293571472168","1.2193293571472168","1.2193293571472168"
"18779","2.4951956272125244","2.4951956272125244","2.4951956272125244","7.18669319152832","7.18669319152832","7.18669319152832","1.208324670791626","1.208324670791626","1.208324670791626"
"18809","1.6153836250305176","1.6153836250305176","1.6153836250305176","2.0501019954681396","2.0501019954681396","2.0501019954681396","1.211366057395935","1.211366057395935","1.211366057395935"
"18839","2.555098295211792","2.555098295211792","2.555098295211792","7.294042587280273","7.294042587280273","7.294042587280273","1.2078272104263306","1.2078272104263306","1.2078272104263306"
"18869","1.75407075881958","1.75407075881958","1.75407075881958","2.257641553878784","2.257641553878784","2.257641553878784","1.3197602033615112","1.3197602033615112","1.3197602033615112"
"18899","1.811462163925171","1.811462163925171","1.811462163925171","2.20571231842041","2.20571231842041","2.20571231842041","1.2621355056762695","1.2621355056762695","1.2621355056762695"
"18929","2.4894304275512695","2.4894304275512695","2.4894304275512695","7.132915019989014","7.132915019989014","7.132915019989014","1.1177233457565308","1.1177233457565308","1.1177233457565308"
"18959","1.6853841543197632","1.6853841543197632","1.6853841543197632","2.077402353286743","2.077402353286743","2.077402353286743","1.1629688739776611","1.1629688739776611","1.1629688739776611"
"18989","1.7587586641311646","1.7587586641311646","1.7587586641311646","2.177464485168457","2.177464485168457","2.177464485168457","1.2103896141052246","1.2103896141052246","1.2103896141052246"
"19019","1.7397478818893433","1.7397478818893433","1.7397478818893433","2.1524386405944824","2.1524386405944824","2.1524386405944824","1.2802975177764893","1.2802975177764893","1.2802975177764893"
"19049","1.7071925401687622","1.7071925401687622","1.7071925401687622","2.1747069358825684","2.1747069358825684","2.1747069358825684","1.2440332174301147","1.2440332174301147","1.2440332174301147"
"19079","1.7310919761657715","1.7310919761657715","1.7310919761657715","2.209829092025757","2.209829092025757","2.209829092025757","1.2907490730285645","1.2907490730285645","1.2907490730285645"
"19109","2.5024685859680176","2.5024685859680176","2.5024685859680176","7.179703235626221","7.179703235626221","7.179703235626221","1.211907982826233","1.211907982826233","1.211907982826233"
"19139","1.7381298542022705","1.7381298542022705","1.7381298542022705","2.1701254844665527","2.1701254844665527","2.1701254844665527","1.318945288658142","1.318945288658142","1.318945288658142"
"19169","1.8160070180892944","1.8160070180892944","1.8160070180892944","2.1528449058532715","2.1528449058532715","2.1528449058532715","1.1899168491363525","1.1899168491363525","1.1899168491363525"
"19199","1.6697279214859009","1.6697279214859009","1.6697279214859009","2.0878806114196777","2.0878806114196777","2.0878806114196777","1.1902613639831543","1.1902613639831543","1.1902613639831543"
"19229","1.7994112968444824","1.7994112968444824","1.7994112968444824","2.1557884216308594","2.1557884216308594","2.1557884216308594","1.1730457544326782","1.1730457544326782","1.1730457544326782"
"19259","1.7967455387115479","1.7967455387115479","1.7967455387115479","2.3011577129364014","2.3011577129364014","2.3011577129364014","1.2852767705917358","1.2852767705917358","1.2852767705917358"
"19289","1.7424607276916504","1.7424607276916504","1.7424607276916504","2.198861598968506","2.198861598968506","2.198861598968506","1.276307225227356","1.276307225227356","1.276307225227356"
"19319","1.6472481489181519","1.6472481489181519","1.6472481489181519","2.058927297592163","2.058927297592163","2.058927297592163","1.1979261636734009","1.1979261636734009","1.1979261636734009"
"19349","1.6889077425003052","1.6889077425003052","1.6889077425003052","2.0524182319641113","2.0524182319641113","2.0524182319641113","1.1969975233078003","1.1969975233078003","1.1969975233078003"
"19379","1.6773872375488281","1.6773872375488281","1.6773872375488281","2.0629489421844482","2.0629489421844482","2.0629489421844482","1.2048146724700928","1.2048146724700928","1.2048146724700928"
"19409","1.68681001663208","1.68681001663208","1.68681001663208","2.072357416152954","2.072357416152954","2.072357416152954","1.1594758033752441","1.1594758033752441","1.1594758033752441"
"19439","1.7670691013336182","1.7670691013336182","1.7670691013336182","2.0473389625549316","2.0473389625549316","2.0473389625549316","1.1598364114761353","1.1598364114761353","1.1598364114761353"
"19469","1.737796425819397","1.737796425819397","1.737796425819397","2.1403636932373047","2.1403636932373047","2.1403636932373047","1.2331297397613525","1.2331297397613525","1.2331297397613525"
"19499","1.732721209526062","1.732721209526062","1.732721209526062","2.1755504608154297","2.1755504608154297","2.1755504608154297","1.2726640701293945","1.2726640701293945","1.2726640701293945"
"19529","1.7048078775405884","1.7048078775405884","1.7048078775405884","2.0874714851379395","2.0874714851379395","2.0874714851379395","1.1499474048614502","1.1499474048614502","1.1499474048614502"
"19559","1.7331231832504272","1.7331231832504272","1.7331231832504272","2.165771961212158","2.165771961212158","2.165771961212158","1.215597152709961","1.215597152709961","1.215597152709961"
"19589","1.6869627237319946","1.6869627237319946","1.6869627237319946","2.096971273422241","2.096971273422241","2.096971273422241","1.1626206636428833","1.1626206636428833","1.1626206636428833"
"19619","1.8904370069503784","1.8904370069503784","1.8904370069503784","2.3580105304718018","2.3580105304718018","2.3580105304718018","1.3458807468414307","1.3458807468414307","1.3458807468414307"
"19649","1.6618812084197998","1.6618812084197998","1.6618812084197998","2.0855679512023926","2.0855679512023926","2.0855679512023926","1.1940534114837646","1.1940534114837646","1.1940534114837646"
"19679","1.7150317430496216","1.7150317430496216","1.7150317430496216","2.0793533325195312","2.0793533325195312","2.0793533325195312","1.1672465801239014","1.1672465801239014","1.1672465801239014"
"19709","2.492887258529663","2.492887258529663","2.492887258529663","7.145126819610596","7.145126819610596","7.145126819610596","1.1999529600143433","1.1999529600143433","1.1999529600143433"
"19739","1.7687206268310547","1.7687206268310547","1.7687206268310547","2.233548402786255","2.233548402786255","2.233548402786255","1.2829099893569946","1.2829099893569946","1.2829099893569946"
"19769","1.711862325668335","1.711862325668335","1.711862325668335","2.1330506801605225","2.1330506801605225","2.1330506801605225","1.208596110343933","1.208596110343933","1.208596110343933"
"19799","1.7674849033355713","1.7674849033355713","1.7674849033355713","2.091907024383545","2.091907024383545","2.091907024383545","1.186119556427002","1.186119556427002","1.186119556427002"
"19829","2.5571839809417725","2.5571839809417725","2.5571839809417725","7.111110210418701","7.111110210418701","7.111110210418701","1.243558645248413","1.243558645248413","1.243558645248413"
"19859","1.7339199781417847","1.7339199781417847","1.7339199781417847","2.0844507217407227","2.0844507217407227","2.0844507217407227","1.1585569381713867","1.1585569381713867","1.1585569381713867"
"19889","1.7082678079605103","1.7082678079605103","1.7082678079605103","2.114877223968506","2.114877223968506","2.114877223968506","1.1525927782058716","1.1525927782058716","1.1525927782058716"
"19919","2.596259117126465","2.596259117126465","2.596259117126465","7.250813961029053","7.250813961029053","7.250813961029053","1.2139474153518677","1.2139474153518677","1.2139474153518677"
"19949","1.6975916624069214","1.6975916624069214","1.6975916624069214","2.148005247116089","2.148005247116089","2.148005247116089","1.2153115272521973","1.2153115272521973","1.2153115272521973"
"19979","1.7097818851470947","1.7097818851470947","1.7097818851470947","2.1422042846679688","2.1422042846679688","2.1422042846679688","1.2355477809906006","1.2355477809906006","1.2355477809906006"