"Step","layer_10_hook_resid_mid_gpt2_jumprelu_fisher_true_project_TheStackPython - losses/fisher_reg_term","layer_10_hook_resid_mid_gpt2_jumprelu_fisher_true_project_TheStackPython - losses/fisher_reg_term__MIN","layer_10_hook_resid_mid_gpt2_jumprelu_fisher_true_project_TheStackPython - losses/fisher_reg_term__MAX","layer_5_hook_resid_mid_gpt2_jumprelu_fisher_true_project_TheStackPython - losses/fisher_reg_term","layer_5_hook_resid_mid_gpt2_jumprelu_fisher_true_project_TheStackPython - losses/fisher_reg_term__MIN","layer_5_hook_resid_mid_gpt2_jumprelu_fisher_true_project_TheStackPython - losses/fisher_reg_term__MAX","layer_0_hook_resid_mid_gpt2_jumprelu_fisher_true_project_TheStackPython - losses/fisher_reg_term","layer_0_hook_resid_mid_gpt2_jumprelu_fisher_true_project_TheStackPython - losses/fisher_reg_term__MIN","layer_0_hook_resid_mid_gpt2_jumprelu_fisher_true_project_TheStackPython - losses/fisher_reg_term__MAX"
"29","20.613027572631836","20.613027572631836","20.613027572631836","21.190698623657227","21.190698623657227","21.190698623657227","21.982357025146484","21.982357025146484","21.982357025146484"
"59","18.145780563354492","18.145780563354492","18.145780563354492","12.31886100769043","12.31886100769043","12.31886100769043","26.267656326293945","26.267656326293945","26.267656326293945"
"89","14.232892990112305","14.232892990112305","14.232892990112305","11.058690071105957","11.058690071105957","11.058690071105957","20.726619720458984","20.726619720458984","20.726619720458984"
"119","12.486906051635742","12.486906051635742","12.486906051635742","9.494157791137695","9.494157791137695","9.494157791137695","16.825834274291992","16.825834274291992","16.825834274291992"
"149","40.72211837768555","40.72211837768555","40.72211837768555","53.81654357910156","53.81654357910156","53.81654357910156","14.799230575561523","14.799230575561523","14.799230575561523"
"179","43.03990173339844","43.03990173339844","43.03990173339844","55.119911193847656","55.119911193847656","55.119911193847656","13.17059326171875","13.17059326171875","13.17059326171875"
"209","7.994167327880859","7.994167327880859","7.994167327880859","7.214761734008789","7.214761734008789","7.214761734008789","11.832110404968262","11.832110404968262","11.832110404968262"
"239","7.174075603485107","7.174075603485107","7.174075603485107","6.290942192077637","6.290942192077637","6.290942192077637","10.293890953063965","10.293890953063965","10.293890953063965"
"269","6.998420715332031","6.998420715332031","6.998420715332031","6.662450790405273","6.662450790405273","6.662450790405273","10.208593368530273","10.208593368530273","10.208593368530273"
"299","7.553353309631348","7.553353309631348","7.553353309631348","6.565209865570068","6.565209865570068","6.565209865570068","9.100919723510742","9.100919723510742","9.100919723510742"
"329","67.55138397216797","67.55138397216797","67.55138397216797","36.457359313964844","36.457359313964844","36.457359313964844","9.589101791381836","9.589101791381836","9.589101791381836"
"359","59.03197479248047","59.03197479248047","59.03197479248047","29.36324119567871","29.36324119567871","29.36324119567871","8.351125717163086","8.351125717163086","8.351125717163086"
"389","58.63935470581055","58.63935470581055","58.63935470581055","26.350345611572266","26.350345611572266","26.350345611572266","7.816792011260986","7.816792011260986","7.816792011260986"
"419","58.80206298828125","58.80206298828125","58.80206298828125","25.108007431030273","25.108007431030273","25.108007431030273","7.639113426208496","7.639113426208496","7.639113426208496"
"449","52.98936080932617","52.98936080932617","52.98936080932617","22.11915397644043","22.11915397644043","22.11915397644043","7.179086685180664","7.179086685180664","7.179086685180664"
"479","48.84718322753906","48.84718322753906","48.84718322753906","22.633100509643555","22.633100509643555","22.633100509643555","6.927880764007568","6.927880764007568","6.927880764007568"
"509","53.404579162597656","53.404579162597656","53.404579162597656","23.173524856567383","23.173524856567383","23.173524856567383","6.643058776855469","6.643058776855469","6.643058776855469"
"539","41.857566833496094","41.857566833496094","41.857566833496094","44.77314376831055","44.77314376831055","44.77314376831055","6.551237106323242","6.551237106323242","6.551237106323242"
"569","47.14445877075195","47.14445877075195","47.14445877075195","18.891462326049805","18.891462326049805","18.891462326049805","6.344064235687256","6.344064235687256","6.344064235687256"
"599","51.230712890625","51.230712890625","51.230712890625","21.019298553466797","21.019298553466797","21.019298553466797","6.179643630981445","6.179643630981445","6.179643630981445"
"629","52.58382797241211","52.58382797241211","52.58382797241211","22.558427810668945","22.558427810668945","22.558427810668945","5.99127197265625","5.99127197265625","5.99127197265625"
"659","60.25490188598633","60.25490188598633","60.25490188598633","22.109596252441406","22.109596252441406","22.109596252441406","5.8301286697387695","5.8301286697387695","5.8301286697387695"
"689","58.3011589050293","58.3011589050293","58.3011589050293","57.74299621582031","57.74299621582031","57.74299621582031","5.726205825805664","5.726205825805664","5.726205825805664"
"719","55.36963653564453","55.36963653564453","55.36963653564453","22.4069766998291","22.4069766998291","22.4069766998291","5.699882507324219","5.699882507324219","5.699882507324219"
"749","48.44752883911133","48.44752883911133","48.44752883911133","19.249753952026367","19.249753952026367","19.249753952026367","5.470162868499756","5.470162868499756","5.470162868499756"
"779","52.76215744018555","52.76215744018555","52.76215744018555","19.324785232543945","19.324785232543945","19.324785232543945","5.003863334655762","5.003863334655762","5.003863334655762"
"809","56.7249641418457","56.7249641418457","56.7249641418457","56.6501350402832","56.6501350402832","56.6501350402832","4.89265251159668","4.89265251159668","4.89265251159668"
"839","49.78567123413086","49.78567123413086","49.78567123413086","20.401817321777344","20.401817321777344","20.401817321777344","4.944413185119629","4.944413185119629","4.944413185119629"
"869","54.68248748779297","54.68248748779297","54.68248748779297","55.41577911376953","55.41577911376953","55.41577911376953","4.8902974128723145","4.8902974128723145","4.8902974128723145"
"899","48.22601318359375","48.22601318359375","48.22601318359375","20.37051773071289","20.37051773071289","20.37051773071289","5.10725212097168","5.10725212097168","5.10725212097168"
"929","51.87946319580078","51.87946319580078","51.87946319580078","18.72392463684082","18.72392463684082","18.72392463684082","4.653772354125977","4.653772354125977","4.653772354125977"
"959","39.03321075439453","39.03321075439453","39.03321075439453","41.3535041809082","41.3535041809082","41.3535041809082","4.866932392120361","4.866932392120361","4.866932392120361"
"989","59.43821334838867","59.43821334838867","59.43821334838867","19.832483291625977","19.832483291625977","19.832483291625977","4.470036506652832","4.470036506652832","4.470036506652832"
"1019","59.03955078125","59.03955078125","59.03955078125","56.18832015991211","56.18832015991211","56.18832015991211","4.411271095275879","4.411271095275879","4.411271095275879"
"1049","51.06202697753906","51.06202697753906","51.06202697753906","17.953384399414062","17.953384399414062","17.953384399414062","4.350858688354492","4.350858688354492","4.350858688354492"
"1079","50.210330963134766","50.210330963134766","50.210330963134766","18.08859634399414","18.08859634399414","18.08859634399414","4.3205790519714355","4.3205790519714355","4.3205790519714355"
"1109","57.85432434082031","57.85432434082031","57.85432434082031","54.92781066894531","54.92781066894531","54.92781066894531","4.488468647003174","4.488468647003174","4.488468647003174"
"1139","48.95261764526367","48.95261764526367","48.95261764526367","16.21986961364746","16.21986961364746","16.21986961364746","4.119232177734375","4.119232177734375","4.119232177734375"
"1169","40.47875213623047","40.47875213623047","40.47875213623047","15.32256031036377","15.32256031036377","15.32256031036377","4.416449069976807","4.416449069976807","4.416449069976807"
"1199","44.51826858520508","44.51826858520508","44.51826858520508","16.835159301757812","16.835159301757812","16.835159301757812","4.395344257354736","4.395344257354736","4.395344257354736"
"1229","58.62559127807617","58.62559127807617","58.62559127807617","55.46502685546875","55.46502685546875","55.46502685546875","4.1872406005859375","4.1872406005859375","4.1872406005859375"
"1259","44.31703186035156","44.31703186035156","44.31703186035156","14.871211051940918","14.871211051940918","14.871211051940918","4.223850727081299","4.223850727081299","4.223850727081299"
"1289","44.51443099975586","44.51443099975586","44.51443099975586","16.261804580688477","16.261804580688477","16.261804580688477","4.077938079833984","4.077938079833984","4.077938079833984"
"1319","41.24724197387695","41.24724197387695","41.24724197387695","42.677772521972656","42.677772521972656","42.677772521972656","4.18790340423584","4.18790340423584","4.18790340423584"
"1349","43.55868148803711","43.55868148803711","43.55868148803711","16.38127899169922","16.38127899169922","16.38127899169922","3.982830762863159","3.982830762863159","3.982830762863159"
"1379","45.50220489501953","45.50220489501953","45.50220489501953","14.515490531921387","14.515490531921387","14.515490531921387","3.891199827194214","3.891199827194214","3.891199827194214"
"1409","42.74452209472656","42.74452209472656","42.74452209472656","15.530428886413574","15.530428886413574","15.530428886413574","4.0888848304748535","4.0888848304748535","4.0888848304748535"
"1439","40.337318420410156","40.337318420410156","40.337318420410156","13.20855712890625","13.20855712890625","13.20855712890625","4.0867414474487305","4.0867414474487305","4.0867414474487305"
"1469","40.814979553222656","40.814979553222656","40.814979553222656","14.664182662963867","14.664182662963867","14.664182662963867","3.876542568206787","3.876542568206787","3.876542568206787"
"1499","42.68421173095703","42.68421173095703","42.68421173095703","13.809093475341797","13.809093475341797","13.809093475341797","3.8800125122070312","3.8800125122070312","3.8800125122070312"
"1529","42.81911849975586","42.81911849975586","42.81911849975586","15.067089080810547","15.067089080810547","15.067089080810547","3.958143472671509","3.958143472671509","3.958143472671509"
"1559","40.64100646972656","40.64100646972656","40.64100646972656","13.781163215637207","13.781163215637207","13.781163215637207","3.9920854568481445","3.9920854568481445","3.9920854568481445"
"1589","43.77911376953125","43.77911376953125","43.77911376953125","15.686351776123047","15.686351776123047","15.686351776123047","3.8653628826141357","3.8653628826141357","3.8653628826141357"
"1619","38.39906692504883","38.39906692504883","38.39906692504883","37.84320831298828","37.84320831298828","37.84320831298828","4.007983207702637","4.007983207702637","4.007983207702637"
"1649","39.770103454589844","39.770103454589844","39.770103454589844","40.1799201965332","40.1799201965332","40.1799201965332","3.793543577194214","3.793543577194214","3.793543577194214"
"1679","45.974647521972656","45.974647521972656","45.974647521972656","14.939889907836914","14.939889907836914","14.939889907836914","4.050167083740234","4.050167083740234","4.050167083740234"
"1709","39.913814544677734","39.913814544677734","39.913814544677734","12.459433555603027","12.459433555603027","12.459433555603027","3.678819417953491","3.678819417953491","3.678819417953491"
"1739","37.28870391845703","37.28870391845703","37.28870391845703","11.808112144470215","11.808112144470215","11.808112144470215","3.8197696208953857","3.8197696208953857","3.8197696208953857"
"1769","36.6796875","36.6796875","36.6796875","12.060531616210938","12.060531616210938","12.060531616210938","3.586127758026123","3.586127758026123","3.586127758026123"
"1799","36.145992279052734","36.145992279052734","36.145992279052734","11.990887641906738","11.990887641906738","11.990887641906738","3.7851927280426025","3.7851927280426025","3.7851927280426025"
"1829","33.92376708984375","33.92376708984375","33.92376708984375","12.332873344421387","12.332873344421387","12.332873344421387","3.5512828826904297","3.5512828826904297","3.5512828826904297"
"1859","32.79999542236328","32.79999542236328","32.79999542236328","11.565583229064941","11.565583229064941","11.565583229064941","3.807323455810547","3.807323455810547","3.807323455810547"
"1889","35.98758316040039","35.98758316040039","35.98758316040039","10.554347038269043","10.554347038269043","10.554347038269043","3.360787868499756","3.360787868499756","3.360787868499756"
"1919","35.28581619262695","35.28581619262695","35.28581619262695","37.9808464050293","37.9808464050293","37.9808464050293","3.614114999771118","3.614114999771118","3.614114999771118"
"1949","36.804447174072266","36.804447174072266","36.804447174072266","12.23998737335205","12.23998737335205","12.23998737335205","3.424914836883545","3.424914836883545","3.424914836883545"
"1979","34.76560592651367","34.76560592651367","34.76560592651367","12.572005271911621","12.572005271911621","12.572005271911621","3.6528160572052","3.6528160572052","3.6528160572052"
"2009","36.32685470581055","36.32685470581055","36.32685470581055","12.583374977111816","12.583374977111816","12.583374977111816","3.757638454437256","3.757638454437256","3.757638454437256"
"2039","29.918527603149414","29.918527603149414","29.918527603149414","10.55968952178955","10.55968952178955","10.55968952178955","3.584294319152832","3.584294319152832","3.584294319152832"
"2069","31.871522903442383","31.871522903442383","31.871522903442383","11.390528678894043","11.390528678894043","11.390528678894043","3.354098320007324","3.354098320007324","3.354098320007324"
"2099","28.66763687133789","28.66763687133789","28.66763687133789","10.479161262512207","10.479161262512207","10.479161262512207","3.3468997478485107","3.3468997478485107","3.3468997478485107"
"2129","31.58286476135254","31.58286476135254","31.58286476135254","9.73210620880127","9.73210620880127","9.73210620880127","3.4883873462677","3.4883873462677","3.4883873462677"
"2159","28.6502685546875","28.6502685546875","28.6502685546875","8.224020004272461","8.224020004272461","8.224020004272461","3.317739725112915","3.317739725112915","3.317739725112915"
"2189","31.924144744873047","31.924144744873047","31.924144744873047","10.803566932678223","10.803566932678223","10.803566932678223","3.377178192138672","3.377178192138672","3.377178192138672"
"2219","30.120962142944336","30.120962142944336","30.120962142944336","11.000990867614746","11.000990867614746","11.000990867614746","3.61283802986145","3.61283802986145","3.61283802986145"
"2249","32.14349365234375","32.14349365234375","32.14349365234375","10.669572830200195","10.669572830200195","10.669572830200195","3.7563018798828125","3.7563018798828125","3.7563018798828125"
"2279","232.80909729003906","232.80909729003906","232.80909729003906","120.61962890625","120.61962890625","120.61962890625","56.06723403930664","56.06723403930664","56.06723403930664"
"2309","31.278764724731445","31.278764724731445","31.278764724731445","8.916788101196289","8.916788101196289","8.916788101196289","3.2186954021453857","3.2186954021453857","3.2186954021453857"
"2339","33.24073028564453","33.24073028564453","33.24073028564453","35.76694107055664","35.76694107055664","35.76694107055664","3.4992363452911377","3.4992363452911377","3.4992363452911377"
"2369","34.45005416870117","34.45005416870117","34.45005416870117","37.82879638671875","37.82879638671875","37.82879638671875","3.217656373977661","3.217656373977661","3.217656373977661"
"2399","31.457387924194336","31.457387924194336","31.457387924194336","34.91554641723633","34.91554641723633","34.91554641723633","3.492889881134033","3.492889881134033","3.492889881134033"
"2429","26.931249618530273","26.931249618530273","26.931249618530273","7.7674126625061035","7.7674126625061035","7.7674126625061035","3.4130656719207764","3.4130656719207764","3.4130656719207764"
"2459","19.019577026367188","19.019577026367188","19.019577026367188","7.283131122589111","7.283131122589111","7.283131122589111","3.50412654876709","3.50412654876709","3.50412654876709"
"2489","25.589828491210938","25.589828491210938","25.589828491210938","8.368095397949219","8.368095397949219","8.368095397949219","3.3367552757263184","3.3367552757263184","3.3367552757263184"
"2519","28.056581497192383","28.056581497192383","28.056581497192383","9.642233848571777","9.642233848571777","9.642233848571777","3.341686248779297","3.341686248779297","3.341686248779297"
"2549","25.265409469604492","25.265409469604492","25.265409469604492","9.64125919342041","9.64125919342041","9.64125919342041","3.423532247543335","3.423532247543335","3.423532247543335"
"2579","28.916717529296875","28.916717529296875","28.916717529296875","33.033756256103516","33.033756256103516","33.033756256103516","3.208024263381958","3.208024263381958","3.208024263381958"
"2609","23.16769790649414","23.16769790649414","23.16769790649414","6.946300506591797","6.946300506591797","6.946300506591797","3.1666228771209717","3.1666228771209717","3.1666228771209717"
"2639","22.631078720092773","22.631078720092773","22.631078720092773","6.712137222290039","6.712137222290039","6.712137222290039","3.159719705581665","3.159719705581665","3.159719705581665"
"2669","26.605289459228516","26.605289459228516","26.605289459228516","8.811914443969727","8.811914443969727","8.811914443969727","3.158177375793457","3.158177375793457","3.158177375793457"
"2699","24.8065128326416","24.8065128326416","24.8065128326416","7.764511585235596","7.764511585235596","7.764511585235596","3.220925807952881","3.220925807952881","3.220925807952881"
"2729","25.98432159423828","25.98432159423828","25.98432159423828","9.854756355285645","9.854756355285645","9.854756355285645","3.059454917907715","3.059454917907715","3.059454917907715"
"2759","20.81161117553711","20.81161117553711","20.81161117553711","6.505317211151123","6.505317211151123","6.505317211151123","3.1470577716827393","3.1470577716827393","3.1470577716827393"
"2789","20.60539436340332","20.60539436340332","20.60539436340332","7.010212421417236","7.010212421417236","7.010212421417236","3.322903633117676","3.322903633117676","3.322903633117676"
"2819","18.33843994140625","18.33843994140625","18.33843994140625","6.163132190704346","6.163132190704346","6.163132190704346","2.9300053119659424","2.9300053119659424","2.9300053119659424"
"2849","23.878116607666016","23.878116607666016","23.878116607666016","9.338033676147461","9.338033676147461","9.338033676147461","3.2685930728912354","3.2685930728912354","3.2685930728912354"
"2879","27.470842361450195","27.470842361450195","27.470842361450195","31.601530075073242","31.601530075073242","31.601530075073242","2.97825288772583","2.97825288772583","2.97825288772583"
"2909","18.32811737060547","18.32811737060547","18.32811737060547","6.007699012756348","6.007699012756348","6.007699012756348","3.165659189224243","3.165659189224243","3.165659189224243"
"2939","13.724873542785645","13.724873542785645","13.724873542785645","4.228812217712402","4.228812217712402","4.228812217712402","3.0825016498565674","3.0825016498565674","3.0825016498565674"
"2969","28.59455108642578","28.59455108642578","28.59455108642578","31.75149154663086","31.75149154663086","31.75149154663086","3.114983081817627","3.114983081817627","3.114983081817627"
"2999","10.918292999267578","10.918292999267578","10.918292999267578","4.7412824630737305","4.7412824630737305","4.7412824630737305","3.2687480449676514","3.2687480449676514","3.2687480449676514"
"3029","27.42923355102539","27.42923355102539","27.42923355102539","33.77924728393555","33.77924728393555","33.77924728393555","3.1957085132598877","3.1957085132598877","3.1957085132598877"
"3059","21.74587631225586","21.74587631225586","21.74587631225586","6.997982025146484","6.997982025146484","6.997982025146484","3.006864309310913","3.006864309310913","3.006864309310913"
"3089","15.28213119506836","15.28213119506836","15.28213119506836","5.132613182067871","5.132613182067871","5.132613182067871","2.979567289352417","2.979567289352417","2.979567289352417"
"3119","22.0128173828125","22.0128173828125","22.0128173828125","6.784794807434082","6.784794807434082","6.784794807434082","3.2748076915740967","3.2748076915740967","3.2748076915740967"
"3149","13.466547966003418","13.466547966003418","13.466547966003418","5.504249095916748","5.504249095916748","5.504249095916748","3.026512622833252","3.026512622833252","3.026512622833252"
"3179","16.23647117614746","16.23647117614746","16.23647117614746","5.013437271118164","5.013437271118164","5.013437271118164","3.3007171154022217","3.3007171154022217","3.3007171154022217"
"3209","23.302978515625","23.302978515625","23.302978515625","7.328141689300537","7.328141689300537","7.328141689300537","3.2622454166412354","3.2622454166412354","3.2622454166412354"
"3239","19.811418533325195","19.811418533325195","19.811418533325195","7.516652584075928","7.516652584075928","7.516652584075928","2.9389491081237793","2.9389491081237793","2.9389491081237793"
"3269","22.276073455810547","22.276073455810547","22.276073455810547","7.021264553070068","7.021264553070068","7.021264553070068","3.0368828773498535","3.0368828773498535","3.0368828773498535"
"3299","17.02840805053711","17.02840805053711","17.02840805053711","6.008571624755859","6.008571624755859","6.008571624755859","2.842984199523926","2.842984199523926","2.842984199523926"
"3329","19.26283836364746","19.26283836364746","19.26283836364746","6.120729923248291","6.120729923248291","6.120729923248291","2.8973209857940674","2.8973209857940674","2.8973209857940674"
"3359","19.73723030090332","19.73723030090332","19.73723030090332","6.90632963180542","6.90632963180542","6.90632963180542","2.893707275390625","2.893707275390625","2.893707275390625"
"3389","6.778018474578857","6.778018474578857","6.778018474578857","3.711772918701172","3.711772918701172","3.711772918701172","2.8951334953308105","2.8951334953308105","2.8951334953308105"
"3419","20.49267578125","20.49267578125","20.49267578125","5.674079418182373","5.674079418182373","5.674079418182373","2.8747942447662354","2.8747942447662354","2.8747942447662354"
"3449","14.916260719299316","14.916260719299316","14.916260719299316","5.173093318939209","5.173093318939209","5.173093318939209","2.8460283279418945","2.8460283279418945","2.8460283279418945"
"3479","17.230741500854492","17.230741500854492","17.230741500854492","5.225162029266357","5.225162029266357","5.225162029266357","3.090449810028076","3.090449810028076","3.090449810028076"
"3509","23.06631851196289","23.06631851196289","23.06631851196289","28.56858253479004","28.56858253479004","28.56858253479004","2.9340384006500244","2.9340384006500244","2.9340384006500244"
"3539","21.545150756835938","21.545150756835938","21.545150756835938","7.37237024307251","7.37237024307251","7.37237024307251","2.9583580493927","2.9583580493927","2.9583580493927"
"3569","14.088815689086914","14.088815689086914","14.088815689086914","4.694906711578369","4.694906711578369","4.694906711578369","2.754470109939575","2.754470109939575","2.754470109939575"
"3599","16.055137634277344","16.055137634277344","16.055137634277344","5.587274074554443","5.587274074554443","5.587274074554443","3.0877318382263184","3.0877318382263184","3.0877318382263184"
"3629","7.208926200866699","7.208926200866699","7.208926200866699","3.539555072784424","3.539555072784424","3.539555072784424","2.803964138031006","2.803964138031006","2.803964138031006"
"3659","19.829179763793945","19.829179763793945","19.829179763793945","28.35984230041504","28.35984230041504","28.35984230041504","2.9318575859069824","2.9318575859069824","2.9318575859069824"
"3689","4.007645606994629","4.007645606994629","4.007645606994629","2.919199228286743","2.919199228286743","2.919199228286743","2.776434898376465","2.776434898376465","2.776434898376465"
"3719","11.018051147460938","11.018051147460938","11.018051147460938","4.1251301765441895","4.1251301765441895","4.1251301765441895","2.83522891998291","2.83522891998291","2.83522891998291"
"3749","3.7360897064208984","3.7360897064208984","3.7360897064208984","2.895554780960083","2.895554780960083","2.895554780960083","2.7667009830474854","2.7667009830474854","2.7667009830474854"
"3779","13.907490730285645","13.907490730285645","13.907490730285645","5.66738748550415","5.66738748550415","5.66738748550415","3.078418016433716","3.078418016433716","3.078418016433716"
"3809","14.448869705200195","14.448869705200195","14.448869705200195","5.608213901519775","5.608213901519775","5.608213901519775","2.698293447494507","2.698293447494507","2.698293447494507"
"3839","8.978944778442383","8.978944778442383","8.978944778442383","4.055764675140381","4.055764675140381","4.055764675140381","2.7318174839019775","2.7318174839019775","2.7318174839019775"
"3869","21.599224090576172","21.599224090576172","21.599224090576172","27.26753807067871","27.26753807067871","27.26753807067871","2.966714382171631","2.966714382171631","2.966714382171631"
"3899","17.831398010253906","17.831398010253906","17.831398010253906","6.1884989738464355","6.1884989738464355","6.1884989738464355","2.78020977973938","2.78020977973938","2.78020977973938"
"3929","11.788436889648438","11.788436889648438","11.788436889648438","4.639107704162598","4.639107704162598","4.639107704162598","3.080629825592041","3.080629825592041","3.080629825592041"
"3959","9.66144847869873","9.66144847869873","9.66144847869873","4.734996795654297","4.734996795654297","4.734996795654297","2.903033971786499","2.903033971786499","2.903033971786499"
"3989","11.807377815246582","11.807377815246582","11.807377815246582","3.597768783569336","3.597768783569336","3.597768783569336","2.7240469455718994","2.7240469455718994","2.7240469455718994"
"4019","17.15222930908203","17.15222930908203","17.15222930908203","26.272436141967773","26.272436141967773","26.272436141967773","2.790717124938965","2.790717124938965","2.790717124938965"
"4049","6.577301979064941","6.577301979064941","6.577301979064941","3.3100979328155518","3.3100979328155518","3.3100979328155518","2.6095519065856934","2.6095519065856934","2.6095519065856934"
"4079","16.551654815673828","16.551654815673828","16.551654815673828","6.4489030838012695","6.4489030838012695","6.4489030838012695","2.749321460723877","2.749321460723877","2.749321460723877"
"4109","18.447250366210938","18.447250366210938","18.447250366210938","6.665026664733887","6.665026664733887","6.665026664733887","2.72902512550354","2.72902512550354","2.72902512550354"
"4139","17.812644958496094","17.812644958496094","17.812644958496094","6.4029221534729","6.4029221534729","6.4029221534729","2.741856575012207","2.741856575012207","2.741856575012207"
"4169","15.041191101074219","15.041191101074219","15.041191101074219","4.58669376373291","4.58669376373291","4.58669376373291","2.764664649963379","2.764664649963379","2.764664649963379"
"4199","10.381787300109863","10.381787300109863","10.381787300109863","3.8788485527038574","3.8788485527038574","3.8788485527038574","2.5726585388183594","2.5726585388183594","2.5726585388183594"
"4229","17.89203643798828","17.89203643798828","17.89203643798828","6.885485649108887","6.885485649108887","6.885485649108887","2.850423574447632","2.850423574447632","2.850423574447632"
"4259","3.2407732009887695","3.2407732009887695","3.2407732009887695","2.9126477241516113","2.9126477241516113","2.9126477241516113","2.697355270385742","2.697355270385742","2.697355270385742"
"4289","3.2281854152679443","3.2281854152679443","3.2281854152679443","2.8646769523620605","2.8646769523620605","2.8646769523620605","2.5867321491241455","2.5867321491241455","2.5867321491241455"
"4319","3.3357462882995605","3.3357462882995605","3.3357462882995605","2.939100503921509","2.939100503921509","2.939100503921509","2.773820638656616","2.773820638656616","2.773820638656616"
"4349","3.1944754123687744","3.1944754123687744","3.1944754123687744","2.8613011837005615","2.8613011837005615","2.8613011837005615","2.755505323410034","2.755505323410034","2.755505323410034"
"4379","13.997563362121582","13.997563362121582","13.997563362121582","24.97644805908203","24.97644805908203","24.97644805908203","2.589564085006714","2.589564085006714","2.589564085006714"
"4409","3.10343074798584","3.10343074798584","3.10343074798584","2.8866305351257324","2.8866305351257324","2.8866305351257324","2.6272668838500977","2.6272668838500977","2.6272668838500977"
"4439","8.406505584716797","8.406505584716797","8.406505584716797","4.015061378479004","4.015061378479004","4.015061378479004","2.5702662467956543","2.5702662467956543","2.5702662467956543"
"4469","3.384767770767212","3.384767770767212","3.384767770767212","2.945107936859131","2.945107936859131","2.945107936859131","2.733222007751465","2.733222007751465","2.733222007751465"
"4499","12.317927360534668","12.317927360534668","12.317927360534668","24.603759765625","24.603759765625","24.603759765625","2.7054765224456787","2.7054765224456787","2.7054765224456787"
"4529","5.625834941864014","5.625834941864014","5.625834941864014","3.301252603530884","3.301252603530884","3.301252603530884","2.3935160636901855","2.3935160636901855","2.3935160636901855"
"4559","14.700276374816895","14.700276374816895","14.700276374816895","4.63124942779541","4.63124942779541","4.63124942779541","2.6065096855163574","2.6065096855163574","2.6065096855163574"
"4589","3.5783450603485107","3.5783450603485107","3.5783450603485107","3.2082529067993164","3.2082529067993164","3.2082529067993164","2.8376946449279785","2.8376946449279785","2.8376946449279785"
"4619","3.192193031311035","3.192193031311035","3.192193031311035","2.904561758041382","2.904561758041382","2.904561758041382","2.692255735397339","2.692255735397339","2.692255735397339"
"4649","10.468267440795898","10.468267440795898","10.468267440795898","24.04375648498535","24.04375648498535","24.04375648498535","2.4475293159484863","2.4475293159484863","2.4475293159484863"
"4679","6.516127109527588","6.516127109527588","6.516127109527588","3.265065908432007","3.265065908432007","3.265065908432007","2.5607028007507324","2.5607028007507324","2.5607028007507324"
"4709","9.960187911987305","9.960187911987305","9.960187911987305","4.0980658531188965","4.0980658531188965","4.0980658531188965","2.4444398880004883","2.4444398880004883","2.4444398880004883"
"4739","18.498111724853516","18.498111724853516","18.498111724853516","6.909510135650635","6.909510135650635","6.909510135650635","2.825908660888672","2.825908660888672","2.825908660888672"
"4769","17.337209701538086","17.337209701538086","17.337209701538086","6.33744478225708","6.33744478225708","6.33744478225708","2.4702281951904297","2.4702281951904297","2.4702281951904297"
"4799","7.215853691101074","7.215853691101074","7.215853691101074","3.5217204093933105","3.5217204093933105","3.5217204093933105","2.564361810684204","2.564361810684204","2.564361810684204"
"4829","7.249368667602539","7.249368667602539","7.249368667602539","3.142817258834839","3.142817258834839","3.142817258834839","2.493403434753418","2.493403434753418","2.493403434753418"
"4859","2.787388324737549","2.787388324737549","2.787388324737549","2.613896131515503","2.613896131515503","2.613896131515503","2.3957555294036865","2.3957555294036865","2.3957555294036865"
"4889","2.9945805072784424","2.9945805072784424","2.9945805072784424","2.76168155670166","2.76168155670166","2.76168155670166","2.4546496868133545","2.4546496868133545","2.4546496868133545"
"4919","14.869119644165039","14.869119644165039","14.869119644165039","23.13535499572754","23.13535499572754","23.13535499572754","2.5123519897460938","2.5123519897460938","2.5123519897460938"
"4949","2.8522579669952393","2.8522579669952393","2.8522579669952393","2.745849847793579","2.745849847793579","2.745849847793579","2.413569688796997","2.413569688796997","2.413569688796997"
"4979","2.848095655441284","2.848095655441284","2.848095655441284","2.818276882171631","2.818276882171631","2.818276882171631","2.5839617252349854","2.5839617252349854","2.5839617252349854"
"5009","2.9103221893310547","2.9103221893310547","2.9103221893310547","2.6464684009552","2.6464684009552","2.6464684009552","2.347790241241455","2.347790241241455","2.347790241241455"
"5039","2.7315011024475098","2.7315011024475098","2.7315011024475098","2.612192392349243","2.612192392349243","2.612192392349243","2.321509599685669","2.321509599685669","2.321509599685669"
"5069","2.8702709674835205","2.8702709674835205","2.8702709674835205","2.7696361541748047","2.7696361541748047","2.7696361541748047","2.430476427078247","2.430476427078247","2.430476427078247"
"5099","2.682081937789917","2.682081937789917","2.682081937789917","2.6304385662078857","2.6304385662078857","2.6304385662078857","2.440539836883545","2.440539836883545","2.440539836883545"
"5129","2.7510552406311035","2.7510552406311035","2.7510552406311035","2.5649778842926025","2.5649778842926025","2.5649778842926025","2.421715259552002","2.421715259552002","2.421715259552002"
"5159","10.242612838745117","10.242612838745117","10.242612838745117","4.652702331542969","4.652702331542969","4.652702331542969","2.53658127784729","2.53658127784729","2.53658127784729"
"5189","2.6743762493133545","2.6743762493133545","2.6743762493133545","2.6456639766693115","2.6456639766693115","2.6456639766693115","2.4480061531066895","2.4480061531066895","2.4480061531066895"
"5219","8.160273551940918","8.160273551940918","8.160273551940918","21.825191497802734","21.825191497802734","21.825191497802734","2.2987709045410156","2.2987709045410156","2.2987709045410156"
"5249","2.799757719039917","2.799757719039917","2.799757719039917","2.8278777599334717","2.8278777599334717","2.8278777599334717","2.5751705169677734","2.5751705169677734","2.5751705169677734"
"5279","7.813691139221191","7.813691139221191","7.813691139221191","21.58565330505371","21.58565330505371","21.58565330505371","2.3038763999938965","2.3038763999938965","2.3038763999938965"
"5309","8.264589309692383","8.264589309692383","8.264589309692383","22.033945083618164","22.033945083618164","22.033945083618164","2.6772496700286865","2.6772496700286865","2.6772496700286865"
"5339","7.630824565887451","7.630824565887451","7.630824565887451","21.200944900512695","21.200944900512695","21.200944900512695","2.19618821144104","2.19618821144104","2.19618821144104"
"5369","10.229940414428711","10.229940414428711","10.229940414428711","4.416226863861084","4.416226863861084","4.416226863861084","2.2651572227478027","2.2651572227478027","2.2651572227478027"
"5399","2.6593823432922363","2.6593823432922363","2.6593823432922363","2.5145785808563232","2.5145785808563232","2.5145785808563232","2.261869430541992","2.261869430541992","2.261869430541992"
"5429","2.772815465927124","2.772815465927124","2.772815465927124","2.824791193008423","2.824791193008423","2.824791193008423","2.5968682765960693","2.5968682765960693","2.5968682765960693"
"5459","7.313615322113037","7.313615322113037","7.313615322113037","20.85098648071289","20.85098648071289","20.85098648071289","2.237302780151367","2.237302780151367","2.237302780151367"
"5489","2.7415544986724854","2.7415544986724854","2.7415544986724854","2.671826124191284","2.671826124191284","2.671826124191284","2.425025224685669","2.425025224685669","2.425025224685669"
"5519","2.5899312496185303","2.5899312496185303","2.5899312496185303","2.5185368061065674","2.5185368061065674","2.5185368061065674","2.2068490982055664","2.2068490982055664","2.2068490982055664"
"5549","2.6991045475006104","2.6991045475006104","2.6991045475006104","2.670363187789917","2.670363187789917","2.670363187789917","2.3207364082336426","2.3207364082336426","2.3207364082336426"
"5579","13.786142349243164","13.786142349243164","13.786142349243164","3.990936517715454","3.990936517715454","3.990936517715454","2.527458667755127","2.527458667755127","2.527458667755127"
"5609","7.237936973571777","7.237936973571777","7.237936973571777","20.669170379638672","20.669170379638672","20.669170379638672","2.467336416244507","2.467336416244507","2.467336416244507"
"5639","2.4767565727233887","2.4767565727233887","2.4767565727233887","2.4882521629333496","2.4882521629333496","2.4882521629333496","2.29160475730896","2.29160475730896","2.29160475730896"
"5669","2.530552387237549","2.530552387237549","2.530552387237549","2.555964946746826","2.555964946746826","2.555964946746826","2.336414098739624","2.336414098739624","2.336414098739624"
"5699","10.553559303283691","10.553559303283691","10.553559303283691","3.550435781478882","3.550435781478882","3.550435781478882","2.2838757038116455","2.2838757038116455","2.2838757038116455"
"5729","2.592850685119629","2.592850685119629","2.592850685119629","2.602292060852051","2.602292060852051","2.602292060852051","2.3550026416778564","2.3550026416778564","2.3550026416778564"
"5759","2.596601724624634","2.596601724624634","2.596601724624634","2.710413694381714","2.710413694381714","2.710413694381714","2.4827914237976074","2.4827914237976074","2.4827914237976074"
"5789","2.660268545150757","2.660268545150757","2.660268545150757","2.7244133949279785","2.7244133949279785","2.7244133949279785","2.4151289463043213","2.4151289463043213","2.4151289463043213"
"5819","2.4259817600250244","2.4259817600250244","2.4259817600250244","2.4346063137054443","2.4346063137054443","2.4346063137054443","2.213672637939453","2.213672637939453","2.213672637939453"
"5849","2.3778581619262695","2.3778581619262695","2.3778581619262695","2.5116500854492188","2.5116500854492188","2.5116500854492188","2.198058843612671","2.198058843612671","2.198058843612671"
"5879","2.5085220336914062","2.5085220336914062","2.5085220336914062","2.5547337532043457","2.5547337532043457","2.5547337532043457","2.2560667991638184","2.2560667991638184","2.2560667991638184"
"5909","2.4061484336853027","2.4061484336853027","2.4061484336853027","2.482954978942871","2.482954978942871","2.482954978942871","2.257172107696533","2.257172107696533","2.257172107696533"
"5939","12.810514450073242","12.810514450073242","12.810514450073242","4.988498687744141","4.988498687744141","4.988498687744141","2.173846483230591","2.173846483230591","2.173846483230591"
"5969","2.45167875289917","2.45167875289917","2.45167875289917","2.47379207611084","2.47379207611084","2.47379207611084","2.1822893619537354","2.1822893619537354","2.1822893619537354"
"5999","2.4401073455810547","2.4401073455810547","2.4401073455810547","2.5465452671051025","2.5465452671051025","2.5465452671051025","2.3485090732574463","2.3485090732574463","2.3485090732574463"
"6029","2.57572603225708","2.57572603225708","2.57572603225708","2.6130712032318115","2.6130712032318115","2.6130712032318115","2.2575323581695557","2.2575323581695557","2.2575323581695557"
"6059","6.257876873016357","6.257876873016357","6.257876873016357","3.2173399925231934","3.2173399925231934","3.2173399925231934","2.3168087005615234","2.3168087005615234","2.3168087005615234"
"6089","2.4252912998199463","2.4252912998199463","2.4252912998199463","2.5519673824310303","2.5519673824310303","2.5519673824310303","2.2302069664001465","2.2302069664001465","2.2302069664001465"
"6119","6.4060869216918945","6.4060869216918945","6.4060869216918945","19.208463668823242","19.208463668823242","19.208463668823242","2.2387607097625732","2.2387607097625732","2.2387607097625732"
"6149","2.3848328590393066","2.3848328590393066","2.3848328590393066","2.5957701206207275","2.5957701206207275","2.5957701206207275","2.3651888370513916","2.3651888370513916","2.3651888370513916"
"6179","2.2849278450012207","2.2849278450012207","2.2849278450012207","2.2791688442230225","2.2791688442230225","2.2791688442230225","1.9665664434432983","1.9665664434432983","1.9665664434432983"
"6209","8.496085166931152","8.496085166931152","8.496085166931152","3.0404303073883057","3.0404303073883057","3.0404303073883057","2.1044936180114746","2.1044936180114746","2.1044936180114746"
"6239","2.29856014251709","2.29856014251709","2.29856014251709","2.3959386348724365","2.3959386348724365","2.3959386348724365","2.174527168273926","2.174527168273926","2.174527168273926"
"6269","2.267303466796875","2.267303466796875","2.267303466796875","2.3675365447998047","2.3675365447998047","2.3675365447998047","2.0645580291748047","2.0645580291748047","2.0645580291748047"
"6299","2.4627838134765625","2.4627838134765625","2.4627838134765625","2.56069016456604","2.56069016456604","2.56069016456604","2.240903377532959","2.240903377532959","2.240903377532959"
"6329","7.627194881439209","7.627194881439209","7.627194881439209","3.3052210807800293","3.3052210807800293","3.3052210807800293","2.0242373943328857","2.0242373943328857","2.0242373943328857"
"6359","5.936561107635498","5.936561107635498","5.936561107635498","18.560916900634766","18.560916900634766","18.560916900634766","2.1098151206970215","2.1098151206970215","2.1098151206970215"
"6389","2.4558889865875244","2.4558889865875244","2.4558889865875244","2.6384363174438477","2.6384363174438477","2.6384363174438477","2.318446159362793","2.318446159362793","2.318446159362793"
"6419","2.2850515842437744","2.2850515842437744","2.2850515842437744","2.4619479179382324","2.4619479179382324","2.4619479179382324","2.075810432434082","2.075810432434082","2.075810432434082"
"6449","2.271282911300659","2.271282911300659","2.271282911300659","2.3136889934539795","2.3136889934539795","2.3136889934539795","1.987472653388977","1.987472653388977","1.987472653388977"
"6479","2.3624472618103027","2.3624472618103027","2.3624472618103027","2.4646496772766113","2.4646496772766113","2.4646496772766113","2.0571770668029785","2.0571770668029785","2.0571770668029785"
"6509","14.37912368774414","14.37912368774414","14.37912368774414","3.121366500854492","3.121366500854492","3.121366500854492","2.0549302101135254","2.0549302101135254","2.0549302101135254"
"6539","2.379319190979004","2.379319190979004","2.379319190979004","2.436908721923828","2.436908721923828","2.436908721923828","2.079523801803589","2.079523801803589","2.079523801803589"
"6569","2.2813265323638916","2.2813265323638916","2.2813265323638916","2.362140655517578","2.362140655517578","2.362140655517578","1.9823718070983887","1.9823718070983887","1.9823718070983887"
"6599","2.407493829727173","2.407493829727173","2.407493829727173","2.4696614742279053","2.4696614742279053","2.4696614742279053","2.1695492267608643","2.1695492267608643","2.1695492267608643"
"6629","2.4961085319519043","2.4961085319519043","2.4961085319519043","2.6516332626342773","2.6516332626342773","2.6516332626342773","2.26282000541687","2.26282000541687","2.26282000541687"
"6659","9.814350128173828","9.814350128173828","9.814350128173828","4.383989334106445","4.383989334106445","4.383989334106445","2.260118007659912","2.260118007659912","2.260118007659912"
"6689","2.268113136291504","2.268113136291504","2.268113136291504","2.3538620471954346","2.3538620471954346","2.3538620471954346","2.0102932453155518","2.0102932453155518","2.0102932453155518"
"6719","2.3075499534606934","2.3075499534606934","2.3075499534606934","2.474886417388916","2.474886417388916","2.474886417388916","2.1195790767669678","2.1195790767669678","2.1195790767669678"
"6749","14.562366485595703","14.562366485595703","14.562366485595703","4.6503520011901855","4.6503520011901855","4.6503520011901855","2.117486000061035","2.117486000061035","2.117486000061035"
"6779","12.14724063873291","12.14724063873291","12.14724063873291","6.10142707824707","6.10142707824707","6.10142707824707","2.141185760498047","2.141185760498047","2.141185760498047"
"6809","2.3584492206573486","2.3584492206573486","2.3584492206573486","2.481903314590454","2.481903314590454","2.481903314590454","2.1696245670318604","2.1696245670318604","2.1696245670318604"
"6839","17.41995620727539","17.41995620727539","17.41995620727539","3.7134597301483154","3.7134597301483154","3.7134597301483154","2.0359249114990234","2.0359249114990234","2.0359249114990234"
"6869","2.3787248134613037","2.3787248134613037","2.3787248134613037","2.679619073867798","2.679619073867798","2.679619073867798","2.2244763374328613","2.2244763374328613","2.2244763374328613"
"6899","6.071249961853027","6.071249961853027","6.071249961853027","19.05859375","19.05859375","19.05859375","2.1052565574645996","2.1052565574645996","2.1052565574645996"
"6929","2.441941738128662","2.441941738128662","2.441941738128662","2.5866496562957764","2.5866496562957764","2.5866496562957764","2.101656436920166","2.101656436920166","2.101656436920166"
"6959","2.2766623497009277","2.2766623497009277","2.2766623497009277","2.439190626144409","2.439190626144409","2.439190626144409","2.0607521533966064","2.0607521533966064","2.0607521533966064"
"6989","2.263963460922241","2.263963460922241","2.263963460922241","2.478976011276245","2.478976011276245","2.478976011276245","2.139237403869629","2.139237403869629","2.139237403869629"
"7019","2.2746810913085938","2.2746810913085938","2.2746810913085938","2.422518491744995","2.422518491744995","2.422518491744995","2.0321176052093506","2.0321176052093506","2.0321176052093506"
"7049","12.577259063720703","12.577259063720703","12.577259063720703","3.209686756134033","3.209686756134033","3.209686756134033","1.936097264289856","1.936097264289856","1.936097264289856"
"7079","2.1454830169677734","2.1454830169677734","2.1454830169677734","2.328617572784424","2.328617572784424","2.328617572784424","1.9720323085784912","1.9720323085784912","1.9720323085784912"
"7109","2.25350284576416","2.25350284576416","2.25350284576416","2.3684465885162354","2.3684465885162354","2.3684465885162354","1.9794625043869019","1.9794625043869019","1.9794625043869019"
"7139","2.1846511363983154","2.1846511363983154","2.1846511363983154","2.3969626426696777","2.3969626426696777","2.3969626426696777","2.0244383811950684","2.0244383811950684","2.0244383811950684"
"7169","2.156567335128784","2.156567335128784","2.156567335128784","2.4085326194763184","2.4085326194763184","2.4085326194763184","2.0305299758911133","2.0305299758911133","2.0305299758911133"
"7199","2.166198968887329","2.166198968887329","2.166198968887329","2.329993724822998","2.329993724822998","2.329993724822998","1.934768795967102","1.934768795967102","1.934768795967102"
"7229","2.2675554752349854","2.2675554752349854","2.2675554752349854","2.4778807163238525","2.4778807163238525","2.4778807163238525","2.104218006134033","2.104218006134033","2.104218006134033"
"7259","11.916913986206055","11.916913986206055","11.916913986206055","17.188505172729492","17.188505172729492","17.188505172729492","1.973650574684143","1.973650574684143","1.973650574684143"
"7289","2.297342300415039","2.297342300415039","2.297342300415039","2.4542009830474854","2.4542009830474854","2.4542009830474854","2.017507314682007","2.017507314682007","2.017507314682007"
"7319","2.245375871658325","2.245375871658325","2.245375871658325","2.4899990558624268","2.4899990558624268","2.4899990558624268","2.1172778606414795","2.1172778606414795","2.1172778606414795"
"7349","2.2803268432617188","2.2803268432617188","2.2803268432617188","2.509648323059082","2.509648323059082","2.509648323059082","2.120046377182007","2.120046377182007","2.120046377182007"
"7379","2.1139888763427734","2.1139888763427734","2.1139888763427734","2.370021343231201","2.370021343231201","2.370021343231201","1.9835244417190552","1.9835244417190552","1.9835244417190552"
"7409","2.1405296325683594","2.1405296325683594","2.1405296325683594","2.487881660461426","2.487881660461426","2.487881660461426","2.0637528896331787","2.0637528896331787","2.0637528896331787"
"7439","2.163756847381592","2.163756847381592","2.163756847381592","2.3929224014282227","2.3929224014282227","2.3929224014282227","1.972486972808838","1.972486972808838","1.972486972808838"
"7469","4.980462551116943","4.980462551116943","4.980462551116943","16.181325912475586","16.181325912475586","16.181325912475586","2.027904987335205","2.027904987335205","2.027904987335205"
"7499","2.099839448928833","2.099839448928833","2.099839448928833","2.371499538421631","2.371499538421631","2.371499538421631","1.8888044357299805","1.8888044357299805","1.8888044357299805"
"7529","2.4132080078125","2.4132080078125","2.4132080078125","2.6246087551116943","2.6246087551116943","2.6246087551116943","2.2215237617492676","2.2215237617492676","2.2215237617492676"
"7559","2.119046688079834","2.119046688079834","2.119046688079834","2.3105275630950928","2.3105275630950928","2.3105275630950928","1.8550673723220825","1.8550673723220825","1.8550673723220825"
"7589","2.278337001800537","2.278337001800537","2.278337001800537","2.3861966133117676","2.3861966133117676","2.3861966133117676","1.9517786502838135","1.9517786502838135","1.9517786502838135"
"7619","11.460785865783691","11.460785865783691","11.460785865783691","3.7875001430511475","3.7875001430511475","3.7875001430511475","2.0700178146362305","2.0700178146362305","2.0700178146362305"
"7649","2.179487466812134","2.179487466812134","2.179487466812134","2.528151273727417","2.528151273727417","2.528151273727417","2.0587079524993896","2.0587079524993896","2.0587079524993896"
"7679","2.3528075218200684","2.3528075218200684","2.3528075218200684","2.742297887802124","2.742297887802124","2.742297887802124","2.0947563648223877","2.0947563648223877","2.0947563648223877"
"7709","2.143455743789673","2.143455743789673","2.143455743789673","2.4263417720794678","2.4263417720794678","2.4263417720794678","1.933244228363037","1.933244228363037","1.933244228363037"
"7739","2.091238498687744","2.091238498687744","2.091238498687744","2.374354124069214","2.374354124069214","2.374354124069214","1.97456955909729","1.97456955909729","1.97456955909729"
"7769","2.181382894515991","2.181382894515991","2.181382894515991","2.3649179935455322","2.3649179935455322","2.3649179935455322","1.9418914318084717","1.9418914318084717","1.9418914318084717"
"7799","2.07242751121521","2.07242751121521","2.07242751121521","2.3523716926574707","2.3523716926574707","2.3523716926574707","1.9050716161727905","1.9050716161727905","1.9050716161727905"
"7829","4.6328887939453125","4.6328887939453125","4.6328887939453125","15.489229202270508","15.489229202270508","15.489229202270508","1.9458849430084229","1.9458849430084229","1.9458849430084229"
"7859","2.157515525817871","2.157515525817871","2.157515525817871","2.431810140609741","2.431810140609741","2.431810140609741","1.9771867990493774","1.9771867990493774","1.9771867990493774"
"7889","2.1769914627075195","2.1769914627075195","2.1769914627075195","2.571791887283325","2.571791887283325","2.571791887283325","2.004075050354004","2.004075050354004","2.004075050354004"
"7919","2.029953718185425","2.029953718185425","2.029953718185425","2.279278039932251","2.279278039932251","2.279278039932251","1.879523754119873","1.879523754119873","1.879523754119873"
"7949","2.157371997833252","2.157371997833252","2.157371997833252","2.459681987762451","2.459681987762451","2.459681987762451","1.999391794204712","1.999391794204712","1.999391794204712"
"7979","2.0396597385406494","2.0396597385406494","2.0396597385406494","2.3787577152252197","2.3787577152252197","2.3787577152252197","1.9304476976394653","1.9304476976394653","1.9304476976394653"
"8009","4.508479118347168","4.508479118347168","4.508479118347168","15.083234786987305","15.083234786987305","15.083234786987305","1.8944789171218872","1.8944789171218872","1.8944789171218872"
"8039","2.150968313217163","2.150968313217163","2.150968313217163","2.424665927886963","2.424665927886963","2.424665927886963","1.8958532810211182","1.8958532810211182","1.8958532810211182"
"8069","2.0127339363098145","2.0127339363098145","2.0127339363098145","2.343136787414551","2.343136787414551","2.343136787414551","1.8887923955917358","1.8887923955917358","1.8887923955917358"
"8099","2.086888313293457","2.086888313293457","2.086888313293457","2.379883289337158","2.379883289337158","2.379883289337158","1.9256716966629028","1.9256716966629028","1.9256716966629028"
"8129","2.0668060779571533","2.0668060779571533","2.0668060779571533","2.37483811378479","2.37483811378479","2.37483811378479","1.8699390888214111","1.8699390888214111","1.8699390888214111"
"8159","2.320195198059082","2.320195198059082","2.320195198059082","2.7724971771240234","2.7724971771240234","2.7724971771240234","2.2508561611175537","2.2508561611175537","2.2508561611175537"
"8189","4.426656723022461","4.426656723022461","4.426656723022461","14.73538875579834","14.73538875579834","14.73538875579834","1.9037928581237793","1.9037928581237793","1.9037928581237793"
"8219","4.300965309143066","4.300965309143066","4.300965309143066","14.524422645568848","14.524422645568848","14.524422645568848","1.811360478401184","1.811360478401184","1.811360478401184"
"8249","2.234673500061035","2.234673500061035","2.234673500061035","2.6846139430999756","2.6846139430999756","2.6846139430999756","2.000720500946045","2.000720500946045","2.000720500946045"
"8279","2.053640365600586","2.053640365600586","2.053640365600586","2.3894317150115967","2.3894317150115967","2.3894317150115967","1.8946502208709717","1.8946502208709717","1.8946502208709717"
"8309","2.0328917503356934","2.0328917503356934","2.0328917503356934","2.2475016117095947","2.2475016117095947","2.2475016117095947","1.7699700593948364","1.7699700593948364","1.7699700593948364"
"8339","2.154696226119995","2.154696226119995","2.154696226119995","2.394904375076294","2.394904375076294","2.394904375076294","1.9173667430877686","1.9173667430877686","1.9173667430877686"
"8369","4.328647136688232","4.328647136688232","4.328647136688232","14.448421478271484","14.448421478271484","14.448421478271484","1.9040988683700562","1.9040988683700562","1.9040988683700562"
"8399","2.0638227462768555","2.0638227462768555","2.0638227462768555","2.390641212463379","2.390641212463379","2.390641212463379","1.8877604007720947","1.8877604007720947","1.8877604007720947"
"8429","4.465167045593262","4.465167045593262","4.465167045593262","14.631569862365723","14.631569862365723","14.631569862365723","2.0413637161254883","2.0413637161254883","2.0413637161254883"
"8459","1.9934296607971191","1.9934296607971191","1.9934296607971191","2.2874202728271484","2.2874202728271484","2.2874202728271484","1.7765920162200928","1.7765920162200928","1.7765920162200928"
"8489","2.068655252456665","2.068655252456665","2.068655252456665","2.340184211730957","2.340184211730957","2.340184211730957","1.8582454919815063","1.8582454919815063","1.8582454919815063"
"8519","4.174743175506592","4.174743175506592","4.174743175506592","14.068187713623047","14.068187713623047","14.068187713623047","1.791898488998413","1.791898488998413","1.791898488998413"
"8549","2.086940050125122","2.086940050125122","2.086940050125122","2.500638723373413","2.500638723373413","2.500638723373413","2.0069611072540283","2.0069611072540283","2.0069611072540283"
"8579","4.12025785446167","4.12025785446167","4.12025785446167","13.872454643249512","13.872454643249512","13.872454643249512","1.7642302513122559","1.7642302513122559","1.7642302513122559"
"8609","2.0453040599823","2.0453040599823","2.0453040599823","2.364553213119507","2.364553213119507","2.364553213119507","1.8925988674163818","1.8925988674163818","1.8925988674163818"
"8639","2.057293176651001","2.057293176651001","2.057293176651001","2.326718330383301","2.326718330383301","2.326718330383301","1.8080942630767822","1.8080942630767822","1.8080942630767822"
"8669","2.051043748855591","2.051043748855591","2.051043748855591","2.4329833984375","2.4329833984375","2.4329833984375","1.9303765296936035","1.9303765296936035","1.9303765296936035"
"8699","2.067281723022461","2.067281723022461","2.067281723022461","2.3724279403686523","2.3724279403686523","2.3724279403686523","1.802193284034729","1.802193284034729","1.802193284034729"
"8729","1.990494966506958","1.990494966506958","1.990494966506958","2.3025569915771484","2.3025569915771484","2.3025569915771484","1.8443599939346313","1.8443599939346313","1.8443599939346313"
"8759","2.027294158935547","2.027294158935547","2.027294158935547","2.354485273361206","2.354485273361206","2.354485273361206","1.8459972143173218","1.8459972143173218","1.8459972143173218"
"8789","4.520654678344727","4.520654678344727","4.520654678344727","15.076120376586914","15.076120376586914","15.076120376586914","1.7931069135665894","1.7931069135665894","1.7931069135665894"
"8819","1.9537497758865356","1.9537497758865356","1.9537497758865356","2.3501648902893066","2.3501648902893066","2.3501648902893066","1.8543944358825684","1.8543944358825684","1.8543944358825684"
"8849","1.9533627033233643","1.9533627033233643","1.9533627033233643","2.416696548461914","2.416696548461914","2.416696548461914","1.8954405784606934","1.8954405784606934","1.8954405784606934"
"8879","1.9432425498962402","1.9432425498962402","1.9432425498962402","2.2067229747772217","2.2067229747772217","2.2067229747772217","1.7411937713623047","1.7411937713623047","1.7411937713623047"
"8909","1.9951343536376953","1.9951343536376953","1.9951343536376953","2.4272284507751465","2.4272284507751465","2.4272284507751465","1.8696398735046387","1.8696398735046387","1.8696398735046387"
"8939","2.0120110511779785","2.0120110511779785","2.0120110511779785","2.286677122116089","2.286677122116089","2.286677122116089","1.7396514415740967","1.7396514415740967","1.7396514415740967"
"8969","2.067974328994751","2.067974328994751","2.067974328994751","2.3753039836883545","2.3753039836883545","2.3753039836883545","1.8258661031723022","1.8258661031723022","1.8258661031723022"
"8999","4.055688381195068","4.055688381195068","4.055688381195068","13.318058967590332","13.318058967590332","13.318058967590332","1.832776427268982","1.832776427268982","1.832776427268982"
"9029","1.8969241380691528","1.8969241380691528","1.8969241380691528","2.302584409713745","2.302584409713745","2.302584409713745","1.7959150075912476","1.7959150075912476","1.7959150075912476"
"9059","1.9421191215515137","1.9421191215515137","1.9421191215515137","2.4232285022735596","2.4232285022735596","2.4232285022735596","1.8133125305175781","1.8133125305175781","1.8133125305175781"
"9089","1.9244784116744995","1.9244784116744995","1.9244784116744995","2.2159950733184814","2.2159950733184814","2.2159950733184814","1.657822847366333","1.657822847366333","1.657822847366333"
"9119","1.8786988258361816","1.8786988258361816","1.8786988258361816","2.366269111633301","2.366269111633301","2.366269111633301","1.880603551864624","1.880603551864624","1.880603551864624"
"9149","1.952106237411499","1.952106237411499","1.952106237411499","2.305704355239868","2.305704355239868","2.305704355239868","1.745086669921875","1.745086669921875","1.745086669921875"
"9179","1.8762789964675903","1.8762789964675903","1.8762789964675903","2.2977283000946045","2.2977283000946045","2.2977283000946045","1.804586410522461","1.804586410522461","1.804586410522461"
"9209","3.862635374069214","3.862635374069214","3.862635374069214","13.14482593536377","13.14482593536377","13.14482593536377","1.850428581237793","1.850428581237793","1.850428581237793"
"9239","1.9572319984436035","1.9572319984436035","1.9572319984436035","2.334352493286133","2.334352493286133","2.334352493286133","1.848859190940857","1.848859190940857","1.848859190940857"
"9269","1.9672300815582275","1.9672300815582275","1.9672300815582275","2.345707416534424","2.345707416534424","2.345707416534424","1.7668160200119019","1.7668160200119019","1.7668160200119019"
"9299","1.89368736743927","1.89368736743927","1.89368736743927","2.255284070968628","2.255284070968628","2.255284070968628","1.7130025625228882","1.7130025625228882","1.7130025625228882"
"9329","1.838661789894104","1.838661789894104","1.838661789894104","2.2259159088134766","2.2259159088134766","2.2259159088134766","1.670910358428955","1.670910358428955","1.670910358428955"
"9359","1.940529704093933","1.940529704093933","1.940529704093933","2.3206048011779785","2.3206048011779785","2.3206048011779785","1.7364989519119263","1.7364989519119263","1.7364989519119263"
"9389","1.864590048789978","1.864590048789978","1.864590048789978","2.335545539855957","2.335545539855957","2.335545539855957","1.7625808715820312","1.7625808715820312","1.7625808715820312"
"9419","1.9361666440963745","1.9361666440963745","1.9361666440963745","2.314828395843506","2.314828395843506","2.314828395843506","1.7511245012283325","1.7511245012283325","1.7511245012283325"
"9449","1.9470373392105103","1.9470373392105103","1.9470373392105103","2.421107769012451","2.421107769012451","2.421107769012451","1.8418478965759277","1.8418478965759277","1.8418478965759277"
"9479","1.9552758932113647","1.9552758932113647","1.9552758932113647","2.421067714691162","2.421067714691162","2.421067714691162","1.8723363876342773","1.8723363876342773","1.8723363876342773"
"9509","1.8919576406478882","1.8919576406478882","1.8919576406478882","2.265903949737549","2.265903949737549","2.265903949737549","1.7191909551620483","1.7191909551620483","1.7191909551620483"
"9539","1.8609118461608887","1.8609118461608887","1.8609118461608887","2.3221123218536377","2.3221123218536377","2.3221123218536377","1.8043558597564697","1.8043558597564697","1.8043558597564697"
"9569","1.9295873641967773","1.9295873641967773","1.9295873641967773","2.3380286693573","2.3380286693573","2.3380286693573","1.7952417135238647","1.7952417135238647","1.7952417135238647"
"9599","1.8584200143814087","1.8584200143814087","1.8584200143814087","2.2883198261260986","2.2883198261260986","2.2883198261260986","1.7546437978744507","1.7546437978744507","1.7546437978744507"
"9629","1.9780197143554688","1.9780197143554688","1.9780197143554688","2.310572385787964","2.310572385787964","2.310572385787964","1.7265757322311401","1.7265757322311401","1.7265757322311401"
"9659","22.151466369628906","22.151466369628906","22.151466369628906","3.9970104694366455","3.9970104694366455","3.9970104694366455","1.7059212923049927","1.7059212923049927","1.7059212923049927"
"9689","1.7870440483093262","1.7870440483093262","1.7870440483093262","2.1513209342956543","2.1513209342956543","2.1513209342956543","1.636438250541687","1.636438250541687","1.636438250541687"
"9719","1.842271089553833","1.842271089553833","1.842271089553833","2.2959060668945312","2.2959060668945312","2.2959060668945312","1.7837579250335693","1.7837579250335693","1.7837579250335693"
"9749","1.8243050575256348","1.8243050575256348","1.8243050575256348","2.193382501602173","2.193382501602173","2.193382501602173","1.662170648574829","1.662170648574829","1.662170648574829"
"9779","1.8564553260803223","1.8564553260803223","1.8564553260803223","2.2244808673858643","2.2244808673858643","2.2244808673858643","1.6345305442810059","1.6345305442810059","1.6345305442810059"
"9809","1.8170583248138428","1.8170583248138428","1.8170583248138428","2.25297474861145","2.25297474861145","2.25297474861145","1.7496459484100342","1.7496459484100342","1.7496459484100342"
"9839","1.8288674354553223","1.8288674354553223","1.8288674354553223","2.226898193359375","2.226898193359375","2.226898193359375","1.663293719291687","1.663293719291687","1.663293719291687"
"9869","3.553439140319824","3.553439140319824","3.553439140319824","12.188944816589355","12.188944816589355","12.188944816589355","1.6887768507003784","1.6887768507003784","1.6887768507003784"
"9899","1.843069076538086","1.843069076538086","1.843069076538086","2.1835811138153076","2.1835811138153076","2.1835811138153076","1.6374468803405762","1.6374468803405762","1.6374468803405762"
"9929","1.8157154321670532","1.8157154321670532","1.8157154321670532","2.238581418991089","2.238581418991089","2.238581418991089","1.6854866743087769","1.6854866743087769","1.6854866743087769"
"9959","1.7957552671432495","1.7957552671432495","1.7957552671432495","2.2148873805999756","2.2148873805999756","2.2148873805999756","1.6568468809127808","1.6568468809127808","1.6568468809127808"
"9989","1.8315969705581665","1.8315969705581665","1.8315969705581665","2.3103599548339844","2.3103599548339844","2.3103599548339844","1.7116020917892456","1.7116020917892456","1.7116020917892456"
"10019","1.9163085222244263","1.9163085222244263","1.9163085222244263","2.403306484222412","2.403306484222412","2.403306484222412","1.7227107286453247","1.7227107286453247","1.7227107286453247"
"10049","1.813009262084961","1.813009262084961","1.813009262084961","2.2867867946624756","2.2867867946624756","2.2867867946624756","1.721995234489441","1.721995234489441","1.721995234489441"
"10079","1.9301073551177979","1.9301073551177979","1.9301073551177979","2.4053828716278076","2.4053828716278076","2.4053828716278076","1.787011981010437","1.787011981010437","1.787011981010437"
"10109","1.7848490476608276","1.7848490476608276","1.7848490476608276","2.256777286529541","2.256777286529541","2.256777286529541","1.6860160827636719","1.6860160827636719","1.6860160827636719"
"10139","1.8243048191070557","1.8243048191070557","1.8243048191070557","2.3146321773529053","2.3146321773529053","2.3146321773529053","1.7597593069076538","1.7597593069076538","1.7597593069076538"
"10169","1.940635323524475","1.940635323524475","1.940635323524475","2.416705369949341","2.416705369949341","2.416705369949341","1.7567493915557861","1.7567493915557861","1.7567493915557861"
"10199","1.7811497449874878","1.7811497449874878","1.7811497449874878","2.158351182937622","2.158351182937622","2.158351182937622","1.5745718479156494","1.5745718479156494","1.5745718479156494"
"10229","1.7455906867980957","1.7455906867980957","1.7455906867980957","2.1593663692474365","2.1593663692474365","2.1593663692474365","1.6265621185302734","1.6265621185302734","1.6265621185302734"
"10259","1.8268013000488281","1.8268013000488281","1.8268013000488281","2.300157070159912","2.300157070159912","2.300157070159912","1.713157296180725","1.713157296180725","1.713157296180725"
"10289","1.9229650497436523","1.9229650497436523","1.9229650497436523","2.3643133640289307","2.3643133640289307","2.3643133640289307","1.7148265838623047","1.7148265838623047","1.7148265838623047"
"10319","1.9249300956726074","1.9249300956726074","1.9249300956726074","2.3924081325531006","2.3924081325531006","2.3924081325531006","1.7193737030029297","1.7193737030029297","1.7193737030029297"
"10349","1.7225539684295654","1.7225539684295654","1.7225539684295654","2.194199562072754","2.194199562072754","2.194199562072754","1.5685087442398071","1.5685087442398071","1.5685087442398071"
"10379","3.435281991958618","3.435281991958618","3.435281991958618","11.659807205200195","11.659807205200195","11.659807205200195","1.6711513996124268","1.6711513996124268","1.6711513996124268"
"10409","1.8500627279281616","1.8500627279281616","1.8500627279281616","2.287590980529785","2.287590980529785","2.287590980529785","1.6740765571594238","1.6740765571594238","1.6740765571594238"
"10439","1.885170817375183","1.885170817375183","1.885170817375183","2.343400001525879","2.343400001525879","2.343400001525879","1.7298948764801025","1.7298948764801025","1.7298948764801025"
"10469","3.740048408508301","3.740048408508301","3.740048408508301","12.898394584655762","12.898394584655762","12.898394584655762","1.6471282243728638","1.6471282243728638","1.6471282243728638"
"10499","2.037921905517578","2.037921905517578","2.037921905517578","2.131803035736084","2.131803035736084","2.131803035736084","1.572448968887329","1.572448968887329","1.572448968887329"
"10529","19.992218017578125","19.992218017578125","19.992218017578125","4.424948215484619","4.424948215484619","4.424948215484619","1.605522632598877","1.605522632598877","1.605522632598877"
"10559","1.988932490348816","1.988932490348816","1.988932490348816","2.3083715438842773","2.3083715438842773","2.3083715438842773","1.735750436782837","1.735750436782837","1.735750436782837"
"10589","1.8794291019439697","1.8794291019439697","1.8794291019439697","2.4556374549865723","2.4556374549865723","2.4556374549865723","1.7794398069381714","1.7794398069381714","1.7794398069381714"
"10619","1.7732512950897217","1.7732512950897217","1.7732512950897217","2.2969613075256348","2.2969613075256348","2.2969613075256348","1.648379921913147","1.648379921913147","1.648379921913147"
"10649","1.8775620460510254","1.8775620460510254","1.8775620460510254","2.456307888031006","2.456307888031006","2.456307888031006","1.7998147010803223","1.7998147010803223","1.7998147010803223"
"10679","1.957507610321045","1.957507610321045","1.957507610321045","2.471247434616089","2.471247434616089","2.471247434616089","1.7973637580871582","1.7973637580871582","1.7973637580871582"
"10709","3.3820390701293945","3.3820390701293945","3.3820390701293945","11.336647987365723","11.336647987365723","11.336647987365723","1.6791120767593384","1.6791120767593384","1.6791120767593384"
"10739","1.8410820960998535","1.8410820960998535","1.8410820960998535","2.3341195583343506","2.3341195583343506","2.3341195583343506","1.6677204370498657","1.6677204370498657","1.6677204370498657"
"10769","1.881940245628357","1.881940245628357","1.881940245628357","2.3327014446258545","2.3327014446258545","2.3327014446258545","1.7185003757476807","1.7185003757476807","1.7185003757476807"
"10799","1.820353627204895","1.820353627204895","1.820353627204895","2.2900185585021973","2.2900185585021973","2.2900185585021973","1.6516129970550537","1.6516129970550537","1.6516129970550537"
"10829","1.760862946510315","1.760862946510315","1.760862946510315","2.2138326168060303","2.2138326168060303","2.2138326168060303","1.6086820363998413","1.6086820363998413","1.6086820363998413"
"10859","1.7639505863189697","1.7639505863189697","1.7639505863189697","2.267951250076294","2.267951250076294","2.267951250076294","1.6717548370361328","1.6717548370361328","1.6717548370361328"
"10889","3.217801332473755","3.217801332473755","3.217801332473755","11.106318473815918","11.106318473815918","11.106318473815918","1.5325647592544556","1.5325647592544556","1.5325647592544556"
"10919","3.3597042560577393","3.3597042560577393","3.3597042560577393","11.225616455078125","11.225616455078125","11.225616455078125","1.6148247718811035","1.6148247718811035","1.6148247718811035"
"10949","1.9354585409164429","1.9354585409164429","1.9354585409164429","2.3532822132110596","2.3532822132110596","2.3532822132110596","1.706235647201538","1.706235647201538","1.706235647201538"
"10979","1.8375540971755981","1.8375540971755981","1.8375540971755981","2.191343069076538","2.191343069076538","2.191343069076538","1.5653045177459717","1.5653045177459717","1.5653045177459717"
"11009","1.757163643836975","1.757163643836975","1.757163643836975","2.213670492172241","2.213670492172241","2.213670492172241","1.5585808753967285","1.5585808753967285","1.5585808753967285"
"11039","1.7974313497543335","1.7974313497543335","1.7974313497543335","2.260859489440918","2.260859489440918","2.260859489440918","1.6500935554504395","1.6500935554504395","1.6500935554504395"
"11069","1.7368452548980713","1.7368452548980713","1.7368452548980713","2.248764753341675","2.248764753341675","2.248764753341675","1.636101245880127","1.636101245880127","1.636101245880127"
"11099","1.7340245246887207","1.7340245246887207","1.7340245246887207","2.1869330406188965","2.1869330406188965","2.1869330406188965","1.5736303329467773","1.5736303329467773","1.5736303329467773"
"11129","1.7485976219177246","1.7485976219177246","1.7485976219177246","2.15348744392395","2.15348744392395","2.15348744392395","1.4872912168502808","1.4872912168502808","1.4872912168502808"
"11159","1.7583141326904297","1.7583141326904297","1.7583141326904297","2.3085031509399414","2.3085031509399414","2.3085031509399414","1.6366677284240723","1.6366677284240723","1.6366677284240723"
"11189","3.6085023880004883","3.6085023880004883","3.6085023880004883","12.633903503417969","12.633903503417969","12.633903503417969","1.6591100692749023","1.6591100692749023","1.6591100692749023"
"11219","1.8722182512283325","1.8722182512283325","1.8722182512283325","2.2317824363708496","2.2317824363708496","2.2317824363708496","1.6534664630889893","1.6534664630889893","1.6534664630889893"
"11249","1.7925890684127808","1.7925890684127808","1.7925890684127808","2.2451443672180176","2.2451443672180176","2.2451443672180176","1.592815637588501","1.592815637588501","1.592815637588501"
"11279","1.8315054178237915","1.8315054178237915","1.8315054178237915","2.2427637577056885","2.2427637577056885","2.2427637577056885","1.60599946975708","1.60599946975708","1.60599946975708"
"11309","3.241136312484741","3.241136312484741","3.241136312484741","11.068076133728027","11.068076133728027","11.068076133728027","1.644089937210083","1.644089937210083","1.644089937210083"
"11339","1.7390987873077393","1.7390987873077393","1.7390987873077393","2.180234670639038","2.180234670639038","2.180234670639038","1.5433202981948853","1.5433202981948853","1.5433202981948853"
"11369","1.759645700454712","1.759645700454712","1.759645700454712","2.2376158237457275","2.2376158237457275","2.2376158237457275","1.5979572534561157","1.5979572534561157","1.5979572534561157"
"11399","1.8172361850738525","1.8172361850738525","1.8172361850738525","2.4117672443389893","2.4117672443389893","2.4117672443389893","1.7346240282058716","1.7346240282058716","1.7346240282058716"
"11429","3.2798235416412354","3.2798235416412354","3.2798235416412354","11.010427474975586","11.010427474975586","11.010427474975586","1.6199102401733398","1.6199102401733398","1.6199102401733398"
"11459","1.7193584442138672","1.7193584442138672","1.7193584442138672","2.217844247817993","2.217844247817993","2.217844247817993","1.5756795406341553","1.5756795406341553","1.5756795406341553"
"11489","1.905128836631775","1.905128836631775","1.905128836631775","2.3858132362365723","2.3858132362365723","2.3858132362365723","1.7290390729904175","1.7290390729904175","1.7290390729904175"
"11519","1.7993056774139404","1.7993056774139404","1.7993056774139404","2.2411694526672363","2.2411694526672363","2.2411694526672363","1.607825756072998","1.607825756072998","1.607825756072998"
"11549","1.7906548976898193","1.7906548976898193","1.7906548976898193","2.1804616451263428","2.1804616451263428","2.1804616451263428","1.4712470769882202","1.4712470769882202","1.4712470769882202"
"11579","3.164332866668701","3.164332866668701","3.164332866668701","10.804832458496094","10.804832458496094","10.804832458496094","1.6147253513336182","1.6147253513336182","1.6147253513336182"
"11609","1.7187451124191284","1.7187451124191284","1.7187451124191284","2.3015849590301514","2.3015849590301514","2.3015849590301514","1.636116862297058","1.636116862297058","1.636116862297058"
"11639","3.270435094833374","3.270435094833374","3.270435094833374","10.70480728149414","10.70480728149414","10.70480728149414","1.6160284280776978","1.6160284280776978","1.6160284280776978"
"11669","1.7961705923080444","1.7961705923080444","1.7961705923080444","2.1981565952301025","2.1981565952301025","2.1981565952301025","1.5414129495620728","1.5414129495620728","1.5414129495620728"
"11699","3.1849451065063477","3.1849451065063477","3.1849451065063477","10.7428560256958","10.7428560256958","10.7428560256958","1.5256006717681885","1.5256006717681885","1.5256006717681885"
"11729","1.7608144283294678","1.7608144283294678","1.7608144283294678","2.188070297241211","2.188070297241211","2.188070297241211","1.5244534015655518","1.5244534015655518","1.5244534015655518"
"11759","1.7575185298919678","1.7575185298919678","1.7575185298919678","2.2622289657592773","2.2622289657592773","2.2622289657592773","1.5368975400924683","1.5368975400924683","1.5368975400924683"
"11789","1.7551805973052979","1.7551805973052979","1.7551805973052979","2.227416515350342","2.227416515350342","2.227416515350342","1.544150471687317","1.544150471687317","1.544150471687317"
"11819","1.7207468748092651","1.7207468748092651","1.7207468748092651","2.215198278427124","2.215198278427124","2.215198278427124","1.5076394081115723","1.5076394081115723","1.5076394081115723"
"11849","1.9339537620544434","1.9339537620544434","1.9339537620544434","2.43206787109375","2.43206787109375","2.43206787109375","1.6734328269958496","1.6734328269958496","1.6734328269958496"
"11879","1.7564977407455444","1.7564977407455444","1.7564977407455444","2.228620767593384","2.228620767593384","2.228620767593384","1.5647155046463013","1.5647155046463013","1.5647155046463013"
"11909","3.163269281387329","3.163269281387329","3.163269281387329","10.447572708129883","10.447572708129883","10.447572708129883","1.5446134805679321","1.5446134805679321","1.5446134805679321"
"11939","1.746869444847107","1.746869444847107","1.746869444847107","2.183560371398926","2.183560371398926","2.183560371398926","1.4819878339767456","1.4819878339767456","1.4819878339767456"
"11969","1.74250328540802","1.74250328540802","1.74250328540802","2.2151811122894287","2.2151811122894287","2.2151811122894287","1.5392495393753052","1.5392495393753052","1.5392495393753052"
"11999","3.09871506690979","3.09871506690979","3.09871506690979","10.490988731384277","10.490988731384277","10.490988731384277","1.509183645248413","1.509183645248413","1.509183645248413"
"12029","3.112657308578491","3.112657308578491","3.112657308578491","10.390254020690918","10.390254020690918","10.390254020690918","1.4971593618392944","1.4971593618392944","1.4971593618392944"
"12059","1.7502633333206177","1.7502633333206177","1.7502633333206177","2.223362445831299","2.223362445831299","2.223362445831299","1.5369994640350342","1.5369994640350342","1.5369994640350342"
"12089","1.7956738471984863","1.7956738471984863","1.7956738471984863","2.3892266750335693","2.3892266750335693","2.3892266750335693","1.6372361183166504","1.6372361183166504","1.6372361183166504"
"12119","42.69728469848633","42.69728469848633","42.69728469848633","112.67452239990234","112.67452239990234","112.67452239990234","27.361042022705078","27.361042022705078","27.361042022705078"
"12149","1.841116189956665","1.841116189956665","1.841116189956665","2.2494919300079346","2.2494919300079346","2.2494919300079346","1.5317541360855103","1.5317541360855103","1.5317541360855103"
"12179","1.7720866203308105","1.7720866203308105","1.7720866203308105","2.2378931045532227","2.2378931045532227","2.2378931045532227","1.522900104522705","1.522900104522705","1.522900104522705"
"12209","1.815098524093628","1.815098524093628","1.815098524093628","2.315858840942383","2.315858840942383","2.315858840942383","1.6198668479919434","1.6198668479919434","1.6198668479919434"
"12239","1.7866320610046387","1.7866320610046387","1.7866320610046387","2.2218146324157715","2.2218146324157715","2.2218146324157715","1.542220115661621","1.542220115661621","1.542220115661621"
"12269","1.7862653732299805","1.7862653732299805","1.7862653732299805","2.292102098464966","2.292102098464966","2.292102098464966","1.5213453769683838","1.5213453769683838","1.5213453769683838"
"12299","1.760994553565979","1.760994553565979","1.760994553565979","2.221616506576538","2.221616506576538","2.221616506576538","1.515913963317871","1.515913963317871","1.515913963317871"
"12329","1.7967476844787598","1.7967476844787598","1.7967476844787598","2.2639453411102295","2.2639453411102295","2.2639453411102295","1.5076916217803955","1.5076916217803955","1.5076916217803955"
"12359","3.024387836456299","3.024387836456299","3.024387836456299","10.146135330200195","10.146135330200195","10.146135330200195","1.5319877862930298","1.5319877862930298","1.5319877862930298"
"12389","1.7125158309936523","1.7125158309936523","1.7125158309936523","2.1180784702301025","2.1180784702301025","2.1180784702301025","1.3989592790603638","1.3989592790603638","1.3989592790603638"
"12419","1.7814973592758179","1.7814973592758179","1.7814973592758179","2.234623908996582","2.234623908996582","2.234623908996582","1.53765070438385","1.53765070438385","1.53765070438385"
"12449","3.0339674949645996","3.0339674949645996","3.0339674949645996","9.999926567077637","9.999926567077637","9.999926567077637","1.5122758150100708","1.5122758150100708","1.5122758150100708"
"12479","3.1087706089019775","3.1087706089019775","3.1087706089019775","10.12645435333252","10.12645435333252","10.12645435333252","1.510434865951538","1.510434865951538","1.510434865951538"
"12509","2.963104724884033","2.963104724884033","2.963104724884033","9.818815231323242","9.818815231323242","9.818815231323242","1.4086965322494507","1.4086965322494507","1.4086965322494507"
"12539","1.7219685316085815","1.7219685316085815","1.7219685316085815","2.178893804550171","2.178893804550171","2.178893804550171","1.465096116065979","1.465096116065979","1.465096116065979"
"12569","1.8170815706253052","1.8170815706253052","1.8170815706253052","2.2305076122283936","2.2305076122283936","2.2305076122283936","1.5463976860046387","1.5463976860046387","1.5463976860046387"
"12599","1.7035601139068604","1.7035601139068604","1.7035601139068604","2.1633503437042236","2.1633503437042236","2.1633503437042236","1.4662107229232788","1.4662107229232788","1.4662107229232788"
"12629","1.73687744140625","1.73687744140625","1.73687744140625","2.2459559440612793","2.2459559440612793","2.2459559440612793","1.5308679342269897","1.5308679342269897","1.5308679342269897"
"12659","1.7356880903244019","1.7356880903244019","1.7356880903244019","2.261997699737549","2.261997699737549","2.261997699737549","1.5176550149917603","1.5176550149917603","1.5176550149917603"
"12689","1.7342236042022705","1.7342236042022705","1.7342236042022705","2.2565457820892334","2.2565457820892334","2.2565457820892334","1.4904046058654785","1.4904046058654785","1.4904046058654785"
"12719","1.7354812622070312","1.7354812622070312","1.7354812622070312","2.2951066493988037","2.2951066493988037","2.2951066493988037","1.5296807289123535","1.5296807289123535","1.5296807289123535"
"12749","1.7593740224838257","1.7593740224838257","1.7593740224838257","2.2363836765289307","2.2363836765289307","2.2363836765289307","1.5110061168670654","1.5110061168670654","1.5110061168670654"
"12779","1.8352547883987427","1.8352547883987427","1.8352547883987427","2.2807960510253906","2.2807960510253906","2.2807960510253906","1.60268235206604","1.60268235206604","1.60268235206604"
"12809","1.6610894203186035","1.6610894203186035","1.6610894203186035","2.2119600772857666","2.2119600772857666","2.2119600772857666","1.5102384090423584","1.5102384090423584","1.5102384090423584"
"12839","1.8517342805862427","1.8517342805862427","1.8517342805862427","2.383775234222412","2.383775234222412","2.383775234222412","1.6060006618499756","1.6060006618499756","1.6060006618499756"
"12869","1.838010311126709","1.838010311126709","1.838010311126709","2.2981231212615967","2.2981231212615967","2.2981231212615967","1.5095680952072144","1.5095680952072144","1.5095680952072144"
"12899","1.7944490909576416","1.7944490909576416","1.7944490909576416","2.2792141437530518","2.2792141437530518","2.2792141437530518","1.4849942922592163","1.4849942922592163","1.4849942922592163"
"12929","1.746744990348816","1.746744990348816","1.746744990348816","2.205085515975952","2.205085515975952","2.205085515975952","1.4615612030029297","1.4615612030029297","1.4615612030029297"
"12959","3.5717363357543945","3.5717363357543945","3.5717363357543945","12.541569709777832","12.541569709777832","12.541569709777832","1.5601485967636108","1.5601485967636108","1.5601485967636108"
"12989","1.7746992111206055","1.7746992111206055","1.7746992111206055","2.177917242050171","2.177917242050171","2.177917242050171","1.447223424911499","1.447223424911499","1.447223424911499"
"13019","1.7139356136322021","1.7139356136322021","1.7139356136322021","2.1966147422790527","2.1966147422790527","2.1966147422790527","1.4713265895843506","1.4713265895843506","1.4713265895843506"
"13049","1.8674355745315552","1.8674355745315552","1.8674355745315552","2.2703168392181396","2.2703168392181396","2.2703168392181396","1.5028589963912964","1.5028589963912964","1.5028589963912964"
"13079","1.7300409078598022","1.7300409078598022","1.7300409078598022","2.2316558361053467","2.2316558361053467","2.2316558361053467","1.4995732307434082","1.4995732307434082","1.4995732307434082"
"13109","1.937782883644104","1.937782883644104","1.937782883644104","2.321018695831299","2.321018695831299","2.321018695831299","1.5344092845916748","1.5344092845916748","1.5344092845916748"
"13139","2.978123664855957","2.978123664855957","2.978123664855957","9.777782440185547","9.777782440185547","9.777782440185547","1.492278814315796","1.492278814315796","1.492278814315796"
"13169","1.6982760429382324","1.6982760429382324","1.6982760429382324","2.0998311042785645","2.0998311042785645","2.0998311042785645","1.3827619552612305","1.3827619552612305","1.3827619552612305"
"13199","1.7091485261917114","1.7091485261917114","1.7091485261917114","2.2077813148498535","2.2077813148498535","2.2077813148498535","1.4716259241104126","1.4716259241104126","1.4716259241104126"
"13229","1.68632972240448","1.68632972240448","1.68632972240448","2.123408079147339","2.123408079147339","2.123408079147339","1.4495528936386108","1.4495528936386108","1.4495528936386108"
"13259","1.735180377960205","1.735180377960205","1.735180377960205","2.2760870456695557","2.2760870456695557","2.2760870456695557","1.4744623899459839","1.4744623899459839","1.4744623899459839"
"13289","1.6919152736663818","1.6919152736663818","1.6919152736663818","2.1563355922698975","2.1563355922698975","2.1563355922698975","1.3973101377487183","1.3973101377487183","1.3973101377487183"
"13319","1.744275450706482","1.744275450706482","1.744275450706482","2.287231922149658","2.287231922149658","2.287231922149658","1.479016900062561","1.479016900062561","1.479016900062561"
"13349","1.699087142944336","1.699087142944336","1.699087142944336","2.127026319503784","2.127026319503784","2.127026319503784","1.4393231868743896","1.4393231868743896","1.4393231868743896"
"13379","1.6587709188461304","1.6587709188461304","1.6587709188461304","2.0833208560943604","2.0833208560943604","2.0833208560943604","1.3622430562973022","1.3622430562973022","1.3622430562973022"
"13409","1.724967122077942","1.724967122077942","1.724967122077942","2.1382224559783936","2.1382224559783936","2.1382224559783936","1.4260200262069702","1.4260200262069702","1.4260200262069702"
"13439","1.6981953382492065","1.6981953382492065","1.6981953382492065","2.1947946548461914","2.1947946548461914","2.1947946548461914","1.4517306089401245","1.4517306089401245","1.4517306089401245"
"13469","1.730036735534668","1.730036735534668","1.730036735534668","2.231516122817993","2.231516122817993","2.231516122817993","1.4714183807373047","1.4714183807373047","1.4714183807373047"
"13499","1.8185092210769653","1.8185092210769653","1.8185092210769653","2.141284227371216","2.141284227371216","2.141284227371216","1.473705530166626","1.473705530166626","1.473705530166626"
"13529","1.6857448816299438","1.6857448816299438","1.6857448816299438","2.107738494873047","2.107738494873047","2.107738494873047","1.3780490159988403","1.3780490159988403","1.3780490159988403"
"13559","1.7552266120910645","1.7552266120910645","1.7552266120910645","2.2315001487731934","2.2315001487731934","2.2315001487731934","1.4318807125091553","1.4318807125091553","1.4318807125091553"
"13589","1.7877041101455688","1.7877041101455688","1.7877041101455688","2.257578134536743","2.257578134536743","2.257578134536743","1.4986857175827026","1.4986857175827026","1.4986857175827026"
"13619","1.7730289697647095","1.7730289697647095","1.7730289697647095","2.2302772998809814","2.2302772998809814","2.2302772998809814","1.5387622117996216","1.5387622117996216","1.5387622117996216"
"13649","1.7863543033599854","1.7863543033599854","1.7863543033599854","2.1593542098999023","2.1593542098999023","2.1593542098999023","1.4399317502975464","1.4399317502975464","1.4399317502975464"
"13679","1.8472331762313843","1.8472331762313843","1.8472331762313843","2.386791467666626","2.386791467666626","2.386791467666626","1.500915288925171","1.500915288925171","1.500915288925171"
"13709","2.8668997287750244","2.8668997287750244","2.8668997287750244","9.188101768493652","9.188101768493652","9.188101768493652","1.427473545074463","1.427473545074463","1.427473545074463"
"13739","1.7728921175003052","1.7728921175003052","1.7728921175003052","2.3251869678497314","2.3251869678497314","2.3251869678497314","1.523625135421753","1.523625135421753","1.523625135421753"
"13769","1.8357677459716797","1.8357677459716797","1.8357677459716797","2.19864559173584","2.19864559173584","2.19864559173584","1.449761986732483","1.449761986732483","1.449761986732483"
"13799","1.8010696172714233","1.8010696172714233","1.8010696172714233","2.2992069721221924","2.2992069721221924","2.2992069721221924","1.5362756252288818","1.5362756252288818","1.5362756252288818"
"13829","1.7294352054595947","1.7294352054595947","1.7294352054595947","2.17582631111145","2.17582631111145","2.17582631111145","1.398905873298645","1.398905873298645","1.398905873298645"
"13859","1.6887319087982178","1.6887319087982178","1.6887319087982178","2.1673495769500732","2.1673495769500732","2.1673495769500732","1.374961495399475","1.374961495399475","1.374961495399475"
"13889","1.7651091814041138","1.7651091814041138","1.7651091814041138","2.2222917079925537","2.2222917079925537","2.2222917079925537","1.4728734493255615","1.4728734493255615","1.4728734493255615"
"13919","1.6827239990234375","1.6827239990234375","1.6827239990234375","2.1444168090820312","2.1444168090820312","2.1444168090820312","1.404225468635559","1.404225468635559","1.404225468635559"
"13949","1.7063502073287964","1.7063502073287964","1.7063502073287964","2.2346315383911133","2.2346315383911133","2.2346315383911133","1.4273114204406738","1.4273114204406738","1.4273114204406738"
"13979","1.6652430295944214","1.6652430295944214","1.6652430295944214","2.0523521900177","2.0523521900177","2.0523521900177","1.3625880479812622","1.3625880479812622","1.3625880479812622"
"14009","1.7022902965545654","1.7022902965545654","1.7022902965545654","2.138040781021118","2.138040781021118","2.138040781021118","1.3610302209854126","1.3610302209854126","1.3610302209854126"
"14039","1.7535964250564575","1.7535964250564575","1.7535964250564575","2.1951498985290527","2.1951498985290527","2.1951498985290527","1.4396953582763672","1.4396953582763672","1.4396953582763672"
"14069","2.873126983642578","2.873126983642578","2.873126983642578","9.196003913879395","9.196003913879395","9.196003913879395","1.4424151182174683","1.4424151182174683","1.4424151182174683"
"14099","1.7751493453979492","1.7751493453979492","1.7751493453979492","2.180250406265259","2.180250406265259","2.180250406265259","1.391541838645935","1.391541838645935","1.391541838645935"
"14129","1.7017709016799927","1.7017709016799927","1.7017709016799927","2.156649351119995","2.156649351119995","2.156649351119995","1.3798654079437256","1.3798654079437256","1.3798654079437256"
"14159","1.7992358207702637","1.7992358207702637","1.7992358207702637","2.3261287212371826","2.3261287212371826","2.3261287212371826","1.5081356763839722","1.5081356763839722","1.5081356763839722"
"14189","1.7560827732086182","1.7560827732086182","1.7560827732086182","2.2690353393554688","2.2690353393554688","2.2690353393554688","1.4800409078598022","1.4800409078598022","1.4800409078598022"
"14219","1.7424944639205933","1.7424944639205933","1.7424944639205933","2.2388815879821777","2.2388815879821777","2.2388815879821777","1.468511939048767","1.468511939048767","1.468511939048767"
"14249","1.701417088508606","1.701417088508606","1.701417088508606","2.180528402328491","2.180528402328491","2.180528402328491","1.3583378791809082","1.3583378791809082","1.3583378791809082"
"14279","1.796652913093567","1.796652913093567","1.796652913093567","2.429196357727051","2.429196357727051","2.429196357727051","1.5485543012619019","1.5485543012619019","1.5485543012619019"
"14309","1.8894808292388916","1.8894808292388916","1.8894808292388916","2.3985626697540283","2.3985626697540283","2.3985626697540283","1.5245656967163086","1.5245656967163086","1.5245656967163086"
"14339","1.7534838914871216","1.7534838914871216","1.7534838914871216","2.235435962677002","2.235435962677002","2.235435962677002","1.4803071022033691","1.4803071022033691","1.4803071022033691"
"14369","1.849735975265503","1.849735975265503","1.849735975265503","2.4508345127105713","2.4508345127105713","2.4508345127105713","1.5544177293777466","1.5544177293777466","1.5544177293777466"
"14399","1.7328951358795166","1.7328951358795166","1.7328951358795166","2.196146011352539","2.196146011352539","2.196146011352539","1.4427778720855713","1.4427778720855713","1.4427778720855713"
"14429","1.7338972091674805","1.7338972091674805","1.7338972091674805","2.1770246028900146","2.1770246028900146","2.1770246028900146","1.4069280624389648","1.4069280624389648","1.4069280624389648"
"14459","1.7598353624343872","1.7598353624343872","1.7598353624343872","2.244158983230591","2.244158983230591","2.244158983230591","1.4185513257980347","1.4185513257980347","1.4185513257980347"
"14489","1.6539220809936523","1.6539220809936523","1.6539220809936523","2.0765130519866943","2.0765130519866943","2.0765130519866943","1.3102041482925415","1.3102041482925415","1.3102041482925415"
"14519","1.7281649112701416","1.7281649112701416","1.7281649112701416","2.144228935241699","2.144228935241699","2.144228935241699","1.369537115097046","1.369537115097046","1.369537115097046"
"14549","1.7140895128250122","1.7140895128250122","1.7140895128250122","2.2526979446411133","2.2526979446411133","2.2526979446411133","1.4228458404541016","1.4228458404541016","1.4228458404541016"
"14579","1.7699086666107178","1.7699086666107178","1.7699086666107178","2.182898759841919","2.182898759841919","2.182898759841919","1.3813095092773438","1.3813095092773438","1.3813095092773438"
"14609","1.8028583526611328","1.8028583526611328","1.8028583526611328","2.292656660079956","2.292656660079956","2.292656660079956","1.4663186073303223","1.4663186073303223","1.4663186073303223"
"14639","1.7535061836242676","1.7535061836242676","1.7535061836242676","2.2862179279327393","2.2862179279327393","2.2862179279327393","1.4609605073928833","1.4609605073928833","1.4609605073928833"
"14669","1.782003402709961","1.782003402709961","1.782003402709961","2.1837706565856934","2.1837706565856934","2.1837706565856934","1.4021902084350586","1.4021902084350586","1.4021902084350586"
"14699","1.767364263534546","1.767364263534546","1.767364263534546","2.3064944744110107","2.3064944744110107","2.3064944744110107","1.4852935075759888","1.4852935075759888","1.4852935075759888"
"14729","1.7015032768249512","1.7015032768249512","1.7015032768249512","2.194507122039795","2.194507122039795","2.194507122039795","1.4542666673660278","1.4542666673660278","1.4542666673660278"
"14759","1.8531392812728882","1.8531392812728882","1.8531392812728882","2.1342175006866455","2.1342175006866455","2.1342175006866455","1.366523265838623","1.366523265838623","1.366523265838623"
"14789","1.717625379562378","1.717625379562378","1.717625379562378","2.1443746089935303","2.1443746089935303","2.1443746089935303","1.3454570770263672","1.3454570770263672","1.3454570770263672"
"14819","1.9372656345367432","1.9372656345367432","1.9372656345367432","2.2105422019958496","2.2105422019958496","2.2105422019958496","1.4318044185638428","1.4318044185638428","1.4318044185638428"
"14849","1.8760738372802734","1.8760738372802734","1.8760738372802734","2.3953447341918945","2.3953447341918945","2.3953447341918945","1.5361602306365967","1.5361602306365967","1.5361602306365967"
"14879","1.8345469236373901","1.8345469236373901","1.8345469236373901","2.2402424812316895","2.2402424812316895","2.2402424812316895","1.3736693859100342","1.3736693859100342","1.3736693859100342"
"14909","1.703859806060791","1.703859806060791","1.703859806060791","2.1243739128112793","2.1243739128112793","2.1243739128112793","1.3699471950531006","1.3699471950531006","1.3699471950531006"
"14939","2.8377254009246826","2.8377254009246826","2.8377254009246826","8.915654182434082","8.915654182434082","8.915654182434082","1.4578852653503418","1.4578852653503418","1.4578852653503418"
"14969","1.7341448068618774","1.7341448068618774","1.7341448068618774","2.181225299835205","2.181225299835205","2.181225299835205","1.4722540378570557","1.4722540378570557","1.4722540378570557"
"14999","1.789565086364746","1.789565086364746","1.789565086364746","2.292544364929199","2.292544364929199","2.292544364929199","1.552767038345337","1.552767038345337","1.552767038345337"
"15029","1.686257004737854","1.686257004737854","1.686257004737854","2.1303932666778564","2.1303932666778564","2.1303932666778564","1.3187896013259888","1.3187896013259888","1.3187896013259888"
"15059","1.7973939180374146","1.7973939180374146","1.7973939180374146","2.376584053039551","2.376584053039551","2.376584053039551","1.599608063697815","1.599608063697815","1.599608063697815"
"15089","1.7245855331420898","1.7245855331420898","1.7245855331420898","2.1881134510040283","2.1881134510040283","2.1881134510040283","1.3630404472351074","1.3630404472351074","1.3630404472351074"
"15119","1.8178783655166626","1.8178783655166626","1.8178783655166626","2.2703943252563477","2.2703943252563477","2.2703943252563477","1.4405889511108398","1.4405889511108398","1.4405889511108398"
"15149","1.7600176334381104","1.7600176334381104","1.7600176334381104","2.2370684146881104","2.2370684146881104","2.2370684146881104","1.434404730796814","1.434404730796814","1.434404730796814"
"15179","1.8068304061889648","1.8068304061889648","1.8068304061889648","2.2255327701568604","2.2255327701568604","2.2255327701568604","1.428171992301941","1.428171992301941","1.428171992301941"
"15209","1.733722448348999","1.733722448348999","1.733722448348999","2.218036651611328","2.218036651611328","2.218036651611328","1.3709073066711426","1.3709073066711426","1.3709073066711426"
"15239","1.6907726526260376","1.6907726526260376","1.6907726526260376","2.1410441398620605","2.1410441398620605","2.1410441398620605","1.3722524642944336","1.3722524642944336","1.3722524642944336"
"15269","1.6484249830245972","1.6484249830245972","1.6484249830245972","2.1113698482513428","2.1113698482513428","2.1113698482513428","1.3055166006088257","1.3055166006088257","1.3055166006088257"
"15299","1.7332863807678223","1.7332863807678223","1.7332863807678223","2.1695809364318848","2.1695809364318848","2.1695809364318848","1.396801471710205","1.396801471710205","1.396801471710205"
"15329","1.7922472953796387","1.7922472953796387","1.7922472953796387","2.227142333984375","2.227142333984375","2.227142333984375","1.4180068969726562","1.4180068969726562","1.4180068969726562"
"15359","1.8501845598220825","1.8501845598220825","1.8501845598220825","2.2222158908843994","2.2222158908843994","2.2222158908843994","1.4611413478851318","1.4611413478851318","1.4611413478851318"
"15389","1.847347378730774","1.847347378730774","1.847347378730774","2.2623202800750732","2.2623202800750732","2.2623202800750732","1.428546667098999","1.428546667098999","1.428546667098999"
"15419","1.753282070159912","1.753282070159912","1.753282070159912","2.2266507148742676","2.2266507148742676","2.2266507148742676","1.369016408920288","1.369016408920288","1.369016408920288"
"15449","2.6771528720855713","2.6771528720855713","2.6771528720855713","8.415141105651855","8.415141105651855","8.415141105651855","1.3030434846878052","1.3030434846878052","1.3030434846878052"
"15479","1.705376386642456","1.705376386642456","1.705376386642456","2.225961923599243","2.225961923599243","2.225961923599243","1.4482083320617676","1.4482083320617676","1.4482083320617676"
"15509","1.6861339807510376","1.6861339807510376","1.6861339807510376","2.176401376724243","2.176401376724243","2.176401376724243","1.3914715051651","1.3914715051651","1.3914715051651"
"15539","1.716099500656128","1.716099500656128","1.716099500656128","2.229562997817993","2.229562997817993","2.229562997817993","1.4313676357269287","1.4313676357269287","1.4313676357269287"
"15569","2.726945161819458","2.726945161819458","2.726945161819458","8.360773086547852","8.360773086547852","8.360773086547852","1.3630138635635376","1.3630138635635376","1.3630138635635376"
"15599","1.7064203023910522","1.7064203023910522","1.7064203023910522","2.1891560554504395","2.1891560554504395","2.1891560554504395","1.3612252473831177","1.3612252473831177","1.3612252473831177"
"15629","1.763352870941162","1.763352870941162","1.763352870941162","2.188255548477173","2.188255548477173","2.188255548477173","1.38746976852417","1.38746976852417","1.38746976852417"
"15659","1.7790942192077637","1.7790942192077637","1.7790942192077637","2.2354543209075928","2.2354543209075928","2.2354543209075928","1.4093948602676392","1.4093948602676392","1.4093948602676392"
"15689","1.7489285469055176","1.7489285469055176","1.7489285469055176","2.23349928855896","2.23349928855896","2.23349928855896","1.4092965126037598","1.4092965126037598","1.4092965126037598"
"15719","1.7617632150650024","1.7617632150650024","1.7617632150650024","2.2694616317749023","2.2694616317749023","2.2694616317749023","1.404234528541565","1.404234528541565","1.404234528541565"
"15749","1.704968810081482","1.704968810081482","1.704968810081482","2.1939609050750732","2.1939609050750732","2.1939609050750732","1.4171704053878784","1.4171704053878784","1.4171704053878784"
"15779","1.7023284435272217","1.7023284435272217","1.7023284435272217","2.164961576461792","2.164961576461792","2.164961576461792","1.3517861366271973","1.3517861366271973","1.3517861366271973"
"15809","1.6760270595550537","1.6760270595550537","1.6760270595550537","2.142512083053589","2.142512083053589","2.142512083053589","1.3468585014343262","1.3468585014343262","1.3468585014343262"
"15839","1.7801231145858765","1.7801231145858765","1.7801231145858765","2.2338860034942627","2.2338860034942627","2.2338860034942627","1.4027059078216553","1.4027059078216553","1.4027059078216553"
"15869","1.6967424154281616","1.6967424154281616","1.6967424154281616","2.1300172805786133","2.1300172805786133","2.1300172805786133","1.3204035758972168","1.3204035758972168","1.3204035758972168"
"15899","1.8126111030578613","1.8126111030578613","1.8126111030578613","2.2631332874298096","2.2631332874298096","2.2631332874298096","1.4275414943695068","1.4275414943695068","1.4275414943695068"
"15929","2.678165912628174","2.678165912628174","2.678165912628174","8.369307518005371","8.369307518005371","8.369307518005371","1.3301823139190674","1.3301823139190674","1.3301823139190674"
"15959","1.70315682888031","1.70315682888031","1.70315682888031","2.070523977279663","2.070523977279663","2.070523977279663","1.245699167251587","1.245699167251587","1.245699167251587"
"15989","1.702803611755371","1.702803611755371","1.702803611755371","2.16398024559021","2.16398024559021","2.16398024559021","1.2861753702163696","1.2861753702163696","1.2861753702163696"
"16019","1.6880329847335815","1.6880329847335815","1.6880329847335815","2.1176207065582275","2.1176207065582275","2.1176207065582275","1.2460664510726929","1.2460664510726929","1.2460664510726929"
"16049","1.732771873474121","1.732771873474121","1.732771873474121","2.1665709018707275","2.1665709018707275","2.1665709018707275","1.3687411546707153","1.3687411546707153","1.3687411546707153"
"16079","1.7668936252593994","1.7668936252593994","1.7668936252593994","2.188385486602783","2.188385486602783","2.188385486602783","1.343761682510376","1.343761682510376","1.343761682510376"
"16109","2.6235852241516113","2.6235852241516113","2.6235852241516113","8.187545776367188","8.187545776367188","8.187545776367188","1.2808631658554077","1.2808631658554077","1.2808631658554077"
"16139","1.6580517292022705","1.6580517292022705","1.6580517292022705","2.0863254070281982","2.0863254070281982","2.0863254070281982","1.2449679374694824","1.2449679374694824","1.2449679374694824"
"16169","1.7542011737823486","1.7542011737823486","1.7542011737823486","2.2817928791046143","2.2817928791046143","2.2817928791046143","1.4184163808822632","1.4184163808822632","1.4184163808822632"
"16199","1.7099153995513916","1.7099153995513916","1.7099153995513916","2.130366086959839","2.130366086959839","2.130366086959839","1.301953911781311","1.301953911781311","1.301953911781311"
"16229","1.7498183250427246","1.7498183250427246","1.7498183250427246","2.17460298538208","2.17460298538208","2.17460298538208","1.358026385307312","1.358026385307312","1.358026385307312"
"16259","2.647520065307617","2.647520065307617","2.647520065307617","8.156756401062012","8.156756401062012","8.156756401062012","1.33368980884552","1.33368980884552","1.33368980884552"
"16289","1.7469877004623413","1.7469877004623413","1.7469877004623413","2.307142496109009","2.307142496109009","2.307142496109009","1.4781850576400757","1.4781850576400757","1.4781850576400757"
"16319","1.74668550491333","1.74668550491333","1.74668550491333","2.2706692218780518","2.2706692218780518","2.2706692218780518","1.3736835718154907","1.3736835718154907","1.3736835718154907"
"16349","2.8607046604156494","2.8607046604156494","2.8607046604156494","9.156476020812988","9.156476020812988","9.156476020812988","1.316656470298767","1.316656470298767","1.316656470298767"
"16379","1.7535488605499268","1.7535488605499268","1.7535488605499268","2.242684841156006","2.242684841156006","2.242684841156006","1.3576196432113647","1.3576196432113647","1.3576196432113647"
"16409","1.7481648921966553","1.7481648921966553","1.7481648921966553","2.081608533859253","2.081608533859253","2.081608533859253","1.2714273929595947","1.2714273929595947","1.2714273929595947"
"16439","1.6899123191833496","1.6899123191833496","1.6899123191833496","2.1246800422668457","2.1246800422668457","2.1246800422668457","1.2643406391143799","1.2643406391143799","1.2643406391143799"
"16469","1.6695289611816406","1.6695289611816406","1.6695289611816406","2.1977477073669434","2.1977477073669434","2.1977477073669434","1.3521642684936523","1.3521642684936523","1.3521642684936523"
"16499","1.614665150642395","1.614665150642395","1.614665150642395","2.0613319873809814","2.0613319873809814","2.0613319873809814","1.2586742639541626","1.2586742639541626","1.2586742639541626"
"16529","1.6684576272964478","1.6684576272964478","1.6684576272964478","2.1473212242126465","2.1473212242126465","2.1473212242126465","1.2890061140060425","1.2890061140060425","1.2890061140060425"
"16559","1.7171083688735962","1.7171083688735962","1.7171083688735962","2.2567436695098877","2.2567436695098877","2.2567436695098877","1.325811743736267","1.325811743736267","1.325811743736267"
"16589","1.663366675376892","1.663366675376892","1.663366675376892","2.199134349822998","2.199134349822998","2.199134349822998","1.318411946296692","1.318411946296692","1.318411946296692"
"16619","1.7273463010787964","1.7273463010787964","1.7273463010787964","2.182077646255493","2.182077646255493","2.182077646255493","1.304773211479187","1.304773211479187","1.304773211479187"
"16649","1.6200278997421265","1.6200278997421265","1.6200278997421265","2.037370443344116","2.037370443344116","2.037370443344116","1.1995819807052612","1.1995819807052612","1.1995819807052612"
"16679","2.603605270385742","2.603605270385742","2.603605270385742","7.808605194091797","7.808605194091797","7.808605194091797","1.2726285457611084","1.2726285457611084","1.2726285457611084"
"16709","1.694427728652954","1.694427728652954","1.694427728652954","2.0861077308654785","2.0861077308654785","2.0861077308654785","1.241284966468811","1.241284966468811","1.241284966468811"
"16739","1.781895399093628","1.781895399093628","1.781895399093628","2.1067514419555664","2.1067514419555664","2.1067514419555664","1.2706737518310547","1.2706737518310547","1.2706737518310547"
"16769","1.745579481124878","1.745579481124878","1.745579481124878","2.109161138534546","2.109161138534546","2.109161138534546","1.3350533246994019","1.3350533246994019","1.3350533246994019"
"16799","1.7214674949645996","1.7214674949645996","1.7214674949645996","2.1881744861602783","2.1881744861602783","2.1881744861602783","1.3528741598129272","1.3528741598129272","1.3528741598129272"
"16829","1.7362574338912964","1.7362574338912964","1.7362574338912964","2.2238986492156982","2.2238986492156982","2.2238986492156982","1.3533753156661987","1.3533753156661987","1.3533753156661987"
"16859","1.7516453266143799","1.7516453266143799","1.7516453266143799","2.2120468616485596","2.2120468616485596","2.2120468616485596","1.3436682224273682","1.3436682224273682","1.3436682224273682"
"16889","3.085034132003784","3.085034132003784","3.085034132003784","9.828967094421387","9.828967094421387","9.828967094421387","1.2892396450042725","1.2892396450042725","1.2892396450042725"
"16919","2.63596773147583","2.63596773147583","2.63596773147583","7.751255989074707","7.751255989074707","7.751255989074707","1.3035818338394165","1.3035818338394165","1.3035818338394165"
"16949","1.6743825674057007","1.6743825674057007","1.6743825674057007","2.0705318450927734","2.0705318450927734","2.0705318450927734","1.2385399341583252","1.2385399341583252","1.2385399341583252"
"16979","1.821738600730896","1.821738600730896","1.821738600730896","2.165215253829956","2.165215253829956","2.165215253829956","1.2865626811981201","1.2865626811981201","1.2865626811981201"
"17009","1.6959195137023926","1.6959195137023926","1.6959195137023926","2.1588902473449707","2.1588902473449707","2.1588902473449707","1.3254989385604858","1.3254989385604858","1.3254989385604858"
"17039","1.7412387132644653","1.7412387132644653","1.7412387132644653","2.2800650596618652","2.2800650596618652","2.2800650596618652","1.3386434316635132","1.3386434316635132","1.3386434316635132"
"17069","1.716010570526123","1.716010570526123","1.716010570526123","2.173146963119507","2.173146963119507","2.173146963119507","1.3290151357650757","1.3290151357650757","1.3290151357650757"
"17099","1.8662933111190796","1.8662933111190796","1.8662933111190796","2.3002102375030518","2.3002102375030518","2.3002102375030518","1.3850088119506836","1.3850088119506836","1.3850088119506836"
"17129","1.8185428380966187","1.8185428380966187","1.8185428380966187","2.2956933975219727","2.2956933975219727","2.2956933975219727","1.4233648777008057","1.4233648777008057","1.4233648777008057"
"17159","1.6807650327682495","1.6807650327682495","1.6807650327682495","2.0683484077453613","2.0683484077453613","2.0683484077453613","1.2420752048492432","1.2420752048492432","1.2420752048492432"
"17189","1.7033019065856934","1.7033019065856934","1.7033019065856934","2.0806288719177246","2.0806288719177246","2.0806288719177246","1.2134456634521484","1.2134456634521484","1.2134456634521484"
"17219","1.8075530529022217","1.8075530529022217","1.8075530529022217","2.1239638328552246","2.1239638328552246","2.1239638328552246","1.2502187490463257","1.2502187490463257","1.2502187490463257"
"17249","1.7229033708572388","1.7229033708572388","1.7229033708572388","2.15177321434021","2.15177321434021","2.15177321434021","1.3264544010162354","1.3264544010162354","1.3264544010162354"
"17279","1.6708319187164307","1.6708319187164307","1.6708319187164307","2.1013472080230713","2.1013472080230713","2.1013472080230713","1.2306491136550903","1.2306491136550903","1.2306491136550903"
"17309","1.7536247968673706","1.7536247968673706","1.7536247968673706","2.1979899406433105","2.1979899406433105","2.1979899406433105","1.346830129623413","1.346830129623413","1.346830129623413"
"17339","1.794639229774475","1.794639229774475","1.794639229774475","2.2803666591644287","2.2803666591644287","2.2803666591644287","1.3325252532958984","1.3325252532958984","1.3325252532958984"
"17369","1.7306220531463623","1.7306220531463623","1.7306220531463623","2.1695384979248047","2.1695384979248047","2.1695384979248047","1.290230631828308","1.290230631828308","1.290230631828308"
"17399","1.7512602806091309","1.7512602806091309","1.7512602806091309","2.143601894378662","2.143601894378662","2.143601894378662","1.2924147844314575","1.2924147844314575","1.2924147844314575"
"17429","2.5295820236206055","2.5295820236206055","2.5295820236206055","7.596566677093506","7.596566677093506","7.596566677093506","1.2491718530654907","1.2491718530654907","1.2491718530654907"
"17459","1.7086280584335327","1.7086280584335327","1.7086280584335327","2.1178205013275146","2.1178205013275146","2.1178205013275146","1.2228044271469116","1.2228044271469116","1.2228044271469116"
"17489","2.5784530639648438","2.5784530639648438","2.5784530639648438","7.707603454589844","7.707603454589844","7.707603454589844","1.2889147996902466","1.2889147996902466","1.2889147996902466"
"17519","1.7205561399459839","1.7205561399459839","1.7205561399459839","2.1951215267181396","2.1951215267181396","2.1951215267181396","1.3254348039627075","1.3254348039627075","1.3254348039627075"
"17549","1.694838047027588","1.694838047027588","1.694838047027588","2.2195591926574707","2.2195591926574707","2.2195591926574707","1.3130532503128052","1.3130532503128052","1.3130532503128052"
"17579","1.7357691526412964","1.7357691526412964","1.7357691526412964","2.2179296016693115","2.2179296016693115","2.2179296016693115","1.3362609148025513","1.3362609148025513","1.3362609148025513"
"17609","1.7087432146072388","1.7087432146072388","1.7087432146072388","2.067943811416626","2.067943811416626","2.067943811416626","1.2228739261627197","1.2228739261627197","1.2228739261627197"
"17639","1.6768044233322144","1.6768044233322144","1.6768044233322144","2.125821590423584","2.125821590423584","2.125821590423584","1.3032245635986328","1.3032245635986328","1.3032245635986328"
"17669","1.6374342441558838","1.6374342441558838","1.6374342441558838","2.0953891277313232","2.0953891277313232","2.0953891277313232","1.2360700368881226","1.2360700368881226","1.2360700368881226"
"17699","1.7010942697525024","1.7010942697525024","1.7010942697525024","2.1185100078582764","2.1185100078582764","2.1185100078582764","1.262837290763855","1.262837290763855","1.262837290763855"
"17729","1.7321243286132812","1.7321243286132812","1.7321243286132812","2.225986957550049","2.225986957550049","2.225986957550049","1.323625922203064","1.323625922203064","1.323625922203064"
"17759","1.6916561126708984","1.6916561126708984","1.6916561126708984","2.089653730392456","2.089653730392456","2.089653730392456","1.2744320631027222","1.2744320631027222","1.2744320631027222"
"17789","1.6789922714233398","1.6789922714233398","1.6789922714233398","2.196816921234131","2.196816921234131","2.196816921234131","1.2585201263427734","1.2585201263427734","1.2585201263427734"
"17819","1.715484380722046","1.715484380722046","1.715484380722046","2.164257049560547","2.164257049560547","2.164257049560547","1.2796688079833984","1.2796688079833984","1.2796688079833984"
"17849","1.6769455671310425","1.6769455671310425","1.6769455671310425","2.0936028957366943","2.0936028957366943","2.0936028957366943","1.2071987390518188","1.2071987390518188","1.2071987390518188"
"17879","1.6312392950057983","1.6312392950057983","1.6312392950057983","2.0945885181427","2.0945885181427","2.0945885181427","1.218679666519165","1.218679666519165","1.218679666519165"
"17909","2.510409116744995","2.510409116744995","2.510409116744995","7.354328632354736","7.354328632354736","7.354328632354736","1.228725790977478","1.228725790977478","1.228725790977478"
"17939","1.6968801021575928","1.6968801021575928","1.6968801021575928","2.15690541267395","2.15690541267395","2.15690541267395","1.2650903463363647","1.2650903463363647","1.2650903463363647"
"17969","1.650053858757019","1.650053858757019","1.650053858757019","2.099595546722412","2.099595546722412","2.099595546722412","1.2355424165725708","1.2355424165725708","1.2355424165725708"
"17999","2.5526034832000732","2.5526034832000732","2.5526034832000732","7.390647888183594","7.390647888183594","7.390647888183594","1.21469247341156","1.21469247341156","1.21469247341156"
"18029","1.696858286857605","1.696858286857605","1.696858286857605","2.1114578247070312","2.1114578247070312","2.1114578247070312","1.2340656518936157","1.2340656518936157","1.2340656518936157"
"18059","1.7211517095565796","1.7211517095565796","1.7211517095565796","2.136472463607788","2.136472463607788","2.136472463607788","1.2741811275482178","1.2741811275482178","1.2741811275482178"
"18089","1.6891847848892212","1.6891847848892212","1.6891847848892212","2.154695510864258","2.154695510864258","2.154695510864258","1.273478627204895","1.273478627204895","1.273478627204895"
"18119","1.751668095588684","1.751668095588684","1.751668095588684","2.2194762229919434","2.2194762229919434","2.2194762229919434","1.3281277418136597","1.3281277418136597","1.3281277418136597"
"18149","1.6209897994995117","1.6209897994995117","1.6209897994995117","2.01811146736145","2.01811146736145","2.01811146736145","1.1653575897216797","1.1653575897216797","1.1653575897216797"
"18179","1.6912881135940552","1.6912881135940552","1.6912881135940552","2.174341917037964","2.174341917037964","2.174341917037964","1.2917481660842896","1.2917481660842896","1.2917481660842896"
"18209","2.715108633041382","2.715108633041382","2.715108633041382","8.421765327453613","8.421765327453613","8.421765327453613","1.2408268451690674","1.2408268451690674","1.2408268451690674"
"18239","1.7414748668670654","1.7414748668670654","1.7414748668670654","2.199193239212036","2.199193239212036","2.199193239212036","1.3542758226394653","1.3542758226394653","1.3542758226394653"
"18269","1.6696746349334717","1.6696746349334717","1.6696746349334717","2.1307742595672607","2.1307742595672607","2.1307742595672607","1.1840159893035889","1.1840159893035889","1.1840159893035889"
"18299","2.447425365447998","2.447425365447998","2.447425365447998","7.137643814086914","7.137643814086914","7.137643814086914","1.1535978317260742","1.1535978317260742","1.1535978317260742"
"18329","1.6426310539245605","1.6426310539245605","1.6426310539245605","2.1396496295928955","2.1396496295928955","2.1396496295928955","1.2842572927474976","1.2842572927474976","1.2842572927474976"
"18359","2.5812366008758545","2.5812366008758545","2.5812366008758545","7.181132793426514","7.181132793426514","7.181132793426514","1.1593812704086304","1.1593812704086304","1.1593812704086304"
"18389","1.6867090463638306","1.6867090463638306","1.6867090463638306","2.1513113975524902","2.1513113975524902","2.1513113975524902","1.240246295928955","1.240246295928955","1.240246295928955"
"18419","1.7870206832885742","1.7870206832885742","1.7870206832885742","2.2111639976501465","2.2111639976501465","2.2111639976501465","1.3338696956634521","1.3338696956634521","1.3338696956634521"
"18449","1.7685434818267822","1.7685434818267822","1.7685434818267822","2.2499687671661377","2.2499687671661377","2.2499687671661377","1.3055999279022217","1.3055999279022217","1.3055999279022217"
"18479","1.7230404615402222","1.7230404615402222","1.7230404615402222","2.179189682006836","2.179189682006836","2.179189682006836","1.2651584148406982","1.2651584148406982","1.2651584148406982"
"18509","1.7456707954406738","1.7456707954406738","1.7456707954406738","2.294687032699585","2.294687032699585","2.294687032699585","1.4272236824035645","1.4272236824035645","1.4272236824035645"
"18539","1.585532307624817","1.585532307624817","1.585532307624817","2.0162222385406494","2.0162222385406494","2.0162222385406494","1.1986007690429688","1.1986007690429688","1.1986007690429688"
"18569","1.6404950618743896","1.6404950618743896","1.6404950618743896","2.028747081756592","2.028747081756592","2.028747081756592","1.1874797344207764","1.1874797344207764","1.1874797344207764"
"18599","1.712662935256958","1.712662935256958","1.712662935256958","2.1880998611450195","2.1880998611450195","2.1880998611450195","1.2602688074111938","1.2602688074111938","1.2602688074111938"
"18629","1.7857534885406494","1.7857534885406494","1.7857534885406494","2.3184008598327637","2.3184008598327637","2.3184008598327637","1.416911244392395","1.416911244392395","1.416911244392395"
"18659","2.53247332572937","2.53247332572937","2.53247332572937","7.329719066619873","7.329719066619873","7.329719066619873","1.2423205375671387","1.2423205375671387","1.2423205375671387"
"18689","1.7430975437164307","1.7430975437164307","1.7430975437164307","2.248000144958496","2.248000144958496","2.248000144958496","1.3155803680419922","1.3155803680419922","1.3155803680419922"
"18719","1.6675399541854858","1.6675399541854858","1.6675399541854858","2.096086263656616","2.096086263656616","2.096086263656616","1.201847791671753","1.201847791671753","1.201847791671753"
"18749","1.7017894983291626","1.7017894983291626","1.7017894983291626","2.1270346641540527","2.1270346641540527","2.1270346641540527","1.2133374214172363","1.2133374214172363","1.2133374214172363"
"18779","2.48393177986145","2.48393177986145","2.48393177986145","7.221199989318848","7.221199989318848","7.221199989318848","1.2071142196655273","1.2071142196655273","1.2071142196655273"
"18809","1.6038024425506592","1.6038024425506592","1.6038024425506592","2.047142505645752","2.047142505645752","2.047142505645752","1.207511067390442","1.207511067390442","1.207511067390442"
"18839","2.5512616634368896","2.5512616634368896","2.5512616634368896","7.338881492614746","7.338881492614746","7.338881492614746","1.2054380178451538","1.2054380178451538","1.2054380178451538"
"18869","1.7438979148864746","1.7438979148864746","1.7438979148864746","2.2501211166381836","2.2501211166381836","2.2501211166381836","1.3120781183242798","1.3120781183242798","1.3120781183242798"
"18899","1.8096766471862793","1.8096766471862793","1.8096766471862793","2.1979641914367676","2.1979641914367676","2.1979641914367676","1.2582437992095947","1.2582437992095947","1.2582437992095947"
"18929","2.4940361976623535","2.4940361976623535","2.4940361976623535","7.148512840270996","7.148512840270996","7.148512840270996","1.1156634092330933","1.1156634092330933","1.1156634092330933"
"18959","1.6744223833084106","1.6744223833084106","1.6744223833084106","2.070049285888672","2.070049285888672","2.070049285888672","1.159764051437378","1.159764051437378","1.159764051437378"
"18989","1.7457305192947388","1.7457305192947388","1.7457305192947388","2.1752357482910156","2.1752357482910156","2.1752357482910156","1.2010414600372314","1.2010414600372314","1.2010414600372314"
"19019","1.735568642616272","1.735568642616272","1.735568642616272","2.1489713191986084","2.1489713191986084","2.1489713191986084","1.272013783454895","1.272013783454895","1.272013783454895"
"19049","1.6886610984802246","1.6886610984802246","1.6886610984802246","2.1694159507751465","2.1694159507751465","2.1694159507751465","1.2384144067764282","1.2384144067764282","1.2384144067764282"
"19079","1.7154909372329712","1.7154909372329712","1.7154909372329712","2.1991119384765625","2.1991119384765625","2.1991119384765625","1.2886849641799927","1.2886849641799927","1.2886849641799927"
"19109","2.4997658729553223","2.4997658729553223","2.4997658729553223","7.197601795196533","7.197601795196533","7.197601795196533","1.2070132493972778","1.2070132493972778","1.2070132493972778"
"19139","1.7259750366210938","1.7259750366210938","1.7259750366210938","2.163283586502075","2.163283586502075","2.163283586502075","1.3019801378250122","1.3019801378250122","1.3019801378250122"
"19169","1.8049432039260864","1.8049432039260864","1.8049432039260864","2.1465187072753906","2.1465187072753906","2.1465187072753906","1.1895501613616943","1.1895501613616943","1.1895501613616943"
"19199","1.6516876220703125","1.6516876220703125","1.6516876220703125","2.0898568630218506","2.0898568630218506","2.0898568630218506","1.1980568170547485","1.1980568170547485","1.1980568170547485"
"19229","1.7888925075531006","1.7888925075531006","1.7888925075531006","2.157459020614624","2.157459020614624","2.157459020614624","1.1641407012939453","1.1641407012939453","1.1641407012939453"
"19259","1.7755749225616455","1.7755749225616455","1.7755749225616455","2.2910659313201904","2.2910659313201904","2.2910659313201904","1.2839062213897705","1.2839062213897705","1.2839062213897705"
"19289","1.7316398620605469","1.7316398620605469","1.7316398620605469","2.1961538791656494","2.1961538791656494","2.1961538791656494","1.2777451276779175","1.2777451276779175","1.2777451276779175"
"19319","1.6448941230773926","1.6448941230773926","1.6448941230773926","2.0514349937438965","2.0514349937438965","2.0514349937438965","1.1996017694473267","1.1996017694473267","1.1996017694473267"
"19349","1.674455165863037","1.674455165863037","1.674455165863037","2.048135280609131","2.048135280609131","2.048135280609131","1.1923032999038696","1.1923032999038696","1.1923032999038696"
"19379","1.6643290519714355","1.6643290519714355","1.6643290519714355","2.0587544441223145","2.0587544441223145","2.0587544441223145","1.208673357963562","1.208673357963562","1.208673357963562"
"19409","1.6783949136734009","1.6783949136734009","1.6783949136734009","2.0715718269348145","2.0715718269348145","2.0715718269348145","1.1520439386367798","1.1520439386367798","1.1520439386367798"
"19439","1.7477596998214722","1.7477596998214722","1.7477596998214722","2.0449185371398926","2.0449185371398926","2.0449185371398926","1.1642162799835205","1.1642162799835205","1.1642162799835205"
"19469","1.7302753925323486","1.7302753925323486","1.7302753925323486","2.1343131065368652","2.1343131065368652","2.1343131065368652","1.2250292301177979","1.2250292301177979","1.2250292301177979"
"19499","1.7216311693191528","1.7216311693191528","1.7216311693191528","2.168287992477417","2.168287992477417","2.168287992477417","1.271315336227417","1.271315336227417","1.271315336227417"
"19529","1.686482548713684","1.686482548713684","1.686482548713684","2.0823380947113037","2.0823380947113037","2.0823380947113037","1.1483349800109863","1.1483349800109863","1.1483349800109863"
"19559","1.7210187911987305","1.7210187911987305","1.7210187911987305","2.156975030899048","2.156975030899048","2.156975030899048","1.2148910760879517","1.2148910760879517","1.2148910760879517"
"19589","1.6749688386917114","1.6749688386917114","1.6749688386917114","2.0888006687164307","2.0888006687164307","2.0888006687164307","1.164971947669983","1.164971947669983","1.164971947669983"
"19619","1.8751540184020996","1.8751540184020996","1.8751540184020996","2.3482015132904053","2.3482015132904053","2.3482015132904053","1.3468022346496582","1.3468022346496582","1.3468022346496582"
"19649","1.6514114141464233","1.6514114141464233","1.6514114141464233","2.078718423843384","2.078718423843384","2.078718423843384","1.1939828395843506","1.1939828395843506","1.1939828395843506"
"19679","1.7038735151290894","1.7038735151290894","1.7038735151290894","2.0745346546173096","2.0745346546173096","2.0745346546173096","1.171301245689392","1.171301245689392","1.171301245689392"
"19709","2.4803826808929443","2.4803826808929443","2.4803826808929443","7.150875091552734","7.150875091552734","7.150875091552734","1.2022957801818848","1.2022957801818848","1.2022957801818848"
"19739","1.7502835988998413","1.7502835988998413","1.7502835988998413","2.2251129150390625","2.2251129150390625","2.2251129150390625","1.2810461521148682","1.2810461521148682","1.2810461521148682"
"19769","1.7039082050323486","1.7039082050323486","1.7039082050323486","2.1226062774658203","2.1226062774658203","2.1226062774658203","1.2105456590652466","1.2105456590652466","1.2105456590652466"
"19799","1.759371280670166","1.759371280670166","1.759371280670166","2.0911478996276855","2.0911478996276855","2.0911478996276855","1.1764450073242188","1.1764450073242188","1.1764450073242188"
"19829","2.5425162315368652","2.5425162315368652","2.5425162315368652","7.144614219665527","7.144614219665527","7.144614219665527","1.2317423820495605","1.2317423820495605","1.2317423820495605"
"19859","1.7313497066497803","1.7313497066497803","1.7313497066497803","2.0786986351013184","2.0786986351013184","2.0786986351013184","1.1663353443145752","1.1663353443145752","1.1663353443145752"
"19889","1.6983174085617065","1.6983174085617065","1.6983174085617065","2.1093382835388184","2.1093382835388184","2.1093382835388184","1.1433292627334595","1.1433292627334595","1.1433292627334595"
"19919","2.569612979888916","2.569612979888916","2.569612979888916","7.282948017120361","7.282948017120361","7.282948017120361","1.2166029214859009","1.2166029214859009","1.2166029214859009"
"19949","1.6891515254974365","1.6891515254974365","1.6891515254974365","2.1481213569641113","2.1481213569641113","2.1481213569641113","1.2101218700408936","1.2101218700408936","1.2101218700408936"
"19979","1.700677752494812","1.700677752494812","1.700677752494812","2.133443593978882","2.133443593978882","2.133443593978882","1.2360414266586304","1.2360414266586304","1.2360414266586304"