"Step","layer_10_hook_resid_mid_gpt2_standard_fisher_false_project_TheStackPython - losses/mse_loss","layer_10_hook_resid_mid_gpt2_standard_fisher_false_project_TheStackPython - losses/mse_loss__MIN","layer_10_hook_resid_mid_gpt2_standard_fisher_false_project_TheStackPython - losses/mse_loss__MAX","layer_5_hook_resid_mid_gpt2_standard_fisher_false_project_TheStackPython - losses/mse_loss","layer_5_hook_resid_mid_gpt2_standard_fisher_false_project_TheStackPython - losses/mse_loss__MIN","layer_5_hook_resid_mid_gpt2_standard_fisher_false_project_TheStackPython - losses/mse_loss__MAX","layer_0_hook_resid_mid_gpt2_standard_fisher_false_project_TheStackPython - losses/mse_loss","layer_0_hook_resid_mid_gpt2_standard_fisher_false_project_TheStackPython - losses/mse_loss__MIN","layer_0_hook_resid_mid_gpt2_standard_fisher_false_project_TheStackPython - losses/mse_loss__MAX","layer_10_hook_resid_mid_gpt2_standard_fisher_true_project_TheStackPython - losses/mse_loss","layer_10_hook_resid_mid_gpt2_standard_fisher_true_project_TheStackPython - losses/mse_loss__MIN","layer_10_hook_resid_mid_gpt2_standard_fisher_true_project_TheStackPython - losses/mse_loss__MAX","layer_5_hook_resid_mid_gpt2_standard_fisher_true_project_TheStackPython - losses/mse_loss","layer_5_hook_resid_mid_gpt2_standard_fisher_true_project_TheStackPython - losses/mse_loss__MIN","layer_5_hook_resid_mid_gpt2_standard_fisher_true_project_TheStackPython - losses/mse_loss__MAX","layer_0_hook_resid_mid_gpt2_standard_fisher_true_project_TheStackPython - losses/mse_loss","layer_0_hook_resid_mid_gpt2_standard_fisher_true_project_TheStackPython - losses/mse_loss__MIN","layer_0_hook_resid_mid_gpt2_standard_fisher_true_project_TheStackPython - losses/mse_loss__MAX"
"29","10997.8447265625","10997.8447265625","10997.8447265625","2351.4609375","2351.4609375","2351.4609375","296.93194580078125","296.93194580078125","296.93194580078125","10993.833984375","10993.833984375","10993.833984375","2346.037109375","2346.037109375","2346.037109375","319.2601623535156","319.2601623535156","319.2601623535156"
"59","6116.1611328125","6116.1611328125","6116.1611328125","1434.173095703125","1434.173095703125","1434.173095703125","101.32205200195312","101.32205200195312","101.32205200195312","6108.2900390625","6108.2900390625","6108.2900390625","1427.130859375","1427.130859375","1427.130859375","105.06206512451172","105.06206512451172","105.06206512451172"
"89","4512.12255859375","4512.12255859375","4512.12255859375","1049.5428466796875","1049.5428466796875","1049.5428466796875","68.41311645507812","68.41311645507812","68.41311645507812","4503.75732421875","4503.75732421875","4503.75732421875","1042.088623046875","1042.088623046875","1042.088623046875","67.4039535522461","67.4039535522461","67.4039535522461"
"119","3603.247802734375","3603.247802734375","3603.247802734375","788.5204467773438","788.5204467773438","788.5204467773438","52.2874641418457","52.2874641418457","52.2874641418457","3596.037353515625","3596.037353515625","3596.037353515625","782.1683349609375","782.1683349609375","782.1683349609375","50.684383392333984","50.684383392333984","50.684383392333984"
"149","43766.09375","43766.09375","43766.09375","34291.79296875","34291.79296875","34291.79296875","48.62554168701172","48.62554168701172","48.62554168701172","43725.37890625","43725.37890625","43725.37890625","34231.28515625","34231.28515625","34231.28515625","46.38313293457031","46.38313293457031","46.38313293457031"
"179","34765.93359375","34765.93359375","34765.93359375","26799.798828125","26799.798828125","26799.798828125","41.50918960571289","41.50918960571289","41.50918960571289","34723.10546875","34723.10546875","34723.10546875","26743.966796875","26743.966796875","26743.966796875","39.06240463256836","39.06240463256836","39.06240463256836"
"209","3193.235595703125","3193.235595703125","3193.235595703125","703.78857421875","703.78857421875","703.78857421875","40.88853454589844","40.88853454589844","40.88853454589844","3186.03125","3186.03125","3186.03125","698.5957641601562","698.5957641601562","698.5957641601562","38.701053619384766","38.701053619384766","38.701053619384766"
"239","2852.12744140625","2852.12744140625","2852.12744140625","588.0927124023438","588.0927124023438","588.0927124023438","33.62617111206055","33.62617111206055","33.62617111206055","2845.30126953125","2845.30126953125","2845.30126953125","582.8853759765625","582.8853759765625","582.8853759765625","31.477542877197266","31.477542877197266","31.477542877197266"
"269","2647.59130859375","2647.59130859375","2647.59130859375","555.2059936523438","555.2059936523438","555.2059936523438","26.086305618286133","26.086305618286133","26.086305618286133","2640.25537109375","2640.25537109375","2640.25537109375","550.43310546875","550.43310546875","550.43310546875","24.42072296142578","24.42072296142578","24.42072296142578"
"299","2158.199462890625","2158.199462890625","2158.199462890625","446.9136657714844","446.9136657714844","446.9136657714844","23.155574798583984","23.155574798583984","23.155574798583984","2152.802978515625","2152.802978515625","2152.802978515625","443.2149658203125","443.2149658203125","443.2149658203125","21.592845916748047","21.592845916748047","21.592845916748047"
"329","993.0693359375","993.0693359375","993.0693359375","231.10797119140625","231.10797119140625","231.10797119140625","17.989145278930664","17.989145278930664","17.989145278930664","990.524169921875","990.524169921875","990.524169921875","229.77291870117188","229.77291870117188","229.77291870117188","16.746171951293945","16.746171951293945","16.746171951293945"
"359","997.177001953125","997.177001953125","997.177001953125","207.52557373046875","207.52557373046875","207.52557373046875","14.986433029174805","14.986433029174805","14.986433029174805","994.7770385742188","994.7770385742188","994.7770385742188","207.1229705810547","207.1229705810547","207.1229705810547","13.880698204040527","13.880698204040527","13.880698204040527"
"389","1006.6926879882812","1006.6926879882812","1006.6926879882812","241.7187042236328","241.7187042236328","241.7187042236328","16.185670852661133","16.185670852661133","16.185670852661133","1005.111083984375","1005.111083984375","1005.111083984375","241.61167907714844","241.61167907714844","241.61167907714844","15.05056381225586","15.05056381225586","15.05056381225586"
"419","920.9496459960938","920.9496459960938","920.9496459960938","204.80477905273438","204.80477905273438","204.80477905273438","12.159829139709473","12.159829139709473","12.159829139709473","912.0565185546875","912.0565185546875","912.0565185546875","202.2967987060547","202.2967987060547","202.2967987060547","11.228577613830566","11.228577613830566","11.228577613830566"
"449","1038.88134765625","1038.88134765625","1038.88134765625","229.59632873535156","229.59632873535156","229.59632873535156","13.108112335205078","13.108112335205078","13.108112335205078","1035.8726806640625","1035.8726806640625","1035.8726806640625","230.33583068847656","230.33583068847656","230.33583068847656","12.037358283996582","12.037358283996582","12.037358283996582"
"479","928.052490234375","928.052490234375","928.052490234375","197.92535400390625","197.92535400390625","197.92535400390625","10.826918601989746","10.826918601989746","10.826918601989746","919.6946411132812","919.6946411132812","919.6946411132812","197.01876831054688","197.01876831054688","197.01876831054688","9.941498756408691","9.941498756408691","9.941498756408691"
"509","853.32763671875","853.32763671875","853.32763671875","183.3417510986328","183.3417510986328","183.3417510986328","10.967011451721191","10.967011451721191","10.967011451721191","846.0399780273438","846.0399780273438","846.0399780273438","181.23097229003906","181.23097229003906","181.23097229003906","10.059870719909668","10.059870719909668","10.059870719909668"
"539","727.4462890625","727.4462890625","727.4462890625","193.56265258789062","193.56265258789062","193.56265258789062","8.135468482971191","8.135468482971191","8.135468482971191","719.228271484375","719.228271484375","719.228271484375","200.72108459472656","200.72108459472656","200.72108459472656","7.370213508605957","7.370213508605957","7.370213508605957"
"569","857.2891845703125","857.2891845703125","857.2891845703125","177.0906982421875","177.0906982421875","177.0906982421875","8.791906356811523","8.791906356811523","8.791906356811523","842.1060791015625","842.1060791015625","842.1060791015625","173.7052764892578","173.7052764892578","173.7052764892578","7.995133876800537","7.995133876800537","7.995133876800537"
"599","615.9938354492188","615.9938354492188","615.9938354492188","120.38448333740234","120.38448333740234","120.38448333740234","6.467617034912109","6.467617034912109","6.467617034912109","604.1083374023438","604.1083374023438","604.1083374023438","119.90904998779297","119.90904998779297","119.90904998779297","5.874028205871582","5.874028205871582","5.874028205871582"
"629","495.9770202636719","495.9770202636719","495.9770202636719","117.60523223876953","117.60523223876953","117.60523223876953","7.25008487701416","7.25008487701416","7.25008487701416","488.3338928222656","488.3338928222656","488.3338928222656","113.69466400146484","113.69466400146484","113.69466400146484","6.562518119812012","6.562518119812012","6.562518119812012"
"659","459.3255310058594","459.3255310058594","459.3255310058594","104.35968780517578","104.35968780517578","104.35968780517578","6.592796325683594","6.592796325683594","6.592796325683594","450.4797668457031","450.4797668457031","450.4797668457031","104.520263671875","104.520263671875","104.520263671875","6.021921157836914","6.021921157836914","6.021921157836914"
"689","505.0528869628906","505.0528869628906","505.0528869628906","139.0892333984375","139.0892333984375","139.0892333984375","5.205600261688232","5.205600261688232","5.205600261688232","492.9730224609375","492.9730224609375","492.9730224609375","118.83965301513672","118.83965301513672","118.83965301513672","4.683175086975098","4.683175086975098","4.683175086975098"
"719","460.9050598144531","460.9050598144531","460.9050598144531","103.81077575683594","103.81077575683594","103.81077575683594","5.207176208496094","5.207176208496094","5.207176208496094","446.2772521972656","446.2772521972656","446.2772521972656","99.06868743896484","99.06868743896484","99.06868743896484","4.7588725090026855","4.7588725090026855","4.7588725090026855"
"749","510.0550537109375","510.0550537109375","510.0550537109375","105.96704864501953","105.96704864501953","105.96704864501953","5.398234844207764","5.398234844207764","5.398234844207764","496.7420654296875","496.7420654296875","496.7420654296875","102.20045471191406","102.20045471191406","102.20045471191406","4.894458293914795","4.894458293914795","4.894458293914795"
"779","473.8001403808594","473.8001403808594","473.8001403808594","113.36166381835938","113.36166381835938","113.36166381835938","5.638936519622803","5.638936519622803","5.638936519622803","459.0797424316406","459.0797424316406","459.0797424316406","111.72254943847656","111.72254943847656","111.72254943847656","5.183653831481934","5.183653831481934","5.183653831481934"
"809","583.9540405273438","583.9540405273438","583.9540405273438","309.2812805175781","309.2812805175781","309.2812805175781","4.406006813049316","4.406006813049316","4.406006813049316","574.8648071289062","574.8648071289062","574.8648071289062","258.22802734375","258.22802734375","258.22802734375","3.8998665809631348","3.8998665809631348","3.8998665809631348"
"839","469.79632568359375","469.79632568359375","469.79632568359375","104.77923583984375","104.77923583984375","104.77923583984375","4.570656776428223","4.570656776428223","4.570656776428223","453.6578063964844","453.6578063964844","453.6578063964844","100.81107330322266","100.81107330322266","100.81107330322266","4.109313488006592","4.109313488006592","4.109313488006592"
"869","592.146240234375","592.146240234375","592.146240234375","191.1042938232422","191.1042938232422","191.1042938232422","4.674282073974609","4.674282073974609","4.674282073974609","610.2588500976562","610.2588500976562","610.2588500976562","194.2946014404297","194.2946014404297","194.2946014404297","4.317193984985352","4.317193984985352","4.317193984985352"
"899","403.2893981933594","403.2893981933594","403.2893981933594","90.48311614990234","90.48311614990234","90.48311614990234","3.852968692779541","3.852968692779541","3.852968692779541","383.7967224121094","383.7967224121094","383.7967224121094","86.55857849121094","86.55857849121094","86.55857849121094","3.520852565765381","3.520852565765381","3.520852565765381"
"929","385.8536682128906","385.8536682128906","385.8536682128906","83.15595245361328","83.15595245361328","83.15595245361328","4.178829669952393","4.178829669952393","4.178829669952393","367.0227966308594","367.0227966308594","367.0227966308594","77.92008972167969","77.92008972167969","77.92008972167969","3.817852735519409","3.817852735519409","3.817852735519409"
"959","415.02655029296875","415.02655029296875","415.02655029296875","89.01222229003906","89.01222229003906","89.01222229003906","3.5857460498809814","3.5857460498809814","3.5857460498809814","393.5167541503906","393.5167541503906","393.5167541503906","86.4408950805664","86.4408950805664","86.4408950805664","3.2499120235443115","3.2499120235443115","3.2499120235443115"
"989","237.3140106201172","237.3140106201172","237.3140106201172","62.696292877197266","62.696292877197266","62.696292877197266","3.434964418411255","3.434964418411255","3.434964418411255","222.823974609375","222.823974609375","222.823974609375","61.71786880493164","61.71786880493164","61.71786880493164","3.090891122817993","3.090891122817993","3.090891122817993"
"1019","447.9758605957031","447.9758605957031","447.9758605957031","258.6636962890625","258.6636962890625","258.6636962890625","3.166563034057617","3.166563034057617","3.166563034057617","421.1879577636719","421.1879577636719","421.1879577636719","295.3666076660156","295.3666076660156","295.3666076660156","2.8997416496276855","2.8997416496276855","2.8997416496276855"
"1049","204.4518585205078","204.4518585205078","204.4518585205078","51.07167434692383","51.07167434692383","51.07167434692383","3.18584942817688","3.18584942817688","3.18584942817688","198.4328155517578","198.4328155517578","198.4328155517578","51.13438034057617","51.13438034057617","51.13438034057617","2.959329843521118","2.959329843521118","2.959329843521118"
"1079","187.53526306152344","187.53526306152344","187.53526306152344","49.84320068359375","49.84320068359375","49.84320068359375","3.1424028873443604","3.1424028873443604","3.1424028873443604","182.37998962402344","182.37998962402344","182.37998962402344","49.472957611083984","49.472957611083984","49.472957611083984","2.8621673583984375","2.8621673583984375","2.8621673583984375"
"1109","473.4467468261719","473.4467468261719","473.4467468261719","106.16118621826172","106.16118621826172","106.16118621826172","2.732320547103882","2.732320547103882","2.732320547103882","466.01898193359375","466.01898193359375","466.01898193359375","106.90459442138672","106.90459442138672","106.90459442138672","2.511974573135376","2.511974573135376","2.511974573135376"
"1139","186.2332305908203","186.2332305908203","186.2332305908203","47.542030334472656","47.542030334472656","47.542030334472656","2.64034366607666","2.64034366607666","2.64034366607666","180.162109375","180.162109375","180.162109375","46.52098083496094","46.52098083496094","46.52098083496094","2.4497859477996826","2.4497859477996826","2.4497859477996826"
"1169","253.0454559326172","253.0454559326172","253.0454559326172","50.28675842285156","50.28675842285156","50.28675842285156","2.6197893619537354","2.6197893619537354","2.6197893619537354","246.2718505859375","246.2718505859375","246.2718505859375","50.120018005371094","50.120018005371094","50.120018005371094","2.4028961658477783","2.4028961658477783","2.4028961658477783"
"1199","234.28045654296875","234.28045654296875","234.28045654296875","50.66626739501953","50.66626739501953","50.66626739501953","2.7375805377960205","2.7375805377960205","2.7375805377960205","223.53933715820312","223.53933715820312","223.53933715820312","51.29639434814453","51.29639434814453","51.29639434814453","2.5530900955200195","2.5530900955200195","2.5530900955200195"
"1229","404.48492431640625","404.48492431640625","404.48492431640625","205.6360321044922","205.6360321044922","205.6360321044922","2.374753475189209","2.374753475189209","2.374753475189209","383.0310974121094","383.0310974121094","383.0310974121094","206.22732543945312","206.22732543945312","206.22732543945312","2.2311768531799316","2.2311768531799316","2.2311768531799316"
"1259","189.84320068359375","189.84320068359375","189.84320068359375","46.93851089477539","46.93851089477539","46.93851089477539","2.454227924346924","2.454227924346924","2.454227924346924","184.78225708007812","184.78225708007812","184.78225708007812","47.78921127319336","47.78921127319336","47.78921127319336","2.2915523052215576","2.2915523052215576","2.2915523052215576"
"1289","147.21670532226562","147.21670532226562","147.21670532226562","33.14462661743164","33.14462661743164","33.14462661743164","2.0507724285125732","2.0507724285125732","2.0507724285125732","141.86949157714844","141.86949157714844","141.86949157714844","32.09878158569336","32.09878158569336","32.09878158569336","1.8769515752792358","1.8769515752792358","1.8769515752792358"
"1319","155.15972900390625","155.15972900390625","155.15972900390625","54.2869873046875","54.2869873046875","54.2869873046875","1.7128139734268188","1.7128139734268188","1.7128139734268188","155.01226806640625","155.01226806640625","155.01226806640625","69.38221740722656","69.38221740722656","69.38221740722656","1.587923288345337","1.587923288345337","1.587923288345337"
"1349","146.4237823486328","146.4237823486328","146.4237823486328","41.89031982421875","41.89031982421875","41.89031982421875","2.0409252643585205","2.0409252643585205","2.0409252643585205","144.06634521484375","144.06634521484375","144.06634521484375","41.73473358154297","41.73473358154297","41.73473358154297","1.881036639213562","1.881036639213562","1.881036639213562"
"1379","114.19921875","114.19921875","114.19921875","30.462669372558594","30.462669372558594","30.462669372558594","1.8482494354248047","1.8482494354248047","1.8482494354248047","108.06083679199219","108.06083679199219","108.06083679199219","30.931318283081055","30.931318283081055","30.931318283081055","1.7279646396636963","1.7279646396636963","1.7279646396636963"
"1409","138.49501037597656","138.49501037597656","138.49501037597656","33.112709045410156","33.112709045410156","33.112709045410156","1.794472336769104","1.794472336769104","1.794472336769104","133.71783447265625","133.71783447265625","133.71783447265625","32.33475875854492","32.33475875854492","32.33475875854492","1.693835735321045","1.693835735321045","1.693835735321045"
"1439","158.98040771484375","158.98040771484375","158.98040771484375","39.236270904541016","39.236270904541016","39.236270904541016","1.5692028999328613","1.5692028999328613","1.5692028999328613","151.0799560546875","151.0799560546875","151.0799560546875","40.933021545410156","40.933021545410156","40.933021545410156","1.4726808071136475","1.4726808071136475","1.4726808071136475"
"1469","176.59642028808594","176.59642028808594","176.59642028808594","45.07693099975586","45.07693099975586","45.07693099975586","1.796053409576416","1.796053409576416","1.796053409576416","167.04747009277344","167.04747009277344","167.04747009277344","45.13594436645508","45.13594436645508","45.13594436645508","1.6785507202148438","1.6785507202148438","1.6785507202148438"
"1499","133.14881896972656","133.14881896972656","133.14881896972656","34.65960693359375","34.65960693359375","34.65960693359375","1.5977989435195923","1.5977989435195923","1.5977989435195923","128.067138671875","128.067138671875","128.067138671875","34.653648376464844","34.653648376464844","34.653648376464844","1.51465904712677","1.51465904712677","1.51465904712677"
"1529","92.31285095214844","92.31285095214844","92.31285095214844","24.92818832397461","24.92818832397461","24.92818832397461","1.4973293542861938","1.4973293542861938","1.4973293542861938","88.6007308959961","88.6007308959961","88.6007308959961","25.28440284729004","25.28440284729004","25.28440284729004","1.4231383800506592","1.4231383800506592","1.4231383800506592"
"1559","85.43283081054688","85.43283081054688","85.43283081054688","24.691024780273438","24.691024780273438","24.691024780273438","1.3270084857940674","1.3270084857940674","1.3270084857940674","83.7779769897461","83.7779769897461","83.7779769897461","25.34066390991211","25.34066390991211","25.34066390991211","1.285622239112854","1.285622239112854","1.285622239112854"
"1589","115.49834442138672","115.49834442138672","115.49834442138672","30.75655746459961","30.75655746459961","30.75655746459961","1.6323847770690918","1.6323847770690918","1.6323847770690918","111.60116577148438","111.60116577148438","111.60116577148438","27.962467193603516","27.962467193603516","27.962467193603516","1.6063331365585327","1.6063331365585327","1.6063331365585327"
"1619","115.30402374267578","115.30402374267578","115.30402374267578","41.17940902709961","41.17940902709961","41.17940902709961","1.3709577322006226","1.3709577322006226","1.3709577322006226","108.91915893554688","108.91915893554688","108.91915893554688","40.59209060668945","40.59209060668945","40.59209060668945","1.3158509731292725","1.3158509731292725","1.3158509731292725"
"1649","55.21842956542969","55.21842956542969","55.21842956542969","18.013471603393555","18.013471603393555","18.013471603393555","1.234985589981079","1.234985589981079","1.234985589981079","56.11195755004883","56.11195755004883","56.11195755004883","17.98001480102539","17.98001480102539","17.98001480102539","1.2428417205810547","1.2428417205810547","1.2428417205810547"
"1679","78.67333984375","78.67333984375","78.67333984375","20.749305725097656","20.749305725097656","20.749305725097656","1.3130040168762207","1.3130040168762207","1.3130040168762207","79.82765197753906","79.82765197753906","79.82765197753906","20.43263816833496","20.43263816833496","20.43263816833496","1.2674914598464966","1.2674914598464966","1.2674914598464966"
"1709","58.62413024902344","58.62413024902344","58.62413024902344","19.19569969177246","19.19569969177246","19.19569969177246","1.1524467468261719","1.1524467468261719","1.1524467468261719","59.515018463134766","59.515018463134766","59.515018463134766","18.774982452392578","18.774982452392578","18.774982452392578","1.1210236549377441","1.1210236549377441","1.1210236549377441"
"1739","46.65028762817383","46.65028762817383","46.65028762817383","16.770231246948242","16.770231246948242","16.770231246948242","1.1383863687515259","1.1383863687515259","1.1383863687515259","47.83716583251953","47.83716583251953","47.83716583251953","15.930901527404785","15.930901527404785","15.930901527404785","1.0970234870910645","1.0970234870910645","1.0970234870910645"
"1769","55.17559051513672","55.17559051513672","55.17559051513672","15.367684364318848","15.367684364318848","15.367684364318848","1.2419084310531616","1.2419084310531616","1.2419084310531616","56.72256851196289","56.72256851196289","56.72256851196289","16.803504943847656","16.803504943847656","16.803504943847656","1.2265310287475586","1.2265310287475586","1.2265310287475586"
"1799","43.929588317871094","43.929588317871094","43.929588317871094","13.6338472366333","13.6338472366333","13.6338472366333","1.0354466438293457","1.0354466438293457","1.0354466438293457","45.305946350097656","45.305946350097656","45.305946350097656","13.52658748626709","13.52658748626709","13.52658748626709","0.9909324645996094","0.9909324645996094","0.9909324645996094"
"1829","82.65279388427734","82.65279388427734","82.65279388427734","23.512237548828125","23.512237548828125","23.512237548828125","1.4392424821853638","1.4392424821853638","1.4392424821853638","88.86294555664062","88.86294555664062","88.86294555664062","25.39950180053711","25.39950180053711","25.39950180053711","1.456148386001587","1.456148386001587","1.456148386001587"
"1859","75.36296844482422","75.36296844482422","75.36296844482422","19.1042423248291","19.1042423248291","19.1042423248291","1.1603283882141113","1.1603283882141113","1.1603283882141113","80.29486083984375","80.29486083984375","80.29486083984375","19.823293685913086","19.823293685913086","19.823293685913086","1.1343462467193604","1.1343462467193604","1.1343462467193604"
"1889","37.01323699951172","37.01323699951172","37.01323699951172","13.280684471130371","13.280684471130371","13.280684471130371","1.1102344989776611","1.1102344989776611","1.1102344989776611","38.499393463134766","38.499393463134766","38.499393463134766","13.986210823059082","13.986210823059082","13.986210823059082","1.0928561687469482","1.0928561687469482","1.0928561687469482"
"1919","63.54135513305664","63.54135513305664","63.54135513305664","44.028255462646484","44.028255462646484","44.028255462646484","1.2007622718811035","1.2007622718811035","1.2007622718811035","70.46339416503906","70.46339416503906","70.46339416503906","36.94277572631836","36.94277572631836","36.94277572631836","1.21775484085083","1.21775484085083","1.21775484085083"
"1949","74.51028442382812","74.51028442382812","74.51028442382812","20.267959594726562","20.267959594726562","20.267959594726562","1.272922158241272","1.272922158241272","1.272922158241272","76.26263427734375","76.26263427734375","76.26263427734375","21.513587951660156","21.513587951660156","21.513587951660156","1.2964367866516113","1.2964367866516113","1.2964367866516113"
"1979","53.12974548339844","53.12974548339844","53.12974548339844","14.036164283752441","14.036164283752441","14.036164283752441","0.8830724954605103","0.8830724954605103","0.8830724954605103","57.02914810180664","57.02914810180664","57.02914810180664","15.463615417480469","15.463615417480469","15.463615417480469","0.869636595249176","0.869636595249176","0.869636595249176"
"2009","44.65082931518555","44.65082931518555","44.65082931518555","14.860774993896484","14.860774993896484","14.860774993896484","0.909745454788208","0.909745454788208","0.909745454788208","46.63510513305664","46.63510513305664","46.63510513305664","15.113142013549805","15.113142013549805","15.113142013549805","0.9196774959564209","0.9196774959564209","0.9196774959564209"
"2039","56.8879280090332","56.8879280090332","56.8879280090332","12.741786003112793","12.741786003112793","12.741786003112793","0.9675385355949402","0.9675385355949402","0.9675385355949402","62.79591751098633","62.79591751098633","62.79591751098633","13.766376495361328","13.766376495361328","13.766376495361328","0.9546360373497009","0.9546360373497009","0.9546360373497009"
"2069","62.06570053100586","62.06570053100586","62.06570053100586","16.032644271850586","16.032644271850586","16.032644271850586","1.0301817655563354","1.0301817655563354","1.0301817655563354","69.34390258789062","69.34390258789062","69.34390258789062","17.281293869018555","17.281293869018555","17.281293869018555","1.0332393646240234","1.0332393646240234","1.0332393646240234"
"2099","58.346961975097656","58.346961975097656","58.346961975097656","18.01313591003418","18.01313591003418","18.01313591003418","1.0945618152618408","1.0945618152618408","1.0945618152618408","65.63117980957031","65.63117980957031","65.63117980957031","17.946048736572266","17.946048736572266","17.946048736572266","1.0843247175216675","1.0843247175216675","1.0843247175216675"
"2129","37.330047607421875","37.330047607421875","37.330047607421875","10.447904586791992","10.447904586791992","10.447904586791992","0.8399854302406311","0.8399854302406311","0.8399854302406311","40.782588958740234","40.782588958740234","40.782588958740234","11.383166313171387","11.383166313171387","11.383166313171387","0.8397397994995117","0.8397397994995117","0.8397397994995117"
"2159","18.22896385192871","18.22896385192871","18.22896385192871","9.10989761352539","9.10989761352539","9.10989761352539","0.9042446613311768","0.9042446613311768","0.9042446613311768","21.20976448059082","21.20976448059082","21.20976448059082","9.54996109008789","9.54996109008789","9.54996109008789","0.9019525051116943","0.9019525051116943","0.9019525051116943"
"2189","40.69637680053711","40.69637680053711","40.69637680053711","11.780903816223145","11.780903816223145","11.780903816223145","0.9176675081253052","0.9176675081253052","0.9176675081253052","41.977294921875","41.977294921875","41.977294921875","12.289240837097168","12.289240837097168","12.289240837097168","0.943497896194458","0.943497896194458","0.943497896194458"
"2219","44.28125762939453","44.28125762939453","44.28125762939453","16.36446762084961","16.36446762084961","16.36446762084961","0.703579306602478","0.703579306602478","0.703579306602478","49.88150405883789","49.88150405883789","49.88150405883789","16.11603546142578","16.11603546142578","16.11603546142578","0.7146219611167908","0.7146219611167908","0.7146219611167908"
"2249","34.395835876464844","34.395835876464844","34.395835876464844","9.395727157592773","9.395727157592773","9.395727157592773","0.7054920792579651","0.7054920792579651","0.7054920792579651","40.852622985839844","40.852622985839844","40.852622985839844","11.493359565734863","11.493359565734863","11.493359565734863","0.740879476070404","0.740879476070404","0.740879476070404"
"2279","53.5074348449707","53.5074348449707","53.5074348449707","14.21963882446289","14.21963882446289","14.21963882446289","0.7882941365242004","0.7882941365242004","0.7882941365242004","66.78656005859375","66.78656005859375","66.78656005859375","15.37165641784668","15.37165641784668","15.37165641784668","0.8062217831611633","0.8062217831611633","0.8062217831611633"
"2309","28.301517486572266","28.301517486572266","28.301517486572266","10.12269115447998","10.12269115447998","10.12269115447998","0.7411622405052185","0.7411622405052185","0.7411622405052185","34.33407974243164","34.33407974243164","34.33407974243164","10.81356430053711","10.81356430053711","10.81356430053711","0.7519534230232239","0.7519534230232239","0.7519534230232239"
"2339","26.944698333740234","26.944698333740234","26.944698333740234","21.306514739990234","21.306514739990234","21.306514739990234","0.741795003414154","0.741795003414154","0.741795003414154","36.52204895019531","36.52204895019531","36.52204895019531","18.034881591796875","18.034881591796875","18.034881591796875","0.7923374772071838","0.7923374772071838","0.7923374772071838"
"2369","35.00604248046875","35.00604248046875","35.00604248046875","14.068635940551758","14.068635940551758","14.068635940551758","0.7784073948860168","0.7784073948860168","0.7784073948860168","45.33967590332031","45.33967590332031","45.33967590332031","16.511699676513672","16.511699676513672","16.511699676513672","0.8232607841491699","0.8232607841491699","0.8232607841491699"
"2399","28.552953720092773","28.552953720092773","28.552953720092773","54.45840835571289","54.45840835571289","54.45840835571289","0.6138346195220947","0.6138346195220947","0.6138346195220947","36.419857025146484","36.419857025146484","36.419857025146484","84.65538024902344","84.65538024902344","84.65538024902344","0.6529629230499268","0.6529629230499268","0.6529629230499268"
"2429","14.357630729675293","14.357630729675293","14.357630729675293","5.764233112335205","5.764233112335205","5.764233112335205","0.7092048525810242","0.7092048525810242","0.7092048525810242","18.03516960144043","18.03516960144043","18.03516960144043","6.4639201164245605","6.4639201164245605","6.4639201164245605","0.732615053653717","0.732615053653717","0.732615053653717"
"2459","11.643604278564453","11.643604278564453","11.643604278564453","4.728794097900391","4.728794097900391","4.728794097900391","0.6118907928466797","0.6118907928466797","0.6118907928466797","18.040056228637695","18.040056228637695","18.040056228637695","7.176934719085693","7.176934719085693","7.176934719085693","0.6429746747016907","0.6429746747016907","0.6429746747016907"
"2489","23.73039436340332","23.73039436340332","23.73039436340332","8.290550231933594","8.290550231933594","8.290550231933594","0.7183815836906433","0.7183815836906433","0.7183815836906433","31.0895938873291","31.0895938873291","31.0895938873291","9.497224807739258","9.497224807739258","9.497224807739258","0.7457242608070374","0.7457242608070374","0.7457242608070374"
"2519","23.894533157348633","23.894533157348633","23.894533157348633","6.529450416564941","6.529450416564941","6.529450416564941","0.6461634635925293","0.6461634635925293","0.6461634635925293","26.848207473754883","26.848207473754883","26.848207473754883","8.127233505249023","8.127233505249023","8.127233505249023","0.6701834201812744","0.6701834201812744","0.6701834201812744"
"2549","20.158632278442383","20.158632278442383","20.158632278442383","6.902754306793213","6.902754306793213","6.902754306793213","0.6273970007896423","0.6273970007896423","0.6273970007896423","25.19085121154785","25.19085121154785","25.19085121154785","6.982845306396484","6.982845306396484","6.982845306396484","0.6698049902915955","0.6698049902915955","0.6698049902915955"
"2579","15.116430282592773","15.116430282592773","15.116430282592773","7.30454683303833","7.30454683303833","7.30454683303833","0.6073405742645264","0.6073405742645264","0.6073405742645264","18.09734344482422","18.09734344482422","18.09734344482422","8.237503051757812","8.237503051757812","8.237503051757812","0.6333079934120178","0.6333079934120178","0.6333079934120178"
"2609","16.440855026245117","16.440855026245117","16.440855026245117","5.134917259216309","5.134917259216309","5.134917259216309","0.5850487947463989","0.5850487947463989","0.5850487947463989","21.7562198638916","21.7562198638916","21.7562198638916","5.428438186645508","5.428438186645508","5.428438186645508","0.6039599180221558","0.6039599180221558","0.6039599180221558"
"2639","11.970250129699707","11.970250129699707","11.970250129699707","5.003570556640625","5.003570556640625","5.003570556640625","0.5577894449234009","0.5577894449234009","0.5577894449234009","15.207515716552734","15.207515716552734","15.207515716552734","5.851743221282959","5.851743221282959","5.851743221282959","0.5842903256416321","0.5842903256416321","0.5842903256416321"
"2669","28.24521827697754","28.24521827697754","28.24521827697754","7.15455961227417","7.15455961227417","7.15455961227417","0.6027399897575378","0.6027399897575378","0.6027399897575378","35.30695724487305","35.30695724487305","35.30695724487305","7.72399377822876","7.72399377822876","7.72399377822876","0.6611777544021606","0.6611777544021606","0.6611777544021606"
"2699","19.76529312133789","19.76529312133789","19.76529312133789","5.811243534088135","5.811243534088135","5.811243534088135","0.5142179131507874","0.5142179131507874","0.5142179131507874","28.027687072753906","28.027687072753906","28.027687072753906","6.620866775512695","6.620866775512695","6.620866775512695","0.5726408362388611","0.5726408362388611","0.5726408362388611"
"2729","25.53177833557129","25.53177833557129","25.53177833557129","6.550660133361816","6.550660133361816","6.550660133361816","0.6782314777374268","0.6782314777374268","0.6782314777374268","33.39695358276367","33.39695358276367","33.39695358276367","8.147335052490234","8.147335052490234","8.147335052490234","0.7447791695594788","0.7447791695594788","0.7447791695594788"
"2759","12.09434700012207","12.09434700012207","12.09434700012207","5.030905723571777","5.030905723571777","5.030905723571777","0.5662984848022461","0.5662984848022461","0.5662984848022461","14.566415786743164","14.566415786743164","14.566415786743164","5.959418296813965","5.959418296813965","5.959418296813965","0.6021965146064758","0.6021965146064758","0.6021965146064758"
"2789","12.599842071533203","12.599842071533203","12.599842071533203","4.678218841552734","4.678218841552734","4.678218841552734","0.505031943321228","0.505031943321228","0.505031943321228","16.885282516479492","16.885282516479492","16.885282516479492","6.270676136016846","6.270676136016846","6.270676136016846","0.5390229821205139","0.5390229821205139","0.5390229821205139"
"2819","11.678693771362305","11.678693771362305","11.678693771362305","3.847546339035034","3.847546339035034","3.847546339035034","0.5859137773513794","0.5859137773513794","0.5859137773513794","16.648977279663086","16.648977279663086","16.648977279663086","5.145133972167969","5.145133972167969","5.145133972167969","0.6355786323547363","0.6355786323547363","0.6355786323547363"
"2849","21.757465362548828","21.757465362548828","21.757465362548828","7.106847763061523","7.106847763061523","7.106847763061523","0.4849599599838257","0.4849599599838257","0.4849599599838257","30.829233169555664","30.829233169555664","30.829233169555664","7.40142297744751","7.40142297744751","7.40142297744751","0.5149345993995667","0.5149345993995667","0.5149345993995667"
"2879","13.260171890258789","13.260171890258789","13.260171890258789","6.682802200317383","6.682802200317383","6.682802200317383","0.6149976253509521","0.6149976253509521","0.6149976253509521","19.24559783935547","19.24559783935547","19.24559783935547","8.360260009765625","8.360260009765625","8.360260009765625","0.6635932922363281","0.6635932922363281","0.6635932922363281"
"2909","9.105247497558594","9.105247497558594","9.105247497558594","3.396944284439087","3.396944284439087","3.396944284439087","0.4231647253036499","0.4231647253036499","0.4231647253036499","14.372992515563965","14.372992515563965","14.372992515563965","4.2219719886779785","4.2219719886779785","4.2219719886779785","0.4586696922779083","0.4586696922779083","0.4586696922779083"
"2939","5.205978870391846","5.205978870391846","5.205978870391846","3.0893237590789795","3.0893237590789795","3.0893237590789795","0.530135452747345","0.530135452747345","0.530135452747345","7.544002532958984","7.544002532958984","7.544002532958984","3.8167724609375","3.8167724609375","3.8167724609375","0.6570873260498047","0.6570873260498047","0.6570873260498047"
"2969","11.216598510742188","11.216598510742188","11.216598510742188","20.627470016479492","20.627470016479492","20.627470016479492","0.4849627912044525","0.4849627912044525","0.4849627912044525","17.95149803161621","17.95149803161621","17.95149803161621","43.33612060546875","43.33612060546875","43.33612060546875","0.511934757232666","0.511934757232666","0.511934757232666"
"2999","5.125649452209473","5.125649452209473","5.125649452209473","3.42773175239563","3.42773175239563","3.42773175239563","0.4399850070476532","0.4399850070476532","0.4399850070476532","7.310359954833984","7.310359954833984","7.310359954833984","3.8559272289276123","3.8559272289276123","3.8559272289276123","0.47132736444473267","0.47132736444473267","0.47132736444473267"
"3029","10.974688529968262","10.974688529968262","10.974688529968262","13.300878524780273","13.300878524780273","13.300878524780273","0.43340757489204407","0.43340757489204407","0.43340757489204407","19.56403350830078","19.56403350830078","19.56403350830078","24.326366424560547","24.326366424560547","24.326366424560547","0.49425235390663147","0.49425235390663147","0.49425235390663147"
"3059","16.475568771362305","16.475568771362305","16.475568771362305","10.98105239868164","10.98105239868164","10.98105239868164","0.4917513430118561","0.4917513430118561","0.4917513430118561","20.704050064086914","20.704050064086914","20.704050064086914","6.941963195800781","6.941963195800781","6.941963195800781","0.5585798621177673","0.5585798621177673","0.5585798621177673"
"3089","6.598807334899902","6.598807334899902","6.598807334899902","2.7390778064727783","2.7390778064727783","2.7390778064727783","0.4676395654678345","0.4676395654678345","0.4676395654678345","9.791282653808594","9.791282653808594","9.791282653808594","3.600881576538086","3.600881576538086","3.600881576538086","0.5315106511116028","0.5315106511116028","0.5315106511116028"
"3119","10.115652084350586","10.115652084350586","10.115652084350586","3.234198570251465","3.234198570251465","3.234198570251465","0.47003844380378723","0.47003844380378723","0.47003844380378723","14.892017364501953","14.892017364501953","14.892017364501953","4.1355390548706055","4.1355390548706055","4.1355390548706055","0.5345708131790161","0.5345708131790161","0.5345708131790161"
"3149","8.142196655273438","8.142196655273438","8.142196655273438","3.0123088359832764","3.0123088359832764","3.0123088359832764","0.432931512594223","0.432931512594223","0.432931512594223","11.255550384521484","11.255550384521484","11.255550384521484","3.7014050483703613","3.7014050483703613","3.7014050483703613","0.5053475499153137","0.5053475499153137","0.5053475499153137"
"3179","6.493040084838867","6.493040084838867","6.493040084838867","2.117408037185669","2.117408037185669","2.117408037185669","0.4055725038051605","0.4055725038051605","0.4055725038051605","10.84517765045166","10.84517765045166","10.84517765045166","2.6663811206817627","2.6663811206817627","2.6663811206817627","0.4624987244606018","0.4624987244606018","0.4624987244606018"
"3209","10.984071731567383","10.984071731567383","10.984071731567383","3.8002748489379883","3.8002748489379883","3.8002748489379883","0.40895724296569824","0.40895724296569824","0.40895724296569824","14.5743408203125","14.5743408203125","14.5743408203125","4.1682000160217285","4.1682000160217285","4.1682000160217285","0.4851454794406891","0.4851454794406891","0.4851454794406891"
"3239","9.941279411315918","9.941279411315918","9.941279411315918","3.46523118019104","3.46523118019104","3.46523118019104","0.44683319330215454","0.44683319330215454","0.44683319330215454","16.990398406982422","16.990398406982422","16.990398406982422","4.760114669799805","4.760114669799805","4.760114669799805","0.5187363028526306","0.5187363028526306","0.5187363028526306"
"3269","11.254006385803223","11.254006385803223","11.254006385803223","3.657203197479248","3.657203197479248","3.657203197479248","0.4945545792579651","0.4945545792579651","0.4945545792579651","17.97779655456543","17.97779655456543","17.97779655456543","4.3706254959106445","4.3706254959106445","4.3706254959106445","0.5358948111534119","0.5358948111534119","0.5358948111534119"
"3299","7.05286979675293","7.05286979675293","7.05286979675293","3.1984808444976807","3.1984808444976807","3.1984808444976807","0.46090877056121826","0.46090877056121826","0.46090877056121826","12.901032447814941","12.901032447814941","12.901032447814941","4.1064982414245605","4.1064982414245605","4.1064982414245605","0.5836734175682068","0.5836734175682068","0.5836734175682068"
"3329","9.837467193603516","9.837467193603516","9.837467193603516","2.824395179748535","2.824395179748535","2.824395179748535","0.4172641634941101","0.4172641634941101","0.4172641634941101","16.558420181274414","16.558420181274414","16.558420181274414","3.958183526992798","3.958183526992798","3.958183526992798","0.47495123744010925","0.47495123744010925","0.47495123744010925"
"3359","10.694843292236328","10.694843292236328","10.694843292236328","3.4180331230163574","3.4180331230163574","3.4180331230163574","0.42125776410102844","0.42125776410102844","0.42125776410102844","16.375032424926758","16.375032424926758","16.375032424926758","3.9173479080200195","3.9173479080200195","3.9173479080200195","0.489234983921051","0.489234983921051","0.489234983921051"
"3389","3.7348079681396484","3.7348079681396484","3.7348079681396484","1.9714730978012085","1.9714730978012085","1.9714730978012085","0.3657563030719757","0.3657563030719757","0.3657563030719757","5.374487400054932","5.374487400054932","5.374487400054932","2.481174945831299","2.481174945831299","2.481174945831299","0.410152792930603","0.410152792930603","0.410152792930603"
"3419","8.444487571716309","8.444487571716309","8.444487571716309","2.4521985054016113","2.4521985054016113","2.4521985054016113","0.35410812497138977","0.35410812497138977","0.35410812497138977","14.410187721252441","14.410187721252441","14.410187721252441","3.3149735927581787","3.3149735927581787","3.3149735927581787","0.4286929965019226","0.4286929965019226","0.4286929965019226"
"3449","6.118866920471191","6.118866920471191","6.118866920471191","2.319035530090332","2.319035530090332","2.319035530090332","0.45715034008026123","0.45715034008026123","0.45715034008026123","10.340957641601562","10.340957641601562","10.340957641601562","3.123870849609375","3.123870849609375","3.123870849609375","0.5309163331985474","0.5309163331985474","0.5309163331985474"
"3479","5.861691951751709","5.861691951751709","5.861691951751709","1.8080549240112305","1.8080549240112305","1.8080549240112305","0.31795549392700195","0.31795549392700195","0.31795549392700195","10.996896743774414","10.996896743774414","10.996896743774414","2.576446771621704","2.576446771621704","2.576446771621704","0.3392571806907654","0.3392571806907654","0.3392571806907654"
"3509","9.482413291931152","9.482413291931152","9.482413291931152","6.714517593383789","6.714517593383789","6.714517593383789","0.39168375730514526","0.39168375730514526","0.39168375730514526","19.10176658630371","19.10176658630371","19.10176658630371","7.257706165313721","7.257706165313721","7.257706165313721","0.4561627507209778","0.4561627507209778","0.4561627507209778"
"3539","10.045371055603027","10.045371055603027","10.045371055603027","3.7440743446350098","3.7440743446350098","3.7440743446350098","0.31586986780166626","0.31586986780166626","0.31586986780166626","17.921979904174805","17.921979904174805","17.921979904174805","4.4028143882751465","4.4028143882751465","4.4028143882751465","0.3841474950313568","0.3841474950313568","0.3841474950313568"
"3569","5.314197063446045","5.314197063446045","5.314197063446045","1.9192423820495605","1.9192423820495605","1.9192423820495605","0.39925533533096313","0.39925533533096313","0.39925533533096313","9.468076705932617","9.468076705932617","9.468076705932617","2.796402931213379","2.796402931213379","2.796402931213379","0.4434337913990021","0.4434337913990021","0.4434337913990021"
"3599","8.735426902770996","8.735426902770996","8.735426902770996","3.1258394718170166","3.1258394718170166","3.1258394718170166","0.3929263651371002","0.3929263651371002","0.3929263651371002","15.5294189453125","15.5294189453125","15.5294189453125","3.408668041229248","3.408668041229248","3.408668041229248","0.4695920944213867","0.4695920944213867","0.4695920944213867"
"3629","3.161921262741089","3.161921262741089","3.161921262741089","1.6503198146820068","1.6503198146820068","1.6503198146820068","0.36588913202285767","0.36588913202285767","0.36588913202285767","5.300482273101807","5.300482273101807","5.300482273101807","2.1602118015289307","2.1602118015289307","2.1602118015289307","0.42665740847587585","0.42665740847587585","0.42665740847587585"
"3659","5.39375638961792","5.39375638961792","5.39375638961792","4.419181823730469","4.419181823730469","4.419181823730469","0.3540003001689911","0.3540003001689911","0.3540003001689911","9.506994247436523","9.506994247436523","9.506994247436523","4.099157810211182","4.099157810211182","4.099157810211182","0.42660605907440186","0.42660605907440186","0.42660605907440186"
"3689","3.0685760974884033","3.0685760974884033","3.0685760974884033","2.164881944656372","2.164881944656372","2.164881944656372","0.3773859739303589","0.3773859739303589","0.3773859739303589","4.850515842437744","4.850515842437744","4.850515842437744","2.7447521686553955","2.7447521686553955","2.7447521686553955","0.4711454212665558","0.4711454212665558","0.4711454212665558"
"3719","3.8706068992614746","3.8706068992614746","3.8706068992614746","2.1420114040374756","2.1420114040374756","2.1420114040374756","0.3695647418498993","0.3695647418498993","0.3695647418498993","7.671380519866943","7.671380519866943","7.671380519866943","2.6746327877044678","2.6746327877044678","2.6746327877044678","0.42060285806655884","0.42060285806655884","0.42060285806655884"
"3749","3.293945789337158","3.293945789337158","3.293945789337158","1.887808084487915","1.887808084487915","1.887808084487915","0.33530211448669434","0.33530211448669434","0.33530211448669434","4.630580425262451","4.630580425262451","4.630580425262451","2.4246106147766113","2.4246106147766113","2.4246106147766113","0.3949028551578522","0.3949028551578522","0.3949028551578522"
"3779","4.156341552734375","4.156341552734375","4.156341552734375","2.4441280364990234","2.4441280364990234","2.4441280364990234","0.28674525022506714","0.28674525022506714","0.28674525022506714","7.5833330154418945","7.5833330154418945","7.5833330154418945","2.327237606048584","2.327237606048584","2.327237606048584","0.33653271198272705","0.33653271198272705","0.33653271198272705"
"3809","3.742436408996582","3.742436408996582","3.742436408996582","2.2733781337738037","2.2733781337738037","2.2733781337738037","0.3838576376438141","0.3838576376438141","0.3838576376438141","6.877391338348389","6.877391338348389","6.877391338348389","2.5437235832214355","2.5437235832214355","2.5437235832214355","0.47724097967147827","0.47724097967147827","0.47724097967147827"
"3839","2.692624092102051","2.692624092102051","2.692624092102051","1.4582113027572632","1.4582113027572632","1.4582113027572632","0.30742108821868896","0.30742108821868896","0.30742108821868896","5.130661487579346","5.130661487579346","5.130661487579346","1.994533658027649","1.994533658027649","1.994533658027649","0.3790132403373718","0.3790132403373718","0.3790132403373718"
"3869","9.515320777893066","9.515320777893066","9.515320777893066","6.289381980895996","6.289381980895996","6.289381980895996","0.3083702027797699","0.3083702027797699","0.3083702027797699","16.230375289916992","16.230375289916992","16.230375289916992","4.086881637573242","4.086881637573242","4.086881637573242","0.36750251054763794","0.36750251054763794","0.36750251054763794"
"3899","5.351916313171387","5.351916313171387","5.351916313171387","1.436503291130066","1.436503291130066","1.436503291130066","0.2971680462360382","0.2971680462360382","0.2971680462360382","10.486543655395508","10.486543655395508","10.486543655395508","2.3648173809051514","2.3648173809051514","2.3648173809051514","0.35190436244010925","0.35190436244010925","0.35190436244010925"
"3929","2.9104838371276855","2.9104838371276855","2.9104838371276855","1.1296906471252441","1.1296906471252441","1.1296906471252441","0.24264433979988098","0.24264433979988098","0.24264433979988098","5.368444919586182","5.368444919586182","5.368444919586182","1.7605552673339844","1.7605552673339844","1.7605552673339844","0.2868868112564087","0.2868868112564087","0.2868868112564087"
"3959","2.790269136428833","2.790269136428833","2.790269136428833","1.3106787204742432","1.3106787204742432","1.3106787204742432","0.31309959292411804","0.31309959292411804","0.31309959292411804","5.332927227020264","5.332927227020264","5.332927227020264","1.9816335439682007","1.9816335439682007","1.9816335439682007","0.4231222867965698","0.4231222867965698","0.4231222867965698"
"3989","2.831557512283325","2.831557512283325","2.831557512283325","1.0431900024414062","1.0431900024414062","1.0431900024414062","0.26133662462234497","0.26133662462234497","0.26133662462234497","4.890760898590088","4.890760898590088","4.890760898590088","1.5617949962615967","1.5617949962615967","1.5617949962615967","0.31754958629608154","0.31754958629608154","0.31754958629608154"
"4019","4.54559326171875","4.54559326171875","4.54559326171875","19.7991943359375","19.7991943359375","19.7991943359375","0.36848029494285583","0.36848029494285583","0.36848029494285583","8.59939193725586","8.59939193725586","8.59939193725586","21.600141525268555","21.600141525268555","21.600141525268555","0.4695916771888733","0.4695916771888733","0.4695916771888733"
"4049","2.280696153640747","2.280696153640747","2.280696153640747","1.4111770391464233","1.4111770391464233","1.4111770391464233","0.2768614888191223","0.2768614888191223","0.2768614888191223","4.8001322746276855","4.8001322746276855","4.8001322746276855","1.7068145275115967","1.7068145275115967","1.7068145275115967","0.3371577858924866","0.3371577858924866","0.3371577858924866"
"4079","4.16050386428833","4.16050386428833","4.16050386428833","1.5445760488510132","1.5445760488510132","1.5445760488510132","0.27460262179374695","0.27460262179374695","0.27460262179374695","9.459139823913574","9.459139823913574","9.459139823913574","2.316622734069824","2.316622734069824","2.316622734069824","0.3570498526096344","0.3570498526096344","0.3570498526096344"
"4109","3.7819740772247314","3.7819740772247314","3.7819740772247314","1.4914747476577759","1.4914747476577759","1.4914747476577759","0.3067030608654022","0.3067030608654022","0.3067030608654022","7.496334075927734","7.496334075927734","7.496334075927734","2.4779253005981445","2.4779253005981445","2.4779253005981445","0.3780851364135742","0.3780851364135742","0.3780851364135742"
"4139","4.61688756942749","4.61688756942749","4.61688756942749","1.3050155639648438","1.3050155639648438","1.3050155639648438","0.28469178080558777","0.28469178080558777","0.28469178080558777","11.736964225769043","11.736964225769043","11.736964225769043","2.403933048248291","2.403933048248291","2.403933048248291","0.36855024099349976","0.36855024099349976","0.36855024099349976"
"4169","4.04360818862915","4.04360818862915","4.04360818862915","1.180918574333191","1.180918574333191","1.180918574333191","0.26213836669921875","0.26213836669921875","0.26213836669921875","10.070180892944336","10.070180892944336","10.070180892944336","1.7842369079589844","1.7842369079589844","1.7842369079589844","0.318421334028244","0.318421334028244","0.318421334028244"
"4199","3.1218202114105225","3.1218202114105225","3.1218202114105225","2.1249289512634277","2.1249289512634277","2.1249289512634277","0.3082665205001831","0.3082665205001831","0.3082665205001831","6.339283466339111","6.339283466339111","6.339283466339111","2.5825724601745605","2.5825724601745605","2.5825724601745605","0.394671767950058","0.394671767950058","0.394671767950058"
"4229","5.615441799163818","5.615441799163818","5.615441799163818","1.4138215780258179","1.4138215780258179","1.4138215780258179","0.24235126376152039","0.24235126376152039","0.24235126376152039","10.73367691040039","10.73367691040039","10.73367691040039","2.3272805213928223","2.3272805213928223","2.3272805213928223","0.3133230209350586","0.3133230209350586","0.3133230209350586"
"4259","1.7589399814605713","1.7589399814605713","1.7589399814605713","0.8422738313674927","0.8422738313674927","0.8422738313674927","0.2541479766368866","0.2541479766368866","0.2541479766368866","3.6059627532958984","3.6059627532958984","3.6059627532958984","1.4177532196044922","1.4177532196044922","1.4177532196044922","0.3456561863422394","0.3456561863422394","0.3456561863422394"
"4289","1.5438565015792847","1.5438565015792847","1.5438565015792847","0.892370343208313","0.892370343208313","0.892370343208313","0.24289877712726593","0.24289877712726593","0.24289877712726593","3.2677078247070312","3.2677078247070312","3.2677078247070312","1.3851271867752075","1.3851271867752075","1.3851271867752075","0.31920716166496277","0.31920716166496277","0.31920716166496277"
"4319","1.2678556442260742","1.2678556442260742","1.2678556442260742","1.4168548583984375","1.4168548583984375","1.4168548583984375","0.24795794486999512","0.24795794486999512","0.24795794486999512","2.763932466506958","2.763932466506958","2.763932466506958","1.3958183526992798","1.3958183526992798","1.3958183526992798","0.33241066336631775","0.33241066336631775","0.33241066336631775"
"4349","1.3700286149978638","1.3700286149978638","1.3700286149978638","0.8994848728179932","0.8994848728179932","0.8994848728179932","0.27427080273628235","0.27427080273628235","0.27427080273628235","3.0454180240631104","3.0454180240631104","3.0454180240631104","1.3668882846832275","1.3668882846832275","1.3668882846832275","0.3426380455493927","0.3426380455493927","0.3426380455493927"
"4379","2.7672038078308105","2.7672038078308105","2.7672038078308105","2.750384569168091","2.750384569168091","2.750384569168091","0.2846965193748474","0.2846965193748474","0.2846965193748474","5.293917179107666","5.293917179107666","5.293917179107666","3.700511932373047","3.700511932373047","3.700511932373047","0.3538626730442047","0.3538626730442047","0.3538626730442047"
"4409","1.3785772323608398","1.3785772323608398","1.3785772323608398","0.8645843267440796","0.8645843267440796","0.8645843267440796","0.2494530826807022","0.2494530826807022","0.2494530826807022","2.710606098175049","2.710606098175049","2.710606098175049","1.2251968383789062","1.2251968383789062","1.2251968383789062","0.3143927752971649","0.3143927752971649","0.3143927752971649"
"4439","1.7370378971099854","1.7370378971099854","1.7370378971099854","1.089396595954895","1.089396595954895","1.089396595954895","0.26238587498664856","0.26238587498664856","0.26238587498664856","3.2834439277648926","3.2834439277648926","3.2834439277648926","1.4510427713394165","1.4510427713394165","1.4510427713394165","0.3544502258300781","0.3544502258300781","0.3544502258300781"
"4469","1.2526990175247192","1.2526990175247192","1.2526990175247192","1.200500249862671","1.200500249862671","1.200500249862671","0.23181964457035065","0.23181964457035065","0.23181964457035065","2.536316156387329","2.536316156387329","2.536316156387329","1.3532018661499023","1.3532018661499023","1.3532018661499023","0.3203103244304657","0.3203103244304657","0.3203103244304657"
"4499","4.704961776733398","4.704961776733398","4.704961776733398","6.440801620483398","6.440801620483398","6.440801620483398","0.23080454766750336","0.23080454766750336","0.23080454766750336","6.721939563751221","6.721939563751221","6.721939563751221","16.136920928955078","16.136920928955078","16.136920928955078","0.30231913924217224","0.30231913924217224","0.30231913924217224"
"4529","1.423107624053955","1.423107624053955","1.423107624053955","0.7710827589035034","0.7710827589035034","0.7710827589035034","0.2698463499546051","0.2698463499546051","0.2698463499546051","3.2408058643341064","3.2408058643341064","3.2408058643341064","1.320658802986145","1.320658802986145","1.320658802986145","0.31078243255615234","0.31078243255615234","0.31078243255615234"
"4559","2.3790082931518555","2.3790082931518555","2.3790082931518555","0.8525565266609192","0.8525565266609192","0.8525565266609192","0.2138642966747284","0.2138642966747284","0.2138642966747284","5.344273567199707","5.344273567199707","5.344273567199707","1.8181225061416626","1.8181225061416626","1.8181225061416626","0.29714617133140564","0.29714617133140564","0.29714617133140564"
"4589","1.263611912727356","1.263611912727356","1.263611912727356","1.174660325050354","1.174660325050354","1.174660325050354","0.19066812098026276","0.19066812098026276","0.19066812098026276","2.544799566268921","2.544799566268921","2.544799566268921","1.1004774570465088","1.1004774570465088","1.1004774570465088","0.22037991881370544","0.22037991881370544","0.22037991881370544"
"4619","1.2020248174667358","1.2020248174667358","1.2020248174667358","0.5211648344993591","0.5211648344993591","0.5211648344993591","0.18624061346054077","0.18624061346054077","0.18624061346054077","2.7716140747070312","2.7716140747070312","2.7716140747070312","0.9416995048522949","0.9416995048522949","0.9416995048522949","0.35644832253456116","0.35644832253456116","0.35644832253456116"
"4649","2.5598223209381104","2.5598223209381104","2.5598223209381104","8.729467391967773","8.729467391967773","8.729467391967773","0.23779010772705078","0.23779010772705078","0.23779010772705078","2.978410482406616","2.978410482406616","2.978410482406616","5.536211013793945","5.536211013793945","5.536211013793945","0.31706830859184265","0.31706830859184265","0.31706830859184265"
"4679","1.1742057800292969","1.1742057800292969","1.1742057800292969","1.7108817100524902","1.7108817100524902","1.7108817100524902","0.25103384256362915","0.25103384256362915","0.25103384256362915","4.1746625900268555","4.1746625900268555","4.1746625900268555","2.4482474327087402","2.4482474327087402","2.4482474327087402","0.3547531068325043","0.3547531068325043","0.3547531068325043"
"4709","1.4012517929077148","1.4012517929077148","1.4012517929077148","1.9340676069259644","1.9340676069259644","1.9340676069259644","0.2622712552547455","0.2622712552547455","0.2622712552547455","3.662144660949707","3.662144660949707","3.662144660949707","1.4100925922393799","1.4100925922393799","1.4100925922393799","0.3650438189506531","0.3650438189506531","0.3650438189506531"
"4739","2.831333875656128","2.831333875656128","2.831333875656128","1.4109082221984863","1.4109082221984863","1.4109082221984863","0.24176068603992462","0.24176068603992462","0.24176068603992462","6.057903289794922","6.057903289794922","6.057903289794922","1.567196011543274","1.567196011543274","1.567196011543274","0.27582091093063354","0.27582091093063354","0.27582091093063354"
"4769","2.7397618293762207","2.7397618293762207","2.7397618293762207","1.0674515962600708","1.0674515962600708","1.0674515962600708","0.22500666975975037","0.22500666975975037","0.22500666975975037","9.827497482299805","9.827497482299805","9.827497482299805","1.7657101154327393","1.7657101154327393","1.7657101154327393","0.27514737844467163","0.27514737844467163","0.27514737844467163"
"4799","1.168389081954956","1.168389081954956","1.168389081954956","0.7027251124382019","0.7027251124382019","0.7027251124382019","0.19184795022010803","0.19184795022010803","0.19184795022010803","3.2338674068450928","3.2338674068450928","3.2338674068450928","1.4482824802398682","1.4482824802398682","1.4482824802398682","0.2683722674846649","0.2683722674846649","0.2683722674846649"
"4829","1.1266448497772217","1.1266448497772217","1.1266448497772217","0.7194004654884338","0.7194004654884338","0.7194004654884338","0.24934248626232147","0.24934248626232147","0.24934248626232147","3.309783935546875","3.309783935546875","3.309783935546875","1.0886695384979248","1.0886695384979248","1.0886695384979248","0.30660882592201233","0.30660882592201233","0.30660882592201233"
"4859","1.3265212774276733","1.3265212774276733","1.3265212774276733","0.6737096905708313","0.6737096905708313","0.6737096905708313","0.20351241528987885","0.20351241528987885","0.20351241528987885","2.866234064102173","2.866234064102173","2.866234064102173","1.05823814868927","1.05823814868927","1.05823814868927","0.2591666877269745","0.2591666877269745","0.2591666877269745"
"4889","1.0026583671569824","1.0026583671569824","1.0026583671569824","0.7843427658081055","0.7843427658081055","0.7843427658081055","0.20433379709720612","0.20433379709720612","0.20433379709720612","2.6294100284576416","2.6294100284576416","2.6294100284576416","1.0487864017486572","1.0487864017486572","1.0487864017486572","0.31207379698753357","0.31207379698753357","0.31207379698753357"
"4919","3.521754264831543","3.521754264831543","3.521754264831543","6.996274948120117","6.996274948120117","6.996274948120117","0.2602890729904175","0.2602890729904175","0.2602890729904175","7.589301109313965","7.589301109313965","7.589301109313965","4.385366916656494","4.385366916656494","4.385366916656494","0.3626333773136139","0.3626333773136139","0.3626333773136139"
"4949","1.3650555610656738","1.3650555610656738","1.3650555610656738","1.953084945678711","1.953084945678711","1.953084945678711","0.22168223559856415","0.22168223559856415","0.22168223559856415","3.0707359313964844","3.0707359313964844","3.0707359313964844","1.2144027948379517","1.2144027948379517","1.2144027948379517","0.3106391727924347","0.3106391727924347","0.3106391727924347"
"4979","1.1264408826828003","1.1264408826828003","1.1264408826828003","0.7731762528419495","0.7731762528419495","0.7731762528419495","0.19937562942504883","0.19937562942504883","0.19937562942504883","2.437800168991089","2.437800168991089","2.437800168991089","1.1719725131988525","1.1719725131988525","1.1719725131988525","0.2777290344238281","0.2777290344238281","0.2777290344238281"
"5009","0.7132513523101807","0.7132513523101807","0.7132513523101807","0.5539763569831848","0.5539763569831848","0.5539763569831848","0.19301192462444305","0.19301192462444305","0.19301192462444305","2.1372663974761963","2.1372663974761963","2.1372663974761963","0.997506856918335","0.997506856918335","0.997506856918335","0.27663758397102356","0.27663758397102356","0.27663758397102356"
"5039","0.7908191680908203","0.7908191680908203","0.7908191680908203","0.7057833671569824","0.7057833671569824","0.7057833671569824","0.19016887247562408","0.19016887247562408","0.19016887247562408","2.2166900634765625","2.2166900634765625","2.2166900634765625","1.1496726274490356","1.1496726274490356","1.1496726274490356","0.27933111786842346","0.27933111786842346","0.27933111786842346"
"5069","1.384992003440857","1.384992003440857","1.384992003440857","1.92446768283844","1.92446768283844","1.92446768283844","0.190104141831398","0.190104141831398","0.190104141831398","2.226749897003174","2.226749897003174","2.226749897003174","1.0861084461212158","1.0861084461212158","1.0861084461212158","0.2874039113521576","0.2874039113521576","0.2874039113521576"
"5099","1.0179797410964966","1.0179797410964966","1.0179797410964966","0.9618498682975769","0.9618498682975769","0.9618498682975769","0.2232305258512497","0.2232305258512497","0.2232305258512497","2.345837116241455","2.345837116241455","2.345837116241455","1.1393064260482788","1.1393064260482788","1.1393064260482788","0.30659210681915283","0.30659210681915283","0.30659210681915283"
"5129","1.228460669517517","1.228460669517517","1.228460669517517","0.9127951860427856","0.9127951860427856","0.9127951860427856","0.18988937139511108","0.18988937139511108","0.18988937139511108","2.1573140621185303","2.1573140621185303","2.1573140621185303","1.2910085916519165","1.2910085916519165","1.2910085916519165","0.3087455630302429","0.3087455630302429","0.3087455630302429"
"5159","1.099432349205017","1.099432349205017","1.099432349205017","0.7826561331748962","0.7826561331748962","0.7826561331748962","0.18201524019241333","0.18201524019241333","0.18201524019241333","3.0472450256347656","3.0472450256347656","3.0472450256347656","0.9849585294723511","0.9849585294723511","0.9849585294723511","0.2598666250705719","0.2598666250705719","0.2598666250705719"
"5189","0.9474073648452759","0.9474073648452759","0.9474073648452759","0.6003222465515137","0.6003222465515137","0.6003222465515137","0.19702941179275513","0.19702941179275513","0.19702941179275513","1.884077548980713","1.884077548980713","1.884077548980713","0.9114431738853455","0.9114431738853455","0.9114431738853455","0.2786962389945984","0.2786962389945984","0.2786962389945984"
"5219","1.1585310697555542","1.1585310697555542","1.1585310697555542","2.4921188354492188","2.4921188354492188","2.4921188354492188","0.23083782196044922","0.23083782196044922","0.23083782196044922","1.9487890005111694","1.9487890005111694","1.9487890005111694","1.7829465866088867","1.7829465866088867","1.7829465866088867","0.2693765163421631","0.2693765163421631","0.2693765163421631"
"5249","0.8133412599563599","0.8133412599563599","0.8133412599563599","1.554445743560791","1.554445743560791","1.554445743560791","0.20604777336120605","0.20604777336120605","0.20604777336120605","2.2111077308654785","2.2111077308654785","2.2111077308654785","2.152989149093628","2.152989149093628","2.152989149093628","0.2740333080291748","0.2740333080291748","0.2740333080291748"
"5279","1.3291645050048828","1.3291645050048828","1.3291645050048828","3.295973539352417","3.295973539352417","3.295973539352417","0.21185679733753204","0.21185679733753204","0.21185679733753204","2.0851433277130127","2.0851433277130127","2.0851433277130127","2.414029836654663","2.414029836654663","2.414029836654663","0.28553858399391174","0.28553858399391174","0.28553858399391174"
"5309","4.417239189147949","4.417239189147949","4.417239189147949","2.88223934173584","2.88223934173584","2.88223934173584","0.1708599030971527","0.1708599030971527","0.1708599030971527","5.217013835906982","5.217013835906982","5.217013835906982","12.055045127868652","12.055045127868652","12.055045127868652","0.23164333403110504","0.23164333403110504","0.23164333403110504"
"5339","5.15205192565918","5.15205192565918","5.15205192565918","19.104503631591797","19.104503631591797","19.104503631591797","0.23605571687221527","0.23605571687221527","0.23605571687221527","6.3329668045043945","6.3329668045043945","6.3329668045043945","9.98970890045166","9.98970890045166","9.98970890045166","0.33045104146003723","0.33045104146003723","0.33045104146003723"
"5369","1.4553320407867432","1.4553320407867432","1.4553320407867432","1.5378079414367676","1.5378079414367676","1.5378079414367676","0.1721220314502716","0.1721220314502716","0.1721220314502716","3.3003041744232178","3.3003041744232178","3.3003041744232178","1.546663761138916","1.546663761138916","1.546663761138916","0.2750987112522125","0.2750987112522125","0.2750987112522125"
"5399","0.555396556854248","0.555396556854248","0.555396556854248","0.45053693652153015","0.45053693652153015","0.45053693652153015","0.17737190425395966","0.17737190425395966","0.17737190425395966","1.8053605556488037","1.8053605556488037","1.8053605556488037","0.7266058921813965","0.7266058921813965","0.7266058921813965","0.2322278469800949","0.2322278469800949","0.2322278469800949"
"5429","0.5903010368347168","0.5903010368347168","0.5903010368347168","0.6032543778419495","0.6032543778419495","0.6032543778419495","0.1546899378299713","0.1546899378299713","0.1546899378299713","1.7700449228286743","1.7700449228286743","1.7700449228286743","0.7593821287155151","0.7593821287155151","0.7593821287155151","0.19008512794971466","0.19008512794971466","0.19008512794971466"
"5459","3.2649190425872803","3.2649190425872803","3.2649190425872803","2.7571654319763184","2.7571654319763184","2.7571654319763184","0.21730144321918488","0.21730144321918488","0.21730144321918488","5.724678039550781","5.724678039550781","5.724678039550781","23.449621200561523","23.449621200561523","23.449621200561523","0.2636396586894989","0.2636396586894989","0.2636396586894989"
"5489","0.7207912802696228","0.7207912802696228","0.7207912802696228","0.8051989078521729","0.8051989078521729","0.8051989078521729","0.19046173989772797","0.19046173989772797","0.19046173989772797","1.8426494598388672","1.8426494598388672","1.8426494598388672","0.8623698353767395","0.8623698353767395","0.8623698353767395","0.25884363055229187","0.25884363055229187","0.25884363055229187"
"5519","0.8058750629425049","0.8058750629425049","0.8058750629425049","0.5295889377593994","0.5295889377593994","0.5295889377593994","0.19345805048942566","0.19345805048942566","0.19345805048942566","2.4567222595214844","2.4567222595214844","2.4567222595214844","0.9831345677375793","0.9831345677375793","0.9831345677375793","0.26007315516471863","0.26007315516471863","0.26007315516471863"
"5549","2.1310956478118896","2.1310956478118896","2.1310956478118896","1.0897129774093628","1.0897129774093628","1.0897129774093628","0.19720366597175598","0.19720366597175598","0.19720366597175598","1.8801387548446655","1.8801387548446655","1.8801387548446655","1.392328143119812","1.392328143119812","1.392328143119812","0.25863537192344666","0.25863537192344666","0.25863537192344666"
"5579","1.3422977924346924","1.3422977924346924","1.3422977924346924","0.6093218922615051","0.6093218922615051","0.6093218922615051","0.16356012225151062","0.16356012225151062","0.16356012225151062","3.475616931915283","3.475616931915283","3.475616931915283","1.0716886520385742","1.0716886520385742","1.0716886520385742","0.22247159481048584","0.22247159481048584","0.22247159481048584"
"5609","1.5738064050674438","1.5738064050674438","1.5738064050674438","4.393467426300049","4.393467426300049","4.393467426300049","0.18724492192268372","0.18724492192268372","0.18724492192268372","2.090742349624634","2.090742349624634","2.090742349624634","2.654374361038208","2.654374361038208","2.654374361038208","0.26380836963653564","0.26380836963653564","0.26380836963653564"
"5639","2.1426382064819336","2.1426382064819336","2.1426382064819336","1.3301124572753906","1.3301124572753906","1.3301124572753906","0.1796303540468216","0.1796303540468216","0.1796303540468216","1.9353857040405273","1.9353857040405273","1.9353857040405273","1.15931236743927","1.15931236743927","1.15931236743927","0.2782709300518036","0.2782709300518036","0.2782709300518036"
"5669","1.7729476690292358","1.7729476690292358","1.7729476690292358","1.181383490562439","1.181383490562439","1.181383490562439","0.17657800018787384","0.17657800018787384","0.17657800018787384","1.695837378501892","1.695837378501892","1.695837378501892","1.1030150651931763","1.1030150651931763","1.1030150651931763","0.28093063831329346","0.28093063831329346","0.28093063831329346"
"5699","0.7602618336677551","0.7602618336677551","0.7602618336677551","3.318721294403076","3.318721294403076","3.318721294403076","0.170100137591362","0.170100137591362","0.170100137591362","2.7744829654693604","2.7744829654693604","2.7744829654693604","0.9106926321983337","0.9106926321983337","0.9106926321983337","0.24081066250801086","0.24081066250801086","0.24081066250801086"
"5729","0.4254554212093353","0.4254554212093353","0.4254554212093353","0.4222315847873688","0.4222315847873688","0.4222315847873688","0.21920551359653473","0.21920551359653473","0.21920551359653473","1.2799752950668335","1.2799752950668335","1.2799752950668335","0.7750723361968994","0.7750723361968994","0.7750723361968994","0.322168231010437","0.322168231010437","0.322168231010437"
"5759","0.5916515588760376","0.5916515588760376","0.5916515588760376","0.4872089922428131","0.4872089922428131","0.4872089922428131","0.17433986067771912","0.17433986067771912","0.17433986067771912","1.3310205936431885","1.3310205936431885","1.3310205936431885","0.9640356302261353","0.9640356302261353","0.9640356302261353","0.2390502542257309","0.2390502542257309","0.2390502542257309"
"5789","0.5838460922241211","0.5838460922241211","0.5838460922241211","0.40587118268013","0.40587118268013","0.40587118268013","0.1508691906929016","0.1508691906929016","0.1508691906929016","1.3031387329101562","1.3031387329101562","1.3031387329101562","0.7234194874763489","0.7234194874763489","0.7234194874763489","0.2375205010175705","0.2375205010175705","0.2375205010175705"
"5819","0.4137750267982483","0.4137750267982483","0.4137750267982483","0.35573020577430725","0.35573020577430725","0.35573020577430725","0.1711801290512085","0.1711801290512085","0.1711801290512085","1.2960642576217651","1.2960642576217651","1.2960642576217651","0.6473137736320496","0.6473137736320496","0.6473137736320496","0.2267436981201172","0.2267436981201172","0.2267436981201172"
"5849","0.5609120726585388","0.5609120726585388","0.5609120726585388","0.680651843547821","0.680651843547821","0.680651843547821","0.15777349472045898","0.15777349472045898","0.15777349472045898","1.3939987421035767","1.3939987421035767","1.3939987421035767","0.6524932980537415","0.6524932980537415","0.6524932980537415","0.24860064685344696","0.24860064685344696","0.24860064685344696"
"5879","0.7582891583442688","0.7582891583442688","0.7582891583442688","0.6114901304244995","0.6114901304244995","0.6114901304244995","0.20985271036624908","0.20985271036624908","0.20985271036624908","1.65423583984375","1.65423583984375","1.65423583984375","1.3764042854309082","1.3764042854309082","1.3764042854309082","0.2615032196044922","0.2615032196044922","0.2615032196044922"
"5909","1.0916657447814941","1.0916657447814941","1.0916657447814941","1.165212869644165","1.165212869644165","1.165212869644165","0.15395985543727875","0.15395985543727875","0.15395985543727875","1.39567232131958","1.39567232131958","1.39567232131958","0.9238737225532532","0.9238737225532532","0.9238737225532532","0.2128354161977768","0.2128354161977768","0.2128354161977768"
"5939","0.7987006306648254","0.7987006306648254","0.7987006306648254","0.827268123626709","0.827268123626709","0.827268123626709","0.1714722216129303","0.1714722216129303","0.1714722216129303","3.446653127670288","3.446653127670288","3.446653127670288","1.0113232135772705","1.0113232135772705","1.0113232135772705","0.24768184125423431","0.24768184125423431","0.24768184125423431"
"5969","0.343771368265152","0.343771368265152","0.343771368265152","0.3392040431499481","0.3392040431499481","0.3392040431499481","0.1702960878610611","0.1702960878610611","0.1702960878610611","1.0997040271759033","1.0997040271759033","1.0997040271759033","0.6235231161117554","0.6235231161117554","0.6235231161117554","0.26016443967819214","0.26016443967819214","0.26016443967819214"
"5999","0.5747835040092468","0.5747835040092468","0.5747835040092468","0.8472061157226562","0.8472061157226562","0.8472061157226562","0.18671327829360962","0.18671327829360962","0.18671327829360962","1.3021389245986938","1.3021389245986938","1.3021389245986938","0.8847547769546509","0.8847547769546509","0.8847547769546509","0.25661495327949524","0.25661495327949524","0.25661495327949524"
"6029","0.3132334351539612","0.3132334351539612","0.3132334351539612","0.4209888279438019","0.4209888279438019","0.4209888279438019","0.13034158945083618","0.13034158945083618","0.13034158945083618","1.0170267820358276","1.0170267820358276","1.0170267820358276","0.5913600921630859","0.5913600921630859","0.5913600921630859","0.20431536436080933","0.20431536436080933","0.20431536436080933"
"6059","0.6902248859405518","0.6902248859405518","0.6902248859405518","1.2951791286468506","1.2951791286468506","1.2951791286468506","0.13536278903484344","0.13536278903484344","0.13536278903484344","1.6711974143981934","1.6711974143981934","1.6711974143981934","1.1549608707427979","1.1549608707427979","1.1549608707427979","0.2225978821516037","0.2225978821516037","0.2225978821516037"
"6089","0.43831488490104675","0.43831488490104675","0.43831488490104675","0.6186203956604004","0.6186203956604004","0.6186203956604004","0.16784580051898956","0.16784580051898956","0.16784580051898956","1.2176628112792969","1.2176628112792969","1.2176628112792969","0.7335309982299805","0.7335309982299805","0.7335309982299805","0.1854444444179535","0.1854444444179535","0.1854444444179535"
"6119","1.36907958984375","1.36907958984375","1.36907958984375","5.8484416007995605","5.8484416007995605","5.8484416007995605","0.11850786954164505","0.11850786954164505","0.11850786954164505","2.3730735778808594","2.3730735778808594","2.3730735778808594","10.071330070495605","10.071330070495605","10.071330070495605","0.19633233547210693","0.19633233547210693","0.19633233547210693"
"6149","0.4805088937282562","0.4805088937282562","0.4805088937282562","0.3435327112674713","0.3435327112674713","0.3435327112674713","0.13343141973018646","0.13343141973018646","0.13343141973018646","1.0820101499557495","1.0820101499557495","1.0820101499557495","0.7310253977775574","0.7310253977775574","0.7310253977775574","0.20282870531082153","0.20282870531082153","0.20282870531082153"
"6179","0.6274137496948242","0.6274137496948242","0.6274137496948242","1.4908273220062256","1.4908273220062256","1.4908273220062256","0.1621199995279312","0.1621199995279312","0.1621199995279312","1.3072991371154785","1.3072991371154785","1.3072991371154785","1.3762844800949097","1.3762844800949097","1.3762844800949097","0.24206028878688812","0.24206028878688812","0.24206028878688812"
"6209","0.6109417080879211","0.6109417080879211","0.6109417080879211","0.7326456308364868","0.7326456308364868","0.7326456308364868","0.14500504732131958","0.14500504732131958","0.14500504732131958","1.3827743530273438","1.3827743530273438","1.3827743530273438","0.7921974062919617","0.7921974062919617","0.7921974062919617","0.2321164309978485","0.2321164309978485","0.2321164309978485"
"6239","0.2629104554653168","0.2629104554653168","0.2629104554653168","0.42540937662124634","0.42540937662124634","0.42540937662124634","0.16754862666130066","0.16754862666130066","0.16754862666130066","1.0547313690185547","1.0547313690185547","1.0547313690185547","0.654540479183197","0.654540479183197","0.654540479183197","0.2505795359611511","0.2505795359611511","0.2505795359611511"
"6269","0.8814927339553833","0.8814927339553833","0.8814927339553833","3.504119873046875","3.504119873046875","3.504119873046875","0.1618732362985611","0.1618732362985611","0.1618732362985611","1.4188756942749023","1.4188756942749023","1.4188756942749023","1.5145580768585205","1.5145580768585205","1.5145580768585205","0.23332759737968445","0.23332759737968445","0.23332759737968445"
"6299","0.941599428653717","0.941599428653717","0.941599428653717","2.785435199737549","2.785435199737549","2.785435199737549","0.15021666884422302","0.15021666884422302","0.15021666884422302","1.4413752555847168","1.4413752555847168","1.4413752555847168","1.6919618844985962","1.6919618844985962","1.6919618844985962","0.20583319664001465","0.20583319664001465","0.20583319664001465"
"6329","0.5157169699668884","0.5157169699668884","0.5157169699668884","0.43829020857810974","0.43829020857810974","0.43829020857810974","0.16273139417171478","0.16273139417171478","0.16273139417171478","1.244822382926941","1.244822382926941","1.244822382926941","0.7362756133079529","0.7362756133079529","0.7362756133079529","0.25906193256378174","0.25906193256378174","0.25906193256378174"
"6359","1.0130759477615356","1.0130759477615356","1.0130759477615356","7.699368000030518","7.699368000030518","7.699368000030518","0.1538975089788437","0.1538975089788437","0.1538975089788437","1.9615724086761475","1.9615724086761475","1.9615724086761475","6.2181315422058105","6.2181315422058105","6.2181315422058105","0.26291295886039734","0.26291295886039734","0.26291295886039734"
"6389","0.3605467975139618","0.3605467975139618","0.3605467975139618","0.2540297210216522","0.2540297210216522","0.2540297210216522","0.1711570769548416","0.1711570769548416","0.1711570769548416","0.8598706126213074","0.8598706126213074","0.8598706126213074","0.4936855733394623","0.4936855733394623","0.4936855733394623","0.18848593533039093","0.18848593533039093","0.18848593533039093"
"6419","0.5625135898590088","0.5625135898590088","0.5625135898590088","0.8653570413589478","0.8653570413589478","0.8653570413589478","0.19125914573669434","0.19125914573669434","0.19125914573669434","1.0088485479354858","1.0088485479354858","1.0088485479354858","0.7977104187011719","0.7977104187011719","0.7977104187011719","0.24334900081157684","0.24334900081157684","0.24334900081157684"
"6449","0.4367738962173462","0.4367738962173462","0.4367738962173462","0.3008092939853668","0.3008092939853668","0.3008092939853668","0.15612338483333588","0.15612338483333588","0.15612338483333588","0.8742150664329529","0.8742150664329529","0.8742150664329529","0.5146633982658386","0.5146633982658386","0.5146633982658386","0.25847217440605164","0.25847217440605164","0.25847217440605164"
"6479","0.3756004869937897","0.3756004869937897","0.3756004869937897","0.9102432131767273","0.9102432131767273","0.9102432131767273","0.1529991328716278","0.1529991328716278","0.1529991328716278","0.8659878373146057","0.8659878373146057","0.8659878373146057","0.8843945860862732","0.8843945860862732","0.8843945860862732","0.2123117595911026","0.2123117595911026","0.2123117595911026"
"6509","0.5597084760665894","0.5597084760665894","0.5597084760665894","0.6833687424659729","0.6833687424659729","0.6833687424659729","0.1439145803451538","0.1439145803451538","0.1439145803451538","1.4747092723846436","1.4747092723846436","1.4747092723846436","0.7789211869239807","0.7789211869239807","0.7789211869239807","0.23374579846858978","0.23374579846858978","0.23374579846858978"
"6539","0.4416123628616333","0.4416123628616333","0.4416123628616333","0.3210664689540863","0.3210664689540863","0.3210664689540863","0.1411794275045395","0.1411794275045395","0.1411794275045395","0.9426213502883911","0.9426213502883911","0.9426213502883911","0.5536122918128967","0.5536122918128967","0.5536122918128967","0.23968638479709625","0.23968638479709625","0.23968638479709625"
"6569","0.9670377373695374","0.9670377373695374","0.9670377373695374","0.8015258312225342","0.8015258312225342","0.8015258312225342","0.16111406683921814","0.16111406683921814","0.16111406683921814","1.3139338493347168","1.3139338493347168","1.3139338493347168","2.0983712673187256","2.0983712673187256","2.0983712673187256","0.206492081284523","0.206492081284523","0.206492081284523"
"6599","0.40387099981307983","0.40387099981307983","0.40387099981307983","0.3888910710811615","0.3888910710811615","0.3888910710811615","0.15283788740634918","0.15283788740634918","0.15283788740634918","0.7910667061805725","0.7910667061805725","0.7910667061805725","0.5723460912704468","0.5723460912704468","0.5723460912704468","0.2327871471643448","0.2327871471643448","0.2327871471643448"
"6629","0.407058447599411","0.407058447599411","0.407058447599411","0.931414008140564","0.931414008140564","0.931414008140564","0.12520059943199158","0.12520059943199158","0.12520059943199158","0.9536547660827637","0.9536547660827637","0.9536547660827637","1.186326265335083","1.186326265335083","1.186326265335083","0.18700163066387177","0.18700163066387177","0.18700163066387177"
"6659","0.5873426198959351","0.5873426198959351","0.5873426198959351","0.6057085990905762","0.6057085990905762","0.6057085990905762","0.11914220452308655","0.11914220452308655","0.11914220452308655","1.6330667734146118","1.6330667734146118","1.6330667734146118","0.73301100730896","0.73301100730896","0.73301100730896","0.22116313874721527","0.22116313874721527","0.22116313874721527"
"6689","0.29617664217948914","0.29617664217948914","0.29617664217948914","0.2839393615722656","0.2839393615722656","0.2839393615722656","0.16078080236911774","0.16078080236911774","0.16078080236911774","0.9437124133110046","0.9437124133110046","0.9437124133110046","0.5613044500350952","0.5613044500350952","0.5613044500350952","0.22876416146755219","0.22876416146755219","0.22876416146755219"
"6719","0.3502456843852997","0.3502456843852997","0.3502456843852997","0.4464791417121887","0.4464791417121887","0.4464791417121887","0.13182486593723297","0.13182486593723297","0.13182486593723297","0.8938868641853333","0.8938868641853333","0.8938868641853333","0.6434767246246338","0.6434767246246338","0.6434767246246338","0.22193248569965363","0.22193248569965363","0.22193248569965363"
"6749","1.0213825702667236","1.0213825702667236","1.0213825702667236","0.994660496711731","0.994660496711731","0.994660496711731","0.15310628712177277","0.15310628712177277","0.15310628712177277","1.7124314308166504","1.7124314308166504","1.7124314308166504","1.5358816385269165","1.5358816385269165","1.5358816385269165","0.23810982704162598","0.23810982704162598","0.23810982704162598"
"6779","0.6775873899459839","0.6775873899459839","0.6775873899459839","0.5752363204956055","0.5752363204956055","0.5752363204956055","0.15927711129188538","0.15927711129188538","0.15927711129188538","1.7466447353363037","1.7466447353363037","1.7466447353363037","0.70392906665802","0.70392906665802","0.70392906665802","0.2102183848619461","0.2102183848619461","0.2102183848619461"
"6809","0.31094419956207275","0.31094419956207275","0.31094419956207275","0.4498549699783325","0.4498549699783325","0.4498549699783325","0.11363939195871353","0.11363939195871353","0.11363939195871353","0.7463254928588867","0.7463254928588867","0.7463254928588867","0.5806812644004822","0.5806812644004822","0.5806812644004822","0.16515764594078064","0.16515764594078064","0.16515764594078064"
"6839","0.7638510465621948","0.7638510465621948","0.7638510465621948","0.9457458257675171","0.9457458257675171","0.9457458257675171","0.13060103356838226","0.13060103356838226","0.13060103356838226","2.0055994987487793","2.0055994987487793","2.0055994987487793","0.6441436409950256","0.6441436409950256","0.6441436409950256","0.2135518193244934","0.2135518193244934","0.2135518193244934"
"6869","0.4618507921695709","0.4618507921695709","0.4618507921695709","0.34404700994491577","0.34404700994491577","0.34404700994491577","0.10846946388483047","0.10846946388483047","0.10846946388483047","0.9280409216880798","0.9280409216880798","0.9280409216880798","0.5034665465354919","0.5034665465354919","0.5034665465354919","0.1770441085100174","0.1770441085100174","0.1770441085100174"
"6899","3.6778597831726074","3.6778597831726074","3.6778597831726074","3.1287410259246826","3.1287410259246826","3.1287410259246826","0.15598633885383606","0.15598633885383606","0.15598633885383606","2.090895175933838","2.090895175933838","2.090895175933838","16.518962860107422","16.518962860107422","16.518962860107422","0.23119796812534332","0.23119796812534332","0.23119796812534332"
"6929","0.2894229590892792","0.2894229590892792","0.2894229590892792","0.22365924715995789","0.22365924715995789","0.22365924715995789","0.15412123501300812","0.15412123501300812","0.15412123501300812","0.9313045144081116","0.9313045144081116","0.9313045144081116","0.4986739158630371","0.4986739158630371","0.4986739158630371","0.17336127161979675","0.17336127161979675","0.17336127161979675"
"6959","0.546066403388977","0.546066403388977","0.546066403388977","0.2877735495567322","0.2877735495567322","0.2877735495567322","0.11509113758802414","0.11509113758802414","0.11509113758802414","0.7240067720413208","0.7240067720413208","0.7240067720413208","0.706884503364563","0.706884503364563","0.706884503364563","0.20039521157741547","0.20039521157741547","0.20039521157741547"
"6989","0.6007412672042847","0.6007412672042847","0.6007412672042847","0.4275437891483307","0.4275437891483307","0.4275437891483307","0.11902698129415512","0.11902698129415512","0.11902698129415512","0.7305858731269836","0.7305858731269836","0.7305858731269836","0.4467240869998932","0.4467240869998932","0.4467240869998932","0.30530276894569397","0.30530276894569397","0.30530276894569397"
"7019","0.548306405544281","0.548306405544281","0.548306405544281","0.9253837466239929","0.9253837466239929","0.9253837466239929","0.11511022597551346","0.11511022597551346","0.11511022597551346","1.085907220840454","1.085907220840454","1.085907220840454","0.8963661193847656","0.8963661193847656","0.8963661193847656","0.2012367993593216","0.2012367993593216","0.2012367993593216"
"7049","0.38579368591308594","0.38579368591308594","0.38579368591308594","0.30257728695869446","0.30257728695869446","0.30257728695869446","0.13163116574287415","0.13163116574287415","0.13163116574287415","0.9217050671577454","0.9217050671577454","0.9217050671577454","0.5076859593391418","0.5076859593391418","0.5076859593391418","0.17762324213981628","0.17762324213981628","0.17762324213981628"
"7079","0.3004308342933655","0.3004308342933655","0.3004308342933655","0.30203554034233093","0.30203554034233093","0.30203554034233093","0.1472889631986618","0.1472889631986618","0.1472889631986618","0.7344224452972412","0.7344224452972412","0.7344224452972412","0.5703222751617432","0.5703222751617432","0.5703222751617432","0.23341365158557892","0.23341365158557892","0.23341365158557892"
"7109","0.885445773601532","0.885445773601532","0.885445773601532","1.304115891456604","1.304115891456604","1.304115891456604","0.12620621919631958","0.12620621919631958","0.12620621919631958","0.9138755798339844","0.9138755798339844","0.9138755798339844","0.9715590476989746","0.9715590476989746","0.9715590476989746","0.17541846632957458","0.17541846632957458","0.17541846632957458"
"7139","0.5374412536621094","0.5374412536621094","0.5374412536621094","0.3208220601081848","0.3208220601081848","0.3208220601081848","0.11748454719781876","0.11748454719781876","0.11748454719781876","0.6788668632507324","0.6788668632507324","0.6788668632507324","0.7416281700134277","0.7416281700134277","0.7416281700134277","0.20165316760540009","0.20165316760540009","0.20165316760540009"
"7169","0.38176199793815613","0.38176199793815613","0.38176199793815613","0.6005878448486328","0.6005878448486328","0.6005878448486328","0.11805446445941925","0.11805446445941925","0.11805446445941925","0.6858085989952087","0.6858085989952087","0.6858085989952087","0.58888840675354","0.58888840675354","0.58888840675354","0.17775346338748932","0.17775346338748932","0.17775346338748932"
"7199","0.34076857566833496","0.34076857566833496","0.34076857566833496","0.7155474424362183","0.7155474424362183","0.7155474424362183","0.11758485436439514","0.11758485436439514","0.11758485436439514","0.6503565907478333","0.6503565907478333","0.6503565907478333","1.0859112739562988","1.0859112739562988","1.0859112739562988","0.1759759485721588","0.1759759485721588","0.1759759485721588"
"7229","0.3362441956996918","0.3362441956996918","0.3362441956996918","0.8413116931915283","0.8413116931915283","0.8413116931915283","0.10838056355714798","0.10838056355714798","0.10838056355714798","0.5610135793685913","0.5610135793685913","0.5610135793685913","0.7197157740592957","0.7197157740592957","0.7197157740592957","0.1818467527627945","0.1818467527627945","0.1818467527627945"
"7259","2.0090932846069336","2.0090932846069336","2.0090932846069336","12.198698043823242","12.198698043823242","12.198698043823242","0.14236167073249817","0.14236167073249817","0.14236167073249817","7.319778919219971","7.319778919219971","7.319778919219971","3.921315908432007","3.921315908432007","3.921315908432007","0.1764381378889084","0.1764381378889084","0.1764381378889084"
"7289","0.7717198133468628","0.7717198133468628","0.7717198133468628","0.6567641496658325","0.6567641496658325","0.6567641496658325","0.10234963148832321","0.10234963148832321","0.10234963148832321","0.9969511032104492","0.9969511032104492","0.9969511032104492","0.6288489103317261","0.6288489103317261","0.6288489103317261","0.17576320469379425","0.17576320469379425","0.17576320469379425"
"7319","0.279132217168808","0.279132217168808","0.279132217168808","0.3120012581348419","0.3120012581348419","0.3120012581348419","0.1111270859837532","0.1111270859837532","0.1111270859837532","0.680368959903717","0.680368959903717","0.680368959903717","0.5074545741081238","0.5074545741081238","0.5074545741081238","0.15592963993549347","0.15592963993549347","0.15592963993549347"
"7349","0.5968815684318542","0.5968815684318542","0.5968815684318542","0.3895476460456848","0.3895476460456848","0.3895476460456848","0.14197370409965515","0.14197370409965515","0.14197370409965515","0.9207696318626404","0.9207696318626404","0.9207696318626404","0.6040039658546448","0.6040039658546448","0.6040039658546448","0.18473860621452332","0.18473860621452332","0.18473860621452332"
"7379","0.28130874037742615","0.28130874037742615","0.28130874037742615","0.34735792875289917","0.34735792875289917","0.34735792875289917","0.14923693239688873","0.14923693239688873","0.14923693239688873","0.6728951334953308","0.6728951334953308","0.6728951334953308","0.4998825490474701","0.4998825490474701","0.4998825490474701","0.199197918176651","0.199197918176651","0.199197918176651"
"7409","0.6475228071212769","0.6475228071212769","0.6475228071212769","0.5892962217330933","0.5892962217330933","0.5892962217330933","0.10217361152172089","0.10217361152172089","0.10217361152172089","0.5763096213340759","0.5763096213340759","0.5763096213340759","0.6555988788604736","0.6555988788604736","0.6555988788604736","0.16358505189418793","0.16358505189418793","0.16358505189418793"
"7439","0.3933323323726654","0.3933323323726654","0.3933323323726654","0.7369095683097839","0.7369095683097839","0.7369095683097839","0.12253676354885101","0.12253676354885101","0.12253676354885101","0.8418354392051697","0.8418354392051697","0.8418354392051697","0.936553955078125","0.936553955078125","0.936553955078125","0.19327227771282196","0.19327227771282196","0.19327227771282196"
"7469","0.6786382794380188","0.6786382794380188","0.6786382794380188","1.5380998849868774","1.5380998849868774","1.5380998849868774","0.10890502482652664","0.10890502482652664","0.10890502482652664","0.5299631953239441","0.5299631953239441","0.5299631953239441","2.8104052543640137","2.8104052543640137","2.8104052543640137","0.17172713577747345","0.17172713577747345","0.17172713577747345"
"7499","0.3272092342376709","0.3272092342376709","0.3272092342376709","0.21860969066619873","0.21860969066619873","0.21860969066619873","0.12278639525175095","0.12278639525175095","0.12278639525175095","0.68808913230896","0.68808913230896","0.68808913230896","0.5544822812080383","0.5544822812080383","0.5544822812080383","0.1861051470041275","0.1861051470041275","0.1861051470041275"
"7529","0.2812572121620178","0.2812572121620178","0.2812572121620178","0.3807084858417511","0.3807084858417511","0.3807084858417511","0.12406127899885178","0.12406127899885178","0.12406127899885178","0.47865068912506104","0.47865068912506104","0.47865068912506104","0.46662652492523193","0.46662652492523193","0.46662652492523193","0.19609282910823822","0.19609282910823822","0.19609282910823822"
"7559","0.34364309906959534","0.34364309906959534","0.34364309906959534","0.4786960482597351","0.4786960482597351","0.4786960482597351","0.1520165055990219","0.1520165055990219","0.1520165055990219","0.6705256700515747","0.6705256700515747","0.6705256700515747","0.5140380263328552","0.5140380263328552","0.5140380263328552","0.17001155018806458","0.17001155018806458","0.17001155018806458"
"7589","0.7557525634765625","0.7557525634765625","0.7557525634765625","0.8328628540039062","0.8328628540039062","0.8328628540039062","0.1082318127155304","0.1082318127155304","0.1082318127155304","0.7898045778274536","0.7898045778274536","0.7898045778274536","0.881334662437439","0.881334662437439","0.881334662437439","0.18245267868041992","0.18245267868041992","0.18245267868041992"
"7619","0.3702804446220398","0.3702804446220398","0.3702804446220398","0.5366803407669067","0.5366803407669067","0.5366803407669067","0.09916863590478897","0.09916863590478897","0.09916863590478897","0.8280192613601685","0.8280192613601685","0.8280192613601685","0.4765112102031708","0.4765112102031708","0.4765112102031708","0.25607919692993164","0.25607919692993164","0.25607919692993164"
"7649","0.29143208265304565","0.29143208265304565","0.29143208265304565","0.21903184056282043","0.21903184056282043","0.21903184056282043","0.11890123039484024","0.11890123039484024","0.11890123039484024","0.48082637786865234","0.48082637786865234","0.48082637786865234","0.7299721240997314","0.7299721240997314","0.7299721240997314","0.1452392190694809","0.1452392190694809","0.1452392190694809"
"7679","0.19959472119808197","0.19959472119808197","0.19959472119808197","0.32614681124687195","0.32614681124687195","0.32614681124687195","0.09000978618860245","0.09000978618860245","0.09000978618860245","0.5139482021331787","0.5139482021331787","0.5139482021331787","0.6498632431030273","0.6498632431030273","0.6498632431030273","0.14657092094421387","0.14657092094421387","0.14657092094421387"
"7709","0.25908756256103516","0.25908756256103516","0.25908756256103516","0.3335300385951996","0.3335300385951996","0.3335300385951996","0.11687129735946655","0.11687129735946655","0.11687129735946655","0.6592390537261963","0.6592390537261963","0.6592390537261963","0.49230632185935974","0.49230632185935974","0.49230632185935974","0.1644655019044876","0.1644655019044876","0.1644655019044876"
"7739","0.41778814792633057","0.41778814792633057","0.41778814792633057","0.3167787194252014","0.3167787194252014","0.3167787194252014","0.1414605677127838","0.1414605677127838","0.1414605677127838","0.5179012417793274","0.5179012417793274","0.5179012417793274","0.445879727602005","0.445879727602005","0.445879727602005","0.23071078956127167","0.23071078956127167","0.23071078956127167"
"7769","0.23994822800159454","0.23994822800159454","0.23994822800159454","0.18109366297721863","0.18109366297721863","0.18109366297721863","0.09989078342914581","0.09989078342914581","0.09989078342914581","0.5198036432266235","0.5198036432266235","0.5198036432266235","0.4248000979423523","0.4248000979423523","0.4248000979423523","0.17382484674453735","0.17382484674453735","0.17382484674453735"
"7799","0.24331988394260406","0.24331988394260406","0.24331988394260406","0.4071590006351471","0.4071590006351471","0.4071590006351471","0.11096581816673279","0.11096581816673279","0.11096581816673279","0.5957399010658264","0.5957399010658264","0.5957399010658264","0.547044575214386","0.547044575214386","0.547044575214386","0.20814739167690277","0.20814739167690277","0.20814739167690277"
"7829","1.1180737018585205","1.1180737018585205","1.1180737018585205","2.6085236072540283","2.6085236072540283","2.6085236072540283","0.1308393031358719","0.1308393031358719","0.1308393031358719","1.922708511352539","1.922708511352539","1.922708511352539","11.04765510559082","11.04765510559082","11.04765510559082","0.16241176426410675","0.16241176426410675","0.16241176426410675"
"7859","0.8804163336753845","0.8804163336753845","0.8804163336753845","0.6801841855049133","0.6801841855049133","0.6801841855049133","0.09951327741146088","0.09951327741146088","0.09951327741146088","0.5028054714202881","0.5028054714202881","0.5028054714202881","0.3796115815639496","0.3796115815639496","0.3796115815639496","0.15882831811904907","0.15882831811904907","0.15882831811904907"
"7889","1.1978075504302979","1.1978075504302979","1.1978075504302979","0.5289158225059509","0.5289158225059509","0.5289158225059509","0.11552902311086655","0.11552902311086655","0.11552902311086655","1.6919329166412354","1.6919329166412354","1.6919329166412354","0.6928008794784546","0.6928008794784546","0.6928008794784546","0.1613948941230774","0.1613948941230774","0.1613948941230774"
"7919","0.21096442639827728","0.21096442639827728","0.21096442639827728","0.2855450212955475","0.2855450212955475","0.2855450212955475","0.11252450942993164","0.11252450942993164","0.11252450942993164","0.4232679605484009","0.4232679605484009","0.4232679605484009","0.42503759264945984","0.42503759264945984","0.42503759264945984","0.20880672335624695","0.20880672335624695","0.20880672335624695"
"7949","0.3142792582511902","0.3142792582511902","0.3142792582511902","1.336335301399231","1.336335301399231","1.336335301399231","0.11426122486591339","0.11426122486591339","0.11426122486591339","0.6303855776786804","0.6303855776786804","0.6303855776786804","0.5858027338981628","0.5858027338981628","0.5858027338981628","0.15749934315681458","0.15749934315681458","0.15749934315681458"
"7979","0.8325015306472778","0.8325015306472778","0.8325015306472778","0.24219200015068054","0.24219200015068054","0.24219200015068054","0.10367172211408615","0.10367172211408615","0.10367172211408615","0.46840834617614746","0.46840834617614746","0.46840834617614746","0.4460998475551605","0.4460998475551605","0.4460998475551605","0.21519267559051514","0.21519267559051514","0.21519267559051514"
"8009","0.9039628505706787","0.9039628505706787","0.9039628505706787","0.9085015058517456","0.9085015058517456","0.9085015058517456","0.10524096339941025","0.10524096339941025","0.10524096339941025","0.692554771900177","0.692554771900177","0.692554771900177","1.287018060684204","1.287018060684204","1.287018060684204","0.17860406637191772","0.17860406637191772","0.17860406637191772"
"8039","0.2963874042034149","0.2963874042034149","0.2963874042034149","0.37139254808425903","0.37139254808425903","0.37139254808425903","0.089674212038517","0.089674212038517","0.089674212038517","0.4495195150375366","0.4495195150375366","0.4495195150375366","0.45051977038383484","0.45051977038383484","0.45051977038383484","0.16840316355228424","0.16840316355228424","0.16840316355228424"
"8069","0.25344645977020264","0.25344645977020264","0.25344645977020264","0.27058225870132446","0.27058225870132446","0.27058225870132446","0.12401421368122101","0.12401421368122101","0.12401421368122101","0.3998989760875702","0.3998989760875702","0.3998989760875702","0.4467865228652954","0.4467865228652954","0.4467865228652954","0.19304919242858887","0.19304919242858887","0.19304919242858887"
"8099","0.27289023995399475","0.27289023995399475","0.27289023995399475","0.33950260281562805","0.33950260281562805","0.33950260281562805","0.07348492741584778","0.07348492741584778","0.07348492741584778","0.5162079334259033","0.5162079334259033","0.5162079334259033","0.3917340040206909","0.3917340040206909","0.3917340040206909","0.13416752219200134","0.13416752219200134","0.13416752219200134"
"8129","0.37054648995399475","0.37054648995399475","0.37054648995399475","0.5245001316070557","0.5245001316070557","0.5245001316070557","0.14431680738925934","0.14431680738925934","0.14431680738925934","0.4936507046222687","0.4936507046222687","0.4936507046222687","0.4209529161453247","0.4209529161453247","0.4209529161453247","0.1886097490787506","0.1886097490787506","0.1886097490787506"
"8159","0.1795278936624527","0.1795278936624527","0.1795278936624527","0.49208006262779236","0.49208006262779236","0.49208006262779236","0.1174410805106163","0.1174410805106163","0.1174410805106163","0.40489938855171204","0.40489938855171204","0.40489938855171204","0.563386082649231","0.563386082649231","0.563386082649231","0.14858785271644592","0.14858785271644592","0.14858785271644592"
"8189","1.2920918464660645","1.2920918464660645","1.2920918464660645","4.962191581726074","4.962191581726074","4.962191581726074","0.09259030967950821","0.09259030967950821","0.09259030967950821","3.6561031341552734","3.6561031341552734","3.6561031341552734","8.145523071289062","8.145523071289062","8.145523071289062","0.17529506981372833","0.17529506981372833","0.17529506981372833"
"8219","0.5275033712387085","0.5275033712387085","0.5275033712387085","11.48833179473877","11.48833179473877","11.48833179473877","0.10903314501047134","0.10903314501047134","0.10903314501047134","0.9600189924240112","0.9600189924240112","0.9600189924240112","7.352266788482666","7.352266788482666","7.352266788482666","0.15574555099010468","0.15574555099010468","0.15574555099010468"
"8249","0.73997962474823","0.73997962474823","0.73997962474823","0.84816575050354","0.84816575050354","0.84816575050354","0.10107049345970154","0.10107049345970154","0.10107049345970154","0.5277887582778931","0.5277887582778931","0.5277887582778931","0.6951376795768738","0.6951376795768738","0.6951376795768738","0.169793963432312","0.169793963432312","0.169793963432312"
"8279","0.29269838333129883","0.29269838333129883","0.29269838333129883","0.3306982219219208","0.3306982219219208","0.3306982219219208","0.10152725130319595","0.10152725130319595","0.10152725130319595","0.6783642172813416","0.6783642172813416","0.6783642172813416","1.4397536516189575","1.4397536516189575","1.4397536516189575","0.18709035217761993","0.18709035217761993","0.18709035217761993"
"8309","0.23111943900585175","0.23111943900585175","0.23111943900585175","0.5959230661392212","0.5959230661392212","0.5959230661392212","0.15786635875701904","0.15786635875701904","0.15786635875701904","0.41686880588531494","0.41686880588531494","0.41686880588531494","0.3897721767425537","0.3897721767425537","0.3897721767425537","0.15768268704414368","0.15768268704414368","0.15768268704414368"
"8339","0.9584676623344421","0.9584676623344421","0.9584676623344421","2.882084608078003","2.882084608078003","2.882084608078003","0.12306729704141617","0.12306729704141617","0.12306729704141617","0.7344192266464233","0.7344192266464233","0.7344192266464233","0.9549135565757751","0.9549135565757751","0.9549135565757751","0.15850485861301422","0.15850485861301422","0.15850485861301422"
"8369","0.7270142436027527","0.7270142436027527","0.7270142436027527","2.027003049850464","2.027003049850464","2.027003049850464","0.1095893457531929","0.1095893457531929","0.1095893457531929","0.8586022257804871","0.8586022257804871","0.8586022257804871","2.652777671813965","2.652777671813965","2.652777671813965","0.1384778618812561","0.1384778618812561","0.1384778618812561"
"8399","0.29022523760795593","0.29022523760795593","0.29022523760795593","0.3586721420288086","0.3586721420288086","0.3586721420288086","0.07816386967897415","0.07816386967897415","0.07816386967897415","0.5875914692878723","0.5875914692878723","0.5875914692878723","0.5338588356971741","0.5338588356971741","0.5338588356971741","0.16462291777133942","0.16462291777133942","0.16462291777133942"
"8429","8.328707695007324","8.328707695007324","8.328707695007324","23.997682571411133","23.997682571411133","23.997682571411133","0.08790046721696854","0.08790046721696854","0.08790046721696854","4.817725658416748","4.817725658416748","4.817725658416748","34.88105392456055","34.88105392456055","34.88105392456055","0.20823417603969574","0.20823417603969574","0.20823417603969574"
"8459","0.3011459708213806","0.3011459708213806","0.3011459708213806","0.34389570355415344","0.34389570355415344","0.34389570355415344","0.11456649750471115","0.11456649750471115","0.11456649750471115","0.8578843474388123","0.8578843474388123","0.8578843474388123","0.46741190552711487","0.46741190552711487","0.46741190552711487","0.1627759486436844","0.1627759486436844","0.1627759486436844"
"8489","0.33364492654800415","0.33364492654800415","0.33364492654800415","0.3075462877750397","0.3075462877750397","0.3075462877750397","0.09288155287504196","0.09288155287504196","0.09288155287504196","0.5950853824615479","0.5950853824615479","0.5950853824615479","0.4252035319805145","0.4252035319805145","0.4252035319805145","0.15785883367061615","0.15785883367061615","0.15785883367061615"
"8519","0.7310932874679565","0.7310932874679565","0.7310932874679565","5.192749500274658","5.192749500274658","5.192749500274658","0.11290343850851059","0.11290343850851059","0.11290343850851059","1.0190855264663696","1.0190855264663696","1.0190855264663696","3.3699135780334473","3.3699135780334473","3.3699135780334473","0.16400985419750214","0.16400985419750214","0.16400985419750214"
"8549","0.2844298779964447","0.2844298779964447","0.2844298779964447","0.2607448995113373","0.2607448995113373","0.2607448995113373","0.10392922908067703","0.10392922908067703","0.10392922908067703","0.41777563095092773","0.41777563095092773","0.41777563095092773","1.0884150266647339","1.0884150266647339","1.0884150266647339","0.1365303248167038","0.1365303248167038","0.1365303248167038"
"8579","1.871523380279541","1.871523380279541","1.871523380279541","2.501150369644165","2.501150369644165","2.501150369644165","0.13257689774036407","0.13257689774036407","0.13257689774036407","1.3696757555007935","1.3696757555007935","1.3696757555007935","10.94083309173584","10.94083309173584","10.94083309173584","0.1657547950744629","0.1657547950744629","0.1657547950744629"
"8609","0.6101685762405396","0.6101685762405396","0.6101685762405396","1.235573649406433","1.235573649406433","1.235573649406433","0.10454797744750977","0.10454797744750977","0.10454797744750977","0.6480700373649597","0.6480700373649597","0.6480700373649597","0.5316428542137146","0.5316428542137146","0.5316428542137146","0.1700475662946701","0.1700475662946701","0.1700475662946701"
"8639","0.49656349420547485","0.49656349420547485","0.49656349420547485","0.3506045341491699","0.3506045341491699","0.3506045341491699","0.11921278387308121","0.11921278387308121","0.11921278387308121","0.5588643550872803","0.5588643550872803","0.5588643550872803","0.5703352093696594","0.5703352093696594","0.5703352093696594","0.18928027153015137","0.18928027153015137","0.18928027153015137"
"8669","0.19020068645477295","0.19020068645477295","0.19020068645477295","0.3140876889228821","0.3140876889228821","0.3140876889228821","0.11201433092355728","0.11201433092355728","0.11201433092355728","0.35212141275405884","0.35212141275405884","0.35212141275405884","0.43488189578056335","0.43488189578056335","0.43488189578056335","0.15823785960674286","0.15823785960674286","0.15823785960674286"
"8699","0.20569297671318054","0.20569297671318054","0.20569297671318054","0.5000501871109009","0.5000501871109009","0.5000501871109009","0.09551198780536652","0.09551198780536652","0.09551198780536652","0.4533405601978302","0.4533405601978302","0.4533405601978302","0.40039920806884766","0.40039920806884766","0.40039920806884766","0.15660201013088226","0.15660201013088226","0.15660201013088226"
"8729","0.5260109901428223","0.5260109901428223","0.5260109901428223","0.6267843246459961","0.6267843246459961","0.6267843246459961","0.10081733763217926","0.10081733763217926","0.10081733763217926","0.5729641318321228","0.5729641318321228","0.5729641318321228","0.7375662922859192","0.7375662922859192","0.7375662922859192","0.17800875008106232","0.17800875008106232","0.17800875008106232"
"8759","0.4034680128097534","0.4034680128097534","0.4034680128097534","0.527973473072052","0.527973473072052","0.527973473072052","0.09201040863990784","0.09201040863990784","0.09201040863990784","0.4072088599205017","0.4072088599205017","0.4072088599205017","0.7525407075881958","0.7525407075881958","0.7525407075881958","0.18334664404392242","0.18334664404392242","0.18334664404392242"
"8789","2.7558178901672363","2.7558178901672363","2.7558178901672363","7.085002422332764","7.085002422332764","7.085002422332764","0.08916383236646652","0.08916383236646652","0.08916383236646652","1.511238932609558","1.511238932609558","1.511238932609558","4.261874675750732","4.261874675750732","4.261874675750732","0.1656196564435959","0.1656196564435959","0.1656196564435959"
"8819","0.22285136580467224","0.22285136580467224","0.22285136580467224","0.25347280502319336","0.25347280502319336","0.25347280502319336","0.096749447286129","0.096749447286129","0.096749447286129","0.43955108523368835","0.43955108523368835","0.43955108523368835","0.43721920251846313","0.43721920251846313","0.43721920251846313","0.18794246017932892","0.18794246017932892","0.18794246017932892"
"8849","0.3986620604991913","0.3986620604991913","0.3986620604991913","0.5431609749794006","0.5431609749794006","0.5431609749794006","0.08413819968700409","0.08413819968700409","0.08413819968700409","0.4381483495235443","0.4381483495235443","0.4381483495235443","0.5376061201095581","0.5376061201095581","0.5376061201095581","0.16861015558242798","0.16861015558242798","0.16861015558242798"
"8879","0.40753963589668274","0.40753963589668274","0.40753963589668274","0.41832420229911804","0.41832420229911804","0.41832420229911804","0.10651630163192749","0.10651630163192749","0.10651630163192749","0.5608271956443787","0.5608271956443787","0.5608271956443787","3.0654735565185547","3.0654735565185547","3.0654735565185547","0.17553915083408356","0.17553915083408356","0.17553915083408356"
"8909","0.6565697193145752","0.6565697193145752","0.6565697193145752","0.4261394441127777","0.4261394441127777","0.4261394441127777","0.09300357848405838","0.09300357848405838","0.09300357848405838","0.3583146333694458","0.3583146333694458","0.3583146333694458","0.5306941270828247","0.5306941270828247","0.5306941270828247","0.15739187598228455","0.15739187598228455","0.15739187598228455"
"8939","0.3498777747154236","0.3498777747154236","0.3498777747154236","0.5337566137313843","0.5337566137313843","0.5337566137313843","0.10948610305786133","0.10948610305786133","0.10948610305786133","0.6679216623306274","0.6679216623306274","0.6679216623306274","0.607514500617981","0.607514500617981","0.607514500617981","0.24993416666984558","0.24993416666984558","0.24993416666984558"
"8969","0.608641505241394","0.608641505241394","0.608641505241394","0.2909472584724426","0.2909472584724426","0.2909472584724426","0.07733090966939926","0.07733090966939926","0.07733090966939926","0.5608530640602112","0.5608530640602112","0.5608530640602112","0.4352036714553833","0.4352036714553833","0.4352036714553833","0.13673529028892517","0.13673529028892517","0.13673529028892517"
"8999","1.0731464624404907","1.0731464624404907","1.0731464624404907","8.810258865356445","8.810258865356445","8.810258865356445","0.12460985034704208","0.12460985034704208","0.12460985034704208","1.254252314567566","1.254252314567566","1.254252314567566","3.6010143756866455","3.6010143756866455","3.6010143756866455","0.18006210029125214","0.18006210029125214","0.18006210029125214"
"9029","0.38547182083129883","0.38547182083129883","0.38547182083129883","1.2279987335205078","1.2279987335205078","1.2279987335205078","0.10673394054174423","0.10673394054174423","0.10673394054174423","0.4160655736923218","0.4160655736923218","0.4160655736923218","1.593804955482483","1.593804955482483","1.593804955482483","0.1670137494802475","0.1670137494802475","0.1670137494802475"
"9059","0.31917181611061096","0.31917181611061096","0.31917181611061096","0.958513617515564","0.958513617515564","0.958513617515564","0.07355713844299316","0.07355713844299316","0.07355713844299316","0.7360496520996094","0.7360496520996094","0.7360496520996094","1.2111403942108154","1.2111403942108154","1.2111403942108154","0.16272655129432678","0.16272655129432678","0.16272655129432678"
"9089","0.18640819191932678","0.18640819191932678","0.18640819191932678","0.3004273474216461","0.3004273474216461","0.3004273474216461","0.09629068523645401","0.09629068523645401","0.09629068523645401","0.34046584367752075","0.34046584367752075","0.34046584367752075","0.4084120988845825","0.4084120988845825","0.4084120988845825","0.1879442185163498","0.1879442185163498","0.1879442185163498"
"9119","0.2587301433086395","0.2587301433086395","0.2587301433086395","0.2966586947441101","0.2966586947441101","0.2966586947441101","0.08642669767141342","0.08642669767141342","0.08642669767141342","0.48605093359947205","0.48605093359947205","0.48605093359947205","0.4658750891685486","0.4658750891685486","0.4658750891685486","0.14716926217079163","0.14716926217079163","0.14716926217079163"
"9149","0.4241882562637329","0.4241882562637329","0.4241882562637329","0.33566173911094666","0.33566173911094666","0.33566173911094666","0.10008060932159424","0.10008060932159424","0.10008060932159424","0.4533388316631317","0.4533388316631317","0.4533388316631317","0.8357093334197998","0.8357093334197998","0.8357093334197998","0.14995959401130676","0.14995959401130676","0.14995959401130676"
"9179","0.5695333480834961","0.5695333480834961","0.5695333480834961","0.4741355776786804","0.4741355776786804","0.4741355776786804","0.09641064703464508","0.09641064703464508","0.09641064703464508","0.4353633522987366","0.4353633522987366","0.4353633522987366","0.382933646440506","0.382933646440506","0.382933646440506","0.16737258434295654","0.16737258434295654","0.16737258434295654"
"9209","2.4464454650878906","2.4464454650878906","2.4464454650878906","7.030806064605713","7.030806064605713","7.030806064605713","0.08718112111091614","0.08718112111091614","0.08718112111091614","2.175508499145508","2.175508499145508","2.175508499145508","7.499454975128174","7.499454975128174","7.499454975128174","0.200702965259552","0.200702965259552","0.200702965259552"
"9239","2.0316615104675293","2.0316615104675293","2.0316615104675293","1.4177508354187012","1.4177508354187012","1.4177508354187012","0.08710983395576477","0.08710983395576477","0.08710983395576477","0.5446783900260925","0.5446783900260925","0.5446783900260925","1.2227833271026611","1.2227833271026611","1.2227833271026611","0.16982071101665497","0.16982071101665497","0.16982071101665497"
"9269","0.6601278781890869","0.6601278781890869","0.6601278781890869","0.5350732207298279","0.5350732207298279","0.5350732207298279","0.08686378598213196","0.08686378598213196","0.08686378598213196","0.5032984018325806","0.5032984018325806","0.5032984018325806","0.7797137498855591","0.7797137498855591","0.7797137498855591","0.11649825423955917","0.11649825423955917","0.11649825423955917"
"9299","0.3546874225139618","0.3546874225139618","0.3546874225139618","0.6761839389801025","0.6761839389801025","0.6761839389801025","0.09041048586368561","0.09041048586368561","0.09041048586368561","0.3333197832107544","0.3333197832107544","0.3333197832107544","0.5402254462242126","0.5402254462242126","0.5402254462242126","0.1279183030128479","0.1279183030128479","0.1279183030128479"
"9329","0.31397542357444763","0.31397542357444763","0.31397542357444763","0.27379462122917175","0.27379462122917175","0.27379462122917175","0.12954339385032654","0.12954339385032654","0.12954339385032654","0.38662999868392944","0.38662999868392944","0.38662999868392944","0.3882240355014801","0.3882240355014801","0.3882240355014801","0.18748538196086884","0.18748538196086884","0.18748538196086884"
"9359","0.5284522771835327","0.5284522771835327","0.5284522771835327","0.3364787995815277","0.3364787995815277","0.3364787995815277","0.10284917801618576","0.10284917801618576","0.10284917801618576","0.42231863737106323","0.42231863737106323","0.42231863737106323","0.686822772026062","0.686822772026062","0.686822772026062","0.15480397641658783","0.15480397641658783","0.15480397641658783"
"9389","0.24467918276786804","0.24467918276786804","0.24467918276786804","0.2569015324115753","0.2569015324115753","0.2569015324115753","0.1568642556667328","0.1568642556667328","0.1568642556667328","0.3059449791908264","0.3059449791908264","0.3059449791908264","0.45079824328422546","0.45079824328422546","0.45079824328422546","0.1387859731912613","0.1387859731912613","0.1387859731912613"
"9419","0.37507426738739014","0.37507426738739014","0.37507426738739014","0.7877516150474548","0.7877516150474548","0.7877516150474548","0.08798345178365707","0.08798345178365707","0.08798345178365707","0.41490140557289124","0.41490140557289124","0.41490140557289124","1.141055703163147","1.141055703163147","1.141055703163147","0.145039364695549","0.145039364695549","0.145039364695549"
"9449","0.20917049050331116","0.20917049050331116","0.20917049050331116","0.4767211675643921","0.4767211675643921","0.4767211675643921","0.09219712018966675","0.09219712018966675","0.09219712018966675","0.30239152908325195","0.30239152908325195","0.30239152908325195","0.40667033195495605","0.40667033195495605","0.40667033195495605","0.15750741958618164","0.15750741958618164","0.15750741958618164"
"9479","0.18227864801883698","0.18227864801883698","0.18227864801883698","0.2667236924171448","0.2667236924171448","0.2667236924171448","0.07805580645799637","0.07805580645799637","0.07805580645799637","0.293745756149292","0.293745756149292","0.293745756149292","0.3459206223487854","0.3459206223487854","0.3459206223487854","0.14272400736808777","0.14272400736808777","0.14272400736808777"
"9509","0.23487403988838196","0.23487403988838196","0.23487403988838196","0.4839080572128296","0.4839080572128296","0.4839080572128296","0.0896012932062149","0.0896012932062149","0.0896012932062149","0.28302669525146484","0.28302669525146484","0.28302669525146484","0.8116285800933838","0.8116285800933838","0.8116285800933838","0.13266420364379883","0.13266420364379883","0.13266420364379883"
"9539","0.29999762773513794","0.29999762773513794","0.29999762773513794","0.27195411920547485","0.27195411920547485","0.27195411920547485","0.09203758835792542","0.09203758835792542","0.09203758835792542","0.3609025180339813","0.3609025180339813","0.3609025180339813","0.38677218556404114","0.38677218556404114","0.38677218556404114","0.16107375919818878","0.16107375919818878","0.16107375919818878"
"9569","0.290085107088089","0.290085107088089","0.290085107088089","0.4886060953140259","0.4886060953140259","0.4886060953140259","0.09637708216905594","0.09637708216905594","0.09637708216905594","0.41768646240234375","0.41768646240234375","0.41768646240234375","0.6171451210975647","0.6171451210975647","0.6171451210975647","0.14120537042617798","0.14120537042617798","0.14120537042617798"
"9599","0.36032721400260925","0.36032721400260925","0.36032721400260925","0.4186704158782959","0.4186704158782959","0.4186704158782959","0.08345266431570053","0.08345266431570053","0.08345266431570053","0.3143523037433624","0.3143523037433624","0.3143523037433624","0.3758053183555603","0.3758053183555603","0.3758053183555603","0.13968884944915771","0.13968884944915771","0.13968884944915771"
"9629","0.29831695556640625","0.29831695556640625","0.29831695556640625","0.30793827772140503","0.30793827772140503","0.30793827772140503","0.11729567497968674","0.11729567497968674","0.11729567497968674","0.3221951127052307","0.3221951127052307","0.3221951127052307","0.4508972764015198","0.4508972764015198","0.4508972764015198","0.1427365243434906","0.1427365243434906","0.1427365243434906"
"9659","0.36428824067115784","0.36428824067115784","0.36428824067115784","0.32371124625205994","0.32371124625205994","0.32371124625205994","0.08958469331264496","0.08958469331264496","0.08958469331264496","0.4588373005390167","0.4588373005390167","0.4588373005390167","0.7410328388214111","0.7410328388214111","0.7410328388214111","0.16161498427391052","0.16161498427391052","0.16161498427391052"
"9689","0.23712009191513062","0.23712009191513062","0.23712009191513062","0.24110808968544006","0.24110808968544006","0.24110808968544006","0.11343468725681305","0.11343468725681305","0.11343468725681305","0.3312503695487976","0.3312503695487976","0.3312503695487976","0.3374615013599396","0.3374615013599396","0.3374615013599396","0.15266260504722595","0.15266260504722595","0.15266260504722595"
"9719","0.32443007826805115","0.32443007826805115","0.32443007826805115","1.399849772453308","1.399849772453308","1.399849772453308","0.08637163043022156","0.08637163043022156","0.08637163043022156","0.4935848116874695","0.4935848116874695","0.4935848116874695","0.43680328130722046","0.43680328130722046","0.43680328130722046","0.1445622444152832","0.1445622444152832","0.1445622444152832"
"9749","0.25105491280555725","0.25105491280555725","0.25105491280555725","0.4730892777442932","0.4730892777442932","0.4730892777442932","0.08596312254667282","0.08596312254667282","0.08596312254667282","0.294796884059906","0.294796884059906","0.294796884059906","0.32540690898895264","0.32540690898895264","0.32540690898895264","0.15566065907478333","0.15566065907478333","0.15566065907478333"
"9779","0.22135642170906067","0.22135642170906067","0.22135642170906067","0.25853079557418823","0.25853079557418823","0.25853079557418823","0.08686826378107071","0.08686826378107071","0.08686826378107071","0.35433927178382874","0.35433927178382874","0.35433927178382874","0.41431915760040283","0.41431915760040283","0.41431915760040283","0.1250210404396057","0.1250210404396057","0.1250210404396057"
"9809","0.5775675177574158","0.5775675177574158","0.5775675177574158","0.2729633152484894","0.2729633152484894","0.2729633152484894","0.07558566331863403","0.07558566331863403","0.07558566331863403","0.31618568301200867","0.31618568301200867","0.31618568301200867","0.40482932329177856","0.40482932329177856","0.40482932329177856","0.18791434168815613","0.18791434168815613","0.18791434168815613"
"9839","0.3453330099582672","0.3453330099582672","0.3453330099582672","0.464751660823822","0.464751660823822","0.464751660823822","0.11266713589429855","0.11266713589429855","0.11266713589429855","0.3985610008239746","0.3985610008239746","0.3985610008239746","0.5541309714317322","0.5541309714317322","0.5541309714317322","0.16552013158798218","0.16552013158798218","0.16552013158798218"
"9869","0.7672470211982727","0.7672470211982727","0.7672470211982727","1.5585448741912842","1.5585448741912842","1.5585448741912842","0.11335139721632004","0.11335139721632004","0.11335139721632004","0.9389441609382629","0.9389441609382629","0.9389441609382629","8.930377960205078","8.930377960205078","8.930377960205078","0.1351223886013031","0.1351223886013031","0.1351223886013031"
"9899","0.19961772859096527","0.19961772859096527","0.19961772859096527","0.22023651003837585","0.22023651003837585","0.22023651003837585","0.13944663107395172","0.13944663107395172","0.13944663107395172","0.33354711532592773","0.33354711532592773","0.33354711532592773","0.3640640676021576","0.3640640676021576","0.3640640676021576","0.15494383871555328","0.15494383871555328","0.15494383871555328"
"9929","0.3746313452720642","0.3746313452720642","0.3746313452720642","0.877082347869873","0.877082347869873","0.877082347869873","0.09269841015338898","0.09269841015338898","0.09269841015338898","0.8943539261817932","0.8943539261817932","0.8943539261817932","0.9061897993087769","0.9061897993087769","0.9061897993087769","0.13919740915298462","0.13919740915298462","0.13919740915298462"
"9959","0.3055194020271301","0.3055194020271301","0.3055194020271301","0.31568124890327454","0.31568124890327454","0.31568124890327454","0.09337606281042099","0.09337606281042099","0.09337606281042099","0.25176292657852173","0.25176292657852173","0.25176292657852173","1.200137734413147","1.200137734413147","1.200137734413147","0.13776788115501404","0.13776788115501404","0.13776788115501404"
"9989","0.3557687997817993","0.3557687997817993","0.3557687997817993","1.0760139226913452","1.0760139226913452","1.0760139226913452","0.08949051052331924","0.08949051052331924","0.08949051052331924","0.33864790201187134","0.33864790201187134","0.33864790201187134","1.0568703413009644","1.0568703413009644","1.0568703413009644","0.15643641352653503","0.15643641352653503","0.15643641352653503"
"10019","0.198516845703125","0.198516845703125","0.198516845703125","0.6482748985290527","0.6482748985290527","0.6482748985290527","0.09344445914030075","0.09344445914030075","0.09344445914030075","0.3137703537940979","0.3137703537940979","0.3137703537940979","1.4640014171600342","1.4640014171600342","1.4640014171600342","0.13012909889221191","0.13012909889221191","0.13012909889221191"
"10049","0.3820399343967438","0.3820399343967438","0.3820399343967438","0.8644789457321167","0.8644789457321167","0.8644789457321167","0.09019335359334946","0.09019335359334946","0.09019335359334946","0.29853349924087524","0.29853349924087524","0.29853349924087524","0.605310320854187","0.605310320854187","0.605310320854187","0.12625618278980255","0.12625618278980255","0.12625618278980255"
"10079","0.18714533746242523","0.18714533746242523","0.18714533746242523","0.21453149616718292","0.21453149616718292","0.21453149616718292","0.08710927516222","0.08710927516222","0.08710927516222","0.45748525857925415","0.45748525857925415","0.45748525857925415","0.30866625905036926","0.30866625905036926","0.30866625905036926","0.16258907318115234","0.16258907318115234","0.16258907318115234"
"10109","0.28249427676200867","0.28249427676200867","0.28249427676200867","0.36334601044654846","0.36334601044654846","0.36334601044654846","0.0860113725066185","0.0860113725066185","0.0860113725066185","0.36969640851020813","0.36969640851020813","0.36969640851020813","0.7028313875198364","0.7028313875198364","0.7028313875198364","0.14344944059848785","0.14344944059848785","0.14344944059848785"
"10139","1.1957268714904785","1.1957268714904785","1.1957268714904785","2.2295682430267334","2.2295682430267334","2.2295682430267334","0.10031171888113022","0.10031171888113022","0.10031171888113022","0.531591534614563","0.531591534614563","0.531591534614563","1.1988797187805176","1.1988797187805176","1.1988797187805176","0.14040961861610413","0.14040961861610413","0.14040961861610413"
"10169","0.36799705028533936","0.36799705028533936","0.36799705028533936","0.42531102895736694","0.42531102895736694","0.42531102895736694","0.11062942445278168","0.11062942445278168","0.11062942445278168","0.25484466552734375","0.25484466552734375","0.25484466552734375","0.6391021013259888","0.6391021013259888","0.6391021013259888","0.20245644450187683","0.20245644450187683","0.20245644450187683"
"10199","0.362914115190506","0.362914115190506","0.362914115190506","0.40851613879203796","0.40851613879203796","0.40851613879203796","0.09771662205457687","0.09771662205457687","0.09771662205457687","0.27654558420181274","0.27654558420181274","0.27654558420181274","0.44263899326324463","0.44263899326324463","0.44263899326324463","0.15717419981956482","0.15717419981956482","0.15717419981956482"
"10229","1.0691914558410645","1.0691914558410645","1.0691914558410645","1.055983066558838","1.055983066558838","1.055983066558838","0.09660710394382477","0.09660710394382477","0.09660710394382477","0.6375834345817566","0.6375834345817566","0.6375834345817566","0.6498465538024902","0.6498465538024902","0.6498465538024902","0.16571250557899475","0.16571250557899475","0.16571250557899475"
"10259","0.29058435559272766","0.29058435559272766","0.29058435559272766","0.385454386472702","0.385454386472702","0.385454386472702","0.09521117806434631","0.09521117806434631","0.09521117806434631","0.32995009422302246","0.32995009422302246","0.32995009422302246","0.399994432926178","0.399994432926178","0.399994432926178","0.1463761180639267","0.1463761180639267","0.1463761180639267"
"10289","0.8747164011001587","0.8747164011001587","0.8747164011001587","0.7057457566261292","0.7057457566261292","0.7057457566261292","0.11668002605438232","0.11668002605438232","0.11668002605438232","0.4534947872161865","0.4534947872161865","0.4534947872161865","0.3926558494567871","0.3926558494567871","0.3926558494567871","0.12965327501296997","0.12965327501296997","0.12965327501296997"
"10319","0.28500640392303467","0.28500640392303467","0.28500640392303467","0.4908561110496521","0.4908561110496521","0.4908561110496521","0.07925515621900558","0.07925515621900558","0.07925515621900558","0.22220279276371002","0.22220279276371002","0.22220279276371002","0.720337986946106","0.720337986946106","0.720337986946106","0.145952969789505","0.145952969789505","0.145952969789505"
"10349","0.3093709945678711","0.3093709945678711","0.3093709945678711","1.3075692653656006","1.3075692653656006","1.3075692653656006","0.08781610429286957","0.08781610429286957","0.08781610429286957","0.8766446709632874","0.8766446709632874","0.8766446709632874","1.749666452407837","1.749666452407837","1.749666452407837","0.16766059398651123","0.16766059398651123","0.16766059398651123"
"10379","3.0702996253967285","3.0702996253967285","3.0702996253967285","3.079747200012207","3.079747200012207","3.079747200012207","0.06147041171789169","0.06147041171789169","0.06147041171789169","0.9012057185173035","0.9012057185173035","0.9012057185173035","5.069398880004883","5.069398880004883","5.069398880004883","0.1150207668542862","0.1150207668542862","0.1150207668542862"
"10409","0.3178502321243286","0.3178502321243286","0.3178502321243286","0.23070499300956726","0.23070499300956726","0.23070499300956726","0.08435815572738647","0.08435815572738647","0.08435815572738647","0.28549671173095703","0.28549671173095703","0.28549671173095703","0.5782611966133118","0.5782611966133118","0.5782611966133118","0.1347951740026474","0.1347951740026474","0.1347951740026474"
"10439","0.7678139805793762","0.7678139805793762","0.7678139805793762","0.21777747571468353","0.21777747571468353","0.21777747571468353","0.10091832280158997","0.10091832280158997","0.10091832280158997","0.7481605410575867","0.7481605410575867","0.7481605410575867","0.6681304574012756","0.6681304574012756","0.6681304574012756","0.1493634134531021","0.1493634134531021","0.1493634134531021"
"10469","1.8301528692245483","1.8301528692245483","1.8301528692245483","9.463458061218262","9.463458061218262","9.463458061218262","0.11667260527610779","0.11667260527610779","0.11667260527610779","3.7664971351623535","3.7664971351623535","3.7664971351623535","11.071324348449707","11.071324348449707","11.071324348449707","0.12461666017770767","0.12461666017770767","0.12461666017770767"
"10499","0.42499586939811707","0.42499586939811707","0.42499586939811707","0.7196915745735168","0.7196915745735168","0.7196915745735168","0.08564997464418411","0.08564997464418411","0.08564997464418411","0.47063419222831726","0.47063419222831726","0.47063419222831726","0.7904059290885925","0.7904059290885925","0.7904059290885925","0.14505742490291595","0.14505742490291595","0.14505742490291595"
"10529","0.4409410357475281","0.4409410357475281","0.4409410357475281","1.1963447332382202","1.1963447332382202","1.1963447332382202","0.07880111783742905","0.07880111783742905","0.07880111783742905","0.5569679737091064","0.5569679737091064","0.5569679737091064","0.5407677888870239","0.5407677888870239","0.5407677888870239","0.12480716407299042","0.12480716407299042","0.12480716407299042"
"10559","0.3480627238750458","0.3480627238750458","0.3480627238750458","0.2882833778858185","0.2882833778858185","0.2882833778858185","0.06910611689090729","0.06910611689090729","0.06910611689090729","0.37533971667289734","0.37533971667289734","0.37533971667289734","0.3101848065853119","0.3101848065853119","0.3101848065853119","0.10608448088169098","0.10608448088169098","0.10608448088169098"
"10589","0.22876010835170746","0.22876010835170746","0.22876010835170746","0.6838655471801758","0.6838655471801758","0.6838655471801758","0.09071550518274307","0.09071550518274307","0.09071550518274307","0.27786684036254883","0.27786684036254883","0.27786684036254883","0.8901809453964233","0.8901809453964233","0.8901809453964233","0.09864678978919983","0.09864678978919983","0.09864678978919983"
"10619","0.21058577299118042","0.21058577299118042","0.21058577299118042","0.5934906005859375","0.5934906005859375","0.5934906005859375","0.07842610031366348","0.07842610031366348","0.07842610031366348","0.34185171127319336","0.34185171127319336","0.34185171127319336","0.34858015179634094","0.34858015179634094","0.34858015179634094","0.13759492337703705","0.13759492337703705","0.13759492337703705"
"10649","0.3328031897544861","0.3328031897544861","0.3328031897544861","1.73958420753479","1.73958420753479","1.73958420753479","0.07058005779981613","0.07058005779981613","0.07058005779981613","1.0872535705566406","1.0872535705566406","1.0872535705566406","0.789417564868927","0.789417564868927","0.789417564868927","0.11257056891918182","0.11257056891918182","0.11257056891918182"
"10679","0.18812064826488495","0.18812064826488495","0.18812064826488495","0.45435088872909546","0.45435088872909546","0.45435088872909546","0.10103572905063629","0.10103572905063629","0.10103572905063629","0.25379469990730286","0.25379469990730286","0.25379469990730286","0.43360427021980286","0.43360427021980286","0.43360427021980286","0.12241771072149277","0.12241771072149277","0.12241771072149277"
"10709","0.36145102977752686","0.36145102977752686","0.36145102977752686","0.9251380562782288","0.9251380562782288","0.9251380562782288","0.07284516841173172","0.07284516841173172","0.07284516841173172","0.6011567711830139","0.6011567711830139","0.6011567711830139","1.3160924911499023","1.3160924911499023","1.3160924911499023","0.11610724776983261","0.11610724776983261","0.11610724776983261"
"10739","0.16940274834632874","0.16940274834632874","0.16940274834632874","0.28511959314346313","0.28511959314346313","0.28511959314346313","0.06422274559736252","0.06422274559736252","0.06422274559736252","0.37388452887535095","0.37388452887535095","0.37388452887535095","0.33048683404922485","0.33048683404922485","0.33048683404922485","0.1058536097407341","0.1058536097407341","0.1058536097407341"
"10769","0.3789758086204529","0.3789758086204529","0.3789758086204529","0.26607510447502136","0.26607510447502136","0.26607510447502136","0.07324293255805969","0.07324293255805969","0.07324293255805969","0.6241199374198914","0.6241199374198914","0.6241199374198914","0.48230475187301636","0.48230475187301636","0.48230475187301636","0.13107503950595856","0.13107503950595856","0.13107503950595856"
"10799","0.2062782645225525","0.2062782645225525","0.2062782645225525","0.2677212953567505","0.2677212953567505","0.2677212953567505","0.07915348559617996","0.07915348559617996","0.07915348559617996","0.27055513858795166","0.27055513858795166","0.27055513858795166","0.30959653854370117","0.30959653854370117","0.30959653854370117","0.1262182742357254","0.1262182742357254","0.1262182742357254"
"10829","0.18533816933631897","0.18533816933631897","0.18533816933631897","0.7310608625411987","0.7310608625411987","0.7310608625411987","0.09237370640039444","0.09237370640039444","0.09237370640039444","0.3157969117164612","0.3157969117164612","0.3157969117164612","0.3716561794281006","0.3716561794281006","0.3716561794281006","0.2210923731327057","0.2210923731327057","0.2210923731327057"
"10859","0.3529256284236908","0.3529256284236908","0.3529256284236908","0.21916590631008148","0.21916590631008148","0.21916590631008148","0.09592092037200928","0.09592092037200928","0.09592092037200928","0.23675227165222168","0.23675227165222168","0.23675227165222168","0.33716297149658203","0.33716297149658203","0.33716297149658203","0.1547422707080841","0.1547422707080841","0.1547422707080841"
"10889","2.2914822101593018","2.2914822101593018","2.2914822101593018","10.299516677856445","10.299516677856445","10.299516677856445","0.0753042921423912","0.0753042921423912","0.0753042921423912","5.157870769500732","5.157870769500732","5.157870769500732","11.149731636047363","11.149731636047363","11.149731636047363","0.13736450672149658","0.13736450672149658","0.13736450672149658"
"10919","5.415307998657227","5.415307998657227","5.415307998657227","17.422086715698242","17.422086715698242","17.422086715698242","0.09956024587154388","0.09956024587154388","0.09956024587154388","6.707311630249023","6.707311630249023","6.707311630249023","14.206304550170898","14.206304550170898","14.206304550170898","0.13490992784500122","0.13490992784500122","0.13490992784500122"
"10949","0.18116708099842072","0.18116708099842072","0.18116708099842072","0.21974651515483856","0.21974651515483856","0.21974651515483856","0.09495847672224045","0.09495847672224045","0.09495847672224045","0.40016916394233704","0.40016916394233704","0.40016916394233704","0.2907959818840027","0.2907959818840027","0.2907959818840027","0.13916940987110138","0.13916940987110138","0.13916940987110138"
"10979","0.2810283303260803","0.2810283303260803","0.2810283303260803","0.23562179505825043","0.23562179505825043","0.23562179505825043","0.0984407514333725","0.0984407514333725","0.0984407514333725","0.30818700790405273","0.30818700790405273","0.30818700790405273","0.32431960105895996","0.32431960105895996","0.32431960105895996","0.14838998019695282","0.14838998019695282","0.14838998019695282"
"11009","0.37133467197418213","0.37133467197418213","0.37133467197418213","0.3880908787250519","0.3880908787250519","0.3880908787250519","0.09478746354579926","0.09478746354579926","0.09478746354579926","0.2962740957736969","0.2962740957736969","0.2962740957736969","0.5711536407470703","0.5711536407470703","0.5711536407470703","0.17425429821014404","0.17425429821014404","0.17425429821014404"
"11039","0.4862908720970154","0.4862908720970154","0.4862908720970154","0.7404026389122009","0.7404026389122009","0.7404026389122009","0.09365949779748917","0.09365949779748917","0.09365949779748917","0.721461296081543","0.721461296081543","0.721461296081543","1.0282963514328003","1.0282963514328003","1.0282963514328003","0.1420251876115799","0.1420251876115799","0.1420251876115799"
"11069","0.6579316854476929","0.6579316854476929","0.6579316854476929","0.8589576482772827","0.8589576482772827","0.8589576482772827","0.10636918991804123","0.10636918991804123","0.10636918991804123","0.6454738974571228","0.6454738974571228","0.6454738974571228","0.43227511644363403","0.43227511644363403","0.43227511644363403","0.1314437985420227","0.1314437985420227","0.1314437985420227"
"11099","0.24142184853553772","0.24142184853553772","0.24142184853553772","0.3034075200557709","0.3034075200557709","0.3034075200557709","0.12446200847625732","0.12446200847625732","0.12446200847625732","0.353358656167984","0.353358656167984","0.353358656167984","0.47575056552886963","0.47575056552886963","0.47575056552886963","0.1287577748298645","0.1287577748298645","0.1287577748298645"
"11129","0.196451798081398","0.196451798081398","0.196451798081398","0.32952505350112915","0.32952505350112915","0.32952505350112915","0.09329380095005035","0.09329380095005035","0.09329380095005035","0.3117436468601227","0.3117436468601227","0.3117436468601227","0.4916931390762329","0.4916931390762329","0.4916931390762329","0.10800140351057053","0.10800140351057053","0.10800140351057053"
"11159","0.2455298751592636","0.2455298751592636","0.2455298751592636","0.2273489087820053","0.2273489087820053","0.2273489087820053","0.06896202266216278","0.06896202266216278","0.06896202266216278","0.2222505509853363","0.2222505509853363","0.2222505509853363","0.3109470307826996","0.3109470307826996","0.3109470307826996","0.11937244236469269","0.11937244236469269","0.11937244236469269"
"11189","1.1941581964492798","1.1941581964492798","1.1941581964492798","10.163118362426758","10.163118362426758","10.163118362426758","0.08754801750183105","0.08754801750183105","0.08754801750183105","1.4767260551452637","1.4767260551452637","1.4767260551452637","11.040497779846191","11.040497779846191","11.040497779846191","0.14891645312309265","0.14891645312309265","0.14891645312309265"
"11219","0.4346332550048828","0.4346332550048828","0.4346332550048828","0.2890492081642151","0.2890492081642151","0.2890492081642151","0.06902102380990982","0.06902102380990982","0.06902102380990982","0.36369773745536804","0.36369773745536804","0.36369773745536804","0.4409831166267395","0.4409831166267395","0.4409831166267395","0.11947924643754959","0.11947924643754959","0.11947924643754959"
"11249","0.20777903497219086","0.20777903497219086","0.20777903497219086","0.3196582794189453","0.3196582794189453","0.3196582794189453","0.0988197848200798","0.0988197848200798","0.0988197848200798","0.49623924493789673","0.49623924493789673","0.49623924493789673","0.35278668999671936","0.35278668999671936","0.35278668999671936","0.1262953132390976","0.1262953132390976","0.1262953132390976"
"11279","0.5641235113143921","0.5641235113143921","0.5641235113143921","0.8136376142501831","0.8136376142501831","0.8136376142501831","0.07690606266260147","0.07690606266260147","0.07690606266260147","0.5214178562164307","0.5214178562164307","0.5214178562164307","1.1037627458572388","1.1037627458572388","1.1037627458572388","0.1361711472272873","0.1361711472272873","0.1361711472272873"
"11309","0.5820554494857788","0.5820554494857788","0.5820554494857788","2.382176160812378","2.382176160812378","2.382176160812378","0.09006089717149734","0.09006089717149734","0.09006089717149734","0.7440330982208252","0.7440330982208252","0.7440330982208252","4.73552131652832","4.73552131652832","4.73552131652832","0.122591532766819","0.122591532766819","0.122591532766819"
"11339","0.2559254467487335","0.2559254467487335","0.2559254467487335","0.279875248670578","0.279875248670578","0.279875248670578","0.07959996908903122","0.07959996908903122","0.07959996908903122","0.2550886869430542","0.2550886869430542","0.2550886869430542","0.39206117391586304","0.39206117391586304","0.39206117391586304","0.17498499155044556","0.17498499155044556","0.17498499155044556"
"11369","0.2862378656864166","0.2862378656864166","0.2862378656864166","0.34599584341049194","0.34599584341049194","0.34599584341049194","0.09533707052469254","0.09533707052469254","0.09533707052469254","0.5997499823570251","0.5997499823570251","0.5997499823570251","0.4928458333015442","0.4928458333015442","0.4928458333015442","0.13117502629756927","0.13117502629756927","0.13117502629756927"
"11399","0.2827342748641968","0.2827342748641968","0.2827342748641968","0.23351380228996277","0.23351380228996277","0.23351380228996277","0.06800266355276108","0.06800266355276108","0.06800266355276108","0.3383750915527344","0.3383750915527344","0.3383750915527344","0.3942497670650482","0.3942497670650482","0.3942497670650482","0.09602642059326172","0.09602642059326172","0.09602642059326172"
"11429","3.290717363357544","3.290717363357544","3.290717363357544","11.499154090881348","11.499154090881348","11.499154090881348","0.12152454257011414","0.12152454257011414","0.12152454257011414","2.9130563735961914","2.9130563735961914","2.9130563735961914","25.483924865722656","25.483924865722656","25.483924865722656","0.13620209693908691","0.13620209693908691","0.13620209693908691"
"11459","0.2713340222835541","0.2713340222835541","0.2713340222835541","0.3118571639060974","0.3118571639060974","0.3118571639060974","0.11264253407716751","0.11264253407716751","0.11264253407716751","0.28151148557662964","0.28151148557662964","0.28151148557662964","0.7600959539413452","0.7600959539413452","0.7600959539413452","0.14016276597976685","0.14016276597976685","0.14016276597976685"
"11489","0.3356078267097473","0.3356078267097473","0.3356078267097473","0.40111133456230164","0.40111133456230164","0.40111133456230164","0.08699788898229599","0.08699788898229599","0.08699788898229599","0.4041520655155182","0.4041520655155182","0.4041520655155182","1.1549526453018188","1.1549526453018188","1.1549526453018188","0.13800159096717834","0.13800159096717834","0.13800159096717834"
"11519","0.3143349885940552","0.3143349885940552","0.3143349885940552","0.4678409993648529","0.4678409993648529","0.4678409993648529","0.13129235804080963","0.13129235804080963","0.13129235804080963","0.4103124141693115","0.4103124141693115","0.4103124141693115","0.544442892074585","0.544442892074585","0.544442892074585","0.13325247168540955","0.13325247168540955","0.13325247168540955"
"11549","0.2227657586336136","0.2227657586336136","0.2227657586336136","0.5065893530845642","0.5065893530845642","0.5065893530845642","0.08166345208883286","0.08166345208883286","0.08166345208883286","0.5497897267341614","0.5497897267341614","0.5497897267341614","0.4218398332595825","0.4218398332595825","0.4218398332595825","0.15494002401828766","0.15494002401828766","0.15494002401828766"
"11579","3.662412643432617","3.662412643432617","3.662412643432617","11.49277114868164","11.49277114868164","11.49277114868164","0.0770331621170044","0.0770331621170044","0.0770331621170044","2.8760974407196045","2.8760974407196045","2.8760974407196045","8.77292251586914","8.77292251586914","8.77292251586914","0.13327071070671082","0.13327071070671082","0.13327071070671082"
"11609","0.1892840713262558","0.1892840713262558","0.1892840713262558","0.5311831831932068","0.5311831831932068","0.5311831831932068","0.08020000904798508","0.08020000904798508","0.08020000904798508","0.23909270763397217","0.23909270763397217","0.23909270763397217","0.7487201690673828","0.7487201690673828","0.7487201690673828","0.13849376142024994","0.13849376142024994","0.13849376142024994"
"11639","0.6878193020820618","0.6878193020820618","0.6878193020820618","1.754425048828125","1.754425048828125","1.754425048828125","0.08165840059518814","0.08165840059518814","0.08165840059518814","1.065529704093933","1.065529704093933","1.065529704093933","2.722644805908203","2.722644805908203","2.722644805908203","0.13746242225170135","0.13746242225170135","0.13746242225170135"
"11669","0.27651816606521606","0.27651816606521606","0.27651816606521606","0.5055655837059021","0.5055655837059021","0.5055655837059021","0.08664529025554657","0.08664529025554657","0.08664529025554657","0.27099964022636414","0.27099964022636414","0.27099964022636414","0.38412442803382874","0.38412442803382874","0.38412442803382874","0.12305349111557007","0.12305349111557007","0.12305349111557007"
"11699","2.1523053646087646","2.1523053646087646","2.1523053646087646","2.6977860927581787","2.6977860927581787","2.6977860927581787","0.07196736335754395","0.07196736335754395","0.07196736335754395","1.098120093345642","1.098120093345642","1.098120093345642","6.27261209487915","6.27261209487915","6.27261209487915","0.11099077016115189","0.11099077016115189","0.11099077016115189"
"11729","0.22152702510356903","0.22152702510356903","0.22152702510356903","0.2888859808444977","0.2888859808444977","0.2888859808444977","0.07641323655843735","0.07641323655843735","0.07641323655843735","0.4519976079463959","0.4519976079463959","0.4519976079463959","0.34274572134017944","0.34274572134017944","0.34274572134017944","0.13265889883041382","0.13265889883041382","0.13265889883041382"
"11759","0.37776365876197815","0.37776365876197815","0.37776365876197815","0.6275164484977722","0.6275164484977722","0.6275164484977722","0.10029405355453491","0.10029405355453491","0.10029405355453491","0.30284804105758667","0.30284804105758667","0.30284804105758667","0.32098251581192017","0.32098251581192017","0.32098251581192017","0.15377648174762726","0.15377648174762726","0.15377648174762726"
"11789","0.26782113313674927","0.26782113313674927","0.26782113313674927","0.3739590346813202","0.3739590346813202","0.3739590346813202","0.0656445175409317","0.0656445175409317","0.0656445175409317","0.26027387380599976","0.26027387380599976","0.26027387380599976","0.5050067901611328","0.5050067901611328","0.5050067901611328","0.13567601144313812","0.13567601144313812","0.13567601144313812"
"11819","0.34650835394859314","0.34650835394859314","0.34650835394859314","0.46685126423835754","0.46685126423835754","0.46685126423835754","0.07298757880926132","0.07298757880926132","0.07298757880926132","0.6991250514984131","0.6991250514984131","0.6991250514984131","0.601610541343689","0.601610541343689","0.601610541343689","0.13166360557079315","0.13166360557079315","0.13166360557079315"
"11849","0.23484905064105988","0.23484905064105988","0.23484905064105988","0.2524878978729248","0.2524878978729248","0.2524878978729248","0.08320757001638412","0.08320757001638412","0.08320757001638412","0.2423543930053711","0.2423543930053711","0.2423543930053711","0.32926931977272034","0.32926931977272034","0.32926931977272034","0.08406327664852142","0.08406327664852142","0.08406327664852142"
"11879","0.2633906602859497","0.2633906602859497","0.2633906602859497","0.3167206048965454","0.3167206048965454","0.3167206048965454","0.06594061851501465","0.06594061851501465","0.06594061851501465","0.3780965209007263","0.3780965209007263","0.3780965209007263","0.408291757106781","0.408291757106781","0.408291757106781","0.13514210283756256","0.13514210283756256","0.13514210283756256"
"11909","1.4606560468673706","1.4606560468673706","1.4606560468673706","2.5179591178894043","2.5179591178894043","2.5179591178894043","0.06982472538948059","0.06982472538948059","0.06982472538948059","0.5116843581199646","0.5116843581199646","0.5116843581199646","1.409157395362854","1.409157395362854","1.409157395362854","0.11310306191444397","0.11310306191444397","0.11310306191444397"
"11939","0.21049480140209198","0.21049480140209198","0.21049480140209198","0.7252342104911804","0.7252342104911804","0.7252342104911804","0.07473549246788025","0.07473549246788025","0.07473549246788025","0.28331226110458374","0.28331226110458374","0.28331226110458374","0.5248472690582275","0.5248472690582275","0.5248472690582275","0.1702924519777298","0.1702924519777298","0.1702924519777298"
"11969","0.22434401512145996","0.22434401512145996","0.22434401512145996","0.3804480731487274","0.3804480731487274","0.3804480731487274","0.06210772320628166","0.06210772320628166","0.06210772320628166","0.6642988920211792","0.6642988920211792","0.6642988920211792","0.4914279878139496","0.4914279878139496","0.4914279878139496","0.13191306591033936","0.13191306591033936","0.13191306591033936"
"11999","1.1327217817306519","1.1327217817306519","1.1327217817306519","2.0271828174591064","2.0271828174591064","2.0271828174591064","0.05408898741006851","0.05408898741006851","0.05408898741006851","0.6655144095420837","0.6655144095420837","0.6655144095420837","6.341238498687744","6.341238498687744","6.341238498687744","0.09947814792394638","0.09947814792394638","0.09947814792394638"
"12029","0.38830092549324036","0.38830092549324036","0.38830092549324036","1.2327041625976562","1.2327041625976562","1.2327041625976562","0.06392444670200348","0.06392444670200348","0.06392444670200348","0.45159944891929626","0.45159944891929626","0.45159944891929626","1.4481252431869507","1.4481252431869507","1.4481252431869507","0.11277873069047928","0.11277873069047928","0.11277873069047928"
"12059","0.3246738314628601","0.3246738314628601","0.3246738314628601","0.3936881124973297","0.3936881124973297","0.3936881124973297","0.10313136130571365","0.10313136130571365","0.10313136130571365","0.21884745359420776","0.21884745359420776","0.21884745359420776","0.36107420921325684","0.36107420921325684","0.36107420921325684","0.13233518600463867","0.13233518600463867","0.13233518600463867"
"12089","0.31072187423706055","0.31072187423706055","0.31072187423706055","0.536734938621521","0.536734938621521","0.536734938621521","0.09870553761720657","0.09870553761720657","0.09870553761720657","0.24339984357357025","0.24339984357357025","0.24339984357357025","0.38864248991012573","0.38864248991012573","0.38864248991012573","0.13236010074615479","0.13236010074615479","0.13236010074615479"
"12119","3.240354537963867","3.240354537963867","3.240354537963867","32.24861526489258","32.24861526489258","32.24861526489258","0.09266730397939682","0.09266730397939682","0.09266730397939682","5.295212268829346","5.295212268829346","5.295212268829346","36.589786529541016","36.589786529541016","36.589786529541016","0.11224231868982315","0.11224231868982315","0.11224231868982315"
"12149","0.2404646873474121","0.2404646873474121","0.2404646873474121","0.3734983801841736","0.3734983801841736","0.3734983801841736","0.08033402264118195","0.08033402264118195","0.08033402264118195","0.23074805736541748","0.23074805736541748","0.23074805736541748","0.5633409023284912","0.5633409023284912","0.5633409023284912","0.14041148126125336","0.14041148126125336","0.14041148126125336"
"12179","0.21995346248149872","0.21995346248149872","0.21995346248149872","0.2841842472553253","0.2841842472553253","0.2841842472553253","0.08184311538934708","0.08184311538934708","0.08184311538934708","0.20644767582416534","0.20644767582416534","0.20644767582416534","0.3504328727722168","0.3504328727722168","0.3504328727722168","0.1176203116774559","0.1176203116774559","0.1176203116774559"
"12209","0.7471044659614563","0.7471044659614563","0.7471044659614563","0.8311691284179688","0.8311691284179688","0.8311691284179688","0.08964904397726059","0.08964904397726059","0.08964904397726059","0.2797418236732483","0.2797418236732483","0.2797418236732483","0.8343285918235779","0.8343285918235779","0.8343285918235779","0.1436959207057953","0.1436959207057953","0.1436959207057953"
"12239","1.0610564947128296","1.0610564947128296","1.0610564947128296","1.4148104190826416","1.4148104190826416","1.4148104190826416","0.09884914010763168","0.09884914010763168","0.09884914010763168","1.2258573770523071","1.2258573770523071","1.2258573770523071","1.5871148109436035","1.5871148109436035","1.5871148109436035","0.11397410184144974","0.11397410184144974","0.11397410184144974"
"12269","0.24714185297489166","0.24714185297489166","0.24714185297489166","0.4496592581272125","0.4496592581272125","0.4496592581272125","0.10977153480052948","0.10977153480052948","0.10977153480052948","0.2324846386909485","0.2324846386909485","0.2324846386909485","0.3139666020870209","0.3139666020870209","0.3139666020870209","0.13797098398208618","0.13797098398208618","0.13797098398208618"
"12299","0.21294787526130676","0.21294787526130676","0.21294787526130676","0.25180453062057495","0.25180453062057495","0.25180453062057495","0.08316552639007568","0.08316552639007568","0.08316552639007568","0.23421046137809753","0.23421046137809753","0.23421046137809753","0.5994442701339722","0.5994442701339722","0.5994442701339722","0.12518388032913208","0.12518388032913208","0.12518388032913208"
"12329","0.23325294256210327","0.23325294256210327","0.23325294256210327","0.5847911834716797","0.5847911834716797","0.5847911834716797","0.07556955516338348","0.07556955516338348","0.07556955516338348","0.458126962184906","0.458126962184906","0.458126962184906","0.4924919009208679","0.4924919009208679","0.4924919009208679","0.13331899046897888","0.13331899046897888","0.13331899046897888"
"12359","0.38902586698532104","0.38902586698532104","0.38902586698532104","2.7591052055358887","2.7591052055358887","2.7591052055358887","0.09926364570856094","0.09926364570856094","0.09926364570856094","0.489623486995697","0.489623486995697","0.489623486995697","0.7700689435005188","0.7700689435005188","0.7700689435005188","0.11013539880514145","0.11013539880514145","0.11013539880514145"
"12389","0.48669055104255676","0.48669055104255676","0.48669055104255676","0.9915752410888672","0.9915752410888672","0.9915752410888672","0.08115611225366592","0.08115611225366592","0.08115611225366592","0.5821871161460876","0.5821871161460876","0.5821871161460876","0.9596472978591919","0.9596472978591919","0.9596472978591919","0.1183716282248497","0.1183716282248497","0.1183716282248497"
"12419","0.22003741562366486","0.22003741562366486","0.22003741562366486","0.5460718870162964","0.5460718870162964","0.5460718870162964","0.06845804303884506","0.06845804303884506","0.06845804303884506","0.4587183892726898","0.4587183892726898","0.4587183892726898","0.7216612696647644","0.7216612696647644","0.7216612696647644","0.12191682308912277","0.12191682308912277","0.12191682308912277"
"12449","0.3869592249393463","0.3869592249393463","0.3869592249393463","0.9204110503196716","0.9204110503196716","0.9204110503196716","0.08283407986164093","0.08283407986164093","0.08283407986164093","0.43511396646499634","0.43511396646499634","0.43511396646499634","1.254551649093628","1.254551649093628","1.254551649093628","0.15180520713329315","0.15180520713329315","0.15180520713329315"
"12479","3.7600555419921875","3.7600555419921875","3.7600555419921875","5.122931003570557","5.122931003570557","5.122931003570557","0.08359384536743164","0.08359384536743164","0.08359384536743164","8.024397850036621","8.024397850036621","8.024397850036621","9.592594146728516","9.592594146728516","9.592594146728516","0.15344999730587006","0.15344999730587006","0.15344999730587006"
"12509","0.5159165859222412","0.5159165859222412","0.5159165859222412","0.9451359510421753","0.9451359510421753","0.9451359510421753","0.07210545241832733","0.07210545241832733","0.07210545241832733","1.681038498878479","1.681038498878479","1.681038498878479","2.691826820373535","2.691826820373535","2.691826820373535","0.1215672492980957","0.1215672492980957","0.1215672492980957"
"12539","0.4842999279499054","0.4842999279499054","0.4842999279499054","0.517186164855957","0.517186164855957","0.517186164855957","0.06210031360387802","0.06210031360387802","0.06210031360387802","0.488808810710907","0.488808810710907","0.488808810710907","0.35681861639022827","0.35681861639022827","0.35681861639022827","0.09065673500299454","0.09065673500299454","0.09065673500299454"
"12569","0.29714447259902954","0.29714447259902954","0.29714447259902954","0.3176504969596863","0.3176504969596863","0.3176504969596863","0.077211394906044","0.077211394906044","0.077211394906044","0.3083697259426117","0.3083697259426117","0.3083697259426117","0.37618324160575867","0.37618324160575867","0.37618324160575867","0.12585854530334473","0.12585854530334473","0.12585854530334473"
"12599","0.5090474486351013","0.5090474486351013","0.5090474486351013","0.2624608278274536","0.2624608278274536","0.2624608278274536","0.07495731860399246","0.07495731860399246","0.07495731860399246","0.3006290793418884","0.3006290793418884","0.3006290793418884","0.5015248656272888","0.5015248656272888","0.5015248656272888","0.14322137832641602","0.14322137832641602","0.14322137832641602"
"12629","0.16850686073303223","0.16850686073303223","0.16850686073303223","0.2537810206413269","0.2537810206413269","0.2537810206413269","0.07558628171682358","0.07558628171682358","0.07558628171682358","0.1953967958688736","0.1953967958688736","0.1953967958688736","0.28840795159339905","0.28840795159339905","0.28840795159339905","0.0913684144616127","0.0913684144616127","0.0913684144616127"
"12659","0.6831204295158386","0.6831204295158386","0.6831204295158386","0.874343991279602","0.874343991279602","0.874343991279602","0.07572644203901291","0.07572644203901291","0.07572644203901291","1.1125166416168213","1.1125166416168213","1.1125166416168213","0.6179076433181763","0.6179076433181763","0.6179076433181763","0.141866534948349","0.141866534948349","0.141866534948349"
"12689","0.18265631794929504","0.18265631794929504","0.18265631794929504","0.2829385995864868","0.2829385995864868","0.2829385995864868","0.08346469700336456","0.08346469700336456","0.08346469700336456","0.24385692179203033","0.24385692179203033","0.24385692179203033","0.3415290117263794","0.3415290117263794","0.3415290117263794","0.09942180663347244","0.09942180663347244","0.09942180663347244"
"12719","0.20560885965824127","0.20560885965824127","0.20560885965824127","0.31198328733444214","0.31198328733444214","0.31198328733444214","0.06287398189306259","0.06287398189306259","0.06287398189306259","0.28112682700157166","0.28112682700157166","0.28112682700157166","0.3872179687023163","0.3872179687023163","0.3872179687023163","0.0997457504272461","0.0997457504272461","0.0997457504272461"
"12749","0.2783985137939453","0.2783985137939453","0.2783985137939453","0.3599860966205597","0.3599860966205597","0.3599860966205597","0.057352885603904724","0.057352885603904724","0.057352885603904724","0.3487001359462738","0.3487001359462738","0.3487001359462738","1.7290960550308228","1.7290960550308228","1.7290960550308228","0.10673298686742783","0.10673298686742783","0.10673298686742783"
"12779","0.25420284271240234","0.25420284271240234","0.25420284271240234","0.45519697666168213","0.45519697666168213","0.45519697666168213","0.1239444687962532","0.1239444687962532","0.1239444687962532","0.26908671855926514","0.26908671855926514","0.26908671855926514","0.7434463500976562","0.7434463500976562","0.7434463500976562","0.13471513986587524","0.13471513986587524","0.13471513986587524"
"12809","0.2793317437171936","0.2793317437171936","0.2793317437171936","0.2269924432039261","0.2269924432039261","0.2269924432039261","0.09538020938634872","0.09538020938634872","0.09538020938634872","0.32433319091796875","0.32433319091796875","0.32433319091796875","1.487810492515564","1.487810492515564","1.487810492515564","0.14666245877742767","0.14666245877742767","0.14666245877742767"
"12839","0.436970055103302","0.436970055103302","0.436970055103302","0.403825968503952","0.403825968503952","0.403825968503952","0.0625787228345871","0.0625787228345871","0.0625787228345871","0.3985117971897125","0.3985117971897125","0.3985117971897125","0.8953039646148682","0.8953039646148682","0.8953039646148682","0.11206761747598648","0.11206761747598648","0.11206761747598648"
"12869","0.3536286950111389","0.3536286950111389","0.3536286950111389","0.5167720317840576","0.5167720317840576","0.5167720317840576","0.062086693942546844","0.062086693942546844","0.062086693942546844","0.38081854581832886","0.38081854581832886","0.38081854581832886","0.7793539762496948","0.7793539762496948","0.7793539762496948","0.13760226964950562","0.13760226964950562","0.13760226964950562"
"12899","0.45035430788993835","0.45035430788993835","0.45035430788993835","0.24796469509601593","0.24796469509601593","0.24796469509601593","0.0969223752617836","0.0969223752617836","0.0969223752617836","0.3997550904750824","0.3997550904750824","0.3997550904750824","0.48329979181289673","0.48329979181289673","0.48329979181289673","0.1681353747844696","0.1681353747844696","0.1681353747844696"
"12929","0.31117138266563416","0.31117138266563416","0.31117138266563416","0.26899152994155884","0.26899152994155884","0.26899152994155884","0.054417915642261505","0.054417915642261505","0.054417915642261505","0.44057223200798035","0.44057223200798035","0.44057223200798035","0.45982199907302856","0.45982199907302856","0.45982199907302856","0.10627342015504837","0.10627342015504837","0.10627342015504837"
"12959","1.2170827388763428","1.2170827388763428","1.2170827388763428","7.344622611999512","7.344622611999512","7.344622611999512","0.07719653099775314","0.07719653099775314","0.07719653099775314","0.5890868306159973","0.5890868306159973","0.5890868306159973","1.9082412719726562","1.9082412719726562","1.9082412719726562","0.19333679974079132","0.19333679974079132","0.19333679974079132"
"12989","0.40352553129196167","0.40352553129196167","0.40352553129196167","0.3316168189048767","0.3316168189048767","0.3316168189048767","0.07955985516309738","0.07955985516309738","0.07955985516309738","0.2113150805234909","0.2113150805234909","0.2113150805234909","0.5032856464385986","0.5032856464385986","0.5032856464385986","0.12383437156677246","0.12383437156677246","0.12383437156677246"
"13019","0.18831422924995422","0.18831422924995422","0.18831422924995422","0.2900961935520172","0.2900961935520172","0.2900961935520172","0.06767197698354721","0.06767197698354721","0.06767197698354721","0.26583901047706604","0.26583901047706604","0.26583901047706604","0.31118398904800415","0.31118398904800415","0.31118398904800415","0.12246491760015488","0.12246491760015488","0.12246491760015488"
"13049","0.2679012715816498","0.2679012715816498","0.2679012715816498","0.2961459755897522","0.2961459755897522","0.2961459755897522","0.07659915089607239","0.07659915089607239","0.07659915089607239","0.4145652949810028","0.4145652949810028","0.4145652949810028","0.4936395287513733","0.4936395287513733","0.4936395287513733","0.10786496102809906","0.10786496102809906","0.10786496102809906"
"13079","0.4445166289806366","0.4445166289806366","0.4445166289806366","0.7494268417358398","0.7494268417358398","0.7494268417358398","0.06372573226690292","0.06372573226690292","0.06372573226690292","0.40672028064727783","0.40672028064727783","0.40672028064727783","0.4477382302284241","0.4477382302284241","0.4477382302284241","0.1203637570142746","0.1203637570142746","0.1203637570142746"
"13109","0.26145654916763306","0.26145654916763306","0.26145654916763306","0.5728711485862732","0.5728711485862732","0.5728711485862732","0.06757007539272308","0.06757007539272308","0.06757007539272308","0.27215826511383057","0.27215826511383057","0.27215826511383057","0.3426579535007477","0.3426579535007477","0.3426579535007477","0.12220891565084457","0.12220891565084457","0.12220891565084457"
"13139","0.8600042462348938","0.8600042462348938","0.8600042462348938","3.4062488079071045","3.4062488079071045","3.4062488079071045","0.09731954336166382","0.09731954336166382","0.09731954336166382","0.5434691309928894","0.5434691309928894","0.5434691309928894","11.597434997558594","11.597434997558594","11.597434997558594","0.12850333750247955","0.12850333750247955","0.12850333750247955"
"13169","0.2581445574760437","0.2581445574760437","0.2581445574760437","0.2813448905944824","0.2813448905944824","0.2813448905944824","0.07568619400262833","0.07568619400262833","0.07568619400262833","0.23347140848636627","0.23347140848636627","0.23347140848636627","0.3497221767902374","0.3497221767902374","0.3497221767902374","0.1296374499797821","0.1296374499797821","0.1296374499797821"
"13199","0.23646900057792664","0.23646900057792664","0.23646900057792664","0.3331088423728943","0.3331088423728943","0.3331088423728943","0.05642673373222351","0.05642673373222351","0.05642673373222351","0.2427455335855484","0.2427455335855484","0.2427455335855484","0.3742137849330902","0.3742137849330902","0.3742137849330902","0.17463798820972443","0.17463798820972443","0.17463798820972443"
"13229","0.26128414273262024","0.26128414273262024","0.26128414273262024","0.432705283164978","0.432705283164978","0.432705283164978","0.06959491223096848","0.06959491223096848","0.06959491223096848","0.277197003364563","0.277197003364563","0.277197003364563","0.38652148842811584","0.38652148842811584","0.38652148842811584","0.11728958785533905","0.11728958785533905","0.11728958785533905"
"13259","0.7128991484642029","0.7128991484642029","0.7128991484642029","0.3025582432746887","0.3025582432746887","0.3025582432746887","0.06272091716527939","0.06272091716527939","0.06272091716527939","0.30276286602020264","0.30276286602020264","0.30276286602020264","1.6838369369506836","1.6838369369506836","1.6838369369506836","0.15173111855983734","0.15173111855983734","0.15173111855983734"
"13289","0.1662357747554779","0.1662357747554779","0.1662357747554779","0.1903678923845291","0.1903678923845291","0.1903678923845291","0.06932718306779861","0.06932718306779861","0.06932718306779861","0.2657856345176697","0.2657856345176697","0.2657856345176697","0.4550754129886627","0.4550754129886627","0.4550754129886627","0.10748781263828278","0.10748781263828278","0.10748781263828278"
"13319","0.35913392901420593","0.35913392901420593","0.35913392901420593","3.0805985927581787","3.0805985927581787","3.0805985927581787","0.07162792235612869","0.07162792235612869","0.07162792235612869","0.6558257937431335","0.6558257937431335","0.6558257937431335","0.9721806049346924","0.9721806049346924","0.9721806049346924","0.1462530642747879","0.1462530642747879","0.1462530642747879"
"13349","0.23865386843681335","0.23865386843681335","0.23865386843681335","0.4291442632675171","0.4291442632675171","0.4291442632675171","0.06496955454349518","0.06496955454349518","0.06496955454349518","0.8561634421348572","0.8561634421348572","0.8561634421348572","0.4581533670425415","0.4581533670425415","0.4581533670425415","0.11267229169607162","0.11267229169607162","0.11267229169607162"
"13379","0.8240021467208862","0.8240021467208862","0.8240021467208862","0.4729800224304199","0.4729800224304199","0.4729800224304199","0.07061532139778137","0.07061532139778137","0.07061532139778137","0.8647199869155884","0.8647199869155884","0.8647199869155884","0.7264401316642761","0.7264401316642761","0.7264401316642761","0.15346553921699524","0.15346553921699524","0.15346553921699524"
"13409","0.26967692375183105","0.26967692375183105","0.26967692375183105","0.37598323822021484","0.37598323822021484","0.37598323822021484","0.067717544734478","0.067717544734478","0.067717544734478","0.4109133780002594","0.4109133780002594","0.4109133780002594","0.5384325981140137","0.5384325981140137","0.5384325981140137","0.09825670719146729","0.09825670719146729","0.09825670719146729"
"13439","0.3080754280090332","0.3080754280090332","0.3080754280090332","0.32690972089767456","0.32690972089767456","0.32690972089767456","0.07510281354188919","0.07510281354188919","0.07510281354188919","0.6691699028015137","0.6691699028015137","0.6691699028015137","0.4241224527359009","0.4241224527359009","0.4241224527359009","0.09903840720653534","0.09903840720653534","0.09903840720653534"
"13469","0.44175970554351807","0.44175970554351807","0.44175970554351807","0.31216689944267273","0.31216689944267273","0.31216689944267273","0.06636258214712143","0.06636258214712143","0.06636258214712143","0.4821186065673828","0.4821186065673828","0.4821186065673828","0.4511941373348236","0.4511941373348236","0.4511941373348236","0.09951077401638031","0.09951077401638031","0.09951077401638031"
"13499","0.3521224856376648","0.3521224856376648","0.3521224856376648","0.24000567197799683","0.24000567197799683","0.24000567197799683","0.09427385032176971","0.09427385032176971","0.09427385032176971","0.46573126316070557","0.46573126316070557","0.46573126316070557","0.42792999744415283","0.42792999744415283","0.42792999744415283","0.10666874051094055","0.10666874051094055","0.10666874051094055"
"13529","0.1968717873096466","0.1968717873096466","0.1968717873096466","0.3258860409259796","0.3258860409259796","0.3258860409259796","0.05929994955658913","0.05929994955658913","0.05929994955658913","0.2937510907649994","0.2937510907649994","0.2937510907649994","0.5363336205482483","0.5363336205482483","0.5363336205482483","0.15137572586536407","0.15137572586536407","0.15137572586536407"
"13559","0.3803066313266754","0.3803066313266754","0.3803066313266754","0.45460981130599976","0.45460981130599976","0.45460981130599976","0.06551995128393173","0.06551995128393173","0.06551995128393173","0.5636869668960571","0.5636869668960571","0.5636869668960571","0.4737916588783264","0.4737916588783264","0.4737916588783264","0.11131324619054794","0.11131324619054794","0.11131324619054794"
"13589","0.2333853840827942","0.2333853840827942","0.2333853840827942","0.5908498167991638","0.5908498167991638","0.5908498167991638","0.0815814658999443","0.0815814658999443","0.0815814658999443","0.5467715263366699","0.5467715263366699","0.5467715263366699","0.6891668438911438","0.6891668438911438","0.6891668438911438","0.10165801644325256","0.10165801644325256","0.10165801644325256"
"13619","0.6044766902923584","0.6044766902923584","0.6044766902923584","1.9550782442092896","1.9550782442092896","1.9550782442092896","0.06998614966869354","0.06998614966869354","0.06998614966869354","2.744558095932007","2.744558095932007","2.744558095932007","1.09381902217865","1.09381902217865","1.09381902217865","0.14668886363506317","0.14668886363506317","0.14668886363506317"
"13649","0.5551735162734985","0.5551735162734985","0.5551735162734985","0.6565776467323303","0.6565776467323303","0.6565776467323303","0.06966488808393478","0.06966488808393478","0.06966488808393478","0.42311689257621765","0.42311689257621765","0.42311689257621765","0.5052317380905151","0.5052317380905151","0.5052317380905151","0.09855087846517563","0.09855087846517563","0.09855087846517563"
"13679","0.42999929189682007","0.42999929189682007","0.42999929189682007","0.4219697415828705","0.4219697415828705","0.4219697415828705","0.0735551118850708","0.0735551118850708","0.0735551118850708","0.21552348136901855","0.21552348136901855","0.21552348136901855","0.38490766286849976","0.38490766286849976","0.38490766286849976","0.09263745695352554","0.09263745695352554","0.09263745695352554"
"13709","1.499532699584961","1.499532699584961","1.499532699584961","5.082289218902588","5.082289218902588","5.082289218902588","0.08177482336759567","0.08177482336759567","0.08177482336759567","1.1686275005340576","1.1686275005340576","1.1686275005340576","6.239322185516357","6.239322185516357","6.239322185516357","0.14688920974731445","0.14688920974731445","0.14688920974731445"
"13739","0.42387568950653076","0.42387568950653076","0.42387568950653076","0.5878238677978516","0.5878238677978516","0.5878238677978516","0.06331814080476761","0.06331814080476761","0.06331814080476761","0.25933265686035156","0.25933265686035156","0.25933265686035156","0.39204397797584534","0.39204397797584534","0.39204397797584534","0.11467397212982178","0.11467397212982178","0.11467397212982178"
"13769","0.46508604288101196","0.46508604288101196","0.46508604288101196","0.3621217608451843","0.3621217608451843","0.3621217608451843","0.06622489541769028","0.06622489541769028","0.06622489541769028","0.28260537981987","0.28260537981987","0.28260537981987","0.39358603954315186","0.39358603954315186","0.39358603954315186","0.11524868756532669","0.11524868756532669","0.11524868756532669"
"13799","0.9460316300392151","0.9460316300392151","0.9460316300392151","1.3601303100585938","1.3601303100585938","1.3601303100585938","0.0757087916135788","0.0757087916135788","0.0757087916135788","0.3056015372276306","0.3056015372276306","0.3056015372276306","0.7987641096115112","0.7987641096115112","0.7987641096115112","0.0884380117058754","0.0884380117058754","0.0884380117058754"
"13829","0.23526427149772644","0.23526427149772644","0.23526427149772644","0.4061345160007477","0.4061345160007477","0.4061345160007477","0.07526997476816177","0.07526997476816177","0.07526997476816177","0.6384009122848511","0.6384009122848511","0.6384009122848511","0.6295956969261169","0.6295956969261169","0.6295956969261169","0.08236384391784668","0.08236384391784668","0.08236384391784668"
"13859","0.2750057876110077","0.2750057876110077","0.2750057876110077","0.5261834859848022","0.5261834859848022","0.5261834859848022","0.061563748866319656","0.061563748866319656","0.061563748866319656","0.336190402507782","0.336190402507782","0.336190402507782","0.3653598725795746","0.3653598725795746","0.3653598725795746","0.10889998823404312","0.10889998823404312","0.10889998823404312"
"13889","0.27839162945747375","0.27839162945747375","0.27839162945747375","0.3499945104122162","0.3499945104122162","0.3499945104122162","0.05836855620145798","0.05836855620145798","0.05836855620145798","0.2586709260940552","0.2586709260940552","0.2586709260940552","0.5303017497062683","0.5303017497062683","0.5303017497062683","0.13993315398693085","0.13993315398693085","0.13993315398693085"
"13919","0.4853871762752533","0.4853871762752533","0.4853871762752533","0.2001878321170807","0.2001878321170807","0.2001878321170807","0.0715438574552536","0.0715438574552536","0.0715438574552536","0.2140927016735077","0.2140927016735077","0.2140927016735077","0.29913330078125","0.29913330078125","0.29913330078125","0.12411129474639893","0.12411129474639893","0.12411129474639893"
"13949","0.36279189586639404","0.36279189586639404","0.36279189586639404","0.4755696654319763","0.4755696654319763","0.4755696654319763","0.0628853514790535","0.0628853514790535","0.0628853514790535","0.28040775656700134","0.28040775656700134","0.28040775656700134","0.794319748878479","0.794319748878479","0.794319748878479","0.10618344694375992","0.10618344694375992","0.10618344694375992"
"13979","0.23956668376922607","0.23956668376922607","0.23956668376922607","0.748796820640564","0.748796820640564","0.748796820640564","0.0728624016046524","0.0728624016046524","0.0728624016046524","0.21832415461540222","0.21832415461540222","0.21832415461540222","0.33273041248321533","0.33273041248321533","0.33273041248321533","0.1042100191116333","0.1042100191116333","0.1042100191116333"
"14009","0.32195907831192017","0.32195907831192017","0.32195907831192017","1.1913361549377441","1.1913361549377441","1.1913361549377441","0.05517973750829697","0.05517973750829697","0.05517973750829697","0.37581872940063477","0.37581872940063477","0.37581872940063477","0.9541517496109009","0.9541517496109009","0.9541517496109009","0.09481368958950043","0.09481368958950043","0.09481368958950043"
"14039","0.1887962371110916","0.1887962371110916","0.1887962371110916","0.5103330016136169","0.5103330016136169","0.5103330016136169","0.1399463415145874","0.1399463415145874","0.1399463415145874","0.41182592511177063","0.41182592511177063","0.41182592511177063","0.2286328822374344","0.2286328822374344","0.2286328822374344","0.09874705970287323","0.09874705970287323","0.09874705970287323"
"14069","0.4103216528892517","0.4103216528892517","0.4103216528892517","2.189915895462036","2.189915895462036","2.189915895462036","0.0953252986073494","0.0953252986073494","0.0953252986073494","0.2937150001525879","0.2937150001525879","0.2937150001525879","1.224892020225525","1.224892020225525","1.224892020225525","0.1186823919415474","0.1186823919415474","0.1186823919415474"
"14099","0.26666465401649475","0.26666465401649475","0.26666465401649475","0.33726656436920166","0.33726656436920166","0.33726656436920166","0.07789747416973114","0.07789747416973114","0.07789747416973114","0.3035242259502411","0.3035242259502411","0.3035242259502411","0.5963666439056396","0.5963666439056396","0.5963666439056396","0.10719016939401627","0.10719016939401627","0.10719016939401627"
"14129","0.21541480720043182","0.21541480720043182","0.21541480720043182","0.4414357542991638","0.4414357542991638","0.4414357542991638","0.06993263959884644","0.06993263959884644","0.06993263959884644","0.23328660428524017","0.23328660428524017","0.23328660428524017","0.3636210262775421","0.3636210262775421","0.3636210262775421","0.13044725358486176","0.13044725358486176","0.13044725358486176"
"14159","0.4391497075557709","0.4391497075557709","0.4391497075557709","0.33179041743278503","0.33179041743278503","0.33179041743278503","0.059106819331645966","0.059106819331645966","0.059106819331645966","0.18946874141693115","0.18946874141693115","0.18946874141693115","0.4531014859676361","0.4531014859676361","0.4531014859676361","0.10215204954147339","0.10215204954147339","0.10215204954147339"
"14189","0.25831401348114014","0.25831401348114014","0.25831401348114014","1.2194766998291016","1.2194766998291016","1.2194766998291016","0.09195343405008316","0.09195343405008316","0.09195343405008316","0.1833796203136444","0.1833796203136444","0.1833796203136444","0.8866291642189026","0.8866291642189026","0.8866291642189026","0.07681899517774582","0.07681899517774582","0.07681899517774582"
"14219","0.3459581732749939","0.3459581732749939","0.3459581732749939","0.23878245055675507","0.23878245055675507","0.23878245055675507","0.077036552131176","0.077036552131176","0.077036552131176","0.5225498080253601","0.5225498080253601","0.5225498080253601","0.3855842649936676","0.3855842649936676","0.3855842649936676","0.108130544424057","0.108130544424057","0.108130544424057"
"14249","0.2532767653465271","0.2532767653465271","0.2532767653465271","0.206694096326828","0.206694096326828","0.206694096326828","0.06962122768163681","0.06962122768163681","0.06962122768163681","0.3012365400791168","0.3012365400791168","0.3012365400791168","0.2722424268722534","0.2722424268722534","0.2722424268722534","0.11656589061021805","0.11656589061021805","0.11656589061021805"
"14279","0.2775816321372986","0.2775816321372986","0.2775816321372986","0.2378939390182495","0.2378939390182495","0.2378939390182495","0.05326693505048752","0.05326693505048752","0.05326693505048752","0.4970282018184662","0.4970282018184662","0.4970282018184662","0.2322792410850525","0.2322792410850525","0.2322792410850525","0.08859024196863174","0.08859024196863174","0.08859024196863174"
"14309","0.4561207592487335","0.4561207592487335","0.4561207592487335","1.034079670906067","1.034079670906067","1.034079670906067","0.057320840656757355","0.057320840656757355","0.057320840656757355","0.36915627121925354","0.36915627121925354","0.36915627121925354","1.1048223972320557","1.1048223972320557","1.1048223972320557","0.12333224713802338","0.12333224713802338","0.12333224713802338"
"14339","0.3768124282360077","0.3768124282360077","0.3768124282360077","0.6086310148239136","0.6086310148239136","0.6086310148239136","0.044421009719371796","0.044421009719371796","0.044421009719371796","0.35618454217910767","0.35618454217910767","0.35618454217910767","0.470880389213562","0.470880389213562","0.470880389213562","0.08914366364479065","0.08914366364479065","0.08914366364479065"
"14369","0.28905513882637024","0.28905513882637024","0.28905513882637024","0.32191550731658936","0.32191550731658936","0.32191550731658936","0.05598168820142746","0.05598168820142746","0.05598168820142746","0.259613573551178","0.259613573551178","0.259613573551178","0.3814920485019684","0.3814920485019684","0.3814920485019684","0.09079654514789581","0.09079654514789581","0.09079654514789581"
"14399","0.12800545990467072","0.12800545990467072","0.12800545990467072","0.2222525030374527","0.2222525030374527","0.2222525030374527","0.0735195204615593","0.0735195204615593","0.0735195204615593","0.28366491198539734","0.28366491198539734","0.28366491198539734","0.3217262923717499","0.3217262923717499","0.3217262923717499","0.19077247381210327","0.19077247381210327","0.19077247381210327"
"14429","0.1996203362941742","0.1996203362941742","0.1996203362941742","0.27175840735435486","0.27175840735435486","0.27175840735435486","0.07264753431081772","0.07264753431081772","0.07264753431081772","0.2108311653137207","0.2108311653137207","0.2108311653137207","0.3639337718486786","0.3639337718486786","0.3639337718486786","0.09816666692495346","0.09816666692495346","0.09816666692495346"
"14459","0.18022525310516357","0.18022525310516357","0.18022525310516357","0.23581446707248688","0.23581446707248688","0.23581446707248688","0.05116981267929077","0.05116981267929077","0.05116981267929077","0.1660453975200653","0.1660453975200653","0.1660453975200653","0.5826579332351685","0.5826579332351685","0.5826579332351685","0.09946449846029282","0.09946449846029282","0.09946449846029282"
"14489","0.3674764931201935","0.3674764931201935","0.3674764931201935","0.4089895784854889","0.4089895784854889","0.4089895784854889","0.06818022578954697","0.06818022578954697","0.06818022578954697","0.37056276202201843","0.37056276202201843","0.37056276202201843","0.7363644242286682","0.7363644242286682","0.7363644242286682","0.10783329606056213","0.10783329606056213","0.10783329606056213"
"14519","0.36154308915138245","0.36154308915138245","0.36154308915138245","0.5310729146003723","0.5310729146003723","0.5310729146003723","0.06725642830133438","0.06725642830133438","0.06725642830133438","0.3262289762496948","0.3262289762496948","0.3262289762496948","0.45155927538871765","0.45155927538871765","0.45155927538871765","0.15122149884700775","0.15122149884700775","0.15122149884700775"
"14549","0.4077855944633484","0.4077855944633484","0.4077855944633484","0.6540080308914185","0.6540080308914185","0.6540080308914185","0.06708653271198273","0.06708653271198273","0.06708653271198273","0.3888818621635437","0.3888818621635437","0.3888818621635437","0.44857001304626465","0.44857001304626465","0.44857001304626465","0.12899433076381683","0.12899433076381683","0.12899433076381683"
"14579","0.3468535840511322","0.3468535840511322","0.3468535840511322","0.9864276051521301","0.9864276051521301","0.9864276051521301","0.055370476096868515","0.055370476096868515","0.055370476096868515","1.469577431678772","1.469577431678772","1.469577431678772","0.6647418141365051","0.6647418141365051","0.6647418141365051","0.09736859798431396","0.09736859798431396","0.09736859798431396"
"14609","0.2598680853843689","0.2598680853843689","0.2598680853843689","0.326652854681015","0.326652854681015","0.326652854681015","0.08094964921474457","0.08094964921474457","0.08094964921474457","0.22389453649520874","0.22389453649520874","0.22389453649520874","0.3761519491672516","0.3761519491672516","0.3761519491672516","0.13011954724788666","0.13011954724788666","0.13011954724788666"
"14639","0.30163460969924927","0.30163460969924927","0.30163460969924927","0.45241478085517883","0.45241478085517883","0.45241478085517883","0.059045933187007904","0.059045933187007904","0.059045933187007904","0.22215983271598816","0.22215983271598816","0.22215983271598816","0.34587791562080383","0.34587791562080383","0.34587791562080383","0.10671087354421616","0.10671087354421616","0.10671087354421616"
"14669","0.2072267085313797","0.2072267085313797","0.2072267085313797","0.4205741882324219","0.4205741882324219","0.4205741882324219","0.06882956624031067","0.06882956624031067","0.06882956624031067","0.24342864751815796","0.24342864751815796","0.24342864751815796","0.36407241225242615","0.36407241225242615","0.36407241225242615","0.07859638333320618","0.07859638333320618","0.07859638333320618"
"14699","0.28228574991226196","0.28228574991226196","0.28228574991226196","0.24134357273578644","0.24134357273578644","0.24134357273578644","0.07242881506681442","0.07242881506681442","0.07242881506681442","0.24988524615764618","0.24988524615764618","0.24988524615764618","0.5150107741355896","0.5150107741355896","0.5150107741355896","0.08060044795274734","0.08060044795274734","0.08060044795274734"
"14729","0.7170596122741699","0.7170596122741699","0.7170596122741699","0.30558517575263977","0.30558517575263977","0.30558517575263977","0.045082204043865204","0.045082204043865204","0.045082204043865204","0.8105778098106384","0.8105778098106384","0.8105778098106384","0.505581259727478","0.505581259727478","0.505581259727478","0.10751967877149582","0.10751967877149582","0.10751967877149582"
"14759","0.21469195187091827","0.21469195187091827","0.21469195187091827","0.368906706571579","0.368906706571579","0.368906706571579","0.0769909918308258","0.0769909918308258","0.0769909918308258","0.21390071511268616","0.21390071511268616","0.21390071511268616","0.3745741546154022","0.3745741546154022","0.3745741546154022","0.11023396998643875","0.11023396998643875","0.11023396998643875"
"14789","0.1508556753396988","0.1508556753396988","0.1508556753396988","0.18452851474285126","0.18452851474285126","0.18452851474285126","0.0729159340262413","0.0729159340262413","0.0729159340262413","0.25895819067955017","0.25895819067955017","0.25895819067955017","0.27976688742637634","0.27976688742637634","0.27976688742637634","0.10378595441579819","0.10378595441579819","0.10378595441579819"
"14819","0.28575751185417175","0.28575751185417175","0.28575751185417175","0.23031434416770935","0.23031434416770935","0.23031434416770935","0.06470240652561188","0.06470240652561188","0.06470240652561188","0.30164554715156555","0.30164554715156555","0.30164554715156555","0.24043329060077667","0.24043329060077667","0.24043329060077667","0.09385314583778381","0.09385314583778381","0.09385314583778381"
"14849","0.2099096179008484","0.2099096179008484","0.2099096179008484","0.5734037756919861","0.5734037756919861","0.5734037756919861","0.05668046697974205","0.05668046697974205","0.05668046697974205","0.22793811559677124","0.22793811559677124","0.22793811559677124","0.29881080985069275","0.29881080985069275","0.29881080985069275","0.08871454000473022","0.08871454000473022","0.08871454000473022"
"14879","0.2526944875717163","0.2526944875717163","0.2526944875717163","0.441487580537796","0.441487580537796","0.441487580537796","0.06115444004535675","0.06115444004535675","0.06115444004535675","0.4469108581542969","0.4469108581542969","0.4469108581542969","0.5043357610702515","0.5043357610702515","0.5043357610702515","0.1350305676460266","0.1350305676460266","0.1350305676460266"
"14909","0.4546620547771454","0.4546620547771454","0.4546620547771454","0.64750075340271","0.64750075340271","0.64750075340271","0.08943658322095871","0.08943658322095871","0.08943658322095871","0.24668554961681366","0.24668554961681366","0.24668554961681366","0.42290374636650085","0.42290374636650085","0.42290374636650085","0.09834249317646027","0.09834249317646027","0.09834249317646027"
"14939","4.871111869812012","4.871111869812012","4.871111869812012","10.014506340026855","10.014506340026855","10.014506340026855","0.05411124974489212","0.05411124974489212","0.05411124974489212","5.901700496673584","5.901700496673584","5.901700496673584","23.056997299194336","23.056997299194336","23.056997299194336","0.07546768337488174","0.07546768337488174","0.07546768337488174"
"14969","0.27732008695602417","0.27732008695602417","0.27732008695602417","0.18854789435863495","0.18854789435863495","0.18854789435863495","0.07038271427154541","0.07038271427154541","0.07038271427154541","0.3313677906990051","0.3313677906990051","0.3313677906990051","0.25803089141845703","0.25803089141845703","0.25803089141845703","0.1129240170121193","0.1129240170121193","0.1129240170121193"
"14999","0.16534411907196045","0.16534411907196045","0.16534411907196045","0.21676741540431976","0.21676741540431976","0.21676741540431976","0.06613381952047348","0.06613381952047348","0.06613381952047348","0.22180955111980438","0.22180955111980438","0.22180955111980438","0.28107672929763794","0.28107672929763794","0.28107672929763794","0.08570623397827148","0.08570623397827148","0.08570623397827148"
"15029","0.32061225175857544","0.32061225175857544","0.32061225175857544","0.2243959605693817","0.2243959605693817","0.2243959605693817","0.08741407096385956","0.08741407096385956","0.08741407096385956","0.3106086254119873","0.3106086254119873","0.3106086254119873","0.40652579069137573","0.40652579069137573","0.40652579069137573","0.22435852885246277","0.22435852885246277","0.22435852885246277"
"15059","0.13559280335903168","0.13559280335903168","0.13559280335903168","0.7719317674636841","0.7719317674636841","0.7719317674636841","0.0756416842341423","0.0756416842341423","0.0756416842341423","0.2668151259422302","0.2668151259422302","0.2668151259422302","0.339517742395401","0.339517742395401","0.339517742395401","0.08832036703824997","0.08832036703824997","0.08832036703824997"
"15089","0.20438949763774872","0.20438949763774872","0.20438949763774872","0.35934215784072876","0.35934215784072876","0.35934215784072876","0.05489517003297806","0.05489517003297806","0.05489517003297806","0.3192281126976013","0.3192281126976013","0.3192281126976013","0.41903746128082275","0.41903746128082275","0.41903746128082275","0.08138822019100189","0.08138822019100189","0.08138822019100189"
"15119","0.2643139660358429","0.2643139660358429","0.2643139660358429","0.3264303207397461","0.3264303207397461","0.3264303207397461","0.06901147961616516","0.06901147961616516","0.06901147961616516","0.25867602229118347","0.25867602229118347","0.25867602229118347","1.1570590734481812","1.1570590734481812","1.1570590734481812","0.1111602932214737","0.1111602932214737","0.1111602932214737"
"15149","0.2963646948337555","0.2963646948337555","0.2963646948337555","0.3993762135505676","0.3993762135505676","0.3993762135505676","0.04282297194004059","0.04282297194004059","0.04282297194004059","0.21938800811767578","0.21938800811767578","0.21938800811767578","0.6265199780464172","0.6265199780464172","0.6265199780464172","0.09475336223840714","0.09475336223840714","0.09475336223840714"
"15179","0.22145287692546844","0.22145287692546844","0.22145287692546844","0.24055065214633942","0.24055065214633942","0.24055065214633942","0.07291600853204727","0.07291600853204727","0.07291600853204727","0.2857990264892578","0.2857990264892578","0.2857990264892578","0.3285488188266754","0.3285488188266754","0.3285488188266754","0.0978456512093544","0.0978456512093544","0.0978456512093544"
"15209","0.23339343070983887","0.23339343070983887","0.23339343070983887","0.30919238924980164","0.30919238924980164","0.30919238924980164","0.05366906151175499","0.05366906151175499","0.05366906151175499","0.21504752337932587","0.21504752337932587","0.21504752337932587","0.5471652746200562","0.5471652746200562","0.5471652746200562","0.12963128089904785","0.12963128089904785","0.12963128089904785"
"15239","0.15618197619915009","0.15618197619915009","0.15618197619915009","0.2882087528705597","0.2882087528705597","0.2882087528705597","0.05947841331362724","0.05947841331362724","0.05947841331362724","0.2891649305820465","0.2891649305820465","0.2891649305820465","0.3578342795372009","0.3578342795372009","0.3578342795372009","0.08991099894046783","0.08991099894046783","0.08991099894046783"
"15269","0.7135478854179382","0.7135478854179382","0.7135478854179382","0.9692361950874329","0.9692361950874329","0.9692361950874329","0.05986326187849045","0.05986326187849045","0.05986326187849045","0.7019279599189758","0.7019279599189758","0.7019279599189758","0.8549227714538574","0.8549227714538574","0.8549227714538574","0.12056998908519745","0.12056998908519745","0.12056998908519745"
"15299","0.20590972900390625","0.20590972900390625","0.20590972900390625","0.28483903408050537","0.28483903408050537","0.28483903408050537","0.06947074830532074","0.06947074830532074","0.06947074830532074","0.30399298667907715","0.30399298667907715","0.30399298667907715","0.3024221360683441","0.3024221360683441","0.3024221360683441","0.12341347336769104","0.12341347336769104","0.12341347336769104"
"15329","0.29061269760131836","0.29061269760131836","0.29061269760131836","0.925053060054779","0.925053060054779","0.925053060054779","0.06243754178285599","0.06243754178285599","0.06243754178285599","0.48382997512817383","0.48382997512817383","0.48382997512817383","0.3939204812049866","0.3939204812049866","0.3939204812049866","0.13123035430908203","0.13123035430908203","0.13123035430908203"
"15359","0.36772650480270386","0.36772650480270386","0.36772650480270386","0.4159732758998871","0.4159732758998871","0.4159732758998871","0.08337019383907318","0.08337019383907318","0.08337019383907318","0.42844274640083313","0.42844274640083313","0.42844274640083313","0.2934836447238922","0.2934836447238922","0.2934836447238922","0.10777001082897186","0.10777001082897186","0.10777001082897186"
"15389","0.23794201016426086","0.23794201016426086","0.23794201016426086","0.2734249532222748","0.2734249532222748","0.2734249532222748","0.04148348793387413","0.04148348793387413","0.04148348793387413","0.29044678807258606","0.29044678807258606","0.29044678807258606","0.3365974426269531","0.3365974426269531","0.3365974426269531","0.10524890571832657","0.10524890571832657","0.10524890571832657"
"15419","0.18478885293006897","0.18478885293006897","0.18478885293006897","0.4096497893333435","0.4096497893333435","0.4096497893333435","0.07548163086175919","0.07548163086175919","0.07548163086175919","0.22456394135951996","0.22456394135951996","0.22456394135951996","0.3333032429218292","0.3333032429218292","0.3333032429218292","0.11904233694076538","0.11904233694076538","0.11904233694076538"
"15449","0.5142068266868591","0.5142068266868591","0.5142068266868591","2.560730457305908","2.560730457305908","2.560730457305908","0.06645886600017548","0.06645886600017548","0.06645886600017548","0.41116267442703247","0.41116267442703247","0.41116267442703247","1.0368388891220093","1.0368388891220093","1.0368388891220093","0.09478716552257538","0.09478716552257538","0.09478716552257538"
"15479","0.3187871277332306","0.3187871277332306","0.3187871277332306","0.27354928851127625","0.27354928851127625","0.27354928851127625","0.0766342505812645","0.0766342505812645","0.0766342505812645","0.24492411315441132","0.24492411315441132","0.24492411315441132","0.30894312262535095","0.30894312262535095","0.30894312262535095","0.09896156191825867","0.09896156191825867","0.09896156191825867"
"15509","0.18845315277576447","0.18845315277576447","0.18845315277576447","0.2594614028930664","0.2594614028930664","0.2594614028930664","0.06311547756195068","0.06311547756195068","0.06311547756195068","0.29295000433921814","0.29295000433921814","0.29295000433921814","0.42264801263809204","0.42264801263809204","0.42264801263809204","0.11133599281311035","0.11133599281311035","0.11133599281311035"
"15539","0.17812824249267578","0.17812824249267578","0.17812824249267578","0.24079635739326477","0.24079635739326477","0.24079635739326477","0.08567295223474503","0.08567295223474503","0.08567295223474503","0.2556498348712921","0.2556498348712921","0.2556498348712921","0.35007479786872864","0.35007479786872864","0.35007479786872864","0.10138104856014252","0.10138104856014252","0.10138104856014252"
"15569","2.503340005874634","2.503340005874634","2.503340005874634","10.512944221496582","10.512944221496582","10.512944221496582","0.08756205439567566","0.08756205439567566","0.08756205439567566","1.1477749347686768","1.1477749347686768","1.1477749347686768","1.315171480178833","1.315171480178833","1.315171480178833","0.11052032560110092","0.11052032560110092","0.11052032560110092"
"15599","0.28747695684432983","0.28747695684432983","0.28747695684432983","0.4217299520969391","0.4217299520969391","0.4217299520969391","0.05235216021537781","0.05235216021537781","0.05235216021537781","0.20941656827926636","0.20941656827926636","0.20941656827926636","0.2669631242752075","0.2669631242752075","0.2669631242752075","0.08637040853500366","0.08637040853500366","0.08637040853500366"
"15629","0.23648378252983093","0.23648378252983093","0.23648378252983093","0.4620579481124878","0.4620579481124878","0.4620579481124878","0.07969772815704346","0.07969772815704346","0.07969772815704346","0.2864895462989807","0.2864895462989807","0.2864895462989807","0.4309629201889038","0.4309629201889038","0.4309629201889038","0.11203353852033615","0.11203353852033615","0.11203353852033615"
"15659","0.5365674495697021","0.5365674495697021","0.5365674495697021","0.3254196345806122","0.3254196345806122","0.3254196345806122","0.11923591047525406","0.11923591047525406","0.11923591047525406","0.5334154367446899","0.5334154367446899","0.5334154367446899","0.7986271977424622","0.7986271977424622","0.7986271977424622","0.0811656191945076","0.0811656191945076","0.0811656191945076"
"15689","0.3891277611255646","0.3891277611255646","0.3891277611255646","0.4608254134654999","0.4608254134654999","0.4608254134654999","0.09372524172067642","0.09372524172067642","0.09372524172067642","0.5476304292678833","0.5476304292678833","0.5476304292678833","0.48057350516319275","0.48057350516319275","0.48057350516319275","0.10149898380041122","0.10149898380041122","0.10149898380041122"
"15719","0.26707977056503296","0.26707977056503296","0.26707977056503296","0.598663330078125","0.598663330078125","0.598663330078125","0.1034705713391304","0.1034705713391304","0.1034705713391304","0.21350176632404327","0.21350176632404327","0.21350176632404327","0.40010854601860046","0.40010854601860046","0.40010854601860046","0.10306453704833984","0.10306453704833984","0.10306453704833984"
"15749","0.16859887540340424","0.16859887540340424","0.16859887540340424","0.2843044102191925","0.2843044102191925","0.2843044102191925","0.07641288638114929","0.07641288638114929","0.07641288638114929","0.18926487863063812","0.18926487863063812","0.18926487863063812","0.39566177129745483","0.39566177129745483","0.39566177129745483","0.10852131247520447","0.10852131247520447","0.10852131247520447"
"15779","0.2614668309688568","0.2614668309688568","0.2614668309688568","0.8792558312416077","0.8792558312416077","0.8792558312416077","0.1473328322172165","0.1473328322172165","0.1473328322172165","0.24318552017211914","0.24318552017211914","0.24318552017211914","0.5410846471786499","0.5410846471786499","0.5410846471786499","0.16302630305290222","0.16302630305290222","0.16302630305290222"
"15809","0.3068329989910126","0.3068329989910126","0.3068329989910126","0.6748101711273193","0.6748101711273193","0.6748101711273193","0.08069952577352524","0.08069952577352524","0.08069952577352524","0.26390376687049866","0.26390376687049866","0.26390376687049866","0.735062837600708","0.735062837600708","0.735062837600708","0.10865990072488785","0.10865990072488785","0.10865990072488785"
"15839","0.653062105178833","0.653062105178833","0.653062105178833","1.0376131534576416","1.0376131534576416","1.0376131534576416","0.04755209758877754","0.04755209758877754","0.04755209758877754","0.35825735330581665","0.35825735330581665","0.35825735330581665","0.5044795870780945","0.5044795870780945","0.5044795870780945","0.1123516634106636","0.1123516634106636","0.1123516634106636"
"15869","0.37435096502304077","0.37435096502304077","0.37435096502304077","0.24364249408245087","0.24364249408245087","0.24364249408245087","0.08563096821308136","0.08563096821308136","0.08563096821308136","0.3532866835594177","0.3532866835594177","0.3532866835594177","0.3883814215660095","0.3883814215660095","0.3883814215660095","0.09927359968423843","0.09927359968423843","0.09927359968423843"
"15899","0.31505823135375977","0.31505823135375977","0.31505823135375977","0.2356143444776535","0.2356143444776535","0.2356143444776535","0.06833194941282272","0.06833194941282272","0.06833194941282272","0.2624431252479553","0.2624431252479553","0.2624431252479553","0.2910623550415039","0.2910623550415039","0.2910623550415039","0.0777381882071495","0.0777381882071495","0.0777381882071495"
"15929","0.9816749095916748","0.9816749095916748","0.9816749095916748","4.3852219581604","4.3852219581604","4.3852219581604","0.054758552461862564","0.054758552461862564","0.054758552461862564","0.604716420173645","0.604716420173645","0.604716420173645","4.8367600440979","4.8367600440979","4.8367600440979","0.10128747671842575","0.10128747671842575","0.10128747671842575"
"15959","0.23457953333854675","0.23457953333854675","0.23457953333854675","0.26344066858291626","0.26344066858291626","0.26344066858291626","0.059041090309619904","0.059041090309619904","0.059041090309619904","0.27209991216659546","0.27209991216659546","0.27209991216659546","0.6987784504890442","0.6987784504890442","0.6987784504890442","0.07396174222230911","0.07396174222230911","0.07396174222230911"
"15989","0.2814980149269104","0.2814980149269104","0.2814980149269104","0.8519930839538574","0.8519930839538574","0.8519930839538574","0.049125123769044876","0.049125123769044876","0.049125123769044876","0.3220958709716797","0.3220958709716797","0.3220958709716797","0.5004907846450806","0.5004907846450806","0.5004907846450806","0.12433011829853058","0.12433011829853058","0.12433011829853058"
"16019","0.1739140897989273","0.1739140897989273","0.1739140897989273","0.23553065955638885","0.23553065955638885","0.23553065955638885","0.06162438169121742","0.06162438169121742","0.06162438169121742","0.1929345279932022","0.1929345279932022","0.1929345279932022","0.26419126987457275","0.26419126987457275","0.26419126987457275","0.08988205343484879","0.08988205343484879","0.08988205343484879"
"16049","0.5822719931602478","0.5822719931602478","0.5822719931602478","0.8445408940315247","0.8445408940315247","0.8445408940315247","0.050315454602241516","0.050315454602241516","0.050315454602241516","0.3271081745624542","0.3271081745624542","0.3271081745624542","0.744592547416687","0.744592547416687","0.744592547416687","0.12042230367660522","0.12042230367660522","0.12042230367660522"
"16079","0.5116877555847168","0.5116877555847168","0.5116877555847168","0.6062725782394409","0.6062725782394409","0.6062725782394409","0.05311459302902222","0.05311459302902222","0.05311459302902222","0.4069885015487671","0.4069885015487671","0.4069885015487671","0.9961669445037842","0.9961669445037842","0.9961669445037842","0.10252126306295395","0.10252126306295395","0.10252126306295395"
"16109","0.4704335629940033","0.4704335629940033","0.4704335629940033","2.892625570297241","2.892625570297241","2.892625570297241","0.06237324699759483","0.06237324699759483","0.06237324699759483","0.741837739944458","0.741837739944458","0.741837739944458","1.7100244760513306","1.7100244760513306","1.7100244760513306","0.08588369190692902","0.08588369190692902","0.08588369190692902"
"16139","0.23552721738815308","0.23552721738815308","0.23552721738815308","0.1785157024860382","0.1785157024860382","0.1785157024860382","0.061827611178159714","0.061827611178159714","0.061827611178159714","0.17552493512630463","0.17552493512630463","0.17552493512630463","0.7775601148605347","0.7775601148605347","0.7775601148605347","0.08740736544132233","0.08740736544132233","0.08740736544132233"
"16169","0.1635936200618744","0.1635936200618744","0.1635936200618744","0.2235146462917328","0.2235146462917328","0.2235146462917328","0.06146093085408211","0.06146093085408211","0.06146093085408211","0.26793280243873596","0.26793280243873596","0.26793280243873596","0.35782602429389954","0.35782602429389954","0.35782602429389954","0.09779482334852219","0.09779482334852219","0.09779482334852219"
"16199","0.2374304085969925","0.2374304085969925","0.2374304085969925","0.20716780424118042","0.20716780424118042","0.20716780424118042","0.0526447519659996","0.0526447519659996","0.0526447519659996","0.1604674756526947","0.1604674756526947","0.1604674756526947","0.2633872628211975","0.2633872628211975","0.2633872628211975","0.10859258472919464","0.10859258472919464","0.10859258472919464"
"16229","0.2998420000076294","0.2998420000076294","0.2998420000076294","0.4275676906108856","0.4275676906108856","0.4275676906108856","0.058745935559272766","0.058745935559272766","0.058745935559272766","0.17097707092761993","0.17097707092761993","0.17097707092761993","0.6023902893066406","0.6023902893066406","0.6023902893066406","0.08034591376781464","0.08034591376781464","0.08034591376781464"
"16259","0.36931097507476807","0.36931097507476807","0.36931097507476807","1.5832465887069702","1.5832465887069702","1.5832465887069702","0.05314752832055092","0.05314752832055092","0.05314752832055092","0.5200867056846619","0.5200867056846619","0.5200867056846619","0.9924420118331909","0.9924420118331909","0.9924420118331909","0.09218687564134598","0.09218687564134598","0.09218687564134598"
"16289","0.33405742049217224","0.33405742049217224","0.33405742049217224","0.34863948822021484","0.34863948822021484","0.34863948822021484","0.07283072918653488","0.07283072918653488","0.07283072918653488","0.32496145367622375","0.32496145367622375","0.32496145367622375","0.2083260715007782","0.2083260715007782","0.2083260715007782","0.10680476576089859","0.10680476576089859","0.10680476576089859"
"16319","0.15710842609405518","0.15710842609405518","0.15710842609405518","0.2582240700721741","0.2582240700721741","0.2582240700721741","0.0649295374751091","0.0649295374751091","0.0649295374751091","0.20814692974090576","0.20814692974090576","0.20814692974090576","0.2539527118206024","0.2539527118206024","0.2539527118206024","0.10116469860076904","0.10116469860076904","0.10116469860076904"
"16349","1.107881784439087","1.107881784439087","1.107881784439087","2.5650265216827393","2.5650265216827393","2.5650265216827393","0.09430071711540222","0.09430071711540222","0.09430071711540222","1.2989792823791504","1.2989792823791504","1.2989792823791504","2.2586700916290283","2.2586700916290283","2.2586700916290283","0.11421245336532593","0.11421245336532593","0.11421245336532593"
"16379","0.23222462832927704","0.23222462832927704","0.23222462832927704","0.39031410217285156","0.39031410217285156","0.39031410217285156","0.06081119924783707","0.06081119924783707","0.06081119924783707","0.31486940383911133","0.31486940383911133","0.31486940383911133","0.8615858554840088","0.8615858554840088","0.8615858554840088","0.11099158972501755","0.11099158972501755","0.11099158972501755"
"16409","0.4373489320278168","0.4373489320278168","0.4373489320278168","0.7319784164428711","0.7319784164428711","0.7319784164428711","0.08172376453876495","0.08172376453876495","0.08172376453876495","0.3172709345817566","0.3172709345817566","0.3172709345817566","0.6545643210411072","0.6545643210411072","0.6545643210411072","0.0926477238535881","0.0926477238535881","0.0926477238535881"
"16439","0.17130710184574127","0.17130710184574127","0.17130710184574127","0.407490611076355","0.407490611076355","0.407490611076355","0.06958471238613129","0.06958471238613129","0.06958471238613129","0.2258111536502838","0.2258111536502838","0.2258111536502838","0.268370658159256","0.268370658159256","0.268370658159256","0.11230729520320892","0.11230729520320892","0.11230729520320892"
"16469","0.3373478949069977","0.3373478949069977","0.3373478949069977","0.6645113825798035","0.6645113825798035","0.6645113825798035","0.04842324182391167","0.04842324182391167","0.04842324182391167","0.27851271629333496","0.27851271629333496","0.27851271629333496","1.153793215751648","1.153793215751648","1.153793215751648","0.10595414787530899","0.10595414787530899","0.10595414787530899"
"16499","0.17089176177978516","0.17089176177978516","0.17089176177978516","0.41661131381988525","0.41661131381988525","0.41661131381988525","0.07146286964416504","0.07146286964416504","0.07146286964416504","0.2254238873720169","0.2254238873720169","0.2254238873720169","0.46259117126464844","0.46259117126464844","0.46259117126464844","0.10660097002983093","0.10660097002983093","0.10660097002983093"
"16529","0.2701953053474426","0.2701953053474426","0.2701953053474426","0.3483487665653229","0.3483487665653229","0.3483487665653229","0.0459585078060627","0.0459585078060627","0.0459585078060627","0.2022581845521927","0.2022581845521927","0.2022581845521927","0.4319479167461395","0.4319479167461395","0.4319479167461395","0.25141826272010803","0.25141826272010803","0.25141826272010803"
"16559","0.42432212829589844","0.42432212829589844","0.42432212829589844","0.5892139077186584","0.5892139077186584","0.5892139077186584","0.0834251195192337","0.0834251195192337","0.0834251195192337","0.173655703663826","0.173655703663826","0.173655703663826","1.1851059198379517","1.1851059198379517","1.1851059198379517","0.09233083575963974","0.09233083575963974","0.09233083575963974"
"16589","0.3647546172142029","0.3647546172142029","0.3647546172142029","0.2223338782787323","0.2223338782787323","0.2223338782787323","0.05496813729405403","0.05496813729405403","0.05496813729405403","0.20575730502605438","0.20575730502605438","0.20575730502605438","0.5447645783424377","0.5447645783424377","0.5447645783424377","0.08781266957521439","0.08781266957521439","0.08781266957521439"
"16619","0.5666316151618958","0.5666316151618958","0.5666316151618958","0.4311639964580536","0.4311639964580536","0.4311639964580536","0.05882751941680908","0.05882751941680908","0.05882751941680908","0.19548790156841278","0.19548790156841278","0.19548790156841278","0.6686556935310364","0.6686556935310364","0.6686556935310364","0.08820450305938721","0.08820450305938721","0.08820450305938721"
"16649","0.2581041157245636","0.2581041157245636","0.2581041157245636","0.2125316560268402","0.2125316560268402","0.2125316560268402","0.058918263763189316","0.058918263763189316","0.058918263763189316","0.25859957933425903","0.25859957933425903","0.25859957933425903","0.33843764662742615","0.33843764662742615","0.33843764662742615","0.0948951244354248","0.0948951244354248","0.0948951244354248"
"16679","1.2211354970932007","1.2211354970932007","1.2211354970932007","9.544218063354492","9.544218063354492","9.544218063354492","0.059134941548109055","0.059134941548109055","0.059134941548109055","0.7109279632568359","0.7109279632568359","0.7109279632568359","3.5468831062316895","3.5468831062316895","3.5468831062316895","0.09368165582418442","0.09368165582418442","0.09368165582418442"
"16709","0.4006226658821106","0.4006226658821106","0.4006226658821106","0.39845338463783264","0.39845338463783264","0.39845338463783264","0.04049443081021309","0.04049443081021309","0.04049443081021309","0.1921040564775467","0.1921040564775467","0.1921040564775467","0.4052734971046448","0.4052734971046448","0.4052734971046448","0.08812816441059113","0.08812816441059113","0.08812816441059113"
"16739","0.4035703241825104","0.4035703241825104","0.4035703241825104","0.27138373255729675","0.27138373255729675","0.27138373255729675","0.07267742604017258","0.07267742604017258","0.07267742604017258","0.4237988293170929","0.4237988293170929","0.4237988293170929","0.44941651821136475","0.44941651821136475","0.44941651821136475","0.10106872022151947","0.10106872022151947","0.10106872022151947"
"16769","0.43097105622291565","0.43097105622291565","0.43097105622291565","0.4673573672771454","0.4673573672771454","0.4673573672771454","0.05712497606873512","0.05712497606873512","0.05712497606873512","0.2686409056186676","0.2686409056186676","0.2686409056186676","0.5122119188308716","0.5122119188308716","0.5122119188308716","0.09695234149694443","0.09695234149694443","0.09695234149694443"
"16799","0.27379757165908813","0.27379757165908813","0.27379757165908813","0.3172093629837036","0.3172093629837036","0.3172093629837036","0.0704820454120636","0.0704820454120636","0.0704820454120636","0.2570251524448395","0.2570251524448395","0.2570251524448395","0.3877738416194916","0.3877738416194916","0.3877738416194916","0.10505042970180511","0.10505042970180511","0.10505042970180511"
"16829","0.23342245817184448","0.23342245817184448","0.23342245817184448","0.4093329608440399","0.4093329608440399","0.4093329608440399","0.04994802549481392","0.04994802549481392","0.04994802549481392","0.4867688715457916","0.4867688715457916","0.4867688715457916","0.3727266192436218","0.3727266192436218","0.3727266192436218","0.07819335162639618","0.07819335162639618","0.07819335162639618"
"16859","0.22350835800170898","0.22350835800170898","0.22350835800170898","0.7990867495536804","0.7990867495536804","0.7990867495536804","0.06995823234319687","0.06995823234319687","0.06995823234319687","0.4530419111251831","0.4530419111251831","0.4530419111251831","1.1293830871582031","1.1293830871582031","1.1293830871582031","0.11337989568710327","0.11337989568710327","0.11337989568710327"
"16889","3.4321773052215576","3.4321773052215576","3.4321773052215576","18.783159255981445","18.783159255981445","18.783159255981445","0.05587264895439148","0.05587264895439148","0.05587264895439148","1.9246772527694702","1.9246772527694702","1.9246772527694702","36.63330078125","36.63330078125","36.63330078125","0.10138097405433655","0.10138097405433655","0.10138097405433655"
"16919","1.1551475524902344","1.1551475524902344","1.1551475524902344","3.89560604095459","3.89560604095459","3.89560604095459","0.06300175935029984","0.06300175935029984","0.06300175935029984","0.5695406198501587","0.5695406198501587","0.5695406198501587","3.804875135421753","3.804875135421753","3.804875135421753","0.10407790541648865","0.10407790541648865","0.10407790541648865"
"16949","0.26141348481178284","0.26141348481178284","0.26141348481178284","0.42361021041870117","0.42361021041870117","0.42361021041870117","0.04828536882996559","0.04828536882996559","0.04828536882996559","0.28144484758377075","0.28144484758377075","0.28144484758377075","0.2513704299926758","0.2513704299926758","0.2513704299926758","0.08584614843130112","0.08584614843130112","0.08584614843130112"
"16979","0.6478503346443176","0.6478503346443176","0.6478503346443176","0.3818221092224121","0.3818221092224121","0.3818221092224121","0.05109914764761925","0.05109914764761925","0.05109914764761925","0.42881038784980774","0.42881038784980774","0.42881038784980774","0.45004209876060486","0.45004209876060486","0.45004209876060486","0.08554847538471222","0.08554847538471222","0.08554847538471222"
"17009","0.2398008555173874","0.2398008555173874","0.2398008555173874","0.2823178172111511","0.2823178172111511","0.2823178172111511","0.08359626680612564","0.08359626680612564","0.08359626680612564","0.1948052942752838","0.1948052942752838","0.1948052942752838","0.5348857045173645","0.5348857045173645","0.5348857045173645","0.09004778414964676","0.09004778414964676","0.09004778414964676"
"17039","0.6077984571456909","0.6077984571456909","0.6077984571456909","0.625950038433075","0.625950038433075","0.625950038433075","0.10537102818489075","0.10537102818489075","0.10537102818489075","0.2609069049358368","0.2609069049358368","0.2609069049358368","0.6914616227149963","0.6914616227149963","0.6914616227149963","0.10521699488162994","0.10521699488162994","0.10521699488162994"
"17069","0.9054096937179565","0.9054096937179565","0.9054096937179565","1.1234403848648071","1.1234403848648071","1.1234403848648071","0.07762473076581955","0.07762473076581955","0.07762473076581955","0.26580187678337097","0.26580187678337097","0.26580187678337097","1.1246298551559448","1.1246298551559448","1.1246298551559448","0.07892417907714844","0.07892417907714844","0.07892417907714844"
"17099","0.21834543347358704","0.21834543347358704","0.21834543347358704","0.2165682166814804","0.2165682166814804","0.2165682166814804","0.061921726912260056","0.061921726912260056","0.061921726912260056","0.2648313641548157","0.2648313641548157","0.2648313641548157","0.3793247938156128","0.3793247938156128","0.3793247938156128","0.08019959926605225","0.08019959926605225","0.08019959926605225"
"17129","0.27181896567344666","0.27181896567344666","0.27181896567344666","0.49991151690483093","0.49991151690483093","0.49991151690483093","0.05511938035488129","0.05511938035488129","0.05511938035488129","0.34511256217956543","0.34511256217956543","0.34511256217956543","0.6575769186019897","0.6575769186019897","0.6575769186019897","0.10354769229888916","0.10354769229888916","0.10354769229888916"
"17159","0.5551387667655945","0.5551387667655945","0.5551387667655945","0.7100743055343628","0.7100743055343628","0.7100743055343628","0.0607210136950016","0.0607210136950016","0.0607210136950016","0.45801249146461487","0.45801249146461487","0.45801249146461487","0.634569525718689","0.634569525718689","0.634569525718689","0.0881086215376854","0.0881086215376854","0.0881086215376854"
"17189","0.6279789805412292","0.6279789805412292","0.6279789805412292","0.323793888092041","0.323793888092041","0.323793888092041","0.06250083446502686","0.06250083446502686","0.06250083446502686","0.30961138010025024","0.30961138010025024","0.30961138010025024","0.40728676319122314","0.40728676319122314","0.40728676319122314","0.12012649327516556","0.12012649327516556","0.12012649327516556"
"17219","0.3001520037651062","0.3001520037651062","0.3001520037651062","0.4649653136730194","0.4649653136730194","0.4649653136730194","0.12170200794935226","0.12170200794935226","0.12170200794935226","0.3903863728046417","0.3903863728046417","0.3903863728046417","0.5090792179107666","0.5090792179107666","0.5090792179107666","0.09954358637332916","0.09954358637332916","0.09954358637332916"
"17249","0.2224908024072647","0.2224908024072647","0.2224908024072647","0.27274760603904724","0.27274760603904724","0.27274760603904724","0.10697869956493378","0.10697869956493378","0.10697869956493378","0.3049263656139374","0.3049263656139374","0.3049263656139374","0.30128735303878784","0.30128735303878784","0.30128735303878784","0.12455468624830246","0.12455468624830246","0.12455468624830246"
"17279","0.3176479935646057","0.3176479935646057","0.3176479935646057","0.4510544538497925","0.4510544538497925","0.4510544538497925","0.05911988765001297","0.05911988765001297","0.05911988765001297","0.291427344083786","0.291427344083786","0.291427344083786","0.5463892221450806","0.5463892221450806","0.5463892221450806","0.132337287068367","0.132337287068367","0.132337287068367"
"17309","0.18933619558811188","0.18933619558811188","0.18933619558811188","0.3122197687625885","0.3122197687625885","0.3122197687625885","0.055462177842855453","0.055462177842855453","0.055462177842855453","0.23046259582042694","0.23046259582042694","0.23046259582042694","0.3403947055339813","0.3403947055339813","0.3403947055339813","0.09371095150709152","0.09371095150709152","0.09371095150709152"
"17339","0.214374840259552","0.214374840259552","0.214374840259552","0.21551111340522766","0.21551111340522766","0.21551111340522766","0.061964623630046844","0.061964623630046844","0.061964623630046844","0.2987007200717926","0.2987007200717926","0.2987007200717926","0.4075780510902405","0.4075780510902405","0.4075780510902405","0.08374583721160889","0.08374583721160889","0.08374583721160889"
"17369","0.17333292961120605","0.17333292961120605","0.17333292961120605","0.6102989315986633","0.6102989315986633","0.6102989315986633","0.06717228889465332","0.06717228889465332","0.06717228889465332","0.20556682348251343","0.20556682348251343","0.20556682348251343","0.3877791464328766","0.3877791464328766","0.3877791464328766","0.10330365598201752","0.10330365598201752","0.10330365598201752"
"17399","0.4749051630496979","0.4749051630496979","0.4749051630496979","0.6769627332687378","0.6769627332687378","0.6769627332687378","0.11009357124567032","0.11009357124567032","0.11009357124567032","0.5701186060905457","0.5701186060905457","0.5701186060905457","0.5507914423942566","0.5507914423942566","0.5507914423942566","0.09667612612247467","0.09667612612247467","0.09667612612247467"
"17429","0.493339478969574","0.493339478969574","0.493339478969574","1.0708645582199097","1.0708645582199097","1.0708645582199097","0.06491803377866745","0.06491803377866745","0.06491803377866745","0.28888681530952454","0.28888681530952454","0.28888681530952454","1.3166470527648926","1.3166470527648926","1.3166470527648926","0.09125152975320816","0.09125152975320816","0.09125152975320816"
"17459","0.4265289306640625","0.4265289306640625","0.4265289306640625","0.2915956377983093","0.2915956377983093","0.2915956377983093","0.08286326378583908","0.08286326378583908","0.08286326378583908","0.2624604403972626","0.2624604403972626","0.2624604403972626","0.5052010416984558","0.5052010416984558","0.5052010416984558","0.08567691594362259","0.08567691594362259","0.08567691594362259"
"17489","1.407047986984253","1.407047986984253","1.407047986984253","8.147068977355957","8.147068977355957","8.147068977355957","0.07028693705797195","0.07028693705797195","0.07028693705797195","2.742795467376709","2.742795467376709","2.742795467376709","4.531427383422852","4.531427383422852","4.531427383422852","0.07949811965227127","0.07949811965227127","0.07949811965227127"
"17519","0.358686238527298","0.358686238527298","0.358686238527298","0.35694557428359985","0.35694557428359985","0.35694557428359985","0.06767953932285309","0.06767953932285309","0.06767953932285309","0.3532036542892456","0.3532036542892456","0.3532036542892456","0.2877069115638733","0.2877069115638733","0.2877069115638733","0.07131741940975189","0.07131741940975189","0.07131741940975189"
"17549","0.6562440395355225","0.6562440395355225","0.6562440395355225","0.44498977065086365","0.44498977065086365","0.44498977065086365","0.07279520481824875","0.07279520481824875","0.07279520481824875","0.29141899943351746","0.29141899943351746","0.29141899943351746","0.6335446238517761","0.6335446238517761","0.6335446238517761","0.1033329963684082","0.1033329963684082","0.1033329963684082"
"17579","0.22284716367721558","0.22284716367721558","0.22284716367721558","0.2818152606487274","0.2818152606487274","0.2818152606487274","0.05850248038768768","0.05850248038768768","0.05850248038768768","0.2141009271144867","0.2141009271144867","0.2141009271144867","0.3506574034690857","0.3506574034690857","0.3506574034690857","0.09349044412374496","0.09349044412374496","0.09349044412374496"
"17609","0.20411835610866547","0.20411835610866547","0.20411835610866547","0.23570285737514496","0.23570285737514496","0.23570285737514496","0.06014310196042061","0.06014310196042061","0.06014310196042061","0.33074888586997986","0.33074888586997986","0.33074888586997986","0.392425537109375","0.392425537109375","0.392425537109375","0.09742262959480286","0.09742262959480286","0.09742262959480286"
"17639","0.24202291667461395","0.24202291667461395","0.24202291667461395","0.30451691150665283","0.30451691150665283","0.30451691150665283","0.12282952666282654","0.12282952666282654","0.12282952666282654","0.20636969804763794","0.20636969804763794","0.20636969804763794","0.3745094835758209","0.3745094835758209","0.3745094835758209","0.12611174583435059","0.12611174583435059","0.12611174583435059"
"17669","0.3904428482055664","0.3904428482055664","0.3904428482055664","0.39327865839004517","0.39327865839004517","0.39327865839004517","0.07780638337135315","0.07780638337135315","0.07780638337135315","0.3801134526729584","0.3801134526729584","0.3801134526729584","0.34831857681274414","0.34831857681274414","0.34831857681274414","0.1041465625166893","0.1041465625166893","0.1041465625166893"
"17699","0.6357333064079285","0.6357333064079285","0.6357333064079285","0.33292722702026367","0.33292722702026367","0.33292722702026367","0.13038331270217896","0.13038331270217896","0.13038331270217896","0.47976264357566833","0.47976264357566833","0.47976264357566833","1.6832064390182495","1.6832064390182495","1.6832064390182495","0.10084465146064758","0.10084465146064758","0.10084465146064758"
"17729","0.6218146085739136","0.6218146085739136","0.6218146085739136","0.5969287753105164","0.5969287753105164","0.5969287753105164","0.07040263712406158","0.07040263712406158","0.07040263712406158","0.27380940318107605","0.27380940318107605","0.27380940318107605","0.7558938264846802","0.7558938264846802","0.7558938264846802","0.08111982047557831","0.08111982047557831","0.08111982047557831"
"17759","0.3659578263759613","0.3659578263759613","0.3659578263759613","0.2621963322162628","0.2621963322162628","0.2621963322162628","0.12841615080833435","0.12841615080833435","0.12841615080833435","0.4745740294456482","0.4745740294456482","0.4745740294456482","0.8509942293167114","0.8509942293167114","0.8509942293167114","0.0977615937590599","0.0977615937590599","0.0977615937590599"
"17789","0.17719823122024536","0.17719823122024536","0.17719823122024536","0.16158297657966614","0.16158297657966614","0.16158297657966614","0.08510620146989822","0.08510620146989822","0.08510620146989822","0.21260756254196167","0.21260756254196167","0.21260756254196167","0.32866889238357544","0.32866889238357544","0.32866889238357544","0.1039203628897667","0.1039203628897667","0.1039203628897667"
"17819","0.40014922618865967","0.40014922618865967","0.40014922618865967","0.4347756505012512","0.4347756505012512","0.4347756505012512","0.07378493249416351","0.07378493249416351","0.07378493249416351","0.4238852262496948","0.4238852262496948","0.4238852262496948","0.38791757822036743","0.38791757822036743","0.38791757822036743","0.09190162271261215","0.09190162271261215","0.09190162271261215"
"17849","0.2772490680217743","0.2772490680217743","0.2772490680217743","0.21377664804458618","0.21377664804458618","0.21377664804458618","0.07202427089214325","0.07202427089214325","0.07202427089214325","0.36607033014297485","0.36607033014297485","0.36607033014297485","0.5306990146636963","0.5306990146636963","0.5306990146636963","0.08955886960029602","0.08955886960029602","0.08955886960029602"
"17879","0.28311678767204285","0.28311678767204285","0.28311678767204285","0.36511093378067017","0.36511093378067017","0.36511093378067017","0.05334341898560524","0.05334341898560524","0.05334341898560524","0.3024190366268158","0.3024190366268158","0.3024190366268158","0.5508741736412048","0.5508741736412048","0.5508741736412048","0.07922543585300446","0.07922543585300446","0.07922543585300446"
"17909","0.880519449710846","0.880519449710846","0.880519449710846","1.404891014099121","1.404891014099121","1.404891014099121","0.05644860118627548","0.05644860118627548","0.05644860118627548","0.970435380935669","0.970435380935669","0.970435380935669","1.6001887321472168","1.6001887321472168","1.6001887321472168","0.12360002845525742","0.12360002845525742","0.12360002845525742"
"17939","0.39483076333999634","0.39483076333999634","0.39483076333999634","0.5854067802429199","0.5854067802429199","0.5854067802429199","0.06784316897392273","0.06784316897392273","0.06784316897392273","0.7576084733009338","0.7576084733009338","0.7576084733009338","0.8700820207595825","0.8700820207595825","0.8700820207595825","0.08316516876220703","0.08316516876220703","0.08316516876220703"
"17969","0.16927973926067352","0.16927973926067352","0.16927973926067352","0.26857295632362366","0.26857295632362366","0.26857295632362366","0.06470778584480286","0.06470778584480286","0.06470778584480286","0.1801488995552063","0.1801488995552063","0.1801488995552063","0.3697861135005951","0.3697861135005951","0.3697861135005951","0.10622512549161911","0.10622512549161911","0.10622512549161911"
"17999","0.4661327302455902","0.4661327302455902","0.4661327302455902","2.1771152019500732","2.1771152019500732","2.1771152019500732","0.05905229598283768","0.05905229598283768","0.05905229598283768","0.8006328344345093","0.8006328344345093","0.8006328344345093","5.6564836502075195","5.6564836502075195","5.6564836502075195","0.15279802680015564","0.15279802680015564","0.15279802680015564"
"18029","0.34392088651657104","0.34392088651657104","0.34392088651657104","0.46181342005729675","0.46181342005729675","0.46181342005729675","0.07092703878879547","0.07092703878879547","0.07092703878879547","0.44156110286712646","0.44156110286712646","0.44156110286712646","0.34318962693214417","0.34318962693214417","0.34318962693214417","0.1117425337433815","0.1117425337433815","0.1117425337433815"
"18059","0.4156474173069","0.4156474173069","0.4156474173069","0.4184895157814026","0.4184895157814026","0.4184895157814026","0.05449655279517174","0.05449655279517174","0.05449655279517174","0.4443182349205017","0.4443182349205017","0.4443182349205017","0.5562393665313721","0.5562393665313721","0.5562393665313721","0.07808199524879456","0.07808199524879456","0.07808199524879456"
"18089","0.25896820425987244","0.25896820425987244","0.25896820425987244","0.5919317007064819","0.5919317007064819","0.5919317007064819","0.04089626297354698","0.04089626297354698","0.04089626297354698","0.5140584707260132","0.5140584707260132","0.5140584707260132","0.4362817406654358","0.4362817406654358","0.4362817406654358","0.10345975309610367","0.10345975309610367","0.10345975309610367"
"18119","0.22708702087402344","0.22708702087402344","0.22708702087402344","0.4761907756328583","0.4761907756328583","0.4761907756328583","0.09106138348579407","0.09106138348579407","0.09106138348579407","0.38169220089912415","0.38169220089912415","0.38169220089912415","0.5518409609794617","0.5518409609794617","0.5518409609794617","0.09859460592269897","0.09859460592269897","0.09859460592269897"
"18149","0.4013806879520416","0.4013806879520416","0.4013806879520416","0.28072914481163025","0.28072914481163025","0.28072914481163025","0.09333713352680206","0.09333713352680206","0.09333713352680206","0.2557675540447235","0.2557675540447235","0.2557675540447235","0.26670536398887634","0.26670536398887634","0.26670536398887634","0.10500049591064453","0.10500049591064453","0.10500049591064453"
"18179","0.1793890744447708","0.1793890744447708","0.1793890744447708","0.3623792231082916","0.3623792231082916","0.3623792231082916","0.06920956820249557","0.06920956820249557","0.06920956820249557","0.3965432643890381","0.3965432643890381","0.3965432643890381","0.461892306804657","0.461892306804657","0.461892306804657","0.11204847693443298","0.11204847693443298","0.11204847693443298"
"18209","0.36886167526245117","0.36886167526245117","0.36886167526245117","1.8036112785339355","1.8036112785339355","1.8036112785339355","0.05180627852678299","0.05180627852678299","0.05180627852678299","0.536719024181366","0.536719024181366","0.536719024181366","1.1709301471710205","1.1709301471710205","1.1709301471710205","0.09841729700565338","0.09841729700565338","0.09841729700565338"
"18239","0.16262806951999664","0.16262806951999664","0.16262806951999664","0.5092560648918152","0.5092560648918152","0.5092560648918152","0.08141449838876724","0.08141449838876724","0.08141449838876724","0.2359970211982727","0.2359970211982727","0.2359970211982727","0.7578105926513672","0.7578105926513672","0.7578105926513672","0.10480149835348129","0.10480149835348129","0.10480149835348129"
"18269","0.19827325642108917","0.19827325642108917","0.19827325642108917","0.2954716682434082","0.2954716682434082","0.2954716682434082","0.06130325049161911","0.06130325049161911","0.06130325049161911","0.2264649122953415","0.2264649122953415","0.2264649122953415","0.8502399921417236","0.8502399921417236","0.8502399921417236","0.09893621504306793","0.09893621504306793","0.09893621504306793"
"18299","0.3122560977935791","0.3122560977935791","0.3122560977935791","0.47927603125572205","0.47927603125572205","0.47927603125572205","0.09327886253595352","0.09327886253595352","0.09327886253595352","0.2367367297410965","0.2367367297410965","0.2367367297410965","0.6522140502929688","0.6522140502929688","0.6522140502929688","0.06884130090475082","0.06884130090475082","0.06884130090475082"
"18329","0.30984148383140564","0.30984148383140564","0.30984148383140564","0.23797160387039185","0.23797160387039185","0.23797160387039185","0.06079427897930145","0.06079427897930145","0.06079427897930145","0.3384247422218323","0.3384247422218323","0.3384247422218323","0.24700187146663666","0.24700187146663666","0.24700187146663666","0.10342840105295181","0.10342840105295181","0.10342840105295181"
"18359","0.5005549788475037","0.5005549788475037","0.5005549788475037","0.77418053150177","0.77418053150177","0.77418053150177","0.08220403641462326","0.08220403641462326","0.08220403641462326","0.47844669222831726","0.47844669222831726","0.47844669222831726","0.7634064555168152","0.7634064555168152","0.7634064555168152","0.08979226648807526","0.08979226648807526","0.08979226648807526"
"18389","0.35803964734077454","0.35803964734077454","0.35803964734077454","0.2529122531414032","0.2529122531414032","0.2529122531414032","0.05590250343084335","0.05590250343084335","0.05590250343084335","0.30390793085098267","0.30390793085098267","0.30390793085098267","0.32885757088661194","0.32885757088661194","0.32885757088661194","0.09712672978639603","0.09712672978639603","0.09712672978639603"
"18419","0.21637047827243805","0.21637047827243805","0.21637047827243805","0.2203979194164276","0.2203979194164276","0.2203979194164276","0.057913970202207565","0.057913970202207565","0.057913970202207565","0.17385907471179962","0.17385907471179962","0.17385907471179962","0.3185412585735321","0.3185412585735321","0.3185412585735321","0.08350301533937454","0.08350301533937454","0.08350301533937454"
"18449","0.5653762221336365","0.5653762221336365","0.5653762221336365","0.40848708152770996","0.40848708152770996","0.40848708152770996","0.044319357722997665","0.044319357722997665","0.044319357722997665","0.2651502788066864","0.2651502788066864","0.2651502788066864","0.37354373931884766","0.37354373931884766","0.37354373931884766","0.11335770040750504","0.11335770040750504","0.11335770040750504"
"18479","0.8834675550460815","0.8834675550460815","0.8834675550460815","0.7014483213424683","0.7014483213424683","0.7014483213424683","0.052076004445552826","0.052076004445552826","0.052076004445552826","1.4107598066329956","1.4107598066329956","1.4107598066329956","0.9967371821403503","0.9967371821403503","0.9967371821403503","0.10342516750097275","0.10342516750097275","0.10342516750097275"
"18509","0.1822338104248047","0.1822338104248047","0.1822338104248047","0.2270243912935257","0.2270243912935257","0.2270243912935257","0.07064004987478256","0.07064004987478256","0.07064004987478256","0.308447003364563","0.308447003364563","0.308447003364563","0.6814094185829163","0.6814094185829163","0.6814094185829163","0.08695439994335175","0.08695439994335175","0.08695439994335175"
"18539","0.38651418685913086","0.38651418685913086","0.38651418685913086","0.6084309816360474","0.6084309816360474","0.6084309816360474","0.061763085424900055","0.061763085424900055","0.061763085424900055","0.2482910454273224","0.2482910454273224","0.2482910454273224","0.3124919533729553","0.3124919533729553","0.3124919533729553","0.09588790684938431","0.09588790684938431","0.09588790684938431"
"18569","0.2776670455932617","0.2776670455932617","0.2776670455932617","0.24453158676624298","0.24453158676624298","0.24453158676624298","0.0491819866001606","0.0491819866001606","0.0491819866001606","0.2540760338306427","0.2540760338306427","0.2540760338306427","0.2813091278076172","0.2813091278076172","0.2813091278076172","0.11621959507465363","0.11621959507465363","0.11621959507465363"
"18599","0.28383567929267883","0.28383567929267883","0.28383567929267883","1.0863838195800781","1.0863838195800781","1.0863838195800781","0.045969538390636444","0.045969538390636444","0.045969538390636444","0.4286494851112366","0.4286494851112366","0.4286494851112366","0.7583962082862854","0.7583962082862854","0.7583962082862854","0.08043456077575684","0.08043456077575684","0.08043456077575684"
"18629","0.24836760759353638","0.24836760759353638","0.24836760759353638","0.15632250905036926","0.15632250905036926","0.15632250905036926","0.05523135885596275","0.05523135885596275","0.05523135885596275","0.21889495849609375","0.21889495849609375","0.21889495849609375","0.2771482765674591","0.2771482765674591","0.2771482765674591","0.06395713984966278","0.06395713984966278","0.06395713984966278"
"18659","1.2125113010406494","1.2125113010406494","1.2125113010406494","2.0433852672576904","2.0433852672576904","2.0433852672576904","0.07352156192064285","0.07352156192064285","0.07352156192064285","4.802245140075684","4.802245140075684","4.802245140075684","4.561839580535889","4.561839580535889","4.561839580535889","0.07591426372528076","0.07591426372528076","0.07591426372528076"
"18689","0.20686408877372742","0.20686408877372742","0.20686408877372742","0.46297013759613037","0.46297013759613037","0.46297013759613037","0.07554717361927032","0.07554717361927032","0.07554717361927032","0.3088165521621704","0.3088165521621704","0.3088165521621704","0.3625435531139374","0.3625435531139374","0.3625435531139374","0.09817184507846832","0.09817184507846832","0.09817184507846832"
"18719","0.2169140726327896","0.2169140726327896","0.2169140726327896","0.20057731866836548","0.20057731866836548","0.20057731866836548","0.05616920813918114","0.05616920813918114","0.05616920813918114","0.2651221454143524","0.2651221454143524","0.2651221454143524","0.29161831736564636","0.29161831736564636","0.29161831736564636","0.09109272062778473","0.09109272062778473","0.09109272062778473"
"18749","0.1658894270658493","0.1658894270658493","0.1658894270658493","0.2138662338256836","0.2138662338256836","0.2138662338256836","0.06778541207313538","0.06778541207313538","0.06778541207313538","0.30646127462387085","0.30646127462387085","0.30646127462387085","0.4880255162715912","0.4880255162715912","0.4880255162715912","0.10867505520582199","0.10867505520582199","0.10867505520582199"
"18779","0.5440863966941833","0.5440863966941833","0.5440863966941833","0.9895033240318298","0.9895033240318298","0.9895033240318298","0.049959052354097366","0.049959052354097366","0.049959052354097366","0.33878782391548157","0.33878782391548157","0.33878782391548157","1.7358760833740234","1.7358760833740234","1.7358760833740234","0.0990869477391243","0.0990869477391243","0.0990869477391243"
"18809","0.30439573526382446","0.30439573526382446","0.30439573526382446","0.39428091049194336","0.39428091049194336","0.39428091049194336","0.05394084006547928","0.05394084006547928","0.05394084006547928","0.33195948600769043","0.33195948600769043","0.33195948600769043","1.7628636360168457","1.7628636360168457","1.7628636360168457","0.07729879021644592","0.07729879021644592","0.07729879021644592"
"18839","1.8606995344161987","1.8606995344161987","1.8606995344161987","12.268025398254395","12.268025398254395","12.268025398254395","0.06186661496758461","0.06186661496758461","0.06186661496758461","0.7544989585876465","0.7544989585876465","0.7544989585876465","1.3927041292190552","1.3927041292190552","1.3927041292190552","0.0776735469698906","0.0776735469698906","0.0776735469698906"
"18869","0.1859571784734726","0.1859571784734726","0.1859571784734726","0.23718462884426117","0.23718462884426117","0.23718462884426117","0.054772231727838516","0.054772231727838516","0.054772231727838516","0.22035200893878937","0.22035200893878937","0.22035200893878937","0.28710711002349854","0.28710711002349854","0.28710711002349854","0.07226770371198654","0.07226770371198654","0.07226770371198654"
"18899","0.29135286808013916","0.29135286808013916","0.29135286808013916","0.1763845533132553","0.1763845533132553","0.1763845533132553","0.06237306073307991","0.06237306073307991","0.06237306073307991","0.2684676945209503","0.2684676945209503","0.2684676945209503","0.278348833322525","0.278348833322525","0.278348833322525","0.18676549196243286","0.18676549196243286","0.18676549196243286"
"18929","1.281226634979248","1.281226634979248","1.281226634979248","5.189999103546143","5.189999103546143","5.189999103546143","0.11204494535923004","0.11204494535923004","0.11204494535923004","0.9589778184890747","0.9589778184890747","0.9589778184890747","1.6224651336669922","1.6224651336669922","1.6224651336669922","0.0928054228425026","0.0928054228425026","0.0928054228425026"
"18959","0.4648165702819824","0.4648165702819824","0.4648165702819824","0.3753102719783783","0.3753102719783783","0.3753102719783783","0.08265624940395355","0.08265624940395355","0.08265624940395355","0.24717754125595093","0.24717754125595093","0.24717754125595093","0.38606300950050354","0.38606300950050354","0.38606300950050354","0.07724077254533768","0.07724077254533768","0.07724077254533768"
"18989","0.1987321376800537","0.1987321376800537","0.1987321376800537","0.40441542863845825","0.40441542863845825","0.40441542863845825","0.05836457014083862","0.05836457014083862","0.05836457014083862","0.4502943456172943","0.4502943456172943","0.4502943456172943","0.37266695499420166","0.37266695499420166","0.37266695499420166","0.0718289390206337","0.0718289390206337","0.0718289390206337"
"19019","0.2896665036678314","0.2896665036678314","0.2896665036678314","0.21648673713207245","0.21648673713207245","0.21648673713207245","0.04621587321162224","0.04621587321162224","0.04621587321162224","0.3576456606388092","0.3576456606388092","0.3576456606388092","0.2493753433227539","0.2493753433227539","0.2493753433227539","0.10872902721166611","0.10872902721166611","0.10872902721166611"
"19049","0.49356669187545776","0.49356669187545776","0.49356669187545776","0.7402840852737427","0.7402840852737427","0.7402840852737427","0.07523659616708755","0.07523659616708755","0.07523659616708755","0.27596256136894226","0.27596256136894226","0.27596256136894226","0.6740590333938599","0.6740590333938599","0.6740590333938599","0.1089283898472786","0.1089283898472786","0.1089283898472786"
"19079","0.1666242927312851","0.1666242927312851","0.1666242927312851","0.6440552473068237","0.6440552473068237","0.6440552473068237","0.052729953080415726","0.052729953080415726","0.052729953080415726","0.2715965509414673","0.2715965509414673","0.2715965509414673","0.49474212527275085","0.49474212527275085","0.49474212527275085","0.09279315918684006","0.09279315918684006","0.09279315918684006"
"19109","0.803132176399231","0.803132176399231","0.803132176399231","4.1827616691589355","4.1827616691589355","4.1827616691589355","0.06724432110786438","0.06724432110786438","0.06724432110786438","1.0206080675125122","1.0206080675125122","1.0206080675125122","8.81718635559082","8.81718635559082","8.81718635559082","0.08677522093057632","0.08677522093057632","0.08677522093057632"
"19139","0.19297271966934204","0.19297271966934204","0.19297271966934204","0.6799359917640686","0.6799359917640686","0.6799359917640686","0.049232807010412216","0.049232807010412216","0.049232807010412216","0.20674903690814972","0.20674903690814972","0.20674903690814972","0.6076477766036987","0.6076477766036987","0.6076477766036987","0.07911601662635803","0.07911601662635803","0.07911601662635803"
"19169","0.5011957287788391","0.5011957287788391","0.5011957287788391","0.4860093593597412","0.4860093593597412","0.4860093593597412","0.07981812953948975","0.07981812953948975","0.07981812953948975","0.3013436198234558","0.3013436198234558","0.3013436198234558","0.5545789003372192","0.5545789003372192","0.5545789003372192","0.08072951436042786","0.08072951436042786","0.08072951436042786"
"19199","0.6774238348007202","0.6774238348007202","0.6774238348007202","0.8527839183807373","0.8527839183807373","0.8527839183807373","0.1428001970052719","0.1428001970052719","0.1428001970052719","0.792001485824585","0.792001485824585","0.792001485824585","1.061544418334961","1.061544418334961","1.061544418334961","0.0811176747083664","0.0811176747083664","0.0811176747083664"
"19229","0.20886489748954773","0.20886489748954773","0.20886489748954773","0.2592089772224426","0.2592089772224426","0.2592089772224426","0.08724285662174225","0.08724285662174225","0.08724285662174225","0.2152542620897293","0.2152542620897293","0.2152542620897293","0.30682581663131714","0.30682581663131714","0.30682581663131714","0.06761562079191208","0.06761562079191208","0.06761562079191208"
"19259","0.3591589629650116","0.3591589629650116","0.3591589629650116","0.9462454915046692","0.9462454915046692","0.9462454915046692","0.0744868740439415","0.0744868740439415","0.0744868740439415","0.16463567316532135","0.16463567316532135","0.16463567316532135","0.7794111967086792","0.7794111967086792","0.7794111967086792","0.08005145937204361","0.08005145937204361","0.08005145937204361"
"19289","0.28247538208961487","0.28247538208961487","0.28247538208961487","0.2606940269470215","0.2606940269470215","0.2606940269470215","0.040476493537425995","0.040476493537425995","0.040476493537425995","0.3091294467449188","0.3091294467449188","0.3091294467449188","0.29354697465896606","0.29354697465896606","0.29354697465896606","0.11051282286643982","0.11051282286643982","0.11051282286643982"
"19319","0.4176083207130432","0.4176083207130432","0.4176083207130432","0.36288315057754517","0.36288315057754517","0.36288315057754517","0.05553716421127319","0.05553716421127319","0.05553716421127319","0.4553980231285095","0.4553980231285095","0.4553980231285095","0.3265860974788666","0.3265860974788666","0.3265860974788666","0.08942215889692307","0.08942215889692307","0.08942215889692307"
"19349","1.1314998865127563","1.1314998865127563","1.1314998865127563","2.21755313873291","2.21755313873291","2.21755313873291","0.08655185252428055","0.08655185252428055","0.08655185252428055","0.9161682724952698","0.9161682724952698","0.9161682724952698","0.6844526529312134","0.6844526529312134","0.6844526529312134","0.09126106649637222","0.09126106649637222","0.09126106649637222"
"19379","0.20567922294139862","0.20567922294139862","0.20567922294139862","0.3173050284385681","0.3173050284385681","0.3173050284385681","0.0894191563129425","0.0894191563129425","0.0894191563129425","0.19709235429763794","0.19709235429763794","0.19709235429763794","0.28367599844932556","0.28367599844932556","0.28367599844932556","0.09153270721435547","0.09153270721435547","0.09153270721435547"
"19409","0.20398110151290894","0.20398110151290894","0.20398110151290894","0.7826988697052002","0.7826988697052002","0.7826988697052002","0.06355826556682587","0.06355826556682587","0.06355826556682587","0.20664538443088531","0.20664538443088531","0.20664538443088531","0.7766827344894409","0.7766827344894409","0.7766827344894409","0.08752663433551788","0.08752663433551788","0.08752663433551788"
"19439","0.6145893335342407","0.6145893335342407","0.6145893335342407","0.8252654671669006","0.8252654671669006","0.8252654671669006","0.1071130707859993","0.1071130707859993","0.1071130707859993","0.20260760188102722","0.20260760188102722","0.20260760188102722","0.921871542930603","0.921871542930603","0.921871542930603","0.07572463899850845","0.07572463899850845","0.07572463899850845"
"19469","0.5394737124443054","0.5394737124443054","0.5394737124443054","0.38536742329597473","0.38536742329597473","0.38536742329597473","0.06310902535915375","0.06310902535915375","0.06310902535915375","0.6268004179000854","0.6268004179000854","0.6268004179000854","0.432004451751709","0.432004451751709","0.432004451751709","0.09674964845180511","0.09674964845180511","0.09674964845180511"
"19499","0.3868539333343506","0.3868539333343506","0.3868539333343506","0.20643693208694458","0.20643693208694458","0.20643693208694458","0.058552663773298264","0.058552663773298264","0.058552663773298264","0.1666317880153656","0.1666317880153656","0.1666317880153656","0.4103313982486725","0.4103313982486725","0.4103313982486725","0.08305597305297852","0.08305597305297852","0.08305597305297852"
"19529","0.1949622631072998","0.1949622631072998","0.1949622631072998","0.2180192470550537","0.2180192470550537","0.2180192470550537","0.05448202043771744","0.05448202043771744","0.05448202043771744","0.18475133180618286","0.18475133180618286","0.18475133180618286","0.3852050304412842","0.3852050304412842","0.3852050304412842","0.081693634390831","0.081693634390831","0.081693634390831"
"19559","0.22779816389083862","0.22779816389083862","0.22779816389083862","0.246103897690773","0.246103897690773","0.246103897690773","0.048358336091041565","0.048358336091041565","0.048358336091041565","0.25022628903388977","0.25022628903388977","0.25022628903388977","0.26599350571632385","0.26599350571632385","0.26599350571632385","0.08451458811759949","0.08451458811759949","0.08451458811759949"
"19589","0.4593472182750702","0.4593472182750702","0.4593472182750702","0.8578982949256897","0.8578982949256897","0.8578982949256897","0.046130578964948654","0.046130578964948654","0.046130578964948654","0.43855202198028564","0.43855202198028564","0.43855202198028564","0.4736851453781128","0.4736851453781128","0.4736851453781128","0.10218080133199692","0.10218080133199692","0.10218080133199692"
"19619","0.19722965359687805","0.19722965359687805","0.19722965359687805","0.23184198141098022","0.23184198141098022","0.23184198141098022","0.045394010841846466","0.045394010841846466","0.045394010841846466","0.22063493728637695","0.22063493728637695","0.22063493728637695","0.28294727206230164","0.28294727206230164","0.28294727206230164","0.07126718759536743","0.07126718759536743","0.07126718759536743"
"19649","0.5625877976417542","0.5625877976417542","0.5625877976417542","0.7472807168960571","0.7472807168960571","0.7472807168960571","0.06787380576133728","0.06787380576133728","0.06787380576133728","0.2664337456226349","0.2664337456226349","0.2664337456226349","0.3104204833507538","0.3104204833507538","0.3104204833507538","0.08205757290124893","0.08205757290124893","0.08205757290124893"
"19679","0.1937388926744461","0.1937388926744461","0.1937388926744461","0.24013690650463104","0.24013690650463104","0.24013690650463104","0.05049026757478714","0.05049026757478714","0.05049026757478714","0.23209261894226074","0.23209261894226074","0.23209261894226074","0.6019514203071594","0.6019514203071594","0.6019514203071594","0.09252580255270004","0.09252580255270004","0.09252580255270004"
"19709","0.7379193902015686","0.7379193902015686","0.7379193902015686","2.9078898429870605","2.9078898429870605","2.9078898429870605","0.05115262046456337","0.05115262046456337","0.05115262046456337","0.6880728602409363","0.6880728602409363","0.6880728602409363","6.826045989990234","6.826045989990234","6.826045989990234","0.07271871715784073","0.07271871715784073","0.07271871715784073"
"19739","0.21143412590026855","0.21143412590026855","0.21143412590026855","0.45715051889419556","0.45715051889419556","0.45715051889419556","0.06905617564916611","0.06905617564916611","0.06905617564916611","0.2441692352294922","0.2441692352294922","0.2441692352294922","0.3887762427330017","0.3887762427330017","0.3887762427330017","0.07005583494901657","0.07005583494901657","0.07005583494901657"
"19769","0.25166481733322144","0.25166481733322144","0.25166481733322144","0.2284768670797348","0.2284768670797348","0.2284768670797348","0.049375493079423904","0.049375493079423904","0.049375493079423904","0.1321157068014145","0.1321157068014145","0.1321157068014145","0.22546325623989105","0.22546325623989105","0.22546325623989105","0.06668256968259811","0.06668256968259811","0.06668256968259811"
"19799","0.20090261101722717","0.20090261101722717","0.20090261101722717","0.16701418161392212","0.16701418161392212","0.16701418161392212","0.06542662531137466","0.06542662531137466","0.06542662531137466","0.23160655796527863","0.23160655796527863","0.23160655796527863","0.23170879483222961","0.23170879483222961","0.23170879483222961","0.0906343087553978","0.0906343087553978","0.0906343087553978"
"19829","0.9906339049339294","0.9906339049339294","0.9906339049339294","1.842613935470581","1.842613935470581","1.842613935470581","0.05495453253388405","0.05495453253388405","0.05495453253388405","2.5253405570983887","2.5253405570983887","2.5253405570983887","3.0454084873199463","3.0454084873199463","3.0454084873199463","0.09390198439359665","0.09390198439359665","0.09390198439359665"
"19859","0.3284056782722473","0.3284056782722473","0.3284056782722473","0.40538421273231506","0.40538421273231506","0.40538421273231506","0.037096232175827026","0.037096232175827026","0.037096232175827026","0.3355739116668701","0.3355739116668701","0.3355739116668701","0.2858598530292511","0.2858598530292511","0.2858598530292511","0.07627902179956436","0.07627902179956436","0.07627902179956436"
"19889","0.3470543324947357","0.3470543324947357","0.3470543324947357","0.31649741530418396","0.31649741530418396","0.31649741530418396","0.057654254138469696","0.057654254138469696","0.057654254138469696","0.281050443649292","0.281050443649292","0.281050443649292","0.4637962281703949","0.4637962281703949","0.4637962281703949","0.07344603538513184","0.07344603538513184","0.07344603538513184"
"19919","4.490066051483154","4.490066051483154","4.490066051483154","14.889572143554688","14.889572143554688","14.889572143554688","0.038805678486824036","0.038805678486824036","0.038805678486824036","3.550116539001465","3.550116539001465","3.550116539001465","8.568851470947266","8.568851470947266","8.568851470947266","0.10169050097465515","0.10169050097465515","0.10169050097465515"
"19949","0.9800075888633728","0.9800075888633728","0.9800075888633728","0.6798365712165833","0.6798365712165833","0.6798365712165833","0.0481787845492363","0.0481787845492363","0.0481787845492363","1.7266219854354858","1.7266219854354858","1.7266219854354858","1.9825061559677124","1.9825061559677124","1.9825061559677124","0.0746195837855339","0.0746195837855339","0.0746195837855339"
"19979","0.16414862871170044","0.16414862871170044","0.16414862871170044","0.18944017589092255","0.18944017589092255","0.18944017589092255","0.0508558563888073","0.0508558563888073","0.0508558563888073","0.20348238945007324","0.20348238945007324","0.20348238945007324","0.25542324781417847","0.25542324781417847","0.25542324781417847","0.08060756325721741","0.08060756325721741","0.08060756325721741"