"Step","layer_10_hook_resid_mid_gpt2_gated_fisher_false_project_TheStackPython - losses/mse_loss","layer_10_hook_resid_mid_gpt2_gated_fisher_false_project_TheStackPython - losses/mse_loss__MIN","layer_10_hook_resid_mid_gpt2_gated_fisher_false_project_TheStackPython - losses/mse_loss__MAX","layer_5_hook_resid_mid_gpt2_gated_fisher_false_project_TheStackPython - losses/mse_loss","layer_5_hook_resid_mid_gpt2_gated_fisher_false_project_TheStackPython - losses/mse_loss__MIN","layer_5_hook_resid_mid_gpt2_gated_fisher_false_project_TheStackPython - losses/mse_loss__MAX","layer_0_hook_resid_mid_gpt2_gated_fisher_false_project_TheStackPython - losses/mse_loss","layer_0_hook_resid_mid_gpt2_gated_fisher_false_project_TheStackPython - losses/mse_loss__MIN","layer_0_hook_resid_mid_gpt2_gated_fisher_false_project_TheStackPython - losses/mse_loss__MAX","layer_10_hook_resid_mid_gpt2_gated_fisher_true_project_TheStackPython - losses/mse_loss","layer_10_hook_resid_mid_gpt2_gated_fisher_true_project_TheStackPython - losses/mse_loss__MIN","layer_10_hook_resid_mid_gpt2_gated_fisher_true_project_TheStackPython - losses/mse_loss__MAX","layer_5_hook_resid_mid_gpt2_gated_fisher_true_project_TheStackPython - losses/mse_loss","layer_5_hook_resid_mid_gpt2_gated_fisher_true_project_TheStackPython - losses/mse_loss__MIN","layer_5_hook_resid_mid_gpt2_gated_fisher_true_project_TheStackPython - losses/mse_loss__MAX","layer_0_hook_resid_mid_gpt2_gated_fisher_true_project_TheStackPython - losses/mse_loss","layer_0_hook_resid_mid_gpt2_gated_fisher_true_project_TheStackPython - losses/mse_loss__MIN","layer_0_hook_resid_mid_gpt2_gated_fisher_true_project_TheStackPython - losses/mse_loss__MAX"
"29","11785.7373046875","11785.7373046875","11785.7373046875","2702.8193359375","2702.8193359375","2702.8193359375","555.3296508789062","555.3296508789062","555.3296508789062","11784.138671875","11784.138671875","11784.138671875","2702.5224609375","2702.5224609375","2702.5224609375","568.728271484375","568.728271484375","568.728271484375"
"59","6499.52490234375","6499.52490234375","6499.52490234375","1757.7471923828125","1757.7471923828125","1757.7471923828125","214.31350708007812","214.31350708007812","214.31350708007812","6496.30712890625","6496.30712890625","6496.30712890625","1756.5068359375","1756.5068359375","1756.5068359375","226.98898315429688","226.98898315429688","226.98898315429688"
"89","4936.798828125","4936.798828125","4936.798828125","1343.0946044921875","1343.0946044921875","1343.0946044921875","125.37864685058594","125.37864685058594","125.37864685058594","4933.32177734375","4933.32177734375","4933.32177734375","1342.282470703125","1342.282470703125","1342.282470703125","131.07032775878906","131.07032775878906","131.07032775878906"
"119","4069.0224609375","4069.0224609375","4069.0224609375","1063.8720703125","1063.8720703125","1063.8720703125","95.91978454589844","95.91978454589844","95.91978454589844","4066.498046875","4066.498046875","4066.498046875","1062.569091796875","1062.569091796875","1062.569091796875","98.20442199707031","98.20442199707031","98.20442199707031"
"149","44088.984375","44088.984375","44088.984375","34983.2109375","34983.2109375","34983.2109375","87.8402099609375","87.8402099609375","87.8402099609375","44081.52734375","44081.52734375","44081.52734375","34973.05859375","34973.05859375","34973.05859375","89.98490142822266","89.98490142822266","89.98490142822266"
"179","36228.16796875","36228.16796875","36228.16796875","27769.162109375","27769.162109375","27769.162109375","81.54097747802734","81.54097747802734","81.54097747802734","36218.65234375","36218.65234375","36218.65234375","27756.75","27756.75","27756.75","82.7279052734375","82.7279052734375","82.7279052734375"
"209","3849.34765625","3849.34765625","3849.34765625","1035.5186767578125","1035.5186767578125","1035.5186767578125","88.71759796142578","88.71759796142578","88.71759796142578","3848.059326171875","3848.059326171875","3848.059326171875","1034.7249755859375","1034.7249755859375","1034.7249755859375","89.43247985839844","89.43247985839844","89.43247985839844"
"239","3564.59326171875","3564.59326171875","3564.59326171875","928.532470703125","928.532470703125","928.532470703125","79.0175552368164","79.0175552368164","79.0175552368164","3563.49609375","3563.49609375","3563.49609375","927.634521484375","927.634521484375","927.634521484375","79.0398941040039","79.0398941040039","79.0398941040039"
"269","3128.421142578125","3128.421142578125","3128.421142578125","854.0061645507812","854.0061645507812","854.0061645507812","66.03008270263672","66.03008270263672","66.03008270263672","3127.280029296875","3127.280029296875","3127.280029296875","853.269775390625","853.269775390625","853.269775390625","65.53875732421875","65.53875732421875","65.53875732421875"
"299","2922.019287109375","2922.019287109375","2922.019287109375","776.4542236328125","776.4542236328125","776.4542236328125","63.381629943847656","63.381629943847656","63.381629943847656","2921.121826171875","2921.121826171875","2921.121826171875","775.9690551757812","775.9690551757812","775.9690551757812","62.72292709350586","62.72292709350586","62.72292709350586"
"329","1345.396484375","1345.396484375","1345.396484375","421.32708740234375","421.32708740234375","421.32708740234375","52.176849365234375","52.176849365234375","52.176849365234375","1345.51806640625","1345.51806640625","1345.51806640625","421.1496276855469","421.1496276855469","421.1496276855469","51.75197219848633","51.75197219848633","51.75197219848633"
"359","1382.525634765625","1382.525634765625","1382.525634765625","386.41162109375","386.41162109375","386.41162109375","48.55292892456055","48.55292892456055","48.55292892456055","1383.023681640625","1383.023681640625","1383.023681640625","386.2566223144531","386.2566223144531","386.2566223144531","47.337947845458984","47.337947845458984","47.337947845458984"
"389","1536.223388671875","1536.223388671875","1536.223388671875","477.3192138671875","477.3192138671875","477.3192138671875","54.61227798461914","54.61227798461914","54.61227798461914","1537.0274658203125","1537.0274658203125","1537.0274658203125","477.21038818359375","477.21038818359375","477.21038818359375","53.48154830932617","53.48154830932617","53.48154830932617"
"419","1418.3662109375","1418.3662109375","1418.3662109375","411.4012145996094","411.4012145996094","411.4012145996094","43.96723175048828","43.96723175048828","43.96723175048828","1419.26416015625","1419.26416015625","1419.26416015625","411.3966369628906","411.3966369628906","411.3966369628906","42.999755859375","42.999755859375","42.999755859375"
"449","1604.7764892578125","1604.7764892578125","1604.7764892578125","499.1045837402344","499.1045837402344","499.1045837402344","53.53507614135742","53.53507614135742","53.53507614135742","1606.3055419921875","1606.3055419921875","1606.3055419921875","499.0789794921875","499.0789794921875","499.0789794921875","52.06428527832031","52.06428527832031","52.06428527832031"
"479","1579.1373291015625","1579.1373291015625","1579.1373291015625","444.4886474609375","444.4886474609375","444.4886474609375","45.01539993286133","45.01539993286133","45.01539993286133","1580.51171875","1580.51171875","1580.51171875","444.42010498046875","444.42010498046875","444.42010498046875","43.828651428222656","43.828651428222656","43.828651428222656"
"509","1464.5064697265625","1464.5064697265625","1464.5064697265625","443.89508056640625","443.89508056640625","443.89508056640625","48.10017395019531","48.10017395019531","48.10017395019531","1465.822509765625","1465.822509765625","1465.822509765625","443.81634521484375","443.81634521484375","443.81634521484375","46.79795837402344","46.79795837402344","46.79795837402344"
"539","1303.615966796875","1303.615966796875","1303.615966796875","413.37646484375","413.37646484375","413.37646484375","37.187232971191406","37.187232971191406","37.187232971191406","1304.36328125","1304.36328125","1304.36328125","412.8310852050781","412.8310852050781","412.8310852050781","36.01530075073242","36.01530075073242","36.01530075073242"
"569","1555.0252685546875","1555.0252685546875","1555.0252685546875","451.4869384765625","451.4869384765625","451.4869384765625","44.02690505981445","44.02690505981445","44.02690505981445","1556.4935302734375","1556.4935302734375","1556.4935302734375","451.331787109375","451.331787109375","451.331787109375","42.36415100097656","42.36415100097656","42.36415100097656"
"599","1182.9130859375","1182.9130859375","1182.9130859375","335.41571044921875","335.41571044921875","335.41571044921875","35.937129974365234","35.937129974365234","35.937129974365234","1183.8834228515625","1183.8834228515625","1183.8834228515625","335.2514343261719","335.2514343261719","335.2514343261719","34.54914855957031","34.54914855957031","34.54914855957031"
"629","1011.5149536132812","1011.5149536132812","1011.5149536132812","330.6960754394531","330.6960754394531","330.6960754394531","41.910892486572266","41.910892486572266","41.910892486572266","1012.2947387695312","1012.2947387695312","1012.2947387695312","330.66522216796875","330.66522216796875","330.66522216796875","40.27252960205078","40.27252960205078","40.27252960205078"
"659","928.14453125","928.14453125","928.14453125","288.24029541015625","288.24029541015625","288.24029541015625","38.5450325012207","38.5450325012207","38.5450325012207","929.1143798828125","929.1143798828125","929.1143798828125","288.0847473144531","288.0847473144531","288.0847473144531","37.08641052246094","37.08641052246094","37.08641052246094"
"689","1041.9683837890625","1041.9683837890625","1041.9683837890625","294.0933837890625","294.0933837890625","294.0933837890625","33.34979248046875","33.34979248046875","33.34979248046875","1042.5177001953125","1042.5177001953125","1042.5177001953125","293.6537170410156","293.6537170410156","293.6537170410156","32.01096725463867","32.01096725463867","32.01096725463867"
"719","975.2023315429688","975.2023315429688","975.2023315429688","315.1253967285156","315.1253967285156","315.1253967285156","36.05483627319336","36.05483627319336","36.05483627319336","976.0809326171875","976.0809326171875","976.0809326171875","315.0478820800781","315.0478820800781","315.0478820800781","34.5264778137207","34.5264778137207","34.5264778137207"
"749","1143.91064453125","1143.91064453125","1143.91064453125","336.7249450683594","336.7249450683594","336.7249450683594","36.553871154785156","36.553871154785156","36.553871154785156","1144.673583984375","1144.673583984375","1144.673583984375","336.61297607421875","336.61297607421875","336.61297607421875","35.078208923339844","35.078208923339844","35.078208923339844"
"779","1113.028076171875","1113.028076171875","1113.028076171875","358.5650634765625","358.5650634765625","358.5650634765625","41.36372375488281","41.36372375488281","41.36372375488281","1114.057861328125","1114.057861328125","1114.057861328125","358.4201354980469","358.4201354980469","358.4201354980469","39.69825744628906","39.69825744628906","39.69825744628906"
"809","1414.39111328125","1414.39111328125","1414.39111328125","678.1117553710938","678.1117553710938","678.1117553710938","33.92160415649414","33.92160415649414","33.92160415649414","1414.1790771484375","1414.1790771484375","1414.1790771484375","682.0030517578125","682.0030517578125","682.0030517578125","32.579227447509766","32.579227447509766","32.579227447509766"
"839","1111.931884765625","1111.931884765625","1111.931884765625","360.8268737792969","360.8268737792969","360.8268737792969","37.224082946777344","37.224082946777344","37.224082946777344","1112.9783935546875","1112.9783935546875","1112.9783935546875","360.70458984375","360.70458984375","360.70458984375","35.833946228027344","35.833946228027344","35.833946228027344"
"869","1357.3243408203125","1357.3243408203125","1357.3243408203125","406.5381164550781","406.5381164550781","406.5381164550781","40.21286392211914","40.21286392211914","40.21286392211914","1357.4034423828125","1357.4034423828125","1357.4034423828125","405.50201416015625","405.50201416015625","405.50201416015625","38.56523513793945","38.56523513793945","38.56523513793945"
"899","1045.2158203125","1045.2158203125","1045.2158203125","328.7713928222656","328.7713928222656","328.7713928222656","35.190940856933594","35.190940856933594","35.190940856933594","1046.0972900390625","1046.0972900390625","1046.0972900390625","328.5941467285156","328.5941467285156","328.5941467285156","33.63303756713867","33.63303756713867","33.63303756713867"
"929","993.0472412109375","993.0472412109375","993.0472412109375","297.6687316894531","297.6687316894531","297.6687316894531","35.4790153503418","35.4790153503418","35.4790153503418","994.075439453125","994.075439453125","994.075439453125","297.6168518066406","297.6168518066406","297.6168518066406","34.03159713745117","34.03159713745117","34.03159713745117"
"959","1134.9681396484375","1134.9681396484375","1134.9681396484375","324.6837158203125","324.6837158203125","324.6837158203125","33.76172637939453","33.76172637939453","33.76172637939453","1135.881591796875","1135.881591796875","1135.881591796875","324.3141784667969","324.3141784667969","324.3141784667969","32.3380126953125","32.3380126953125","32.3380126953125"
"989","620.7103881835938","620.7103881835938","620.7103881835938","242.40750122070312","242.40750122070312","242.40750122070312","35.5236701965332","35.5236701965332","35.5236701965332","621.8692626953125","621.8692626953125","621.8692626953125","242.47952270507812","242.47952270507812","242.47952270507812","34.1065673828125","34.1065673828125","34.1065673828125"
"1019","1129.59033203125","1129.59033203125","1129.59033203125","422.7598876953125","422.7598876953125","422.7598876953125","32.001522064208984","32.001522064208984","32.001522064208984","1124.8331298828125","1124.8331298828125","1124.8331298828125","416.4464416503906","416.4464416503906","416.4464416503906","30.520456314086914","30.520456314086914","30.520456314086914"
"1049","607.8668823242188","607.8668823242188","607.8668823242188","225.25128173828125","225.25128173828125","225.25128173828125","35.53929138183594","35.53929138183594","35.53929138183594","609.1162109375","609.1162109375","609.1162109375","225.35406494140625","225.35406494140625","225.35406494140625","34.25849151611328","34.25849151611328","34.25849151611328"
"1079","541.8450927734375","541.8450927734375","541.8450927734375","214.39559936523438","214.39559936523438","214.39559936523438","36.0778694152832","36.0778694152832","36.0778694152832","542.7528076171875","542.7528076171875","542.7528076171875","214.4765625","214.4765625","214.4765625","34.597564697265625","34.597564697265625","34.597564697265625"
"1109","822.628173828125","822.628173828125","822.628173828125","234.71417236328125","234.71417236328125","234.71417236328125","31.229496002197266","31.229496002197266","31.229496002197266","822.4097290039062","822.4097290039062","822.4097290039062","234.59564208984375","234.59564208984375","234.59564208984375","29.8593692779541","29.8593692779541","29.8593692779541"
"1139","611.5950927734375","611.5950927734375","611.5950927734375","214.73487854003906","214.73487854003906","214.73487854003906","31.982772827148438","31.982772827148438","31.982772827148438","612.7452392578125","612.7452392578125","612.7452392578125","214.84738159179688","214.84738159179688","214.84738159179688","30.55574607849121","30.55574607849121","30.55574607849121"
"1169","807.1537475585938","807.1537475585938","807.1537475585938","234.87518310546875","234.87518310546875","234.87518310546875","31.406314849853516","31.406314849853516","31.406314849853516","808.5333251953125","808.5333251953125","808.5333251953125","234.80262756347656","234.80262756347656","234.80262756347656","29.9431209564209","29.9431209564209","29.9431209564209"
"1199","758.677734375","758.677734375","758.677734375","251.519775390625","251.519775390625","251.519775390625","35.062713623046875","35.062713623046875","35.062713623046875","760.1148071289062","760.1148071289062","760.1148071289062","251.8032989501953","251.8032989501953","251.8032989501953","33.52749252319336","33.52749252319336","33.52749252319336"
"1229","840.85498046875","840.85498046875","840.85498046875","291.1090087890625","291.1090087890625","291.1090087890625","30.51132583618164","30.51132583618164","30.51132583618164","836.5001220703125","836.5001220703125","836.5001220703125","288.2557678222656","288.2557678222656","288.2557678222656","29.372934341430664","29.372934341430664","29.372934341430664"
"1259","640.1346435546875","640.1346435546875","640.1346435546875","224.25648498535156","224.25648498535156","224.25648498535156","33.373374938964844","33.373374938964844","33.373374938964844","641.4314575195312","641.4314575195312","641.4314575195312","224.297607421875","224.297607421875","224.297607421875","32.13341522216797","32.13341522216797","32.13341522216797"
"1289","533.9993896484375","533.9993896484375","533.9993896484375","171.8954620361328","171.8954620361328","171.8954620361328","29.2857666015625","29.2857666015625","29.2857666015625","534.9188232421875","534.9188232421875","534.9188232421875","171.8585968017578","171.8585968017578","171.8585968017578","27.82291603088379","27.82291603088379","27.82291603088379"
"1319","532.9072265625","532.9072265625","532.9072265625","230.610107421875","230.610107421875","230.610107421875","25.463153839111328","25.463153839111328","25.463153839111328","533.8118286132812","533.8118286132812","533.8118286132812","230.7509002685547","230.7509002685547","230.7509002685547","24.314979553222656","24.314979553222656","24.314979553222656"
"1349","536.7413330078125","536.7413330078125","536.7413330078125","210.80943298339844","210.80943298339844","210.80943298339844","29.797088623046875","29.797088623046875","29.797088623046875","537.5239868164062","537.5239868164062","537.5239868164062","210.95542907714844","210.95542907714844","210.95542907714844","28.362611770629883","28.362611770629883","28.362611770629883"
"1379","438.17181396484375","438.17181396484375","438.17181396484375","173.19496154785156","173.19496154785156","173.19496154785156","28.657073974609375","28.657073974609375","28.657073974609375","439.2858581542969","439.2858581542969","439.2858581542969","173.1995849609375","173.1995849609375","173.1995849609375","27.50749397277832","27.50749397277832","27.50749397277832"
"1409","554.2191162109375","554.2191162109375","554.2191162109375","191.7129669189453","191.7129669189453","191.7129669189453","28.771451950073242","28.771451950073242","28.771451950073242","555.4452514648438","555.4452514648438","555.4452514648438","191.84190368652344","191.84190368652344","191.84190368652344","27.522220611572266","27.522220611572266","27.522220611572266"
"1439","654.85107421875","654.85107421875","654.85107421875","203.3262481689453","203.3262481689453","203.3262481689453","26.279388427734375","26.279388427734375","26.279388427734375","656.0609741210938","656.0609741210938","656.0609741210938","203.1678924560547","203.1678924560547","203.1678924560547","25.139720916748047","25.139720916748047","25.139720916748047"
"1469","731.4829711914062","731.4829711914062","731.4829711914062","254.26641845703125","254.26641845703125","254.26641845703125","29.233478546142578","29.233478546142578","29.233478546142578","733.2045288085938","733.2045288085938","733.2045288085938","254.4107208251953","254.4107208251953","254.4107208251953","28.149782180786133","28.149782180786133","28.149782180786133"
"1499","563.1492919921875","563.1492919921875","563.1492919921875","208.34152221679688","208.34152221679688","208.34152221679688","28.127845764160156","28.127845764160156","28.127845764160156","564.7548217773438","564.7548217773438","564.7548217773438","208.16490173339844","208.16490173339844","208.16490173339844","26.496479034423828","26.496479034423828","26.496479034423828"
"1529","404.7760314941406","404.7760314941406","404.7760314941406","160.83285522460938","160.83285522460938","160.83285522460938","26.920976638793945","26.920976638793945","26.920976638793945","405.24468994140625","405.24468994140625","405.24468994140625","160.9779815673828","160.9779815673828","160.9779815673828","25.77692413330078","25.77692413330078","25.77692413330078"
"1559","377.4206237792969","377.4206237792969","377.4206237792969","157.68319702148438","157.68319702148438","157.68319702148438","24.635393142700195","24.635393142700195","24.635393142700195","377.74072265625","377.74072265625","377.74072265625","157.46578979492188","157.46578979492188","157.46578979492188","23.53584861755371","23.53584861755371","23.53584861755371"
"1589","552.0488891601562","552.0488891601562","552.0488891601562","187.02247619628906","187.02247619628906","187.02247619628906","29.32735252380371","29.32735252380371","29.32735252380371","553.4395141601562","553.4395141601562","553.4395141601562","187.25308227539062","187.25308227539062","187.25308227539062","27.979320526123047","27.979320526123047","27.979320526123047"
"1619","530.3134155273438","530.3134155273438","530.3134155273438","198.79945373535156","198.79945373535156","198.79945373535156","26.13071060180664","26.13071060180664","26.13071060180664","530.9354858398438","530.9354858398438","530.9354858398438","198.8094024658203","198.8094024658203","198.8094024658203","25.0977725982666","25.0977725982666","25.0977725982666"
"1649","271.6533508300781","271.6533508300781","271.6533508300781","105.7294692993164","105.7294692993164","105.7294692993164","24.812231063842773","24.812231063842773","24.812231063842773","272.6844787597656","272.6844787597656","272.6844787597656","105.68106842041016","105.68106842041016","105.68106842041016","23.84724998474121","23.84724998474121","23.84724998474121"
"1679","393.0880432128906","393.0880432128906","393.0880432128906","144.99728393554688","144.99728393554688","144.99728393554688","25.07467269897461","25.07467269897461","25.07467269897461","394.8812561035156","394.8812561035156","394.8812561035156","144.9704132080078","144.9704132080078","144.9704132080078","23.68924331665039","23.68924331665039","23.68924331665039"
"1709","270.09173583984375","270.09173583984375","270.09173583984375","119.74063873291016","119.74063873291016","119.74063873291016","23.02364158630371","23.02364158630371","23.02364158630371","270.8075256347656","270.8075256347656","270.8075256347656","119.80640411376953","119.80640411376953","119.80640411376953","21.891176223754883","21.891176223754883","21.891176223754883"
"1739","232.08639526367188","232.08639526367188","232.08639526367188","105.62322998046875","105.62322998046875","105.62322998046875","22.99357795715332","22.99357795715332","22.99357795715332","232.93312072753906","232.93312072753906","232.93312072753906","105.65081787109375","105.65081787109375","105.65081787109375","22.0070743560791","22.0070743560791","22.0070743560791"
"1769","301.8888854980469","301.8888854980469","301.8888854980469","120.92618560791016","120.92618560791016","120.92618560791016","26.59322166442871","26.59322166442871","26.59322166442871","303.1224060058594","303.1224060058594","303.1224060058594","121.05140686035156","121.05140686035156","121.05140686035156","25.65852928161621","25.65852928161621","25.65852928161621"
"1799","240.0457000732422","240.0457000732422","240.0457000732422","103.9300765991211","103.9300765991211","103.9300765991211","21.932958602905273","21.932958602905273","21.932958602905273","240.98898315429688","240.98898315429688","240.98898315429688","103.83734130859375","103.83734130859375","103.83734130859375","21.05778694152832","21.05778694152832","21.05778694152832"
"1829","445.2955017089844","445.2955017089844","445.2955017089844","187.63291931152344","187.63291931152344","187.63291931152344","30.763545989990234","30.763545989990234","30.763545989990234","447.21783447265625","447.21783447265625","447.21783447265625","187.75753784179688","187.75753784179688","187.75753784179688","29.49246597290039","29.49246597290039","29.49246597290039"
"1859","411.2746276855469","411.2746276855469","411.2746276855469","154.9250946044922","154.9250946044922","154.9250946044922","25.903085708618164","25.903085708618164","25.903085708618164","413.091796875","413.091796875","413.091796875","154.95367431640625","154.95367431640625","154.95367431640625","24.898021697998047","24.898021697998047","24.898021697998047"
"1889","206.0998992919922","206.0998992919922","206.0998992919922","110.51480865478516","110.51480865478516","110.51480865478516","25.68010139465332","25.68010139465332","25.68010139465332","206.91217041015625","206.91217041015625","206.91217041015625","110.70132446289062","110.70132446289062","110.70132446289062","24.75715446472168","24.75715446472168","24.75715446472168"
"1919","370.4909362792969","370.4909362792969","370.4909362792969","201.23953247070312","201.23953247070312","201.23953247070312","28.568588256835938","28.568588256835938","28.568588256835938","371.9470520019531","371.9470520019531","371.9470520019531","200.2665557861328","200.2665557861328","200.2665557861328","27.562910079956055","27.562910079956055","27.562910079956055"
"1949","422.72686767578125","422.72686767578125","422.72686767578125","170.96096801757812","170.96096801757812","170.96096801757812","31.037837982177734","31.037837982177734","31.037837982177734","424.91943359375","424.91943359375","424.91943359375","171.4451141357422","171.4451141357422","171.4451141357422","29.706987380981445","29.706987380981445","29.706987380981445"
"1979","313.1608581542969","313.1608581542969","313.1608581542969","128.6875762939453","128.6875762939453","128.6875762939453","21.423452377319336","21.423452377319336","21.423452377319336","314.38311767578125","314.38311767578125","314.38311767578125","128.96798706054688","128.96798706054688","128.96798706054688","20.533464431762695","20.533464431762695","20.533464431762695"
"2009","256.8924865722656","256.8924865722656","256.8924865722656","127.22691345214844","127.22691345214844","127.22691345214844","23.196916580200195","23.196916580200195","23.196916580200195","257.8081359863281","257.8081359863281","257.8081359863281","127.29608154296875","127.29608154296875","127.29608154296875","22.287940979003906","22.287940979003906","22.287940979003906"
"2039","334.2447509765625","334.2447509765625","334.2447509765625","123.72542572021484","123.72542572021484","123.72542572021484","24.04747200012207","24.04747200012207","24.04747200012207","335.22222900390625","335.22222900390625","335.22222900390625","123.74104309082031","123.74104309082031","123.74104309082031","23.132429122924805","23.132429122924805","23.132429122924805"
"2069","389.4249267578125","389.4249267578125","389.4249267578125","158.625","158.625","158.625","26.15739631652832","26.15739631652832","26.15739631652832","391.28857421875","391.28857421875","391.28857421875","158.76507568359375","158.76507568359375","158.76507568359375","24.905242919921875","24.905242919921875","24.905242919921875"
"2099","380.14862060546875","380.14862060546875","380.14862060546875","155.36817932128906","155.36817932128906","155.36817932128906","26.066879272460938","26.066879272460938","26.066879272460938","381.64544677734375","381.64544677734375","381.64544677734375","155.44308471679688","155.44308471679688","155.44308471679688","24.822954177856445","24.822954177856445","24.822954177856445"
"2129","252.8855743408203","252.8855743408203","252.8855743408203","105.33935546875","105.33935546875","105.33935546875","22.04070281982422","22.04070281982422","22.04070281982422","253.7894287109375","253.7894287109375","253.7894287109375","105.28330993652344","105.28330993652344","105.28330993652344","21.351362228393555","21.351362228393555","21.351362228393555"
"2159","140.58853149414062","140.58853149414062","140.58853149414062","94.63019561767578","94.63019561767578","94.63019561767578","23.825721740722656","23.825721740722656","23.825721740722656","141.019287109375","141.019287109375","141.019287109375","94.71314239501953","94.71314239501953","94.71314239501953","22.891874313354492","22.891874313354492","22.891874313354492"
"2189","271.4280700683594","271.4280700683594","271.4280700683594","119.69252014160156","119.69252014160156","119.69252014160156","25.809675216674805","25.809675216674805","25.809675216674805","272.9010009765625","272.9010009765625","272.9010009765625","119.89714813232422","119.89714813232422","119.89714813232422","24.751039505004883","24.751039505004883","24.751039505004883"
"2219","320.3683776855469","320.3683776855469","320.3683776855469","137.1919708251953","137.1919708251953","137.1919708251953","20.35312843322754","20.35312843322754","20.35312843322754","321.7168273925781","321.7168273925781","321.7168273925781","137.3876953125","137.3876953125","137.3876953125","19.53822898864746","19.53822898864746","19.53822898864746"
"2249","258.9146728515625","258.9146728515625","258.9146728515625","101.95877838134766","101.95877838134766","101.95877838134766","21.03036880493164","21.03036880493164","21.03036880493164","260.0731201171875","260.0731201171875","260.0731201171875","101.96781921386719","101.96781921386719","101.96781921386719","20.293474197387695","20.293474197387695","20.293474197387695"
"2279","406.9797058105469","406.9797058105469","406.9797058105469","158.2691192626953","158.2691192626953","158.2691192626953","22.70657730102539","22.70657730102539","22.70657730102539","408.35931396484375","408.35931396484375","408.35931396484375","158.305419921875","158.305419921875","158.305419921875","21.871789932250977","21.871789932250977","21.871789932250977"
"2309","222.1308135986328","222.1308135986328","222.1308135986328","104.58090209960938","104.58090209960938","104.58090209960938","22.171173095703125","22.171173095703125","22.171173095703125","223.41636657714844","223.41636657714844","223.41636657714844","104.57559967041016","104.57559967041016","104.57559967041016","21.368724822998047","21.368724822998047","21.368724822998047"
"2339","219.93431091308594","219.93431091308594","219.93431091308594","97.66873168945312","97.66873168945312","97.66873168945312","22.145727157592773","22.145727157592773","22.145727157592773","221.2626953125","221.2626953125","221.2626953125","97.52642059326172","97.52642059326172","97.52642059326172","21.167583465576172","21.167583465576172","21.167583465576172"
"2369","276.084716796875","276.084716796875","276.084716796875","118.91425323486328","118.91425323486328","118.91425323486328","25.70832061767578","25.70832061767578","25.70832061767578","278.1894226074219","278.1894226074219","278.1894226074219","119.01019287109375","119.01019287109375","119.01019287109375","24.78733253479004","24.78733253479004","24.78733253479004"
"2399","216.46697998046875","216.46697998046875","216.46697998046875","169.11997985839844","169.11997985839844","169.11997985839844","20.508607864379883","20.508607864379883","20.508607864379883","217.3616180419922","217.3616180419922","217.3616180419922","162.89427185058594","162.89427185058594","162.89427185058594","19.820524215698242","19.820524215698242","19.820524215698242"
"2429","123.90323638916016","123.90323638916016","123.90323638916016","69.57931518554688","69.57931518554688","69.57931518554688","21.55636215209961","21.55636215209961","21.55636215209961","124.6525650024414","124.6525650024414","124.6525650024414","69.65861511230469","69.65861511230469","69.65861511230469","20.84917449951172","20.84917449951172","20.84917449951172"
"2459","92.18195343017578","92.18195343017578","92.18195343017578","66.26148986816406","66.26148986816406","66.26148986816406","19.478946685791016","19.478946685791016","19.478946685791016","92.37482452392578","92.37482452392578","92.37482452392578","66.10585021972656","66.10585021972656","66.10585021972656","18.877269744873047","18.877269744873047","18.877269744873047"
"2489","215.1238250732422","215.1238250732422","215.1238250732422","114.29239654541016","114.29239654541016","114.29239654541016","24.10820770263672","24.10820770263672","24.10820770263672","216.5047149658203","216.5047149658203","216.5047149658203","114.25973510742188","114.25973510742188","114.25973510742188","23.30988883972168","23.30988883972168","23.30988883972168"
"2519","181.6884765625","181.6884765625","181.6884765625","97.18730926513672","97.18730926513672","97.18730926513672","21.39010238647461","21.39010238647461","21.39010238647461","182.94918823242188","182.94918823242188","182.94918823242188","97.31146240234375","97.31146240234375","97.31146240234375","20.539764404296875","20.539764404296875","20.539764404296875"
"2549","168.6117706298828","168.6117706298828","168.6117706298828","87.47503662109375","87.47503662109375","87.47503662109375","20.869548797607422","20.869548797607422","20.869548797607422","169.53042602539062","169.53042602539062","169.53042602539062","87.5487060546875","87.5487060546875","87.5487060546875","20.11104393005371","20.11104393005371","20.11104393005371"
"2579","124.39385223388672","124.39385223388672","124.39385223388672","75.35433197021484","75.35433197021484","75.35433197021484","19.98430633544922","19.98430633544922","19.98430633544922","124.9257583618164","124.9257583618164","124.9257583618164","75.25990295410156","75.25990295410156","75.25990295410156","19.47821807861328","19.47821807861328","19.47821807861328"
"2609","148.32687377929688","148.32687377929688","148.32687377929688","69.5556869506836","69.5556869506836","69.5556869506836","19.01841926574707","19.01841926574707","19.01841926574707","149.29595947265625","149.29595947265625","149.29595947265625","69.42539978027344","69.42539978027344","69.42539978027344","18.160837173461914","18.160837173461914","18.160837173461914"
"2639","115.79838562011719","115.79838562011719","115.79838562011719","74.06724548339844","74.06724548339844","74.06724548339844","20.043903350830078","20.043903350830078","20.043903350830078","116.44996643066406","116.44996643066406","116.44996643066406","74.06785583496094","74.06785583496094","74.06785583496094","19.318132400512695","19.318132400512695","19.318132400512695"
"2669","258.47821044921875","258.47821044921875","258.47821044921875","97.3965835571289","97.3965835571289","97.3965835571289","22.407684326171875","22.407684326171875","22.407684326171875","260.68212890625","260.68212890625","260.68212890625","97.56591796875","97.56591796875","97.56591796875","21.596317291259766","21.596317291259766","21.596317291259766"
"2699","207.0886993408203","207.0886993408203","207.0886993408203","80.30353546142578","80.30353546142578","80.30353546142578","19.287206649780273","19.287206649780273","19.287206649780273","208.92515563964844","208.92515563964844","208.92515563964844","80.14191436767578","80.14191436767578","80.14191436767578","18.5648136138916","18.5648136138916","18.5648136138916"
"2729","249.64901733398438","249.64901733398438","249.64901733398438","114.3468017578125","114.3468017578125","114.3468017578125","25.65096092224121","25.65096092224121","25.65096092224121","251.99609375","251.99609375","251.99609375","114.62472534179688","114.62472534179688","114.62472534179688","24.64860725402832","24.64860725402832","24.64860725402832"
"2759","111.26126861572266","111.26126861572266","111.26126861572266","78.45867919921875","78.45867919921875","78.45867919921875","21.75627326965332","21.75627326965332","21.75627326965332","111.85317993164062","111.85317993164062","111.85317993164062","78.5174789428711","78.5174789428711","78.5174789428711","21.108835220336914","21.108835220336914","21.108835220336914"
"2789","122.22827911376953","122.22827911376953","122.22827911376953","71.70867919921875","71.70867919921875","71.70867919921875","19.059370040893555","19.059370040893555","19.059370040893555","123.06066131591797","123.06066131591797","123.06066131591797","71.74502563476562","71.74502563476562","71.74502563476562","18.456533432006836","18.456533432006836","18.456533432006836"
"2819","110.19341278076172","110.19341278076172","110.19341278076172","70.69287872314453","70.69287872314453","70.69287872314453","22.263221740722656","22.263221740722656","22.263221740722656","110.91870880126953","110.91870880126953","110.91870880126953","70.668212890625","70.668212890625","70.668212890625","21.45667839050293","21.45667839050293","21.45667839050293"
"2849","227.93324279785156","227.93324279785156","227.93324279785156","98.138427734375","98.138427734375","98.138427734375","19.038436889648438","19.038436889648438","19.038436889648438","229.9010467529297","229.9010467529297","229.9010467529297","98.29660034179688","98.29660034179688","98.29660034179688","18.581817626953125","18.581817626953125","18.581817626953125"
"2879","123.08116912841797","123.08116912841797","123.08116912841797","71.50100708007812","71.50100708007812","71.50100708007812","23.007038116455078","23.007038116455078","23.007038116455078","123.9641342163086","123.9641342163086","123.9641342163086","71.54527282714844","71.54527282714844","71.54527282714844","22.33408546447754","22.33408546447754","22.33408546447754"
"2909","103.488525390625","103.488525390625","103.488525390625","61.72554016113281","61.72554016113281","61.72554016113281","17.5587100982666","17.5587100982666","17.5587100982666","104.09432983398438","104.09432983398438","104.09432983398438","61.694114685058594","61.694114685058594","61.694114685058594","16.93769073486328","16.93769073486328","16.93769073486328"
"2939","69.31275177001953","69.31275177001953","69.31275177001953","58.6911506652832","58.6911506652832","58.6911506652832","20.966154098510742","20.966154098510742","20.966154098510742","69.72681427001953","69.72681427001953","69.72681427001953","58.72014617919922","58.72014617919922","58.72014617919922","20.25183868408203","20.25183868408203","20.25183868408203"
"2969","117.58353424072266","117.58353424072266","117.58353424072266","113.9889907836914","113.9889907836914","113.9889907836914","19.823711395263672","19.823711395263672","19.823711395263672","118.1794662475586","118.1794662475586","118.1794662475586","115.109375","115.109375","115.109375","19.237796783447266","19.237796783447266","19.237796783447266"
"2999","63.24201202392578","63.24201202392578","63.24201202392578","52.9140625","52.9140625","52.9140625","18.121959686279297","18.121959686279297","18.121959686279297","63.547752380371094","63.547752380371094","63.547752380371094","52.85408020019531","52.85408020019531","52.85408020019531","17.37183380126953","17.37183380126953","17.37183380126953"
"3029","76.58853149414062","76.58853149414062","76.58853149414062","162.5120086669922","162.5120086669922","162.5120086669922","18.494518280029297","18.494518280029297","18.494518280029297","76.66112518310547","76.66112518310547","76.66112518310547","167.0297088623047","167.0297088623047","167.0297088623047","17.83816909790039","17.83816909790039","17.83816909790039"
"3059","150.53683471679688","150.53683471679688","150.53683471679688","85.43212890625","85.43212890625","85.43212890625","21.542369842529297","21.542369842529297","21.542369842529297","152.02113342285156","152.02113342285156","152.02113342285156","85.32337951660156","85.32337951660156","85.32337951660156","20.905609130859375","20.905609130859375","20.905609130859375"
"3089","92.01383209228516","92.01383209228516","92.01383209228516","67.13678741455078","67.13678741455078","67.13678741455078","21.0091495513916","21.0091495513916","21.0091495513916","92.83722686767578","92.83722686767578","92.83722686767578","67.18411254882812","67.18411254882812","67.18411254882812","20.45154571533203","20.45154571533203","20.45154571533203"
"3119","132.6968994140625","132.6968994140625","132.6968994140625","70.10311889648438","70.10311889648438","70.10311889648438","20.1462345123291","20.1462345123291","20.1462345123291","134.0333709716797","134.0333709716797","134.0333709716797","70.17943572998047","70.17943572998047","70.17943572998047","19.50197982788086","19.50197982788086","19.50197982788086"
"3149","91.46529388427734","91.46529388427734","91.46529388427734","68.28253936767578","68.28253936767578","68.28253936767578","20.76198959350586","20.76198959350586","20.76198959350586","92.2907485961914","92.2907485961914","92.2907485961914","68.37196350097656","68.37196350097656","68.37196350097656","20.05529022216797","20.05529022216797","20.05529022216797"
"3179","90.77883911132812","90.77883911132812","90.77883911132812","51.381317138671875","51.381317138671875","51.381317138671875","16.461511611938477","16.461511611938477","16.461511611938477","91.51629638671875","91.51629638671875","91.51629638671875","51.32618713378906","51.32618713378906","51.32618713378906","15.80505084991455","15.80505084991455","15.80505084991455"
"3209","126.93453216552734","126.93453216552734","126.93453216552734","71.81141662597656","71.81141662597656","71.81141662597656","19.32404899597168","19.32404899597168","19.32404899597168","127.96562957763672","127.96562957763672","127.96562957763672","71.850341796875","71.850341796875","71.850341796875","18.66969108581543","18.66969108581543","18.66969108581543"
"3239","138.18875122070312","138.18875122070312","138.18875122070312","87.82350158691406","87.82350158691406","87.82350158691406","21.41092300415039","21.41092300415039","21.41092300415039","139.3955841064453","139.3955841064453","139.3955841064453","88.01288604736328","88.01288604736328","88.01288604736328","20.740238189697266","20.740238189697266","20.740238189697266"
"3269","170.2009735107422","170.2009735107422","170.2009735107422","86.24173736572266","86.24173736572266","86.24173736572266","22.111286163330078","22.111286163330078","22.111286163330078","171.87503051757812","171.87503051757812","171.87503051757812","86.34612274169922","86.34612274169922","86.34612274169922","21.44344711303711","21.44344711303711","21.44344711303711"
"3299","113.42149353027344","113.42149353027344","113.42149353027344","78.21691131591797","78.21691131591797","78.21691131591797","21.22600555419922","21.22600555419922","21.22600555419922","114.46519470214844","114.46519470214844","114.46519470214844","78.27529907226562","78.27529907226562","78.27529907226562","20.527400970458984","20.527400970458984","20.527400970458984"
"3329","140.34852600097656","140.34852600097656","140.34852600097656","75.09918975830078","75.09918975830078","75.09918975830078","19.566299438476562","19.566299438476562","19.566299438476562","141.78916931152344","141.78916931152344","141.78916931152344","75.13703918457031","75.13703918457031","75.13703918457031","18.983015060424805","18.983015060424805","18.983015060424805"
"3359","136.7691650390625","136.7691650390625","136.7691650390625","79.76783752441406","79.76783752441406","79.76783752441406","20.319416046142578","20.319416046142578","20.319416046142578","137.8382110595703","137.8382110595703","137.8382110595703","79.64372253417969","79.64372253417969","79.64372253417969","19.283239364624023","19.283239364624023","19.283239364624023"
"3389","58.60140609741211","58.60140609741211","58.60140609741211","51.22102737426758","51.22102737426758","51.22102737426758","17.260305404663086","17.260305404663086","17.260305404663086","58.82741165161133","58.82741165161133","58.82741165161133","51.16939926147461","51.16939926147461","51.16939926147461","16.68031883239746","16.68031883239746","16.68031883239746"
"3419","143.3068084716797","143.3068084716797","143.3068084716797","66.9615707397461","66.9615707397461","66.9615707397461","18.99356460571289","18.99356460571289","18.99356460571289","144.694091796875","144.694091796875","144.694091796875","66.92643737792969","66.92643737792969","66.92643737792969","18.308202743530273","18.308202743530273","18.308202743530273"
"3449","90.27837371826172","90.27837371826172","90.27837371826172","67.506103515625","67.506103515625","67.506103515625","21.490507125854492","21.490507125854492","21.490507125854492","91.06846618652344","91.06846618652344","91.06846618652344","67.52445983886719","67.52445983886719","67.52445983886719","20.905681610107422","20.905681610107422","20.905681610107422"
"3479","91.93340301513672","91.93340301513672","91.93340301513672","55.13114929199219","55.13114929199219","55.13114929199219","15.323113441467285","15.323113441467285","15.323113441467285","92.74388122558594","92.74388122558594","92.74388122558594","55.00150680541992","55.00150680541992","55.00150680541992","14.680835723876953","14.680835723876953","14.680835723876953"
"3509","175.702392578125","175.702392578125","175.702392578125","83.68177795410156","83.68177795410156","83.68177795410156","19.772045135498047","19.772045135498047","19.772045135498047","177.4878692626953","177.4878692626953","177.4878692626953","83.98360443115234","83.98360443115234","83.98360443115234","19.144168853759766","19.144168853759766","19.144168853759766"
"3539","155.1866912841797","155.1866912841797","155.1866912841797","77.87547302246094","77.87547302246094","77.87547302246094","17.083032608032227","17.083032608032227","17.083032608032227","156.64295959472656","156.64295959472656","156.64295959472656","77.93891143798828","77.93891143798828","77.93891143798828","16.55561065673828","16.55561065673828","16.55561065673828"
"3569","98.412841796875","98.412841796875","98.412841796875","61.48347091674805","61.48347091674805","61.48347091674805","19.477262496948242","19.477262496948242","19.477262496948242","98.85330963134766","98.85330963134766","98.85330963134766","61.529945373535156","61.529945373535156","61.529945373535156","18.651838302612305","18.651838302612305","18.651838302612305"
"3599","136.01951599121094","136.01951599121094","136.01951599121094","70.06055450439453","70.06055450439453","70.06055450439453","19.83528709411621","19.83528709411621","19.83528709411621","137.10232543945312","137.10232543945312","137.10232543945312","69.98702239990234","69.98702239990234","69.98702239990234","19.194730758666992","19.194730758666992","19.194730758666992"
"3629","61.412654876708984","61.412654876708984","61.412654876708984","51.25048828125","51.25048828125","51.25048828125","19.330278396606445","19.330278396606445","19.330278396606445","61.51631164550781","61.51631164550781","61.51631164550781","51.21916961669922","51.21916961669922","51.21916961669922","18.85391616821289","18.85391616821289","18.85391616821289"
"3659","89.1156234741211","89.1156234741211","89.1156234741211","58.61086654663086","58.61086654663086","58.61086654663086","18.563879013061523","18.563879013061523","18.563879013061523","89.95954132080078","89.95954132080078","89.95954132080078","58.34182357788086","58.34182357788086","58.34182357788086","18.08163070678711","18.08163070678711","18.08163070678711"
"3689","65.98668670654297","65.98668670654297","65.98668670654297","63.45416259765625","63.45416259765625","63.45416259765625","21.960887908935547","21.960887908935547","21.960887908935547","66.32353210449219","66.32353210449219","66.32353210449219","63.47858428955078","63.47858428955078","63.47858428955078","21.326318740844727","21.326318740844727","21.326318740844727"
"3719","83.24282836914062","83.24282836914062","83.24282836914062","60.82400131225586","60.82400131225586","60.82400131225586","19.170101165771484","19.170101165771484","19.170101165771484","83.7150650024414","83.7150650024414","83.7150650024414","60.7716178894043","60.7716178894043","60.7716178894043","18.740190505981445","18.740190505981445","18.740190505981445"
"3749","59.00166320800781","59.00166320800781","59.00166320800781","56.78257751464844","56.78257751464844","56.78257751464844","19.09630012512207","19.09630012512207","19.09630012512207","59.269081115722656","59.269081115722656","59.269081115722656","56.74589538574219","56.74589538574219","56.74589538574219","18.706266403198242","18.706266403198242","18.706266403198242"
"3779","99.26691436767578","99.26691436767578","99.26691436767578","56.75583267211914","56.75583267211914","56.75583267211914","16.274404525756836","16.274404525756836","16.274404525756836","99.71418762207031","99.71418762207031","99.71418762207031","56.73434829711914","56.73434829711914","56.73434829711914","15.897465705871582","15.897465705871582","15.897465705871582"
"3809","95.22750091552734","95.22750091552734","95.22750091552734","69.86262512207031","69.86262512207031","69.86262512207031","22.41357421875","22.41357421875","22.41357421875","95.6739501953125","95.6739501953125","95.6739501953125","69.92678833007812","69.92678833007812","69.92678833007812","21.86107063293457","21.86107063293457","21.86107063293457"
"3839","76.0438232421875","76.0438232421875","76.0438232421875","58.015769958496094","58.015769958496094","58.015769958496094","18.36392593383789","18.36392593383789","18.36392593383789","76.06437683105469","76.06437683105469","76.06437683105469","58.0326042175293","58.0326042175293","58.0326042175293","18.000930786132812","18.000930786132812","18.000930786132812"
"3869","190.57479858398438","190.57479858398438","190.57479858398438","75.47432708740234","75.47432708740234","75.47432708740234","17.274944305419922","17.274944305419922","17.274944305419922","192.02919006347656","192.02919006347656","192.02919006347656","75.36094665527344","75.36094665527344","75.36094665527344","16.93814468383789","16.93814468383789","16.93814468383789"
"3899","128.69956970214844","128.69956970214844","128.69956970214844","65.18822479248047","65.18822479248047","65.18822479248047","17.915315628051758","17.915315628051758","17.915315628051758","129.82846069335938","129.82846069335938","129.82846069335938","65.11618041992188","65.11618041992188","65.11618041992188","17.432043075561523","17.432043075561523","17.432043075561523"
"3929","76.74835968017578","76.74835968017578","76.74835968017578","47.047332763671875","47.047332763671875","47.047332763671875","14.3340425491333","14.3340425491333","14.3340425491333","77.11608123779297","77.11608123779297","77.11608123779297","47.00105285644531","47.00105285644531","47.00105285644531","13.806391716003418","13.806391716003418","13.806391716003418"
"3959","81.97586822509766","81.97586822509766","81.97586822509766","62.66690444946289","62.66690444946289","62.66690444946289","20.454679489135742","20.454679489135742","20.454679489135742","82.21053314208984","82.21053314208984","82.21053314208984","62.57743835449219","62.57743835449219","62.57743835449219","19.832942962646484","19.832942962646484","19.832942962646484"
"3989","81.0369873046875","81.0369873046875","81.0369873046875","50.2789192199707","50.2789192199707","50.2789192199707","14.869521141052246","14.869521141052246","14.869521141052246","81.46700286865234","81.46700286865234","81.46700286865234","50.21690368652344","50.21690368652344","50.21690368652344","14.396796226501465","14.396796226501465","14.396796226501465"
"4019","96.2841567993164","96.2841567993164","96.2841567993164","83.60276794433594","83.60276794433594","83.60276794433594","21.15639305114746","21.15639305114746","21.15639305114746","96.96144104003906","96.96144104003906","96.96144104003906","85.0062484741211","85.0062484741211","85.0062484741211","20.56723403930664","20.56723403930664","20.56723403930664"
"4049","66.70812225341797","66.70812225341797","66.70812225341797","53.196327209472656","53.196327209472656","53.196327209472656","17.358869552612305","17.358869552612305","17.358869552612305","66.92578125","66.92578125","66.92578125","53.09450149536133","53.09450149536133","53.09450149536133","16.724201202392578","16.724201202392578","16.724201202392578"
"4079","128.53321838378906","128.53321838378906","128.53321838378906","71.28903198242188","71.28903198242188","71.28903198242188","19.42534637451172","19.42534637451172","19.42534637451172","129.62640380859375","129.62640380859375","129.62640380859375","71.3346176147461","71.3346176147461","71.3346176147461","18.804908752441406","18.804908752441406","18.804908752441406"
"4109","115.47786712646484","115.47786712646484","115.47786712646484","70.60896301269531","70.60896301269531","70.60896301269531","18.092426300048828","18.092426300048828","18.092426300048828","116.60259246826172","116.60259246826172","116.60259246826172","70.70045471191406","70.70045471191406","70.70045471191406","17.619701385498047","17.619701385498047","17.619701385498047"
"4139","135.68272399902344","135.68272399902344","135.68272399902344","73.24073028564453","73.24073028564453","73.24073028564453","19.379005432128906","19.379005432128906","19.379005432128906","137.1012725830078","137.1012725830078","137.1012725830078","73.16222381591797","73.16222381591797","73.16222381591797","18.92009925842285","18.92009925842285","18.92009925842285"
"4169","102.08183288574219","102.08183288574219","102.08183288574219","54.51304626464844","54.51304626464844","54.51304626464844","16.536279678344727","16.536279678344727","16.536279678344727","102.57645416259766","102.57645416259766","102.57645416259766","54.41176223754883","54.41176223754883","54.41176223754883","15.93264389038086","15.93264389038086","15.93264389038086"
"4199","76.086669921875","76.086669921875","76.086669921875","55.349578857421875","55.349578857421875","55.349578857421875","18.66459846496582","18.66459846496582","18.66459846496582","76.40107727050781","76.40107727050781","76.40107727050781","55.33277130126953","55.33277130126953","55.33277130126953","18.396244049072266","18.396244049072266","18.396244049072266"
"4229","139.18521118164062","139.18521118164062","139.18521118164062","62.57310104370117","62.57310104370117","62.57310104370117","16.258132934570312","16.258132934570312","16.258132934570312","140.53646850585938","140.53646850585938","140.53646850585938","62.46907424926758","62.46907424926758","62.46907424926758","15.778778076171875","15.778778076171875","15.778778076171875"
"4259","61.689579010009766","61.689579010009766","61.689579010009766","49.44672393798828","49.44672393798828","49.44672393798828","17.189010620117188","17.189010620117188","17.189010620117188","61.75645446777344","61.75645446777344","61.75645446777344","49.38248825073242","49.38248825073242","49.38248825073242","16.731714248657227","16.731714248657227","16.731714248657227"
"4289","65.46129608154297","65.46129608154297","65.46129608154297","54.49025344848633","54.49025344848633","54.49025344848633","17.91653823852539","17.91653823852539","17.91653823852539","65.58073425292969","65.58073425292969","65.58073425292969","54.44397735595703","54.44397735595703","54.44397735595703","17.33940315246582","17.33940315246582","17.33940315246582"
"4319","58.71825408935547","58.71825408935547","58.71825408935547","46.99665832519531","46.99665832519531","46.99665832519531","17.774612426757812","17.774612426757812","17.774612426757812","58.8035888671875","58.8035888671875","58.8035888671875","46.95055389404297","46.95055389404297","46.95055389404297","17.290250778198242","17.290250778198242","17.290250778198242"
"4349","68.09817504882812","68.09817504882812","68.09817504882812","53.71500015258789","53.71500015258789","53.71500015258789","18.48697280883789","18.48697280883789","18.48697280883789","68.14391326904297","68.14391326904297","68.14391326904297","53.60702896118164","53.60702896118164","53.60702896118164","18.043315887451172","18.043315887451172","18.043315887451172"
"4379","70.2842788696289","70.2842788696289","70.2842788696289","53.569480895996094","53.569480895996094","53.569480895996094","19.04689598083496","19.04689598083496","19.04689598083496","70.3887939453125","70.3887939453125","70.3887939453125","54.121604919433594","54.121604919433594","54.121604919433594","18.65827178955078","18.65827178955078","18.65827178955078"
"4409","62.57206344604492","62.57206344604492","62.57206344604492","50.4915657043457","50.4915657043457","50.4915657043457","17.325298309326172","17.325298309326172","17.325298309326172","62.42343521118164","62.42343521118164","62.42343521118164","50.48234176635742","50.48234176635742","50.48234176635742","16.749326705932617","16.749326705932617","16.749326705932617"
"4439","70.48664093017578","70.48664093017578","70.48664093017578","58.22585678100586","58.22585678100586","58.22585678100586","18.719999313354492","18.719999313354492","18.719999313354492","70.4849624633789","70.4849624633789","70.4849624633789","58.13174819946289","58.13174819946289","58.13174819946289","18.254070281982422","18.254070281982422","18.254070281982422"
"4469","57.62074661254883","57.62074661254883","57.62074661254883","48.54877471923828","48.54877471923828","48.54877471923828","16.74688720703125","16.74688720703125","16.74688720703125","57.591453552246094","57.591453552246094","57.591453552246094","48.53207015991211","48.53207015991211","48.53207015991211","16.359586715698242","16.359586715698242","16.359586715698242"
"4499","64.85173797607422","64.85173797607422","64.85173797607422","54.26005554199219","54.26005554199219","54.26005554199219","17.24144172668457","17.24144172668457","17.24144172668457","64.80738830566406","64.80738830566406","64.80738830566406","54.71931457519531","54.71931457519531","54.71931457519531","16.784122467041016","16.784122467041016","16.784122467041016"
"4529","74.9019546508789","74.9019546508789","74.9019546508789","57.25410079956055","57.25410079956055","57.25410079956055","18.611309051513672","18.611309051513672","18.611309051513672","74.74916076660156","74.74916076660156","74.74916076660156","57.32583999633789","57.32583999633789","57.32583999633789","18.117719650268555","18.117719650268555","18.117719650268555"
"4559","100.3360824584961","100.3360824584961","100.3360824584961","58.40169143676758","58.40169143676758","58.40169143676758","17.503408432006836","17.503408432006836","17.503408432006836","101.09978485107422","101.09978485107422","101.09978485107422","58.32710647583008","58.32710647583008","58.32710647583008","16.930845260620117","16.930845260620117","16.930845260620117"
"4589","52.0970344543457","52.0970344543457","52.0970344543457","38.5495491027832","38.5495491027832","38.5495491027832","12.995851516723633","12.995851516723633","12.995851516723633","52.03480529785156","52.03480529785156","52.03480529785156","38.48101043701172","38.48101043701172","38.48101043701172","12.701647758483887","12.701647758483887","12.701647758483887"
"4619","59.00811767578125","59.00811767578125","59.00811767578125","43.00385284423828","43.00385284423828","43.00385284423828","13.568462371826172","13.568462371826172","13.568462371826172","59.09519577026367","59.09519577026367","59.09519577026367","42.92140579223633","42.92140579223633","42.92140579223633","13.044718742370605","13.044718742370605","13.044718742370605"
"4649","59.04756546020508","59.04756546020508","59.04756546020508","49.717529296875","49.717529296875","49.717529296875","16.901947021484375","16.901947021484375","16.901947021484375","59.03977584838867","59.03977584838867","59.03977584838867","48.47867965698242","48.47867965698242","48.47867965698242","16.41138458251953","16.41138458251953","16.41138458251953"
"4679","78.3948974609375","78.3948974609375","78.3948974609375","54.81265640258789","54.81265640258789","54.81265640258789","17.519020080566406","17.519020080566406","17.519020080566406","78.57671356201172","78.57671356201172","78.57671356201172","54.77094650268555","54.77094650268555","54.77094650268555","16.96417236328125","16.96417236328125","16.96417236328125"
"4709","77.63274383544922","77.63274383544922","77.63274383544922","58.89600372314453","58.89600372314453","58.89600372314453","19.156593322753906","19.156593322753906","19.156593322753906","77.62803649902344","77.62803649902344","77.62803649902344","58.90195846557617","58.90195846557617","58.90195846557617","18.477445602416992","18.477445602416992","18.477445602416992"
"4739","112.36927795410156","112.36927795410156","112.36927795410156","52.22040939331055","52.22040939331055","52.22040939331055","14.92855167388916","14.92855167388916","14.92855167388916","112.87100982666016","112.87100982666016","112.87100982666016","52.141746520996094","52.141746520996094","52.141746520996094","14.504639625549316","14.504639625549316","14.504639625549316"
"4769","140.67869567871094","140.67869567871094","140.67869567871094","67.19349670410156","67.19349670410156","67.19349670410156","16.544172286987305","16.544172286987305","16.544172286987305","141.9518280029297","141.9518280029297","141.9518280029297","67.26020812988281","67.26020812988281","67.26020812988281","16.155010223388672","16.155010223388672","16.155010223388672"
"4799","67.16577911376953","67.16577911376953","67.16577911376953","48.00497817993164","48.00497817993164","48.00497817993164","15.368362426757812","15.368362426757812","15.368362426757812","67.16669464111328","67.16669464111328","67.16669464111328","47.97377014160156","47.97377014160156","47.97377014160156","15.011908531188965","15.011908531188965","15.011908531188965"
"4829","70.08451843261719","70.08451843261719","70.08451843261719","50.713382720947266","50.713382720947266","50.713382720947266","16.753446578979492","16.753446578979492","16.753446578979492","70.04106903076172","70.04106903076172","70.04106903076172","50.64204788208008","50.64204788208008","50.64204788208008","16.50667953491211","16.50667953491211","16.50667953491211"
"4859","63.6993522644043","63.6993522644043","63.6993522644043","50.37971878051758","50.37971878051758","50.37971878051758","16.80510902404785","16.80510902404785","16.80510902404785","63.59698486328125","63.59698486328125","63.59698486328125","50.290672302246094","50.290672302246094","50.290672302246094","16.178003311157227","16.178003311157227","16.178003311157227"
"4889","62.86581802368164","62.86581802368164","62.86581802368164","50.45957946777344","50.45957946777344","50.45957946777344","18.77934455871582","18.77934455871582","18.77934455871582","62.876312255859375","62.876312255859375","62.876312255859375","50.49878692626953","50.49878692626953","50.49878692626953","18.28874397277832","18.28874397277832","18.28874397277832"
"4919","112.52568054199219","112.52568054199219","112.52568054199219","63.68302536010742","63.68302536010742","63.68302536010742","18.588294982910156","18.588294982910156","18.588294982910156","112.98868560791016","112.98868560791016","112.98868560791016","63.6557502746582","63.6557502746582","63.6557502746582","18.010692596435547","18.010692596435547","18.010692596435547"
"4949","61.787498474121094","61.787498474121094","61.787498474121094","49.198455810546875","49.198455810546875","49.198455810546875","17.65440559387207","17.65440559387207","17.65440559387207","61.86427688598633","61.86427688598633","61.86427688598633","49.18772888183594","49.18772888183594","49.18772888183594","17.28565216064453","17.28565216064453","17.28565216064453"
"4979","61.35338592529297","61.35338592529297","61.35338592529297","47.69963455200195","47.69963455200195","47.69963455200195","16.781211853027344","16.781211853027344","16.781211853027344","61.26717758178711","61.26717758178711","61.26717758178711","47.61557388305664","47.61557388305664","47.61557388305664","16.3752384185791","16.3752384185791","16.3752384185791"
"5009","61.66355514526367","61.66355514526367","61.66355514526367","44.03377914428711","44.03377914428711","44.03377914428711","16.817440032958984","16.817440032958984","16.817440032958984","61.683143615722656","61.683143615722656","61.683143615722656","43.903533935546875","43.903533935546875","43.903533935546875","16.507678985595703","16.507678985595703","16.507678985595703"
"5039","62.278778076171875","62.278778076171875","62.278778076171875","48.41903305053711","48.41903305053711","48.41903305053711","16.769744873046875","16.769744873046875","16.769744873046875","62.148231506347656","62.148231506347656","62.148231506347656","48.402626037597656","48.402626037597656","48.402626037597656","16.311016082763672","16.311016082763672","16.311016082763672"
"5069","65.8404312133789","65.8404312133789","65.8404312133789","48.85235595703125","48.85235595703125","48.85235595703125","17.35179328918457","17.35179328918457","17.35179328918457","65.87057495117188","65.87057495117188","65.87057495117188","48.75632095336914","48.75632095336914","48.75632095336914","16.99123191833496","16.99123191833496","16.99123191833496"
"5099","63.17214584350586","63.17214584350586","63.17214584350586","47.729026794433594","47.729026794433594","47.729026794433594","18.17913818359375","18.17913818359375","18.17913818359375","63.15341567993164","63.15341567993164","63.15341567993164","47.67563247680664","47.67563247680664","47.67563247680664","17.7164249420166","17.7164249420166","17.7164249420166"
"5129","61.5378532409668","61.5378532409668","61.5378532409668","48.040130615234375","48.040130615234375","48.040130615234375","16.602035522460938","16.602035522460938","16.602035522460938","61.538612365722656","61.538612365722656","61.538612365722656","48.08226013183594","48.08226013183594","48.08226013183594","16.11520004272461","16.11520004272461","16.11520004272461"
"5159","77.92131042480469","77.92131042480469","77.92131042480469","48.82612991333008","48.82612991333008","48.82612991333008","15.78586483001709","15.78586483001709","15.78586483001709","78.1844482421875","78.1844482421875","78.1844482421875","48.79186248779297","48.79186248779297","48.79186248779297","15.585952758789062","15.585952758789062","15.585952758789062"
"5189","65.23941040039062","65.23941040039062","65.23941040039062","46.9285888671875","46.9285888671875","46.9285888671875","15.566974639892578","15.566974639892578","15.566974639892578","65.21229553222656","65.21229553222656","65.21229553222656","46.89663314819336","46.89663314819336","46.89663314819336","15.416008949279785","15.416008949279785","15.416008949279785"
"5219","61.17947006225586","61.17947006225586","61.17947006225586","49.02889633178711","49.02889633178711","49.02889633178711","17.064125061035156","17.064125061035156","17.064125061035156","61.10518264770508","61.10518264770508","61.10518264770508","48.911678314208984","48.911678314208984","48.911678314208984","16.610584259033203","16.610584259033203","16.610584259033203"
"5249","61.503456115722656","61.503456115722656","61.503456115722656","44.91417694091797","44.91417694091797","44.91417694091797","16.21304702758789","16.21304702758789","16.21304702758789","61.3209228515625","61.3209228515625","61.3209228515625","44.8442268371582","44.8442268371582","44.8442268371582","15.733930587768555","15.733930587768555","15.733930587768555"
"5279","67.17584228515625","67.17584228515625","67.17584228515625","50.53347396850586","50.53347396850586","50.53347396850586","16.97987174987793","16.97987174987793","16.97987174987793","67.1597671508789","67.1597671508789","67.1597671508789","50.509124755859375","50.509124755859375","50.509124755859375","16.368370056152344","16.368370056152344","16.368370056152344"
"5309","51.997215270996094","51.997215270996094","51.997215270996094","48.55280685424805","48.55280685424805","48.55280685424805","12.85946273803711","12.85946273803711","12.85946273803711","52.22373962402344","52.22373962402344","52.22373962402344","51.78715515136719","51.78715515136719","51.78715515136719","12.584997177124023","12.584997177124023","12.584997177124023"
"5339","69.80101013183594","69.80101013183594","69.80101013183594","56.01274108886719","56.01274108886719","56.01274108886719","19.09256362915039","19.09256362915039","19.09256362915039","69.9147720336914","69.9147720336914","69.9147720336914","54.791015625","54.791015625","54.791015625","18.630643844604492","18.630643844604492","18.630643844604492"
"5369","90.4354019165039","90.4354019165039","90.4354019165039","56.94933319091797","56.94933319091797","56.94933319091797","16.38269805908203","16.38269805908203","16.38269805908203","90.6561508178711","90.6561508178711","90.6561508178711","56.96968460083008","56.96968460083008","56.96968460083008","16.04846954345703","16.04846954345703","16.04846954345703"
"5399","61.40216827392578","61.40216827392578","61.40216827392578","45.71200180053711","45.71200180053711","45.71200180053711","15.896899223327637","15.896899223327637","15.896899223327637","61.36604309082031","61.36604309082031","61.36604309082031","45.59540939331055","45.59540939331055","45.59540939331055","15.422040939331055","15.422040939331055","15.422040939331055"
"5429","59.104549407958984","59.104549407958984","59.104549407958984","42.3497314453125","42.3497314453125","42.3497314453125","13.175016403198242","13.175016403198242","13.175016403198242","58.95323181152344","58.95323181152344","58.95323181152344","42.394493103027344","42.394493103027344","42.394493103027344","12.980072975158691","12.980072975158691","12.980072975158691"
"5459","65.94281005859375","65.94281005859375","65.94281005859375","55.786033630371094","55.786033630371094","55.786033630371094","17.660736083984375","17.660736083984375","17.660736083984375","66.61739349365234","66.61739349365234","66.61739349365234","54.61057662963867","54.61057662963867","54.61057662963867","17.380146026611328","17.380146026611328","17.380146026611328"
"5489","58.4608268737793","58.4608268737793","58.4608268737793","44.35353469848633","44.35353469848633","44.35353469848633","15.344432830810547","15.344432830810547","15.344432830810547","58.3845100402832","58.3845100402832","58.3845100402832","44.295291900634766","44.295291900634766","44.295291900634766","14.972556114196777","14.972556114196777","14.972556114196777"
"5519","66.23692321777344","66.23692321777344","66.23692321777344","51.01753234863281","51.01753234863281","51.01753234863281","17.08493423461914","17.08493423461914","17.08493423461914","66.16163635253906","66.16163635253906","66.16163635253906","51.05376052856445","51.05376052856445","51.05376052856445","16.75910186767578","16.75910186767578","16.75910186767578"
"5549","62.53247833251953","62.53247833251953","62.53247833251953","48.247962951660156","48.247962951660156","48.247962951660156","15.653696060180664","15.653696060180664","15.653696060180664","62.524593353271484","62.524593353271484","62.524593353271484","48.22803497314453","48.22803497314453","48.22803497314453","15.491081237792969","15.491081237792969","15.491081237792969"
"5579","89.83499145507812","89.83499145507812","89.83499145507812","47.110408782958984","47.110408782958984","47.110408782958984","15.210075378417969","15.210075378417969","15.210075378417969","90.2440414428711","90.2440414428711","90.2440414428711","47.09617233276367","47.09617233276367","47.09617233276367","15.01237964630127","15.01237964630127","15.01237964630127"
"5609","58.88621139526367","58.88621139526367","58.88621139526367","45.93077850341797","45.93077850341797","45.93077850341797","15.622791290283203","15.622791290283203","15.622791290283203","58.7512092590332","58.7512092590332","58.7512092590332","46.1697883605957","46.1697883605957","46.1697883605957","15.253666877746582","15.253666877746582","15.253666877746582"
"5639","69.07227325439453","69.07227325439453","69.07227325439453","51.49333953857422","51.49333953857422","51.49333953857422","18.30488395690918","18.30488395690918","18.30488395690918","69.03840637207031","69.03840637207031","69.03840637207031","51.370361328125","51.370361328125","51.370361328125","18.046756744384766","18.046756744384766","18.046756744384766"
"5669","66.89501190185547","66.89501190185547","66.89501190185547","50.54701232910156","50.54701232910156","50.54701232910156","18.411603927612305","18.411603927612305","18.411603927612305","66.96304321289062","66.96304321289062","66.96304321289062","50.48640441894531","50.48640441894531","50.48640441894531","17.884592056274414","17.884592056274414","17.884592056274414"
"5699","88.69001770019531","88.69001770019531","88.69001770019531","50.58014678955078","50.58014678955078","50.58014678955078","15.602688789367676","15.602688789367676","15.602688789367676","89.03579711914062","89.03579711914062","89.03579711914062","50.5157356262207","50.5157356262207","50.5157356262207","15.140303611755371","15.140303611755371","15.140303611755371"
"5729","63.70730209350586","63.70730209350586","63.70730209350586","48.3248176574707","48.3248176574707","48.3248176574707","18.88007926940918","18.88007926940918","18.88007926940918","63.65376663208008","63.65376663208008","63.65376663208008","48.2495002746582","48.2495002746582","48.2495002746582","18.76750373840332","18.76750373840332","18.76750373840332"
"5759","65.17303466796875","65.17303466796875","65.17303466796875","45.31993865966797","45.31993865966797","45.31993865966797","15.68373966217041","15.68373966217041","15.68373966217041","65.1861801147461","65.1861801147461","65.1861801147461","45.2807502746582","45.2807502746582","45.2807502746582","15.177478790283203","15.177478790283203","15.177478790283203"
"5789","60.37501907348633","60.37501907348633","60.37501907348633","47.10580825805664","47.10580825805664","47.10580825805664","15.368322372436523","15.368322372436523","15.368322372436523","60.23480987548828","60.23480987548828","60.23480987548828","47.01294708251953","47.01294708251953","47.01294708251953","14.797307014465332","14.797307014465332","14.797307014465332"
"5819","66.75517272949219","66.75517272949219","66.75517272949219","48.82352066040039","48.82352066040039","48.82352066040039","17.13109588623047","17.13109588623047","17.13109588623047","66.6194839477539","66.6194839477539","66.6194839477539","48.96251678466797","48.96251678466797","48.96251678466797","16.53358268737793","16.53358268737793","16.53358268737793"
"5849","62.59035110473633","62.59035110473633","62.59035110473633","47.593875885009766","47.593875885009766","47.593875885009766","16.07476234436035","16.07476234436035","16.07476234436035","62.6159782409668","62.6159782409668","62.6159782409668","47.57728958129883","47.57728958129883","47.57728958129883","15.73513412475586","15.73513412475586","15.73513412475586"
"5879","67.34394836425781","67.34394836425781","67.34394836425781","46.677982330322266","46.677982330322266","46.677982330322266","16.559507369995117","16.559507369995117","16.559507369995117","67.37367248535156","67.37367248535156","67.37367248535156","46.5605354309082","46.5605354309082","46.5605354309082","16.033702850341797","16.033702850341797","16.033702850341797"
"5909","61.65114974975586","61.65114974975586","61.65114974975586","49.146766662597656","49.146766662597656","49.146766662597656","16.855234146118164","16.855234146118164","16.855234146118164","61.63544845581055","61.63544845581055","61.63544845581055","49.18029022216797","49.18029022216797","49.18029022216797","16.52370834350586","16.52370834350586","16.52370834350586"
"5939","96.29945373535156","96.29945373535156","96.29945373535156","55.48634338378906","55.48634338378906","55.48634338378906","17.10756492614746","17.10756492614746","17.10756492614746","96.52640533447266","96.52640533447266","96.52640533447266","55.53586959838867","55.53586959838867","55.53586959838867","16.853139877319336","16.853139877319336","16.853139877319336"
"5969","61.70010757446289","61.70010757446289","61.70010757446289","46.54001998901367","46.54001998901367","46.54001998901367","17.071895599365234","17.071895599365234","17.071895599365234","61.65943145751953","61.65943145751953","61.65943145751953","46.457244873046875","46.457244873046875","46.457244873046875","16.637548446655273","16.637548446655273","16.637548446655273"
"5999","63.63887405395508","63.63887405395508","63.63887405395508","47.81924057006836","47.81924057006836","47.81924057006836","16.65829849243164","16.65829849243164","16.65829849243164","63.534202575683594","63.534202575683594","63.534202575683594","47.83176803588867","47.83176803588867","47.83176803588867","15.944494247436523","15.944494247436523","15.944494247436523"
"6029","58.18124771118164","58.18124771118164","58.18124771118164","42.179012298583984","42.179012298583984","42.179012298583984","13.668244361877441","13.668244361877441","13.668244361877441","58.0785026550293","58.0785026550293","58.0785026550293","42.110389709472656","42.110389709472656","42.110389709472656","13.223078727722168","13.223078727722168","13.223078727722168"
"6059","67.5299301147461","67.5299301147461","67.5299301147461","46.31206130981445","46.31206130981445","46.31206130981445","14.666831016540527","14.666831016540527","14.666831016540527","67.4437026977539","67.4437026977539","67.4437026977539","46.20698928833008","46.20698928833008","46.20698928833008","14.350509643554688","14.350509643554688","14.350509643554688"
"6089","64.908203125","64.908203125","64.908203125","46.00897216796875","46.00897216796875","46.00897216796875","14.928690910339355","14.928690910339355","14.928690910339355","64.80607604980469","64.80607604980469","64.80607604980469","45.96809768676758","45.96809768676758","45.96809768676758","14.566054344177246","14.566054344177246","14.566054344177246"
"6119","56.93943405151367","56.93943405151367","56.93943405151367","41.22116470336914","41.22116470336914","41.22116470336914","13.265363693237305","13.265363693237305","13.265363693237305","56.82058334350586","56.82058334350586","56.82058334350586","41.17349624633789","41.17349624633789","41.17349624633789","12.962698936462402","12.962698936462402","12.962698936462402"
"6149","61.498191833496094","61.498191833496094","61.498191833496094","43.9599494934082","43.9599494934082","43.9599494934082","15.227572441101074","15.227572441101074","15.227572441101074","61.54124069213867","61.54124069213867","61.54124069213867","43.98481750488281","43.98481750488281","43.98481750488281","14.857921600341797","14.857921600341797","14.857921600341797"
"6179","67.46112823486328","67.46112823486328","67.46112823486328","50.52303695678711","50.52303695678711","50.52303695678711","17.505151748657227","17.505151748657227","17.505151748657227","67.44719696044922","67.44719696044922","67.44719696044922","50.574954986572266","50.574954986572266","50.574954986572266","17.03411865234375","17.03411865234375","17.03411865234375"
"6209","68.36351013183594","68.36351013183594","68.36351013183594","47.74478530883789","47.74478530883789","47.74478530883789","17.116470336914062","17.116470336914062","17.116470336914062","68.42577362060547","68.42577362060547","68.42577362060547","47.61976623535156","47.61976623535156","47.61976623535156","16.667966842651367","16.667966842651367","16.667966842651367"
"6239","70.73139190673828","70.73139190673828","70.73139190673828","52.20547103881836","52.20547103881836","52.20547103881836","17.855255126953125","17.855255126953125","17.855255126953125","70.59539031982422","70.59539031982422","70.59539031982422","52.262001037597656","52.262001037597656","52.262001037597656","17.38969612121582","17.38969612121582","17.38969612121582"
"6269","67.6094970703125","67.6094970703125","67.6094970703125","49.3264045715332","49.3264045715332","49.3264045715332","16.683143615722656","16.683143615722656","16.683143615722656","67.50181579589844","67.50181579589844","67.50181579589844","49.25309371948242","49.25309371948242","49.25309371948242","16.45562744140625","16.45562744140625","16.45562744140625"
"6299","65.1562271118164","65.1562271118164","65.1562271118164","49.64619445800781","49.64619445800781","49.64619445800781","15.944511413574219","15.944511413574219","15.944511413574219","65.10799407958984","65.10799407958984","65.10799407958984","49.54119873046875","49.54119873046875","49.54119873046875","15.606088638305664","15.606088638305664","15.606088638305664"
"6329","73.145263671875","73.145263671875","73.145263671875","52.17813491821289","52.17813491821289","52.17813491821289","17.806455612182617","17.806455612182617","17.806455612182617","72.87073516845703","72.87073516845703","72.87073516845703","52.21860122680664","52.21860122680664","52.21860122680664","17.45281219482422","17.45281219482422","17.45281219482422"
"6359","64.54364013671875","64.54364013671875","64.54364013671875","51.175537109375","51.175537109375","51.175537109375","17.271238327026367","17.271238327026367","17.271238327026367","64.53291320800781","64.53291320800781","64.53291320800781","52.03575134277344","52.03575134277344","52.03575134277344","16.9849796295166","16.9849796295166","16.9849796295166"
"6389","59.27143478393555","59.27143478393555","59.27143478393555","41.72437286376953","41.72437286376953","41.72437286376953","13.757416725158691","13.757416725158691","13.757416725158691","59.113250732421875","59.113250732421875","59.113250732421875","41.78078842163086","41.78078842163086","41.78078842163086","13.530144691467285","13.530144691467285","13.530144691467285"
"6419","65.29310607910156","65.29310607910156","65.29310607910156","50.12542724609375","50.12542724609375","50.12542724609375","18.622663497924805","18.622663497924805","18.622663497924805","65.26658630371094","65.26658630371094","65.26658630371094","50.19487380981445","50.19487380981445","50.19487380981445","18.35582160949707","18.35582160949707","18.35582160949707"
"6449","64.80238342285156","64.80238342285156","64.80238342285156","47.46227264404297","47.46227264404297","47.46227264404297","17.206167221069336","17.206167221069336","17.206167221069336","64.708984375","64.708984375","64.708984375","47.51376724243164","47.51376724243164","47.51376724243164","16.815595626831055","16.815595626831055","16.815595626831055"
"6479","63.99279022216797","63.99279022216797","63.99279022216797","49.44367218017578","49.44367218017578","49.44367218017578","17.32377815246582","17.32377815246582","17.32377815246582","63.8763542175293","63.8763542175293","63.8763542175293","49.47722625732422","49.47722625732422","49.47722625732422","16.718595504760742","16.718595504760742","16.718595504760742"
"6509","89.54718780517578","89.54718780517578","89.54718780517578","53.33467102050781","53.33467102050781","53.33467102050781","19.420124053955078","19.420124053955078","19.420124053955078","89.9368667602539","89.9368667602539","89.9368667602539","53.42070007324219","53.42070007324219","53.42070007324219","18.808256149291992","18.808256149291992","18.808256149291992"
"6539","63.1972541809082","63.1972541809082","63.1972541809082","46.40459442138672","46.40459442138672","46.40459442138672","17.33484649658203","17.33484649658203","17.33484649658203","63.071556091308594","63.071556091308594","63.071556091308594","46.37799835205078","46.37799835205078","46.37799835205078","16.790586471557617","16.790586471557617","16.790586471557617"
"6569","60.66131591796875","60.66131591796875","60.66131591796875","47.46284103393555","47.46284103393555","47.46284103393555","16.861318588256836","16.861318588256836","16.861318588256836","60.53453063964844","60.53453063964844","60.53453063964844","47.49343490600586","47.49343490600586","47.49343490600586","16.628507614135742","16.628507614135742","16.628507614135742"
"6599","60.97370910644531","60.97370910644531","60.97370910644531","45.28812789916992","45.28812789916992","45.28812789916992","17.384613037109375","17.384613037109375","17.384613037109375","60.82749938964844","60.82749938964844","60.82749938964844","45.32752227783203","45.32752227783203","45.32752227783203","17.160991668701172","17.160991668701172","17.160991668701172"
"6629","64.51206970214844","64.51206970214844","64.51206970214844","45.97916793823242","45.97916793823242","45.97916793823242","15.662577629089355","15.662577629089355","15.662577629089355","64.36555480957031","64.36555480957031","64.36555480957031","45.95996856689453","45.95996856689453","45.95996856689453","15.327004432678223","15.327004432678223","15.327004432678223"
"6659","82.52132415771484","82.52132415771484","82.52132415771484","47.056434631347656","47.056434631347656","47.056434631347656","15.696038246154785","15.696038246154785","15.696038246154785","82.72413635253906","82.72413635253906","82.72413635253906","46.98689270019531","46.98689270019531","46.98689270019531","15.301557540893555","15.301557540893555","15.301557540893555"
"6689","71.73192596435547","71.73192596435547","71.73192596435547","53.455291748046875","53.455291748046875","53.455291748046875","19.35362434387207","19.35362434387207","19.35362434387207","71.72213745117188","71.72213745117188","71.72213745117188","53.53111267089844","53.53111267089844","53.53111267089844","18.887121200561523","18.887121200561523","18.887121200561523"
"6719","60.639774322509766","60.639774322509766","60.639774322509766","45.551795959472656","45.551795959472656","45.551795959472656","16.236583709716797","16.236583709716797","16.236583709716797","60.54556655883789","60.54556655883789","60.54556655883789","45.53737258911133","45.53737258911133","45.53737258911133","15.9042329788208","15.9042329788208","15.9042329788208"
"6749","91.76968383789062","91.76968383789062","91.76968383789062","53.41277313232422","53.41277313232422","53.41277313232422","17.72710418701172","17.72710418701172","17.72710418701172","92.24884796142578","92.24884796142578","92.24884796142578","53.46385192871094","53.46385192871094","53.46385192871094","17.444517135620117","17.444517135620117","17.444517135620117"
"6779","97.8577880859375","97.8577880859375","97.8577880859375","54.74009323120117","54.74009323120117","54.74009323120117","16.15105628967285","16.15105628967285","16.15105628967285","98.34829711914062","98.34829711914062","98.34829711914062","54.8002815246582","54.8002815246582","54.8002815246582","15.902703285217285","15.902703285217285","15.902703285217285"
"6809","59.1537971496582","59.1537971496582","59.1537971496582","42.31852340698242","42.31852340698242","42.31852340698242","14.202996253967285","14.202996253967285","14.202996253967285","58.95600128173828","58.95600128173828","58.95600128173828","42.23698043823242","42.23698043823242","42.23698043823242","14.028937339782715","14.028937339782715","14.028937339782715"
"6839","96.01081848144531","96.01081848144531","96.01081848144531","49.79058074951172","49.79058074951172","49.79058074951172","17.477556228637695","17.477556228637695","17.477556228637695","96.22418975830078","96.22418975830078","96.22418975830078","49.65914535522461","49.65914535522461","49.65914535522461","17.158544540405273","17.158544540405273","17.158544540405273"
"6869","59.60797882080078","59.60797882080078","59.60797882080078","40.30569839477539","40.30569839477539","40.30569839477539","14.394623756408691","14.394623756408691","14.394623756408691","59.62461471557617","59.62461471557617","59.62461471557617","40.37275695800781","40.37275695800781","40.37275695800781","13.99985122680664","13.99985122680664","13.99985122680664"
"6899","62.580116271972656","62.580116271972656","62.580116271972656","54.55172348022461","54.55172348022461","54.55172348022461","15.78664779663086","15.78664779663086","15.78664779663086","62.440956115722656","62.440956115722656","62.440956115722656","53.95454025268555","53.95454025268555","53.95454025268555","15.330097198486328","15.330097198486328","15.330097198486328"
"6929","60.16530227661133","60.16530227661133","60.16530227661133","41.55988311767578","41.55988311767578","41.55988311767578","13.131409645080566","13.131409645080566","13.131409645080566","60.03126907348633","60.03126907348633","60.03126907348633","41.60354995727539","41.60354995727539","41.60354995727539","12.858230590820312","12.858230590820312","12.858230590820312"
"6959","61.66817092895508","61.66817092895508","61.66817092895508","45.05809020996094","45.05809020996094","45.05809020996094","15.582254409790039","15.582254409790039","15.582254409790039","61.71091842651367","61.71091842651367","61.71091842651367","44.97865295410156","44.97865295410156","44.97865295410156","15.15835189819336","15.15835189819336","15.15835189819336"
"6989","58.83621597290039","58.83621597290039","58.83621597290039","37.79624557495117","37.79624557495117","37.79624557495117","11.440093994140625","11.440093994140625","11.440093994140625","58.921756744384766","58.921756744384766","58.921756744384766","37.74929428100586","37.74929428100586","37.74929428100586","11.227734565734863","11.227734565734863","11.227734565734863"
"7019","61.02415466308594","61.02415466308594","61.02415466308594","45.91604232788086","45.91604232788086","45.91604232788086","16.10344696044922","16.10344696044922","16.10344696044922","60.9818000793457","60.9818000793457","60.9818000793457","45.934715270996094","45.934715270996094","45.934715270996094","15.87350082397461","15.87350082397461","15.87350082397461"
"7049","73.67051696777344","73.67051696777344","73.67051696777344","47.88956069946289","47.88956069946289","47.88956069946289","16.025236129760742","16.025236129760742","16.025236129760742","73.70467376708984","73.70467376708984","73.70467376708984","47.84819412231445","47.84819412231445","47.84819412231445","15.534586906433105","15.534586906433105","15.534586906433105"
"7079","67.01475524902344","67.01475524902344","67.01475524902344","50.77241134643555","50.77241134643555","50.77241134643555","18.129627227783203","18.129627227783203","18.129627227783203","67.01709747314453","67.01709747314453","67.01709747314453","50.785091400146484","50.785091400146484","50.785091400146484","17.67144775390625","17.67144775390625","17.67144775390625"
"7109","63.6462287902832","63.6462287902832","63.6462287902832","47.0995979309082","47.0995979309082","47.0995979309082","16.25910186767578","16.25910186767578","16.25910186767578","63.50959014892578","63.50959014892578","63.50959014892578","47.03219985961914","47.03219985961914","47.03219985961914","15.826918601989746","15.826918601989746","15.826918601989746"
"7139","69.18385314941406","69.18385314941406","69.18385314941406","47.821189880371094","47.821189880371094","47.821189880371094","16.525028228759766","16.525028228759766","16.525028228759766","69.16458129882812","69.16458129882812","69.16458129882812","47.77088165283203","47.77088165283203","47.77088165283203","16.481718063354492","16.481718063354492","16.481718063354492"
"7169","63.09646987915039","63.09646987915039","63.09646987915039","45.61053466796875","45.61053466796875","45.61053466796875","15.53709602355957","15.53709602355957","15.53709602355957","62.99224090576172","62.99224090576172","62.99224090576172","45.57379913330078","45.57379913330078","45.57379913330078","15.119966506958008","15.119966506958008","15.119966506958008"
"7199","63.16018295288086","63.16018295288086","63.16018295288086","45.65270233154297","45.65270233154297","45.65270233154297","16.259750366210938","16.259750366210938","16.259750366210938","63.11421203613281","63.11421203613281","63.11421203613281","45.49083709716797","45.49083709716797","45.49083709716797","15.983078002929688","15.983078002929688","15.983078002929688"
"7229","58.833919525146484","58.833919525146484","58.833919525146484","43.6999397277832","43.6999397277832","43.6999397277832","15.3175630569458","15.3175630569458","15.3175630569458","58.584617614746094","58.584617614746094","58.584617614746094","43.64036560058594","43.64036560058594","43.64036560058594","15.108993530273438","15.108993530273438","15.108993530273438"
"7259","68.20882415771484","68.20882415771484","68.20882415771484","52.338260650634766","52.338260650634766","52.338260650634766","15.430683135986328","15.430683135986328","15.430683135986328","68.231201171875","68.231201171875","68.231201171875","50.335731506347656","50.335731506347656","50.335731506347656","15.248147010803223","15.248147010803223","15.248147010803223"
"7289","65.49620056152344","65.49620056152344","65.49620056152344","44.22048568725586","44.22048568725586","44.22048568725586","15.079181671142578","15.079181671142578","15.079181671142578","65.55730438232422","65.55730438232422","65.55730438232422","44.11014938354492","44.11014938354492","44.11014938354492","15.01650333404541","15.01650333404541","15.01650333404541"
"7319","61.28792953491211","61.28792953491211","61.28792953491211","42.799198150634766","42.799198150634766","42.799198150634766","14.877546310424805","14.877546310424805","14.877546310424805","61.24565124511719","61.24565124511719","61.24565124511719","42.80390548706055","42.80390548706055","42.80390548706055","14.498811721801758","14.498811721801758","14.498811721801758"
"7349","62.25925827026367","62.25925827026367","62.25925827026367","42.464805603027344","42.464805603027344","42.464805603027344","15.24117374420166","15.24117374420166","15.24117374420166","62.07640075683594","62.07640075683594","62.07640075683594","42.6043586730957","42.6043586730957","42.6043586730957","15.020609855651855","15.020609855651855","15.020609855651855"
"7379","62.54299545288086","62.54299545288086","62.54299545288086","45.213104248046875","45.213104248046875","45.213104248046875","15.867998123168945","15.867998123168945","15.867998123168945","62.57249069213867","62.57249069213867","62.57249069213867","45.195560455322266","45.195560455322266","45.195560455322266","15.444502830505371","15.444502830505371","15.444502830505371"
"7409","57.880882263183594","57.880882263183594","57.880882263183594","39.200584411621094","39.200584411621094","39.200584411621094","14.228438377380371","14.228438377380371","14.228438377380371","57.89777374267578","57.89777374267578","57.89777374267578","39.20127487182617","39.20127487182617","39.20127487182617","13.786017417907715","13.786017417907715","13.786017417907715"
"7439","55.66081237792969","55.66081237792969","55.66081237792969","39.9301643371582","39.9301643371582","39.9301643371582","13.7983980178833","13.7983980178833","13.7983980178833","55.693519592285156","55.693519592285156","55.693519592285156","39.8936653137207","39.8936653137207","39.8936653137207","13.432730674743652","13.432730674743652","13.432730674743652"
"7469","56.31432342529297","56.31432342529297","56.31432342529297","43.80258560180664","43.80258560180664","43.80258560180664","16.528642654418945","16.528642654418945","16.528642654418945","56.23841857910156","56.23841857910156","56.23841857910156","43.714744567871094","43.714744567871094","43.714744567871094","15.933732986450195","15.933732986450195","15.933732986450195"
"7499","63.53081512451172","63.53081512451172","63.53081512451172","47.07781982421875","47.07781982421875","47.07781982421875","17.336881637573242","17.336881637573242","17.336881637573242","63.406795501708984","63.406795501708984","63.406795501708984","47.02540969848633","47.02540969848633","47.02540969848633","17.19601058959961","17.19601058959961","17.19601058959961"
"7529","49.68894958496094","49.68894958496094","49.68894958496094","37.041263580322266","37.041263580322266","37.041263580322266","14.316757202148438","14.316757202148438","14.316757202148438","49.73433303833008","49.73433303833008","49.73433303833008","37.07670211791992","37.07670211791992","37.07670211791992","14.048136711120605","14.048136711120605","14.048136711120605"
"7559","65.2687759399414","65.2687759399414","65.2687759399414","47.0125617980957","47.0125617980957","47.0125617980957","16.83275604248047","16.83275604248047","16.83275604248047","65.326904296875","65.326904296875","65.326904296875","47.05398178100586","47.05398178100586","47.05398178100586","16.301929473876953","16.301929473876953","16.301929473876953"
"7589","64.5551986694336","64.5551986694336","64.5551986694336","46.16145324707031","46.16145324707031","46.16145324707031","16.706995010375977","16.706995010375977","16.706995010375977","64.60919952392578","64.60919952392578","64.60919952392578","46.04537582397461","46.04537582397461","46.04537582397461","16.20297622680664","16.20297622680664","16.20297622680664"
"7619","72.5611572265625","72.5611572265625","72.5611572265625","42.23728561401367","42.23728561401367","42.23728561401367","14.164152145385742","14.164152145385742","14.164152145385742","72.6702651977539","72.6702651977539","72.6702651977539","42.164817810058594","42.164817810058594","42.164817810058594","13.6453218460083","13.6453218460083","13.6453218460083"
"7649","54.634803771972656","54.634803771972656","54.634803771972656","37.48367691040039","37.48367691040039","37.48367691040039","12.684493064880371","12.684493064880371","12.684493064880371","54.58720397949219","54.58720397949219","54.58720397949219","37.42129135131836","37.42129135131836","37.42129135131836","12.382973670959473","12.382973670959473","12.382973670959473"
"7679","54.77751922607422","54.77751922607422","54.77751922607422","35.35416793823242","35.35416793823242","35.35416793823242","12.289067268371582","12.289067268371582","12.289067268371582","54.718544006347656","54.718544006347656","54.718544006347656","35.43781280517578","35.43781280517578","35.43781280517578","11.980390548706055","11.980390548706055","11.980390548706055"
"7709","65.64396667480469","65.64396667480469","65.64396667480469","43.46551513671875","43.46551513671875","43.46551513671875","15.99353313446045","15.99353313446045","15.99353313446045","65.53590393066406","65.53590393066406","65.53590393066406","43.48594665527344","43.48594665527344","43.48594665527344","15.61629581451416","15.61629581451416","15.61629581451416"
"7739","60.04381561279297","60.04381561279297","60.04381561279297","46.219276428222656","46.219276428222656","46.219276428222656","16.63410186767578","16.63410186767578","16.63410186767578","59.81293869018555","59.81293869018555","59.81293869018555","46.33718490600586","46.33718490600586","46.33718490600586","16.342336654663086","16.342336654663086","16.342336654663086"
"7769","59.690242767333984","59.690242767333984","59.690242767333984","43.351463317871094","43.351463317871094","43.351463317871094","14.535415649414062","14.535415649414062","14.535415649414062","59.65190124511719","59.65190124511719","59.65190124511719","43.32017135620117","43.32017135620117","43.32017135620117","14.675981521606445","14.675981521606445","14.675981521606445"
"7799","66.34963989257812","66.34963989257812","66.34963989257812","46.04658126831055","46.04658126831055","46.04658126831055","16.2778263092041","16.2778263092041","16.2778263092041","66.46987915039062","66.46987915039062","66.46987915039062","46.16096115112305","46.16096115112305","46.16096115112305","15.9193115234375","15.9193115234375","15.9193115234375"
"7829","64.61258697509766","64.61258697509766","64.61258697509766","43.68073272705078","43.68073272705078","43.68073272705078","14.751456260681152","14.751456260681152","14.751456260681152","64.8208999633789","64.8208999633789","64.8208999633789","43.87031173706055","43.87031173706055","43.87031173706055","14.51551342010498","14.51551342010498","14.51551342010498"
"7859","59.2721061706543","59.2721061706543","59.2721061706543","39.84433364868164","39.84433364868164","39.84433364868164","13.864446640014648","13.864446640014648","13.864446640014648","59.275917053222656","59.275917053222656","59.275917053222656","39.7486457824707","39.7486457824707","39.7486457824707","13.60817813873291","13.60817813873291","13.60817813873291"
"7889","55.411293029785156","55.411293029785156","55.411293029785156","41.71649169921875","41.71649169921875","41.71649169921875","15.080634117126465","15.080634117126465","15.080634117126465","55.22148895263672","55.22148895263672","55.22148895263672","41.84052276611328","41.84052276611328","41.84052276611328","14.616806030273438","14.616806030273438","14.616806030273438"
"7919","63.1403694152832","63.1403694152832","63.1403694152832","47.54452133178711","47.54452133178711","47.54452133178711","17.13219451904297","17.13219451904297","17.13219451904297","63.202659606933594","63.202659606933594","63.202659606933594","47.54314422607422","47.54314422607422","47.54314422607422","16.586111068725586","16.586111068725586","16.586111068725586"
"7949","61.68400573730469","61.68400573730469","61.68400573730469","46.89151382446289","46.89151382446289","46.89151382446289","15.610029220581055","15.610029220581055","15.610029220581055","61.69376754760742","61.69376754760742","61.69376754760742","46.87615966796875","46.87615966796875","46.87615966796875","15.337468147277832","15.337468147277832","15.337468147277832"
"7979","57.986175537109375","57.986175537109375","57.986175537109375","41.43878936767578","41.43878936767578","41.43878936767578","15.410212516784668","15.410212516784668","15.410212516784668","58.00679397583008","58.00679397583008","58.00679397583008","41.46759033203125","41.46759033203125","41.46759033203125","15.11981201171875","15.11981201171875","15.11981201171875"
"8009","59.09099578857422","59.09099578857422","59.09099578857422","44.41172790527344","44.41172790527344","44.41172790527344","15.284013748168945","15.284013748168945","15.284013748168945","58.80550765991211","58.80550765991211","58.80550765991211","43.30347442626953","43.30347442626953","43.30347442626953","14.95528793334961","14.95528793334961","14.95528793334961"
"8039","56.12778091430664","56.12778091430664","56.12778091430664","40.17040252685547","40.17040252685547","40.17040252685547","13.96826171875","13.96826171875","13.96826171875","55.950008392333984","55.950008392333984","55.950008392333984","40.11470413208008","40.11470413208008","40.11470413208008","13.539892196655273","13.539892196655273","13.539892196655273"
"8069","59.80939483642578","59.80939483642578","59.80939483642578","45.14863967895508","45.14863967895508","45.14863967895508","18.238752365112305","18.238752365112305","18.238752365112305","59.8015022277832","59.8015022277832","59.8015022277832","45.1246337890625","45.1246337890625","45.1246337890625","17.90414047241211","17.90414047241211","17.90414047241211"
"8099","52.8976936340332","52.8976936340332","52.8976936340332","37.89458465576172","37.89458465576172","37.89458465576172","12.538723945617676","12.538723945617676","12.538723945617676","52.79546356201172","52.79546356201172","52.79546356201172","37.764122009277344","37.764122009277344","37.764122009277344","12.280012130737305","12.280012130737305","12.280012130737305"
"8129","61.41612243652344","61.41612243652344","61.41612243652344","45.591678619384766","45.591678619384766","45.591678619384766","15.99779987335205","15.99779987335205","15.99779987335205","61.435115814208984","61.435115814208984","61.435115814208984","45.71514129638672","45.71514129638672","45.71514129638672","15.564371109008789","15.564371109008789","15.564371109008789"
"8159","48.65950393676758","48.65950393676758","48.65950393676758","36.024051666259766","36.024051666259766","36.024051666259766","13.476174354553223","13.476174354553223","13.476174354553223","48.65843200683594","48.65843200683594","48.65843200683594","35.98150634765625","35.98150634765625","35.98150634765625","13.172136306762695","13.172136306762695","13.172136306762695"
"8189","57.47599792480469","57.47599792480469","57.47599792480469","44.325401306152344","44.325401306152344","44.325401306152344","14.557043075561523","14.557043075561523","14.557043075561523","57.42341995239258","57.42341995239258","57.42341995239258","40.942405700683594","40.942405700683594","40.942405700683594","13.923067092895508","13.923067092895508","13.923067092895508"
"8219","62.20726013183594","62.20726013183594","62.20726013183594","46.15887451171875","46.15887451171875","46.15887451171875","14.741549491882324","14.741549491882324","14.741549491882324","62.2309684753418","62.2309684753418","62.2309684753418","42.8181037902832","42.8181037902832","42.8181037902832","14.341780662536621","14.341780662536621","14.341780662536621"
"8249","57.59944152832031","57.59944152832031","57.59944152832031","40.677337646484375","40.677337646484375","40.677337646484375","14.75247859954834","14.75247859954834","14.75247859954834","57.66152572631836","57.66152572631836","57.66152572631836","40.85429000854492","40.85429000854492","40.85429000854492","14.766613006591797","14.766613006591797","14.766613006591797"
"8279","62.05400848388672","62.05400848388672","62.05400848388672","45.981689453125","45.981689453125","45.981689453125","16.268526077270508","16.268526077270508","16.268526077270508","61.95541000366211","61.95541000366211","61.95541000366211","46.084842681884766","46.084842681884766","46.084842681884766","15.924971580505371","15.924971580505371","15.924971580505371"
"8309","61.6766471862793","61.6766471862793","61.6766471862793","43.04020309448242","43.04020309448242","43.04020309448242","17.487150192260742","17.487150192260742","17.487150192260742","61.58725357055664","61.58725357055664","61.58725357055664","42.99265670776367","42.99265670776367","42.99265670776367","16.993995666503906","16.993995666503906","16.993995666503906"
"8339","56.615028381347656","56.615028381347656","56.615028381347656","40.24883270263672","40.24883270263672","40.24883270263672","13.961288452148438","13.961288452148438","13.961288452148438","56.55278015136719","56.55278015136719","56.55278015136719","40.37389373779297","40.37389373779297","40.37389373779297","13.736234664916992","13.736234664916992","13.736234664916992"
"8369","57.287967681884766","57.287967681884766","57.287967681884766","40.113834381103516","40.113834381103516","40.113834381103516","13.304283142089844","13.304283142089844","13.304283142089844","57.22175979614258","57.22175979614258","57.22175979614258","40.46201705932617","40.46201705932617","40.46201705932617","13.348512649536133","13.348512649536133","13.348512649536133"
"8399","58.5775260925293","58.5775260925293","58.5775260925293","41.90660095214844","41.90660095214844","41.90660095214844","14.323115348815918","14.323115348815918","14.323115348815918","58.50945281982422","58.50945281982422","58.50945281982422","41.89691162109375","41.89691162109375","41.89691162109375","14.271610260009766","14.271610260009766","14.271610260009766"
"8429","52.46249771118164","52.46249771118164","52.46249771118164","43.399452209472656","43.399452209472656","43.399452209472656","14.726174354553223","14.726174354553223","14.726174354553223","53.81871032714844","53.81871032714844","53.81871032714844","50.492225646972656","50.492225646972656","50.492225646972656","14.547443389892578","14.547443389892578","14.547443389892578"
"8459","65.34508514404297","65.34508514404297","65.34508514404297","49.01791763305664","49.01791763305664","49.01791763305664","18.26913833618164","18.26913833618164","18.26913833618164","65.33187103271484","65.33187103271484","65.33187103271484","48.84069061279297","48.84069061279297","48.84069061279297","17.765661239624023","17.765661239624023","17.765661239624023"
"8489","61.24383544921875","61.24383544921875","61.24383544921875","41.01817321777344","41.01817321777344","41.01817321777344","14.722590446472168","14.722590446472168","14.722590446472168","61.4335823059082","61.4335823059082","61.4335823059082","40.94788360595703","40.94788360595703","40.94788360595703","14.336591720581055","14.336591720581055","14.336591720581055"
"8519","57.54533004760742","57.54533004760742","57.54533004760742","41.78675842285156","41.78675842285156","41.78675842285156","16.0856876373291","16.0856876373291","16.0856876373291","57.36507797241211","57.36507797241211","57.36507797241211","42.179447174072266","42.179447174072266","42.179447174072266","15.636393547058105","15.636393547058105","15.636393547058105"
"8549","52.872230529785156","52.872230529785156","52.872230529785156","36.63895034790039","36.63895034790039","36.63895034790039","12.310551643371582","12.310551643371582","12.310551643371582","52.75392532348633","52.75392532348633","52.75392532348633","36.74034881591797","36.74034881591797","36.74034881591797","11.986618041992188","11.986618041992188","11.986618041992188"
"8579","61.93949890136719","61.93949890136719","61.93949890136719","52.285545349121094","52.285545349121094","52.285545349121094","15.197470664978027","15.197470664978027","15.197470664978027","61.69253921508789","61.69253921508789","61.69253921508789","47.74736404418945","47.74736404418945","47.74736404418945","15.036544799804688","15.036544799804688","15.036544799804688"
"8609","57.77603530883789","57.77603530883789","57.77603530883789","40.41992950439453","40.41992950439453","40.41992950439453","14.371813774108887","14.371813774108887","14.371813774108887","57.70734405517578","57.70734405517578","57.70734405517578","40.358001708984375","40.358001708984375","40.358001708984375","13.9429292678833","13.9429292678833","13.9429292678833"
"8639","65.4076919555664","65.4076919555664","65.4076919555664","45.06740188598633","45.06740188598633","45.06740188598633","17.0944766998291","17.0944766998291","17.0944766998291","65.38131713867188","65.38131713867188","65.38131713867188","45.10178756713867","45.10178756713867","45.10178756713867","16.630680084228516","16.630680084228516","16.630680084228516"
"8669","54.65312194824219","54.65312194824219","54.65312194824219","38.5771369934082","38.5771369934082","38.5771369934082","12.637413024902344","12.637413024902344","12.637413024902344","54.724422454833984","54.724422454833984","54.724422454833984","38.550960540771484","38.550960540771484","38.550960540771484","12.682442665100098","12.682442665100098","12.682442665100098"
"8699","56.60154342651367","56.60154342651367","56.60154342651367","41.80721664428711","41.80721664428711","41.80721664428711","14.357353210449219","14.357353210449219","14.357353210449219","56.443328857421875","56.443328857421875","56.443328857421875","41.845458984375","41.845458984375","41.845458984375","13.975319862365723","13.975319862365723","13.975319862365723"
"8729","61.39737319946289","61.39737319946289","61.39737319946289","43.64377975463867","43.64377975463867","43.64377975463867","15.404841423034668","15.404841423034668","15.404841423034668","61.164798736572266","61.164798736572266","61.164798736572266","43.61117172241211","43.61117172241211","43.61117172241211","15.009294509887695","15.009294509887695","15.009294509887695"
"8759","60.29116439819336","60.29116439819336","60.29116439819336","42.48351287841797","42.48351287841797","42.48351287841797","14.407524108886719","14.407524108886719","14.407524108886719","60.54902267456055","60.54902267456055","60.54902267456055","42.6265869140625","42.6265869140625","42.6265869140625","13.92776870727539","13.92776870727539","13.92776870727539"
"8789","56.66523361206055","56.66523361206055","56.66523361206055","45.39152908325195","45.39152908325195","45.39152908325195","15.70536994934082","15.70536994934082","15.70536994934082","56.068626403808594","56.068626403808594","56.068626403808594","45.71996307373047","45.71996307373047","45.71996307373047","15.718822479248047","15.718822479248047","15.718822479248047"
"8819","62.000877380371094","62.000877380371094","62.000877380371094","45.575809478759766","45.575809478759766","45.575809478759766","16.738197326660156","16.738197326660156","16.738197326660156","61.918357849121094","61.918357849121094","61.918357849121094","45.66694641113281","45.66694641113281","45.66694641113281","16.437589645385742","16.437589645385742","16.437589645385742"
"8849","59.37836456298828","59.37836456298828","59.37836456298828","38.50315475463867","38.50315475463867","38.50315475463867","12.70339298248291","12.70339298248291","12.70339298248291","59.41377639770508","59.41377639770508","59.41377639770508","38.58384323120117","38.58384323120117","38.58384323120117","12.559428215026855","12.559428215026855","12.559428215026855"
"8879","65.65426635742188","65.65426635742188","65.65426635742188","47.481239318847656","47.481239318847656","47.481239318847656","16.615182876586914","16.615182876586914","16.615182876586914","65.60612487792969","65.60612487792969","65.60612487792969","47.51168441772461","47.51168441772461","47.51168441772461","16.20198631286621","16.20198631286621","16.20198631286621"
"8909","59.29404067993164","59.29404067993164","59.29404067993164","41.48482894897461","41.48482894897461","41.48482894897461","15.05721664428711","15.05721664428711","15.05721664428711","59.24034118652344","59.24034118652344","59.24034118652344","41.55069351196289","41.55069351196289","41.55069351196289","14.91051959991455","14.91051959991455","14.91051959991455"
"8939","59.952274322509766","59.952274322509766","59.952274322509766","40.33831787109375","40.33831787109375","40.33831787109375","14.001535415649414","14.001535415649414","14.001535415649414","59.96983337402344","59.96983337402344","59.96983337402344","40.19289779663086","40.19289779663086","40.19289779663086","13.853691101074219","13.853691101074219","13.853691101074219"
"8969","56.93198776245117","56.93198776245117","56.93198776245117","37.601741790771484","37.601741790771484","37.601741790771484","13.57366943359375","13.57366943359375","13.57366943359375","56.91316223144531","56.91316223144531","56.91316223144531","37.68344497680664","37.68344497680664","37.68344497680664","13.188552856445312","13.188552856445312","13.188552856445312"
"8999","56.20680236816406","56.20680236816406","56.20680236816406","43.96115493774414","43.96115493774414","43.96115493774414","14.920397758483887","14.920397758483887","14.920397758483887","56.17640686035156","56.17640686035156","56.17640686035156","43.1882209777832","43.1882209777832","43.1882209777832","14.820768356323242","14.820768356323242","14.820768356323242"
"9029","58.74628829956055","58.74628829956055","58.74628829956055","42.20631408691406","42.20631408691406","42.20631408691406","15.494279861450195","15.494279861450195","15.494279861450195","58.83230972290039","58.83230972290039","58.83230972290039","42.14735412597656","42.14735412597656","42.14735412597656","15.183977127075195","15.183977127075195","15.183977127075195"
"9059","56.14161682128906","56.14161682128906","56.14161682128906","37.38046646118164","37.38046646118164","37.38046646118164","13.323667526245117","13.323667526245117","13.323667526245117","56.06433868408203","56.06433868408203","56.06433868408203","37.51219177246094","37.51219177246094","37.51219177246094","13.049196243286133","13.049196243286133","13.049196243286133"
"9089","60.03338623046875","60.03338623046875","60.03338623046875","45.943660736083984","45.943660736083984","45.943660736083984","17.52849006652832","17.52849006652832","17.52849006652832","60.07673645019531","60.07673645019531","60.07673645019531","45.961585998535156","45.961585998535156","45.961585998535156","17.049861907958984","17.049861907958984","17.049861907958984"
"9119","58.51582336425781","58.51582336425781","58.51582336425781","42.18040084838867","42.18040084838867","42.18040084838867","14.85167121887207","14.85167121887207","14.85167121887207","58.44236755371094","58.44236755371094","58.44236755371094","42.191707611083984","42.191707611083984","42.191707611083984","14.905678749084473","14.905678749084473","14.905678749084473"
"9149","56.85133743286133","56.85133743286133","56.85133743286133","40.27991485595703","40.27991485595703","40.27991485595703","14.376397132873535","14.376397132873535","14.376397132873535","56.79280471801758","56.79280471801758","56.79280471801758","40.20904541015625","40.20904541015625","40.20904541015625","13.913463592529297","13.913463592529297","13.913463592529297"
"9179","59.09581756591797","59.09581756591797","59.09581756591797","41.845458984375","41.845458984375","41.845458984375","16.181285858154297","16.181285858154297","16.181285858154297","59.007694244384766","59.007694244384766","59.007694244384766","41.92030715942383","41.92030715942383","41.92030715942383","15.79468822479248","15.79468822479248","15.79468822479248"
"9209","61.56509017944336","61.56509017944336","61.56509017944336","45.71491622924805","45.71491622924805","45.71491622924805","15.899368286132812","15.899368286132812","15.899368286132812","61.418113708496094","61.418113708496094","61.418113708496094","47.64402389526367","47.64402389526367","47.64402389526367","15.515518188476562","15.515518188476562","15.515518188476562"
"9239","58.80788040161133","58.80788040161133","58.80788040161133","42.82465362548828","42.82465362548828","42.82465362548828","15.655166625976562","15.655166625976562","15.655166625976562","58.67213821411133","58.67213821411133","58.67213821411133","42.92028045654297","42.92028045654297","42.92028045654297","15.238802909851074","15.238802909851074","15.238802909851074"
"9269","55.81356430053711","55.81356430053711","55.81356430053711","39.26256561279297","39.26256561279297","39.26256561279297","13.379526138305664","13.379526138305664","13.379526138305664","55.9157600402832","55.9157600402832","55.9157600402832","39.39649200439453","39.39649200439453","39.39649200439453","12.84613037109375","12.84613037109375","12.84613037109375"
"9299","61.87681579589844","61.87681579589844","61.87681579589844","44.4816780090332","44.4816780090332","44.4816780090332","14.614055633544922","14.614055633544922","14.614055633544922","61.78572463989258","61.78572463989258","61.78572463989258","44.30787658691406","44.30787658691406","44.30787658691406","14.303778648376465","14.303778648376465","14.303778648376465"
"9329","63.166141510009766","63.166141510009766","63.166141510009766","44.06846618652344","44.06846618652344","44.06846618652344","15.902833938598633","15.902833938598633","15.902833938598633","63.03977966308594","63.03977966308594","63.03977966308594","44.15520477294922","44.15520477294922","44.15520477294922","15.423810958862305","15.423810958862305","15.423810958862305"
"9359","59.22232437133789","59.22232437133789","59.22232437133789","42.715370178222656","42.715370178222656","42.715370178222656","15.95456600189209","15.95456600189209","15.95456600189209","59.30771255493164","59.30771255493164","59.30771255493164","42.93746566772461","42.93746566772461","42.93746566772461","15.721586227416992","15.721586227416992","15.721586227416992"
"9389","57.67641067504883","57.67641067504883","57.67641067504883","40.264854431152344","40.264854431152344","40.264854431152344","14.420209884643555","14.420209884643555","14.420209884643555","57.67835998535156","57.67835998535156","57.67835998535156","40.272621154785156","40.272621154785156","40.272621154785156","14.247953414916992","14.247953414916992","14.247953414916992"
"9419","59.76218795776367","59.76218795776367","59.76218795776367","46.45037078857422","46.45037078857422","46.45037078857422","16.69450569152832","16.69450569152832","16.69450569152832","59.68272399902344","59.68272399902344","59.68272399902344","46.4770393371582","46.4770393371582","46.4770393371582","16.16205596923828","16.16205596923828","16.16205596923828"
"9449","54.15858840942383","54.15858840942383","54.15858840942383","38.429325103759766","38.429325103759766","38.429325103759766","14.581271171569824","14.581271171569824","14.581271171569824","53.96714782714844","53.96714782714844","53.96714782714844","38.53639221191406","38.53639221191406","38.53639221191406","14.26668930053711","14.26668930053711","14.26668930053711"
"9479","53.8085823059082","53.8085823059082","53.8085823059082","39.86087417602539","39.86087417602539","39.86087417602539","13.052634239196777","13.052634239196777","13.052634239196777","53.83070373535156","53.83070373535156","53.83070373535156","39.96302032470703","39.96302032470703","39.96302032470703","12.751564979553223","12.751564979553223","12.751564979553223"
"9509","59.710472106933594","59.710472106933594","59.710472106933594","39.09482955932617","39.09482955932617","39.09482955932617","13.509987831115723","13.509987831115723","13.509987831115723","59.82078552246094","59.82078552246094","59.82078552246094","39.12821578979492","39.12821578979492","39.12821578979492","13.432708740234375","13.432708740234375","13.432708740234375"
"9539","59.72455978393555","59.72455978393555","59.72455978393555","41.08535385131836","41.08535385131836","41.08535385131836","15.128084182739258","15.128084182739258","15.128084182739258","59.622352600097656","59.622352600097656","59.622352600097656","41.31993103027344","41.31993103027344","41.31993103027344","14.816119194030762","14.816119194030762","14.816119194030762"
"9569","58.39836883544922","58.39836883544922","58.39836883544922","39.94062805175781","39.94062805175781","39.94062805175781","13.835185050964355","13.835185050964355","13.835185050964355","58.47681427001953","58.47681427001953","58.47681427001953","40.04098129272461","40.04098129272461","40.04098129272461","13.4439058303833","13.4439058303833","13.4439058303833"
"9599","60.26793670654297","60.26793670654297","60.26793670654297","42.58063507080078","42.58063507080078","42.58063507080078","15.575140953063965","15.575140953063965","15.575140953063965","60.0566520690918","60.0566520690918","60.0566520690918","42.62031555175781","42.62031555175781","42.62031555175781","15.47918701171875","15.47918701171875","15.47918701171875"
"9629","62.53266525268555","62.53266525268555","62.53266525268555","41.453182220458984","41.453182220458984","41.453182220458984","14.699868202209473","14.699868202209473","14.699868202209473","62.7190055847168","62.7190055847168","62.7190055847168","41.531700134277344","41.531700134277344","41.531700134277344","14.350886344909668","14.350886344909668","14.350886344909668"
"9659","67.2764663696289","67.2764663696289","67.2764663696289","45.81119155883789","45.81119155883789","45.81119155883789","15.675127983093262","15.675127983093262","15.675127983093262","67.19121551513672","67.19121551513672","67.19121551513672","45.77824783325195","45.77824783325195","45.77824783325195","15.312323570251465","15.312323570251465","15.312323570251465"
"9689","64.82441711425781","64.82441711425781","64.82441711425781","44.372440338134766","44.372440338134766","44.372440338134766","14.64894962310791","14.64894962310791","14.64894962310791","64.58123779296875","64.58123779296875","64.58123779296875","44.3355712890625","44.3355712890625","44.3355712890625","14.438243865966797","14.438243865966797","14.438243865966797"
"9719","59.54119873046875","59.54119873046875","59.54119873046875","40.53779602050781","40.53779602050781","40.53779602050781","14.426520347595215","14.426520347595215","14.426520347595215","59.34614944458008","59.34614944458008","59.34614944458008","40.58391189575195","40.58391189575195","40.58391189575195","14.388236999511719","14.388236999511719","14.388236999511719"
"9749","59.415061950683594","59.415061950683594","59.415061950683594","39.82758712768555","39.82758712768555","39.82758712768555","14.653666496276855","14.653666496276855","14.653666496276855","59.29380798339844","59.29380798339844","59.29380798339844","39.911476135253906","39.911476135253906","39.911476135253906","14.461356163024902","14.461356163024902","14.461356163024902"
"9779","57.96151351928711","57.96151351928711","57.96151351928711","38.6820068359375","38.6820068359375","38.6820068359375","14.176047325134277","14.176047325134277","14.176047325134277","57.875526428222656","57.875526428222656","57.875526428222656","38.780975341796875","38.780975341796875","38.780975341796875","13.792885780334473","13.792885780334473","13.792885780334473"
"9809","63.31904983520508","63.31904983520508","63.31904983520508","43.20096969604492","43.20096969604492","43.20096969604492","15.845860481262207","15.845860481262207","15.845860481262207","63.2021484375","63.2021484375","63.2021484375","43.3076171875","43.3076171875","43.3076171875","15.539669036865234","15.539669036865234","15.539669036865234"
"9839","58.21163558959961","58.21163558959961","58.21163558959961","43.29109191894531","43.29109191894531","43.29109191894531","14.680291175842285","14.680291175842285","14.680291175842285","58.41746520996094","58.41746520996094","58.41746520996094","43.31977844238281","43.31977844238281","43.31977844238281","14.257094383239746","14.257094383239746","14.257094383239746"
"9869","55.73731231689453","55.73731231689453","55.73731231689453","44.63908004760742","44.63908004760742","44.63908004760742","14.353655815124512","14.353655815124512","14.353655815124512","55.779666900634766","55.779666900634766","55.779666900634766","42.51093673706055","42.51093673706055","42.51093673706055","13.948261260986328","13.948261260986328","13.948261260986328"
"9899","60.35309600830078","60.35309600830078","60.35309600830078","46.47481918334961","46.47481918334961","46.47481918334961","16.9003849029541","16.9003849029541","16.9003849029541","60.19557571411133","60.19557571411133","60.19557571411133","46.24286651611328","46.24286651611328","46.24286651611328","16.546106338500977","16.546106338500977","16.546106338500977"
"9929","60.3336296081543","60.3336296081543","60.3336296081543","43.445068359375","43.445068359375","43.445068359375","15.897021293640137","15.897021293640137","15.897021293640137","60.24468994140625","60.24468994140625","60.24468994140625","43.4268684387207","43.4268684387207","43.4268684387207","15.59776782989502","15.59776782989502","15.59776782989502"
"9959","60.6743278503418","60.6743278503418","60.6743278503418","41.04205322265625","41.04205322265625","41.04205322265625","15.194154739379883","15.194154739379883","15.194154739379883","60.494075775146484","60.494075775146484","60.494075775146484","41.12730407714844","41.12730407714844","41.12730407714844","14.895007133483887","14.895007133483887","14.895007133483887"
"9989","58.25938415527344","58.25938415527344","58.25938415527344","41.62087631225586","41.62087631225586","41.62087631225586","14.799473762512207","14.799473762512207","14.799473762512207","58.067771911621094","58.067771911621094","58.067771911621094","41.60216522216797","41.60216522216797","41.60216522216797","14.926241874694824","14.926241874694824","14.926241874694824"
"10019","60.470672607421875","60.470672607421875","60.470672607421875","42.584022521972656","42.584022521972656","42.584022521972656","15.042376518249512","15.042376518249512","15.042376518249512","60.61383819580078","60.61383819580078","60.61383819580078","42.53236770629883","42.53236770629883","42.53236770629883","14.788139343261719","14.788139343261719","14.788139343261719"
"10049","56.00667953491211","56.00667953491211","56.00667953491211","40.61129379272461","40.61129379272461","40.61129379272461","14.586252212524414","14.586252212524414","14.586252212524414","56.02996063232422","56.02996063232422","56.02996063232422","40.68213653564453","40.68213653564453","40.68213653564453","14.29033374786377","14.29033374786377","14.29033374786377"
"10079","51.30392837524414","51.30392837524414","51.30392837524414","37.403621673583984","37.403621673583984","37.403621673583984","13.736477851867676","13.736477851867676","13.736477851867676","51.30510711669922","51.30510711669922","51.30510711669922","37.5583381652832","37.5583381652832","37.5583381652832","13.320013999938965","13.320013999938965","13.320013999938965"
"10109","56.07039260864258","56.07039260864258","56.07039260864258","40.90480041503906","40.90480041503906","40.90480041503906","15.293920516967773","15.293920516967773","15.293920516967773","56.07954788208008","56.07954788208008","56.07954788208008","40.9368782043457","40.9368782043457","40.9368782043457","15.260570526123047","15.260570526123047","15.260570526123047"
"10139","59.771453857421875","59.771453857421875","59.771453857421875","41.53554153442383","41.53554153442383","41.53554153442383","16.128713607788086","16.128713607788086","16.128713607788086","59.924686431884766","59.924686431884766","59.924686431884766","41.65358352661133","41.65358352661133","41.65358352661133","15.660017967224121","15.660017967224121","15.660017967224121"
"10169","58.048030853271484","58.048030853271484","58.048030853271484","42.52645492553711","42.52645492553711","42.52645492553711","17.024126052856445","17.024126052856445","17.024126052856445","57.90209197998047","57.90209197998047","57.90209197998047","42.75288391113281","42.75288391113281","42.75288391113281","16.468353271484375","16.468353271484375","16.468353271484375"
"10199","57.846405029296875","57.846405029296875","57.846405029296875","44.12395477294922","44.12395477294922","44.12395477294922","16.872928619384766","16.872928619384766","16.872928619384766","57.831581115722656","57.831581115722656","57.831581115722656","44.171043395996094","44.171043395996094","44.171043395996094","16.790367126464844","16.790367126464844","16.790367126464844"
"10229","61.4470100402832","61.4470100402832","61.4470100402832","47.44966506958008","47.44966506958008","47.44966506958008","17.017154693603516","17.017154693603516","17.017154693603516","61.70303726196289","61.70303726196289","61.70303726196289","47.49699020385742","47.49699020385742","47.49699020385742","16.619001388549805","16.619001388549805","16.619001388549805"
"10259","57.99285888671875","57.99285888671875","57.99285888671875","41.05707931518555","41.05707931518555","41.05707931518555","14.51494026184082","14.51494026184082","14.51494026184082","57.79127883911133","57.79127883911133","57.79127883911133","41.02204513549805","41.02204513549805","41.02204513549805","14.095306396484375","14.095306396484375","14.095306396484375"
"10289","50.23063278198242","50.23063278198242","50.23063278198242","36.51902389526367","36.51902389526367","36.51902389526367","13.672141075134277","13.672141075134277","13.672141075134277","50.38052749633789","50.38052749633789","50.38052749633789","36.46649932861328","36.46649932861328","36.46649932861328","13.549391746520996","13.549391746520996","13.549391746520996"
"10319","54.2678108215332","54.2678108215332","54.2678108215332","42.1022834777832","42.1022834777832","42.1022834777832","14.645983695983887","14.645983695983887","14.645983695983887","54.34368896484375","54.34368896484375","54.34368896484375","42.10246658325195","42.10246658325195","42.10246658325195","14.060504913330078","14.060504913330078","14.060504913330078"
"10349","62.23794937133789","62.23794937133789","62.23794937133789","45.73018264770508","45.73018264770508","45.73018264770508","17.176799774169922","17.176799774169922","17.176799774169922","62.314212799072266","62.314212799072266","62.314212799072266","45.61674880981445","45.61674880981445","45.61674880981445","16.93719482421875","16.93719482421875","16.93719482421875"
"10379","60.5594367980957","60.5594367980957","60.5594367980957","41.47081756591797","41.47081756591797","41.47081756591797","13.522744178771973","13.522744178771973","13.522744178771973","60.397239685058594","60.397239685058594","60.397239685058594","41.58379364013672","41.58379364013672","41.58379364013672","13.391279220581055","13.391279220581055","13.391279220581055"
"10409","55.31434631347656","55.31434631347656","55.31434631347656","40.07277297973633","40.07277297973633","40.07277297973633","15.32526969909668","15.32526969909668","15.32526969909668","54.982269287109375","54.982269287109375","54.982269287109375","40.191184997558594","40.191184997558594","40.191184997558594","14.996970176696777","14.996970176696777","14.996970176696777"
"10439","55.18244171142578","55.18244171142578","55.18244171142578","36.82233810424805","36.82233810424805","36.82233810424805","13.34266185760498","13.34266185760498","13.34266185760498","55.20259475708008","55.20259475708008","55.20259475708008","36.73817443847656","36.73817443847656","36.73817443847656","13.188715934753418","13.188715934753418","13.188715934753418"
"10469","61.17971420288086","61.17971420288086","61.17971420288086","43.83560562133789","43.83560562133789","43.83560562133789","14.019755363464355","14.019755363464355","14.019755363464355","61.22488021850586","61.22488021850586","61.22488021850586","55.93927764892578","55.93927764892578","55.93927764892578","13.51393985748291","13.51393985748291","13.51393985748291"
"10499","62.737205505371094","62.737205505371094","62.737205505371094","49.872371673583984","49.872371673583984","49.872371673583984","17.672893524169922","17.672893524169922","17.672893524169922","62.87765884399414","62.87765884399414","62.87765884399414","49.92203903198242","49.92203903198242","49.92203903198242","17.441295623779297","17.441295623779297","17.441295623779297"
"10529","71.11922454833984","71.11922454833984","71.11922454833984","45.58161163330078","45.58161163330078","45.58161163330078","14.652005195617676","14.652005195617676","14.652005195617676","71.0061264038086","71.0061264038086","71.0061264038086","45.597347259521484","45.597347259521484","45.597347259521484","14.374950408935547","14.374950408935547","14.374950408935547"
"10559","56.191932678222656","56.191932678222656","56.191932678222656","39.097206115722656","39.097206115722656","39.097206115722656","13.597698211669922","13.597698211669922","13.597698211669922","56.36112976074219","56.36112976074219","56.36112976074219","39.00004196166992","39.00004196166992","39.00004196166992","13.477611541748047","13.477611541748047","13.477611541748047"
"10589","54.00973892211914","54.00973892211914","54.00973892211914","36.74800109863281","36.74800109863281","36.74800109863281","13.433506965637207","13.433506965637207","13.433506965637207","53.96109390258789","53.96109390258789","53.96109390258789","36.80577087402344","36.80577087402344","36.80577087402344","13.102625846862793","13.102625846862793","13.102625846862793"
"10619","58.0847282409668","58.0847282409668","58.0847282409668","43.444461822509766","43.444461822509766","43.444461822509766","15.525243759155273","15.525243759155273","15.525243759155273","57.92395782470703","57.92395782470703","57.92395782470703","43.35395812988281","43.35395812988281","43.35395812988281","15.541979789733887","15.541979789733887","15.541979789733887"
"10649","58.666229248046875","58.666229248046875","58.666229248046875","39.45492172241211","39.45492172241211","39.45492172241211","14.250056266784668","14.250056266784668","14.250056266784668","58.99271011352539","58.99271011352539","58.99271011352539","39.45242691040039","39.45242691040039","39.45242691040039","14.00670051574707","14.00670051574707","14.00670051574707"
"10679","54.572967529296875","54.572967529296875","54.572967529296875","38.21628952026367","38.21628952026367","38.21628952026367","13.576146125793457","13.576146125793457","13.576146125793457","54.34700393676758","54.34700393676758","54.34700393676758","38.345340728759766","38.345340728759766","38.345340728759766","13.200729370117188","13.200729370117188","13.200729370117188"
"10709","55.69087600708008","55.69087600708008","55.69087600708008","42.62187957763672","42.62187957763672","42.62187957763672","13.761167526245117","13.761167526245117","13.761167526245117","55.68646240234375","55.68646240234375","55.68646240234375","41.5740852355957","41.5740852355957","41.5740852355957","13.47197437286377","13.47197437286377","13.47197437286377"
"10739","53.12302780151367","53.12302780151367","53.12302780151367","37.358333587646484","37.358333587646484","37.358333587646484","12.779767036437988","12.779767036437988","12.779767036437988","53.09574890136719","53.09574890136719","53.09574890136719","37.34577941894531","37.34577941894531","37.34577941894531","12.569389343261719","12.569389343261719","12.569389343261719"
"10769","59.87314224243164","59.87314224243164","59.87314224243164","41.96509552001953","41.96509552001953","41.96509552001953","14.60477352142334","14.60477352142334","14.60477352142334","59.99090576171875","59.99090576171875","59.99090576171875","42.087860107421875","42.087860107421875","42.087860107421875","14.349479675292969","14.349479675292969","14.349479675292969"
"10799","57.01704025268555","57.01704025268555","57.01704025268555","37.82176208496094","37.82176208496094","37.82176208496094","13.690760612487793","13.690760612487793","13.690760612487793","56.81367874145508","56.81367874145508","56.81367874145508","37.64304733276367","37.64304733276367","37.64304733276367","13.308510780334473","13.308510780334473","13.308510780334473"
"10829","60.401580810546875","60.401580810546875","60.401580810546875","43.75361251831055","43.75361251831055","43.75361251831055","16.27499771118164","16.27499771118164","16.27499771118164","60.24461364746094","60.24461364746094","60.24461364746094","43.66382598876953","43.66382598876953","43.66382598876953","16.055593490600586","16.055593490600586","16.055593490600586"
"10859","57.28200912475586","57.28200912475586","57.28200912475586","37.278438568115234","37.278438568115234","37.278438568115234","13.629836082458496","13.629836082458496","13.629836082458496","57.24811553955078","57.24811553955078","57.24811553955078","37.3428955078125","37.3428955078125","37.3428955078125","13.303441047668457","13.303441047668457","13.303441047668457"
"10889","61.69322967529297","61.69322967529297","61.69322967529297","51.44296646118164","51.44296646118164","51.44296646118164","14.74144172668457","14.74144172668457","14.74144172668457","61.95182800292969","61.95182800292969","61.95182800292969","51.41336441040039","51.41336441040039","51.41336441040039","14.797298431396484","14.797298431396484","14.797298431396484"
"10919","60.74673843383789","60.74673843383789","60.74673843383789","54.23875045776367","54.23875045776367","54.23875045776367","14.371465682983398","14.371465682983398","14.371465682983398","62.24756622314453","62.24756622314453","62.24756622314453","46.19599151611328","46.19599151611328","46.19599151611328","14.288331985473633","14.288331985473633","14.288331985473633"
"10949","57.26772689819336","57.26772689819336","57.26772689819336","41.11663818359375","41.11663818359375","41.11663818359375","14.231061935424805","14.231061935424805","14.231061935424805","57.431175231933594","57.431175231933594","57.431175231933594","40.90156555175781","40.90156555175781","40.90156555175781","14.29891586303711","14.29891586303711","14.29891586303711"
"10979","59.54849624633789","59.54849624633789","59.54849624633789","42.11627960205078","42.11627960205078","42.11627960205078","15.80186939239502","15.80186939239502","15.80186939239502","59.67622756958008","59.67622756958008","59.67622756958008","42.11372375488281","42.11372375488281","42.11372375488281","15.585274696350098","15.585274696350098","15.585274696350098"
"11009","58.121826171875","58.121826171875","58.121826171875","42.44855499267578","42.44855499267578","42.44855499267578","16.98519515991211","16.98519515991211","16.98519515991211","58.134525299072266","58.134525299072266","58.134525299072266","42.46296691894531","42.46296691894531","42.46296691894531","16.754213333129883","16.754213333129883","16.754213333129883"
"11039","54.675262451171875","54.675262451171875","54.675262451171875","35.91400909423828","35.91400909423828","35.91400909423828","11.84271240234375","11.84271240234375","11.84271240234375","54.893070220947266","54.893070220947266","54.893070220947266","35.763343811035156","35.763343811035156","35.763343811035156","11.623491287231445","11.623491287231445","11.623491287231445"
"11069","56.93364715576172","56.93364715576172","56.93364715576172","38.894447326660156","38.894447326660156","38.894447326660156","14.413235664367676","14.413235664367676","14.413235664367676","56.82775115966797","56.82775115966797","56.82775115966797","38.86479568481445","38.86479568481445","38.86479568481445","14.079246520996094","14.079246520996094","14.079246520996094"
"11099","58.83823013305664","58.83823013305664","58.83823013305664","42.73440170288086","42.73440170288086","42.73440170288086","15.725569725036621","15.725569725036621","15.725569725036621","58.659271240234375","58.659271240234375","58.659271240234375","42.81697082519531","42.81697082519531","42.81697082519531","15.64622974395752","15.64622974395752","15.64622974395752"
"11129","56.132694244384766","56.132694244384766","56.132694244384766","38.143619537353516","38.143619537353516","38.143619537353516","11.85960578918457","11.85960578918457","11.85960578918457","55.91018295288086","55.91018295288086","55.91018295288086","38.06379699707031","38.06379699707031","38.06379699707031","11.703923225402832","11.703923225402832","11.703923225402832"
"11159","55.60145568847656","55.60145568847656","55.60145568847656","38.388736724853516","38.388736724853516","38.388736724853516","13.017096519470215","13.017096519470215","13.017096519470215","55.51218032836914","55.51218032836914","55.51218032836914","38.45148849487305","38.45148849487305","38.45148849487305","12.88253116607666","12.88253116607666","12.88253116607666"
"11189","58.14266586303711","58.14266586303711","58.14266586303711","45.22938919067383","45.22938919067383","45.22938919067383","15.383502960205078","15.383502960205078","15.383502960205078","58.37818145751953","58.37818145751953","58.37818145751953","49.363162994384766","49.363162994384766","49.363162994384766","14.798848152160645","14.798848152160645","14.798848152160645"
"11219","61.03176498413086","61.03176498413086","61.03176498413086","41.378318786621094","41.378318786621094","41.378318786621094","14.99890422821045","14.99890422821045","14.99890422821045","61.0509033203125","61.0509033203125","61.0509033203125","41.34816360473633","41.34816360473633","41.34816360473633","14.809603691101074","14.809603691101074","14.809603691101074"
"11249","54.84658432006836","54.84658432006836","54.84658432006836","39.13732147216797","39.13732147216797","39.13732147216797","14.6093111038208","14.6093111038208","14.6093111038208","54.769691467285156","54.769691467285156","54.769691467285156","39.2346076965332","39.2346076965332","39.2346076965332","14.509601593017578","14.509601593017578","14.509601593017578"
"11279","57.87071228027344","57.87071228027344","57.87071228027344","43.33586883544922","43.33586883544922","43.33586883544922","15.923297882080078","15.923297882080078","15.923297882080078","57.91342544555664","57.91342544555664","57.91342544555664","43.17056655883789","43.17056655883789","43.17056655883789","15.585759162902832","15.585759162902832","15.585759162902832"
"11309","58.76283645629883","58.76283645629883","58.76283645629883","44.06250762939453","44.06250762939453","44.06250762939453","14.106867790222168","14.106867790222168","14.106867790222168","58.721092224121094","58.721092224121094","58.721092224121094","44.2219123840332","44.2219123840332","44.2219123840332","13.935749053955078","13.935749053955078","13.935749053955078"
"11339","58.39937210083008","58.39937210083008","58.39937210083008","43.8698616027832","43.8698616027832","43.8698616027832","16.867408752441406","16.867408752441406","16.867408752441406","58.37876510620117","58.37876510620117","58.37876510620117","43.81650924682617","43.81650924682617","43.81650924682617","16.287879943847656","16.287879943847656","16.287879943847656"
"11369","55.24260711669922","55.24260711669922","55.24260711669922","39.4200553894043","39.4200553894043","39.4200553894043","14.805316925048828","14.805316925048828","14.805316925048828","55.319793701171875","55.319793701171875","55.319793701171875","39.42253494262695","39.42253494262695","39.42253494262695","14.298357009887695","14.298357009887695","14.298357009887695"
"11399","56.32009506225586","56.32009506225586","56.32009506225586","36.68716812133789","36.68716812133789","36.68716812133789","12.84669303894043","12.84669303894043","12.84669303894043","56.581321716308594","56.581321716308594","56.581321716308594","36.596797943115234","36.596797943115234","36.596797943115234","12.8124361038208","12.8124361038208","12.8124361038208"
"11429","50.99119186401367","50.99119186401367","50.99119186401367","51.7812385559082","51.7812385559082","51.7812385559082","12.158547401428223","12.158547401428223","12.158547401428223","49.534481048583984","49.534481048583984","49.534481048583984","54.70146179199219","54.70146179199219","54.70146179199219","12.015443801879883","12.015443801879883","12.015443801879883"
"11459","55.83782958984375","55.83782958984375","55.83782958984375","38.351776123046875","38.351776123046875","38.351776123046875","14.553678512573242","14.553678512573242","14.553678512573242","55.911380767822266","55.911380767822266","55.911380767822266","38.33871841430664","38.33871841430664","38.33871841430664","14.297374725341797","14.297374725341797","14.297374725341797"
"11489","52.625389099121094","52.625389099121094","52.625389099121094","35.433799743652344","35.433799743652344","35.433799743652344","12.096283912658691","12.096283912658691","12.096283912658691","52.690677642822266","52.690677642822266","52.690677642822266","35.42000961303711","35.42000961303711","35.42000961303711","11.95656967163086","11.95656967163086","11.95656967163086"
"11519","60.217411041259766","60.217411041259766","60.217411041259766","43.88203048706055","43.88203048706055","43.88203048706055","15.544039726257324","15.544039726257324","15.544039726257324","60.224891662597656","60.224891662597656","60.224891662597656","43.91764450073242","43.91764450073242","43.91764450073242","15.688368797302246","15.688368797302246","15.688368797302246"
"11549","66.19061279296875","66.19061279296875","66.19061279296875","50.47977828979492","50.47977828979492","50.47977828979492","19.812335968017578","19.812335968017578","19.812335968017578","66.15719604492188","66.15719604492188","66.15719604492188","50.43088912963867","50.43088912963867","50.43088912963867","19.393117904663086","19.393117904663086","19.393117904663086"
"11579","57.625614166259766","57.625614166259766","57.625614166259766","41.14043045043945","41.14043045043945","41.14043045043945","13.651029586791992","13.651029586791992","13.651029586791992","58.249237060546875","58.249237060546875","58.249237060546875","38.99540328979492","38.99540328979492","38.99540328979492","13.424433708190918","13.424433708190918","13.424433708190918"
"11609","58.25094223022461","58.25094223022461","58.25094223022461","42.877098083496094","42.877098083496094","42.877098083496094","16.904905319213867","16.904905319213867","16.904905319213867","58.44448471069336","58.44448471069336","58.44448471069336","43.07406997680664","43.07406997680664","43.07406997680664","17.033729553222656","17.033729553222656","17.033729553222656"
"11639","54.99428176879883","54.99428176879883","54.99428176879883","52.81181335449219","52.81181335449219","52.81181335449219","13.559234619140625","13.559234619140625","13.559234619140625","54.974754333496094","54.974754333496094","54.974754333496094","38.80006408691406","38.80006408691406","38.80006408691406","13.388368606567383","13.388368606567383","13.388368606567383"
"11669","56.15148162841797","56.15148162841797","56.15148162841797","38.8907356262207","38.8907356262207","38.8907356262207","14.829537391662598","14.829537391662598","14.829537391662598","56.17359161376953","56.17359161376953","56.17359161376953","38.67036437988281","38.67036437988281","38.67036437988281","14.507272720336914","14.507272720336914","14.507272720336914"
"11699","57.299373626708984","57.299373626708984","57.299373626708984","45.46932601928711","45.46932601928711","45.46932601928711","13.138687133789062","13.138687133789062","13.138687133789062","57.42915725708008","57.42915725708008","57.42915725708008","42.210693359375","42.210693359375","42.210693359375","12.985529899597168","12.985529899597168","12.985529899597168"
"11729","54.67625427246094","54.67625427246094","54.67625427246094","41.32122039794922","41.32122039794922","41.32122039794922","14.97960090637207","14.97960090637207","14.97960090637207","54.67203140258789","54.67203140258789","54.67203140258789","41.18855285644531","41.18855285644531","41.18855285644531","14.751035690307617","14.751035690307617","14.751035690307617"
"11759","56.19853210449219","56.19853210449219","56.19853210449219","41.12885665893555","41.12885665893555","41.12885665893555","14.920197486877441","14.920197486877441","14.920197486877441","56.263065338134766","56.263065338134766","56.263065338134766","41.35244369506836","41.35244369506836","41.35244369506836","14.685731887817383","14.685731887817383","14.685731887817383"
"11789","56.34625244140625","56.34625244140625","56.34625244140625","39.19682693481445","39.19682693481445","39.19682693481445","15.185348510742188","15.185348510742188","15.185348510742188","56.66019821166992","56.66019821166992","56.66019821166992","39.40616226196289","39.40616226196289","39.40616226196289","14.904885292053223","14.904885292053223","14.904885292053223"
"11819","59.05596160888672","59.05596160888672","59.05596160888672","41.23655700683594","41.23655700683594","41.23655700683594","14.526419639587402","14.526419639587402","14.526419639587402","58.70503616333008","58.70503616333008","58.70503616333008","41.37418746948242","41.37418746948242","41.37418746948242","14.332029342651367","14.332029342651367","14.332029342651367"
"11849","51.14558410644531","51.14558410644531","51.14558410644531","34.04847717285156","34.04847717285156","34.04847717285156","11.543327331542969","11.543327331542969","11.543327331542969","51.16070556640625","51.16070556640625","51.16070556640625","33.97114562988281","33.97114562988281","33.97114562988281","11.23367691040039","11.23367691040039","11.23367691040039"
"11879","57.74311828613281","57.74311828613281","57.74311828613281","39.99360656738281","39.99360656738281","39.99360656738281","15.254630088806152","15.254630088806152","15.254630088806152","57.88323211669922","57.88323211669922","57.88323211669922","40.1108512878418","40.1108512878418","40.1108512878418","14.585236549377441","14.585236549377441","14.585236549377441"
"11909","58.33506774902344","58.33506774902344","58.33506774902344","42.15544509887695","42.15544509887695","42.15544509887695","14.807021141052246","14.807021141052246","14.807021141052246","58.33694839477539","58.33694839477539","58.33694839477539","41.59027862548828","41.59027862548828","41.59027862548828","14.487214088439941","14.487214088439941","14.487214088439941"
"11939","55.1966552734375","55.1966552734375","55.1966552734375","39.27217102050781","39.27217102050781","39.27217102050781","13.47254467010498","13.47254467010498","13.47254467010498","55.26203918457031","55.26203918457031","55.26203918457031","39.28154373168945","39.28154373168945","39.28154373168945","13.28093147277832","13.28093147277832","13.28093147277832"
"11969","60.007293701171875","60.007293701171875","60.007293701171875","41.46874237060547","41.46874237060547","41.46874237060547","14.838139533996582","14.838139533996582","14.838139533996582","59.734954833984375","59.734954833984375","59.734954833984375","41.2772216796875","41.2772216796875","41.2772216796875","14.815736770629883","14.815736770629883","14.815736770629883"
"11999","56.84695053100586","56.84695053100586","56.84695053100586","44.21604919433594","44.21604919433594","44.21604919433594","13.365375518798828","13.365375518798828","13.365375518798828","57.2233772277832","57.2233772277832","57.2233772277832","38.64621353149414","38.64621353149414","38.64621353149414","13.104379653930664","13.104379653930664","13.104379653930664"
"12029","60.57419967651367","60.57419967651367","60.57419967651367","42.37177276611328","42.37177276611328","42.37177276611328","16.38642120361328","16.38642120361328","16.38642120361328","60.534584045410156","60.534584045410156","60.534584045410156","42.46853256225586","42.46853256225586","42.46853256225586","16.083110809326172","16.083110809326172","16.083110809326172"
"12059","57.76683807373047","57.76683807373047","57.76683807373047","43.21721267700195","43.21721267700195","43.21721267700195","16.4132022857666","16.4132022857666","16.4132022857666","57.73104476928711","57.73104476928711","57.73104476928711","43.266990661621094","43.266990661621094","43.266990661621094","16.011734008789062","16.011734008789062","16.011734008789062"
"12089","54.28910827636719","54.28910827636719","54.28910827636719","36.469600677490234","36.469600677490234","36.469600677490234","13.545878410339355","13.545878410339355","13.545878410339355","54.149227142333984","54.149227142333984","54.149227142333984","36.446502685546875","36.446502685546875","36.446502685546875","13.34648609161377","13.34648609161377","13.34648609161377"
"12119","68.69449615478516","68.69449615478516","68.69449615478516","59.62099838256836","59.62099838256836","59.62099838256836","13.361760139465332","13.361760139465332","13.361760139465332","67.2811050415039","67.2811050415039","67.2811050415039","43.17488479614258","43.17488479614258","43.17488479614258","12.981977462768555","12.981977462768555","12.981977462768555"
"12149","57.43392562866211","57.43392562866211","57.43392562866211","38.59914016723633","38.59914016723633","38.59914016723633","15.004020690917969","15.004020690917969","15.004020690917969","57.56226348876953","57.56226348876953","57.56226348876953","38.621341705322266","38.621341705322266","38.621341705322266","14.9287109375","14.9287109375","14.9287109375"
"12179","56.53709411621094","56.53709411621094","56.53709411621094","36.3807258605957","36.3807258605957","36.3807258605957","11.464726448059082","11.464726448059082","11.464726448059082","56.55423355102539","56.55423355102539","56.55423355102539","36.39069747924805","36.39069747924805","36.39069747924805","11.322114944458008","11.322114944458008","11.322114944458008"
"12209","51.71209716796875","51.71209716796875","51.71209716796875","35.759071350097656","35.759071350097656","35.759071350097656","12.695216178894043","12.695216178894043","12.695216178894043","51.721927642822266","51.721927642822266","51.721927642822266","35.7470588684082","35.7470588684082","35.7470588684082","12.398221969604492","12.398221969604492","12.398221969604492"
"12239","52.65288543701172","52.65288543701172","52.65288543701172","36.50584030151367","36.50584030151367","36.50584030151367","13.707576751708984","13.707576751708984","13.707576751708984","52.713417053222656","52.713417053222656","52.713417053222656","36.59739303588867","36.59739303588867","36.59739303588867","13.259103775024414","13.259103775024414","13.259103775024414"
"12269","54.55176544189453","54.55176544189453","54.55176544189453","39.65757369995117","39.65757369995117","39.65757369995117","14.293471336364746","14.293471336364746","14.293471336364746","54.649070739746094","54.649070739746094","54.649070739746094","39.60675811767578","39.60675811767578","39.60675811767578","14.20818042755127","14.20818042755127","14.20818042755127"
"12299","54.872859954833984","54.872859954833984","54.872859954833984","38.66269302368164","38.66269302368164","38.66269302368164","14.097256660461426","14.097256660461426","14.097256660461426","54.77745056152344","54.77745056152344","54.77745056152344","38.67206954956055","38.67206954956055","38.67206954956055","13.870223045349121","13.870223045349121","13.870223045349121"
"12329","56.74738693237305","56.74738693237305","56.74738693237305","39.903446197509766","39.903446197509766","39.903446197509766","13.907572746276855","13.907572746276855","13.907572746276855","56.64736557006836","56.64736557006836","56.64736557006836","39.63921356201172","39.63921356201172","39.63921356201172","13.83839225769043","13.83839225769043","13.83839225769043"
"12359","56.04888916015625","56.04888916015625","56.04888916015625","38.39841842651367","38.39841842651367","38.39841842651367","12.475045204162598","12.475045204162598","12.475045204162598","55.9610481262207","55.9610481262207","55.9610481262207","37.63711929321289","37.63711929321289","37.63711929321289","12.264902114868164","12.264902114868164","12.264902114868164"
"12389","61.464569091796875","61.464569091796875","61.464569091796875","47.19926834106445","47.19926834106445","47.19926834106445","17.622575759887695","17.622575759887695","17.622575759887695","61.40536117553711","61.40536117553711","61.40536117553711","47.377166748046875","47.377166748046875","47.377166748046875","17.52798080444336","17.52798080444336","17.52798080444336"
"12419","57.6691780090332","57.6691780090332","57.6691780090332","38.89125061035156","38.89125061035156","38.89125061035156","12.768778800964355","12.768778800964355","12.768778800964355","57.57615280151367","57.57615280151367","57.57615280151367","38.809120178222656","38.809120178222656","38.809120178222656","12.575658798217773","12.575658798217773","12.575658798217773"
"12449","55.70539855957031","55.70539855957031","55.70539855957031","41.11119842529297","41.11119842529297","41.11119842529297","14.722734451293945","14.722734451293945","14.722734451293945","55.50273895263672","55.50273895263672","55.50273895263672","41.44330978393555","41.44330978393555","41.44330978393555","14.397932052612305","14.397932052612305","14.397932052612305"
"12479","56.765541076660156","56.765541076660156","56.765541076660156","41.84591293334961","41.84591293334961","41.84591293334961","15.711654663085938","15.711654663085938","15.711654663085938","57.426395416259766","57.426395416259766","57.426395416259766","50.73586654663086","50.73586654663086","50.73586654663086","15.123260498046875","15.123260498046875","15.123260498046875"
"12509","61.16179656982422","61.16179656982422","61.16179656982422","45.33504104614258","45.33504104614258","45.33504104614258","16.252260208129883","16.252260208129883","16.252260208129883","61.27019500732422","61.27019500732422","61.27019500732422","45.754364013671875","45.754364013671875","45.754364013671875","15.810365676879883","15.810365676879883","15.810365676879883"
"12539","58.04680633544922","58.04680633544922","58.04680633544922","40.757747650146484","40.757747650146484","40.757747650146484","14.832245826721191","14.832245826721191","14.832245826721191","58.17796325683594","58.17796325683594","58.17796325683594","40.803836822509766","40.803836822509766","40.803836822509766","14.7053804397583","14.7053804397583","14.7053804397583"
"12569","52.14765167236328","52.14765167236328","52.14765167236328","41.87580871582031","41.87580871582031","41.87580871582031","15.599273681640625","15.599273681640625","15.599273681640625","52.12297821044922","52.12297821044922","52.12297821044922","41.67570114135742","41.67570114135742","41.67570114135742","15.303983688354492","15.303983688354492","15.303983688354492"
"12599","57.12278747558594","57.12278747558594","57.12278747558594","42.63214874267578","42.63214874267578","42.63214874267578","15.63392448425293","15.63392448425293","15.63392448425293","57.04909133911133","57.04909133911133","57.04909133911133","42.63756561279297","42.63756561279297","42.63756561279297","15.339430809020996","15.339430809020996","15.339430809020996"
"12629","58.14776611328125","58.14776611328125","58.14776611328125","40.73410415649414","40.73410415649414","40.73410415649414","13.300682067871094","13.300682067871094","13.300682067871094","57.895965576171875","57.895965576171875","57.895965576171875","40.78099060058594","40.78099060058594","40.78099060058594","13.160123825073242","13.160123825073242","13.160123825073242"
"12659","57.287601470947266","57.287601470947266","57.287601470947266","39.043540954589844","39.043540954589844","39.043540954589844","13.398815155029297","13.398815155029297","13.398815155029297","57.150901794433594","57.150901794433594","57.150901794433594","39.08994674682617","39.08994674682617","39.08994674682617","13.06454086303711","13.06454086303711","13.06454086303711"
"12689","54.803646087646484","54.803646087646484","54.803646087646484","38.25905227661133","38.25905227661133","38.25905227661133","13.745805740356445","13.745805740356445","13.745805740356445","54.86819076538086","54.86819076538086","54.86819076538086","38.19020080566406","38.19020080566406","38.19020080566406","13.368998527526855","13.368998527526855","13.368998527526855"
"12719","51.1187629699707","51.1187629699707","51.1187629699707","34.609745025634766","34.609745025634766","34.609745025634766","11.92525577545166","11.92525577545166","11.92525577545166","50.932674407958984","50.932674407958984","50.932674407958984","34.638545989990234","34.638545989990234","34.638545989990234","11.629813194274902","11.629813194274902","11.629813194274902"
"12749","56.84695053100586","56.84695053100586","56.84695053100586","37.0379638671875","37.0379638671875","37.0379638671875","13.497098922729492","13.497098922729492","13.497098922729492","56.927284240722656","56.927284240722656","56.927284240722656","36.96361541748047","36.96361541748047","36.96361541748047","13.408220291137695","13.408220291137695","13.408220291137695"
"12779","56.1849365234375","56.1849365234375","56.1849365234375","39.67695617675781","39.67695617675781","39.67695617675781","15.178803443908691","15.178803443908691","15.178803443908691","56.27811050415039","56.27811050415039","56.27811050415039","39.72868728637695","39.72868728637695","39.72868728637695","14.838939666748047","14.838939666748047","14.838939666748047"
"12809","65.54305267333984","65.54305267333984","65.54305267333984","43.16091537475586","43.16091537475586","43.16091537475586","15.934832572937012","15.934832572937012","15.934832572937012","65.39192962646484","65.39192962646484","65.39192962646484","42.990684509277344","42.990684509277344","42.990684509277344","15.505327224731445","15.505327224731445","15.505327224731445"
"12839","58.135379791259766","58.135379791259766","58.135379791259766","40.17425537109375","40.17425537109375","40.17425537109375","14.05522632598877","14.05522632598877","14.05522632598877","57.91877365112305","57.91877365112305","57.91877365112305","40.06705856323242","40.06705856323242","40.06705856323242","13.621427536010742","13.621427536010742","13.621427536010742"
"12869","58.753318786621094","58.753318786621094","58.753318786621094","42.525413513183594","42.525413513183594","42.525413513183594","14.85828971862793","14.85828971862793","14.85828971862793","58.891902923583984","58.891902923583984","58.891902923583984","42.717857360839844","42.717857360839844","42.717857360839844","14.428510665893555","14.428510665893555","14.428510665893555"
"12899","54.807029724121094","54.807029724121094","54.807029724121094","42.32054138183594","42.32054138183594","42.32054138183594","16.627056121826172","16.627056121826172","16.627056121826172","54.91957092285156","54.91957092285156","54.91957092285156","42.45279312133789","42.45279312133789","42.45279312133789","16.415973663330078","16.415973663330078","16.415973663330078"
"12929","58.992889404296875","58.992889404296875","58.992889404296875","39.8887939453125","39.8887939453125","39.8887939453125","13.458075523376465","13.458075523376465","13.458075523376465","59.065574645996094","59.065574645996094","59.065574645996094","39.79845428466797","39.79845428466797","39.79845428466797","13.442536354064941","13.442536354064941","13.442536354064941"
"12959","52.62759017944336","52.62759017944336","52.62759017944336","39.24772644042969","39.24772644042969","39.24772644042969","14.89778995513916","14.89778995513916","14.89778995513916","52.55328369140625","52.55328369140625","52.55328369140625","39.00393295288086","39.00393295288086","39.00393295288086","14.41751766204834","14.41751766204834","14.41751766204834"
"12989","57.040340423583984","57.040340423583984","57.040340423583984","43.62873840332031","43.62873840332031","43.62873840332031","15.986785888671875","15.986785888671875","15.986785888671875","56.8802375793457","56.8802375793457","56.8802375793457","43.507591247558594","43.507591247558594","43.507591247558594","15.592890739440918","15.592890739440918","15.592890739440918"
"13019","58.77452850341797","58.77452850341797","58.77452850341797","41.684574127197266","41.684574127197266","41.684574127197266","14.107223510742188","14.107223510742188","14.107223510742188","58.76655197143555","58.76655197143555","58.76655197143555","41.59033203125","41.59033203125","41.59033203125","14.019745826721191","14.019745826721191","14.019745826721191"
"13049","58.90684509277344","58.90684509277344","58.90684509277344","41.0833740234375","41.0833740234375","41.0833740234375","14.88440227508545","14.88440227508545","14.88440227508545","58.76189422607422","58.76189422607422","58.76189422607422","41.15138244628906","41.15138244628906","41.15138244628906","14.508342742919922","14.508342742919922","14.508342742919922"
"13079","55.30548095703125","55.30548095703125","55.30548095703125","37.46464920043945","37.46464920043945","37.46464920043945","11.420965194702148","11.420965194702148","11.420965194702148","55.360755920410156","55.360755920410156","55.360755920410156","37.413822174072266","37.413822174072266","37.413822174072266","11.289398193359375","11.289398193359375","11.289398193359375"
"13109","52.43558883666992","52.43558883666992","52.43558883666992","37.445594787597656","37.445594787597656","37.445594787597656","14.091645240783691","14.091645240783691","14.091645240783691","52.33896255493164","52.33896255493164","52.33896255493164","37.48524475097656","37.48524475097656","37.48524475097656","14.126290321350098","14.126290321350098","14.126290321350098"
"13139","60.52428436279297","60.52428436279297","60.52428436279297","43.47633743286133","43.47633743286133","43.47633743286133","15.947650909423828","15.947650909423828","15.947650909423828","59.47939682006836","59.47939682006836","59.47939682006836","43.459434509277344","43.459434509277344","43.459434509277344","15.547274589538574","15.547274589538574","15.547274589538574"
"13169","59.86588668823242","59.86588668823242","59.86588668823242","45.053348541259766","45.053348541259766","45.053348541259766","15.736525535583496","15.736525535583496","15.736525535583496","59.91759490966797","59.91759490966797","59.91759490966797","45.215824127197266","45.215824127197266","45.215824127197266","15.524054527282715","15.524054527282715","15.524054527282715"
"13199","57.2886848449707","57.2886848449707","57.2886848449707","39.9646110534668","39.9646110534668","39.9646110534668","14.23498249053955","14.23498249053955","14.23498249053955","57.39337158203125","57.39337158203125","57.39337158203125","39.94101333618164","39.94101333618164","39.94101333618164","13.991678237915039","13.991678237915039","13.991678237915039"
"13229","58.44615936279297","58.44615936279297","58.44615936279297","38.513511657714844","38.513511657714844","38.513511657714844","15.036481857299805","15.036481857299805","15.036481857299805","58.37986373901367","58.37986373901367","58.37986373901367","38.311649322509766","38.311649322509766","38.311649322509766","14.771960258483887","14.771960258483887","14.771960258483887"
"13259","56.35777282714844","56.35777282714844","56.35777282714844","39.811317443847656","39.811317443847656","39.811317443847656","14.562933921813965","14.562933921813965","14.562933921813965","56.277610778808594","56.277610778808594","56.277610778808594","40.00411605834961","40.00411605834961","40.00411605834961","14.7041597366333","14.7041597366333","14.7041597366333"
"13289","56.95751953125","56.95751953125","56.95751953125","37.37372970581055","37.37372970581055","37.37372970581055","14.292170524597168","14.292170524597168","14.292170524597168","56.874725341796875","56.874725341796875","56.874725341796875","37.40861129760742","37.40861129760742","37.40861129760742","13.957428932189941","13.957428932189941","13.957428932189941"
"13319","54.11398696899414","54.11398696899414","54.11398696899414","37.05608367919922","37.05608367919922","37.05608367919922","14.139836311340332","14.139836311340332","14.139836311340332","54.16512680053711","54.16512680053711","54.16512680053711","37.07315444946289","37.07315444946289","37.07315444946289","13.997931480407715","13.997931480407715","13.997931480407715"
"13349","57.13430404663086","57.13430404663086","57.13430404663086","40.62159729003906","40.62159729003906","40.62159729003906","14.09008502960205","14.09008502960205","14.09008502960205","56.98219680786133","56.98219680786133","56.98219680786133","40.49500274658203","40.49500274658203","40.49500274658203","13.8621187210083","13.8621187210083","13.8621187210083"
"13379","56.11973571777344","56.11973571777344","56.11973571777344","41.98672866821289","41.98672866821289","41.98672866821289","16.473031997680664","16.473031997680664","16.473031997680664","55.98933029174805","55.98933029174805","55.98933029174805","41.89164352416992","41.89164352416992","41.89164352416992","16.343564987182617","16.343564987182617","16.343564987182617"
"13409","54.42460632324219","54.42460632324219","54.42460632324219","39.23827362060547","39.23827362060547","39.23827362060547","14.500728607177734","14.500728607177734","14.500728607177734","54.51171875","54.51171875","54.51171875","39.371952056884766","39.371952056884766","39.371952056884766","13.892434120178223","13.892434120178223","13.892434120178223"
"13439","57.41392135620117","57.41392135620117","57.41392135620117","38.81991958618164","38.81991958618164","38.81991958618164","12.453344345092773","12.453344345092773","12.453344345092773","57.001708984375","57.001708984375","57.001708984375","38.71281051635742","38.71281051635742","38.71281051635742","11.923624992370605","11.923624992370605","11.923624992370605"
"13469","58.39839553833008","58.39839553833008","58.39839553833008","40.095794677734375","40.095794677734375","40.095794677734375","14.491569519042969","14.491569519042969","14.491569519042969","58.430458068847656","58.430458068847656","58.430458068847656","40.190673828125","40.190673828125","40.190673828125","14.134714126586914","14.134714126586914","14.134714126586914"
"13499","58.3736686706543","58.3736686706543","58.3736686706543","39.14307403564453","39.14307403564453","39.14307403564453","12.88861083984375","12.88861083984375","12.88861083984375","58.46067428588867","58.46067428588867","58.46067428588867","39.26374053955078","39.26374053955078","39.26374053955078","12.491190910339355","12.491190910339355","12.491190910339355"
"13529","58.35307312011719","58.35307312011719","58.35307312011719","40.18537139892578","40.18537139892578","40.18537139892578","14.67252254486084","14.67252254486084","14.67252254486084","58.35300827026367","58.35300827026367","58.35300827026367","40.174617767333984","40.174617767333984","40.174617767333984","14.396515846252441","14.396515846252441","14.396515846252441"
"13559","61.76351547241211","61.76351547241211","61.76351547241211","42.426639556884766","42.426639556884766","42.426639556884766","14.63591480255127","14.63591480255127","14.63591480255127","61.539920806884766","61.539920806884766","61.539920806884766","42.344444274902344","42.344444274902344","42.344444274902344","14.337409019470215","14.337409019470215","14.337409019470215"
"13589","55.22684097290039","55.22684097290039","55.22684097290039","40.30813217163086","40.30813217163086","40.30813217163086","12.95048999786377","12.95048999786377","12.95048999786377","55.03303527832031","55.03303527832031","55.03303527832031","40.19097900390625","40.19097900390625","40.19097900390625","12.803084373474121","12.803084373474121","12.803084373474121"
"13619","56.42414093017578","56.42414093017578","56.42414093017578","39.8314094543457","39.8314094543457","39.8314094543457","14.1181640625","14.1181640625","14.1181640625","56.4711799621582","56.4711799621582","56.4711799621582","39.72720718383789","39.72720718383789","39.72720718383789","13.886719703674316","13.886719703674316","13.886719703674316"
"13649","57.72032928466797","57.72032928466797","57.72032928466797","38.083580017089844","38.083580017089844","38.083580017089844","12.469972610473633","12.469972610473633","12.469972610473633","57.48667907714844","57.48667907714844","57.48667907714844","38.02736282348633","38.02736282348633","38.02736282348633","12.222769737243652","12.222769737243652","12.222769737243652"
"13679","51.85749816894531","51.85749816894531","51.85749816894531","33.27607727050781","33.27607727050781","33.27607727050781","10.832372665405273","10.832372665405273","10.832372665405273","51.87735366821289","51.87735366821289","51.87735366821289","33.288543701171875","33.288543701171875","33.288543701171875","10.86236572265625","10.86236572265625","10.86236572265625"
"13709","64.84693145751953","64.84693145751953","64.84693145751953","44.107872009277344","44.107872009277344","44.107872009277344","17.213275909423828","17.213275909423828","17.213275909423828","64.69667053222656","64.69667053222656","64.69667053222656","45.96784973144531","45.96784973144531","45.96784973144531","16.80433464050293","16.80433464050293","16.80433464050293"
"13739","56.22999954223633","56.22999954223633","56.22999954223633","34.936767578125","34.936767578125","34.936767578125","11.963275909423828","11.963275909423828","11.963275909423828","56.395057678222656","56.395057678222656","56.395057678222656","35.03444290161133","35.03444290161133","35.03444290161133","11.924966812133789","11.924966812133789","11.924966812133789"
"13769","56.73798751831055","56.73798751831055","56.73798751831055","40.815731048583984","40.815731048583984","40.815731048583984","14.0762300491333","14.0762300491333","14.0762300491333","56.88885498046875","56.88885498046875","56.88885498046875","40.746334075927734","40.746334075927734","40.746334075927734","13.740942001342773","13.740942001342773","13.740942001342773"
"13799","52.83290100097656","52.83290100097656","52.83290100097656","38.714012145996094","38.714012145996094","38.714012145996094","13.246627807617188","13.246627807617188","13.246627807617188","52.944217681884766","52.944217681884766","52.944217681884766","38.58460998535156","38.58460998535156","38.58460998535156","13.073314666748047","13.073314666748047","13.073314666748047"
"13829","54.13973617553711","54.13973617553711","54.13973617553711","39.303428649902344","39.303428649902344","39.303428649902344","12.942971229553223","12.942971229553223","12.942971229553223","53.9351806640625","53.9351806640625","53.9351806640625","39.39847183227539","39.39847183227539","39.39847183227539","12.61373233795166","12.61373233795166","12.61373233795166"
"13859","55.17323684692383","55.17323684692383","55.17323684692383","38.85795974731445","38.85795974731445","38.85795974731445","13.041003227233887","13.041003227233887","13.041003227233887","55.24135208129883","55.24135208129883","55.24135208129883","38.807647705078125","38.807647705078125","38.807647705078125","12.911372184753418","12.911372184753418","12.911372184753418"
"13889","56.56232452392578","56.56232452392578","56.56232452392578","40.893455505371094","40.893455505371094","40.893455505371094","15.198314666748047","15.198314666748047","15.198314666748047","56.64609909057617","56.64609909057617","56.64609909057617","40.98638153076172","40.98638153076172","40.98638153076172","14.522740364074707","14.522740364074707","14.522740364074707"
"13919","54.29795837402344","54.29795837402344","54.29795837402344","39.0750617980957","39.0750617980957","39.0750617980957","15.054047584533691","15.054047584533691","15.054047584533691","54.41391372680664","54.41391372680664","54.41391372680664","39.209720611572266","39.209720611572266","39.209720611572266","14.721630096435547","14.721630096435547","14.721630096435547"
"13949","54.94921112060547","54.94921112060547","54.94921112060547","40.19319534301758","40.19319534301758","40.19319534301758","15.022951126098633","15.022951126098633","15.022951126098633","55.48109817504883","55.48109817504883","55.48109817504883","39.934120178222656","39.934120178222656","39.934120178222656","14.639365196228027","14.639365196228027","14.639365196228027"
"13979","56.243553161621094","56.243553161621094","56.243553161621094","40.793758392333984","40.793758392333984","40.793758392333984","14.833588600158691","14.833588600158691","14.833588600158691","55.935550689697266","55.935550689697266","55.935550689697266","40.84992218017578","40.84992218017578","40.84992218017578","14.169822692871094","14.169822692871094","14.169822692871094"
"14009","52.89746856689453","52.89746856689453","52.89746856689453","35.461177825927734","35.461177825927734","35.461177825927734","13.171331405639648","13.171331405639648","13.171331405639648","52.66649627685547","52.66649627685547","52.66649627685547","35.4123420715332","35.4123420715332","35.4123420715332","12.874198913574219","12.874198913574219","12.874198913574219"
"14039","52.703861236572266","52.703861236572266","52.703861236572266","36.768741607666016","36.768741607666016","36.768741607666016","13.666837692260742","13.666837692260742","13.666837692260742","52.69984436035156","52.69984436035156","52.69984436035156","36.67080307006836","36.67080307006836","36.67080307006836","13.100577354431152","13.100577354431152","13.100577354431152"
"14069","54.36943054199219","54.36943054199219","54.36943054199219","39.58304214477539","39.58304214477539","39.58304214477539","14.022133827209473","14.022133827209473","14.022133827209473","54.36213302612305","54.36213302612305","54.36213302612305","39.40225601196289","39.40225601196289","39.40225601196289","13.879460334777832","13.879460334777832","13.879460334777832"
"14099","58.60174560546875","58.60174560546875","58.60174560546875","43.83121871948242","43.83121871948242","43.83121871948242","17.45720672607422","17.45720672607422","17.45720672607422","58.69900131225586","58.69900131225586","58.69900131225586","43.62843704223633","43.62843704223633","43.62843704223633","17.284570693969727","17.284570693969727","17.284570693969727"
"14129","59.96562957763672","59.96562957763672","59.96562957763672","43.80005645751953","43.80005645751953","43.80005645751953","16.2122802734375","16.2122802734375","16.2122802734375","59.78506851196289","59.78506851196289","59.78506851196289","43.7905158996582","43.7905158996582","43.7905158996582","16.114103317260742","16.114103317260742","16.114103317260742"
"14159","55.27229690551758","55.27229690551758","55.27229690551758","36.327491760253906","36.327491760253906","36.327491760253906","13.693047523498535","13.693047523498535","13.693047523498535","55.543514251708984","55.543514251708984","55.543514251708984","36.1402473449707","36.1402473449707","36.1402473449707","13.470147132873535","13.470147132873535","13.470147132873535"
"14189","48.913265228271484","48.913265228271484","48.913265228271484","32.05316925048828","32.05316925048828","32.05316925048828","10.480644226074219","10.480644226074219","10.480644226074219","49.30549240112305","49.30549240112305","49.30549240112305","31.809831619262695","31.809831619262695","31.809831619262695","10.15688705444336","10.15688705444336","10.15688705444336"
"14219","56.59661102294922","56.59661102294922","56.59661102294922","39.54314422607422","39.54314422607422","39.54314422607422","14.788890838623047","14.788890838623047","14.788890838623047","56.759910583496094","56.759910583496094","56.759910583496094","39.47633361816406","39.47633361816406","39.47633361816406","14.641986846923828","14.641986846923828","14.641986846923828"
"14249","62.10912322998047","62.10912322998047","62.10912322998047","45.51332092285156","45.51332092285156","45.51332092285156","15.305211067199707","15.305211067199707","15.305211067199707","62.11818313598633","62.11818313598633","62.11818313598633","45.35206604003906","45.35206604003906","45.35206604003906","15.083202362060547","15.083202362060547","15.083202362060547"
"14279","48.546669006347656","48.546669006347656","48.546669006347656","29.915884017944336","29.915884017944336","29.915884017944336","10.13053035736084","10.13053035736084","10.13053035736084","48.45948028564453","48.45948028564453","48.45948028564453","30.101253509521484","30.101253509521484","30.101253509521484","10.071966171264648","10.071966171264648","10.071966171264648"
"14309","50.21373748779297","50.21373748779297","50.21373748779297","36.19565200805664","36.19565200805664","36.19565200805664","13.805609703063965","13.805609703063965","13.805609703063965","50.1049690246582","50.1049690246582","50.1049690246582","36.32487106323242","36.32487106323242","36.32487106323242","13.29531478881836","13.29531478881836","13.29531478881836"
"14339","53.55159378051758","53.55159378051758","53.55159378051758","36.17231750488281","36.17231750488281","36.17231750488281","13.392547607421875","13.392547607421875","13.392547607421875","53.44999313354492","53.44999313354492","53.44999313354492","36.30678939819336","36.30678939819336","36.30678939819336","13.055927276611328","13.055927276611328","13.055927276611328"
"14369","51.76385498046875","51.76385498046875","51.76385498046875","34.49811553955078","34.49811553955078","34.49811553955078","14.503952026367188","14.503952026367188","14.503952026367188","51.54325485229492","51.54325485229492","51.54325485229492","34.48214340209961","34.48214340209961","34.48214340209961","14.436176300048828","14.436176300048828","14.436176300048828"
"14399","55.48806381225586","55.48806381225586","55.48806381225586","39.009056091308594","39.009056091308594","39.009056091308594","14.773883819580078","14.773883819580078","14.773883819580078","55.75621032714844","55.75621032714844","55.75621032714844","38.9832763671875","38.9832763671875","38.9832763671875","14.746049880981445","14.746049880981445","14.746049880981445"
"14429","46.27915954589844","46.27915954589844","46.27915954589844","35.236717224121094","35.236717224121094","35.236717224121094","13.377066612243652","13.377066612243652","13.377066612243652","46.47138595581055","46.47138595581055","46.47138595581055","35.08161163330078","35.08161163330078","35.08161163330078","12.647238731384277","12.647238731384277","12.647238731384277"
"14459","50.862361907958984","50.862361907958984","50.862361907958984","35.62994384765625","35.62994384765625","35.62994384765625","11.359106063842773","11.359106063842773","11.359106063842773","50.81039047241211","50.81039047241211","50.81039047241211","35.36444091796875","35.36444091796875","35.36444091796875","11.063106536865234","11.063106536865234","11.063106536865234"
"14489","59.62214660644531","59.62214660644531","59.62214660644531","45.9830207824707","45.9830207824707","45.9830207824707","15.857919692993164","15.857919692993164","15.857919692993164","59.631385803222656","59.631385803222656","59.631385803222656","46.078857421875","46.078857421875","46.078857421875","15.708663940429688","15.708663940429688","15.708663940429688"
"14519","60.25536346435547","60.25536346435547","60.25536346435547","42.937278747558594","42.937278747558594","42.937278747558594","16.16455841064453","16.16455841064453","16.16455841064453","59.870277404785156","59.870277404785156","59.870277404785156","43.032371520996094","43.032371520996094","43.032371520996094","16.210315704345703","16.210315704345703","16.210315704345703"
"14549","55.8994026184082","55.8994026184082","55.8994026184082","37.055747985839844","37.055747985839844","37.055747985839844","13.577280044555664","13.577280044555664","13.577280044555664","55.89387130737305","55.89387130737305","55.89387130737305","37.26251983642578","37.26251983642578","37.26251983642578","13.18682861328125","13.18682861328125","13.18682861328125"
"14579","57.83030319213867","57.83030319213867","57.83030319213867","39.14082336425781","39.14082336425781","39.14082336425781","14.302604675292969","14.302604675292969","14.302604675292969","57.56476593017578","57.56476593017578","57.56476593017578","39.27159881591797","39.27159881591797","39.27159881591797","13.518651962280273","13.518651962280273","13.518651962280273"
"14609","54.599609375","54.599609375","54.599609375","40.51929473876953","40.51929473876953","40.51929473876953","15.133100509643555","15.133100509643555","15.133100509643555","54.6039924621582","54.6039924621582","54.6039924621582","40.474300384521484","40.474300384521484","40.474300384521484","14.84170150756836","14.84170150756836","14.84170150756836"
"14639","54.63460159301758","54.63460159301758","54.63460159301758","35.95365524291992","35.95365524291992","35.95365524291992","13.151744842529297","13.151744842529297","13.151744842529297","54.737186431884766","54.737186431884766","54.737186431884766","35.69772720336914","35.69772720336914","35.69772720336914","12.787370681762695","12.787370681762695","12.787370681762695"
"14669","54.3607063293457","54.3607063293457","54.3607063293457","36.83253479003906","36.83253479003906","36.83253479003906","12.32189655303955","12.32189655303955","12.32189655303955","54.07415008544922","54.07415008544922","54.07415008544922","36.83600997924805","36.83600997924805","36.83600997924805","12.338061332702637","12.338061332702637","12.338061332702637"
"14699","51.80131149291992","51.80131149291992","51.80131149291992","35.56040954589844","35.56040954589844","35.56040954589844","11.7242431640625","11.7242431640625","11.7242431640625","51.62781524658203","51.62781524658203","51.62781524658203","35.51893615722656","35.51893615722656","35.51893615722656","11.655977249145508","11.655977249145508","11.655977249145508"
"14729","55.79034423828125","55.79034423828125","55.79034423828125","36.58631896972656","36.58631896972656","36.58631896972656","12.780915260314941","12.780915260314941","12.780915260314941","55.43659591674805","55.43659591674805","55.43659591674805","36.77850341796875","36.77850341796875","36.77850341796875","12.716103553771973","12.716103553771973","12.716103553771973"
"14759","58.59816360473633","58.59816360473633","58.59816360473633","40.07769775390625","40.07769775390625","40.07769775390625","13.928202629089355","13.928202629089355","13.928202629089355","58.58254623413086","58.58254623413086","58.58254623413086","40.0791015625","40.0791015625","40.0791015625","13.647245407104492","13.647245407104492","13.647245407104492"
"14789","60.42965316772461","60.42965316772461","60.42965316772461","43.07044982910156","43.07044982910156","43.07044982910156","14.996086120605469","14.996086120605469","14.996086120605469","60.297176361083984","60.297176361083984","60.297176361083984","43.091453552246094","43.091453552246094","43.091453552246094","14.668095588684082","14.668095588684082","14.668095588684082"
"14819","59.10009765625","59.10009765625","59.10009765625","40.63345718383789","40.63345718383789","40.63345718383789","14.244101524353027","14.244101524353027","14.244101524353027","59.09172058105469","59.09172058105469","59.09172058105469","40.381370544433594","40.381370544433594","40.381370544433594","13.975607872009277","13.975607872009277","13.975607872009277"
"14849","52.20833206176758","52.20833206176758","52.20833206176758","33.03718566894531","33.03718566894531","33.03718566894531","11.156577110290527","11.156577110290527","11.156577110290527","52.09251022338867","52.09251022338867","52.09251022338867","33.196067810058594","33.196067810058594","33.196067810058594","11.162590980529785","11.162590980529785","11.162590980529785"
"14879","58.48186492919922","58.48186492919922","58.48186492919922","44.12387466430664","44.12387466430664","44.12387466430664","15.865483283996582","15.865483283996582","15.865483283996582","58.29716491699219","58.29716491699219","58.29716491699219","44.216922760009766","44.216922760009766","44.216922760009766","15.449930191040039","15.449930191040039","15.449930191040039"
"14909","54.81928253173828","54.81928253173828","54.81928253173828","38.545955657958984","38.545955657958984","38.545955657958984","12.85688591003418","12.85688591003418","12.85688591003418","54.66265106201172","54.66265106201172","54.66265106201172","38.591285705566406","38.591285705566406","38.591285705566406","12.659168243408203","12.659168243408203","12.659168243408203"
"14939","58.38105392456055","58.38105392456055","58.38105392456055","38.35018539428711","38.35018539428711","38.35018539428711","11.073378562927246","11.073378562927246","11.073378562927246","56.758056640625","56.758056640625","56.758056640625","36.09607696533203","36.09607696533203","36.09607696533203","11.12962818145752","11.12962818145752","11.12962818145752"
"14969","57.08987045288086","57.08987045288086","57.08987045288086","41.47052764892578","41.47052764892578","41.47052764892578","13.87394905090332","13.87394905090332","13.87394905090332","57.062557220458984","57.062557220458984","57.062557220458984","41.341190338134766","41.341190338134766","41.341190338134766","13.8851900100708","13.8851900100708","13.8851900100708"
"14999","50.45845413208008","50.45845413208008","50.45845413208008","34.519954681396484","34.519954681396484","34.519954681396484","12.268542289733887","12.268542289733887","12.268542289733887","50.45454788208008","50.45454788208008","50.45454788208008","34.53692626953125","34.53692626953125","34.53692626953125","11.99258804321289","11.99258804321289","11.99258804321289"
"15029","62.00223159790039","62.00223159790039","62.00223159790039","42.68699264526367","42.68699264526367","42.68699264526367","15.091017723083496","15.091017723083496","15.091017723083496","62.16579055786133","62.16579055786133","62.16579055786133","42.70480728149414","42.70480728149414","42.70480728149414","14.799362182617188","14.799362182617188","14.799362182617188"
"15059","50.78007888793945","50.78007888793945","50.78007888793945","34.29737854003906","34.29737854003906","34.29737854003906","11.236173629760742","11.236173629760742","11.236173629760742","50.80486297607422","50.80486297607422","50.80486297607422","34.37205123901367","34.37205123901367","34.37205123901367","11.026599884033203","11.026599884033203","11.026599884033203"
"15089","55.66179656982422","55.66179656982422","55.66179656982422","37.0527229309082","37.0527229309082","37.0527229309082","13.218127250671387","13.218127250671387","13.218127250671387","55.873748779296875","55.873748779296875","55.873748779296875","37.03375244140625","37.03375244140625","37.03375244140625","13.022440910339355","13.022440910339355","13.022440910339355"
"15119","51.344032287597656","51.344032287597656","51.344032287597656","39.031822204589844","39.031822204589844","39.031822204589844","14.678000450134277","14.678000450134277","14.678000450134277","51.097816467285156","51.097816467285156","51.097816467285156","39.15410232543945","39.15410232543945","39.15410232543945","14.305747032165527","14.305747032165527","14.305747032165527"
"15149","54.55072021484375","54.55072021484375","54.55072021484375","37.166622161865234","37.166622161865234","37.166622161865234","13.940207481384277","13.940207481384277","13.940207481384277","54.636287689208984","54.636287689208984","54.636287689208984","37.05746841430664","37.05746841430664","37.05746841430664","14.006691932678223","14.006691932678223","14.006691932678223"
"15179","51.8739013671875","51.8739013671875","51.8739013671875","36.67343521118164","36.67343521118164","36.67343521118164","13.238115310668945","13.238115310668945","13.238115310668945","51.78349304199219","51.78349304199219","51.78349304199219","36.705787658691406","36.705787658691406","36.705787658691406","12.968812942504883","12.968812942504883","12.968812942504883"
"15209","55.40224075317383","55.40224075317383","55.40224075317383","36.89725112915039","36.89725112915039","36.89725112915039","13.29509449005127","13.29509449005127","13.29509449005127","55.58171081542969","55.58171081542969","55.58171081542969","36.78956604003906","36.78956604003906","36.78956604003906","13.299736976623535","13.299736976623535","13.299736976623535"
"15239","53.84602355957031","53.84602355957031","53.84602355957031","38.84404373168945","38.84404373168945","38.84404373168945","13.566855430603027","13.566855430603027","13.566855430603027","53.841522216796875","53.841522216796875","53.841522216796875","38.90255355834961","38.90255355834961","38.90255355834961","13.240937232971191","13.240937232971191","13.240937232971191"
"15269","56.50362014770508","56.50362014770508","56.50362014770508","42.71855926513672","42.71855926513672","42.71855926513672","15.42381763458252","15.42381763458252","15.42381763458252","56.48005294799805","56.48005294799805","56.48005294799805","42.548797607421875","42.548797607421875","42.548797607421875","15.509578704833984","15.509578704833984","15.509578704833984"
"15299","52.759071350097656","52.759071350097656","52.759071350097656","40.22293472290039","40.22293472290039","40.22293472290039","14.030558586120605","14.030558586120605","14.030558586120605","52.67152404785156","52.67152404785156","52.67152404785156","40.11408233642578","40.11408233642578","40.11408233642578","13.763651847839355","13.763651847839355","13.763651847839355"
"15329","55.29447555541992","55.29447555541992","55.29447555541992","43.11771011352539","43.11771011352539","43.11771011352539","15.475334167480469","15.475334167480469","15.475334167480469","55.19860076904297","55.19860076904297","55.19860076904297","42.96207046508789","42.96207046508789","42.96207046508789","15.04753589630127","15.04753589630127","15.04753589630127"
"15359","50.146453857421875","50.146453857421875","50.146453857421875","37.666316986083984","37.666316986083984","37.666316986083984","13.407397270202637","13.407397270202637","13.407397270202637","50.065555572509766","50.065555572509766","50.065555572509766","37.74636459350586","37.74636459350586","37.74636459350586","13.438426971435547","13.438426971435547","13.438426971435547"
"15389","49.13412094116211","49.13412094116211","49.13412094116211","33.685245513916016","33.685245513916016","33.685245513916016","11.340929985046387","11.340929985046387","11.340929985046387","48.91788101196289","48.91788101196289","48.91788101196289","33.733726501464844","33.733726501464844","33.733726501464844","10.894577026367188","10.894577026367188","10.894577026367188"
"15419","53.110107421875","53.110107421875","53.110107421875","37.16090393066406","37.16090393066406","37.16090393066406","14.19961929321289","14.19961929321289","14.19961929321289","53.14689254760742","53.14689254760742","53.14689254760742","37.047969818115234","37.047969818115234","37.047969818115234","13.76601791381836","13.76601791381836","13.76601791381836"
"15449","60.42259979248047","60.42259979248047","60.42259979248047","40.80205535888672","40.80205535888672","40.80205535888672","14.3626070022583","14.3626070022583","14.3626070022583","60.11283874511719","60.11283874511719","60.11283874511719","40.51240539550781","40.51240539550781","40.51240539550781","14.688106536865234","14.688106536865234","14.688106536865234"
"15479","51.939979553222656","51.939979553222656","51.939979553222656","35.04523849487305","35.04523849487305","35.04523849487305","12.728014945983887","12.728014945983887","12.728014945983887","52.26747512817383","52.26747512817383","52.26747512817383","35.326416015625","35.326416015625","35.326416015625","12.709006309509277","12.709006309509277","12.709006309509277"
"15509","57.891326904296875","57.891326904296875","57.891326904296875","36.77407455444336","36.77407455444336","36.77407455444336","14.476850509643555","14.476850509643555","14.476850509643555","57.64779281616211","57.64779281616211","57.64779281616211","37.07750701904297","37.07750701904297","37.07750701904297","14.272422790527344","14.272422790527344","14.272422790527344"
"15539","59.7193603515625","59.7193603515625","59.7193603515625","39.1869010925293","39.1869010925293","39.1869010925293","13.27768611907959","13.27768611907959","13.27768611907959","59.5592155456543","59.5592155456543","59.5592155456543","39.19903564453125","39.19903564453125","39.19903564453125","12.941137313842773","12.941137313842773","12.941137313842773"
"15569","63.65869140625","63.65869140625","63.65869140625","45.56398391723633","45.56398391723633","45.56398391723633","15.652094841003418","15.652094841003418","15.652094841003418","63.53882598876953","63.53882598876953","63.53882598876953","45.935604095458984","45.935604095458984","45.935604095458984","15.291261672973633","15.291261672973633","15.291261672973633"
"15599","55.189247131347656","55.189247131347656","55.189247131347656","36.111392974853516","36.111392974853516","36.111392974853516","12.767251014709473","12.767251014709473","12.767251014709473","55.01409912109375","55.01409912109375","55.01409912109375","36.04088592529297","36.04088592529297","36.04088592529297","12.583314895629883","12.583314895629883","12.583314895629883"
"15629","57.63804626464844","57.63804626464844","57.63804626464844","40.481483459472656","40.481483459472656","40.481483459472656","14.81509017944336","14.81509017944336","14.81509017944336","57.71162033081055","57.71162033081055","57.71162033081055","40.692222595214844","40.692222595214844","40.692222595214844","14.59609603881836","14.59609603881836","14.59609603881836"
"15659","54.74509811401367","54.74509811401367","54.74509811401367","37.50881576538086","37.50881576538086","37.50881576538086","12.90045166015625","12.90045166015625","12.90045166015625","54.6419563293457","54.6419563293457","54.6419563293457","37.366058349609375","37.366058349609375","37.366058349609375","12.765531539916992","12.765531539916992","12.765531539916992"
"15689","53.31752014160156","53.31752014160156","53.31752014160156","40.99192428588867","40.99192428588867","40.99192428588867","15.488993644714355","15.488993644714355","15.488993644714355","53.22645568847656","53.22645568847656","53.22645568847656","40.72901916503906","40.72901916503906","40.72901916503906","15.244643211364746","15.244643211364746","15.244643211364746"
"15719","54.714656829833984","54.714656829833984","54.714656829833984","37.50193405151367","37.50193405151367","37.50193405151367","14.528508186340332","14.528508186340332","14.528508186340332","54.76570129394531","54.76570129394531","54.76570129394531","37.431758880615234","37.431758880615234","37.431758880615234","14.477720260620117","14.477720260620117","14.477720260620117"
"15749","52.192684173583984","52.192684173583984","52.192684173583984","35.034568786621094","35.034568786621094","35.034568786621094","12.168471336364746","12.168471336364746","12.168471336364746","52.45671081542969","52.45671081542969","52.45671081542969","34.80845260620117","34.80845260620117","34.80845260620117","12.249801635742188","12.249801635742188","12.249801635742188"
"15779","60.61029815673828","60.61029815673828","60.61029815673828","43.69632339477539","43.69632339477539","43.69632339477539","15.208613395690918","15.208613395690918","15.208613395690918","60.63690185546875","60.63690185546875","60.63690185546875","43.86373519897461","43.86373519897461","43.86373519897461","14.694132804870605","14.694132804870605","14.694132804870605"
"15809","62.628963470458984","62.628963470458984","62.628963470458984","43.81589126586914","43.81589126586914","43.81589126586914","13.913897514343262","13.913897514343262","13.913897514343262","62.82754135131836","62.82754135131836","62.82754135131836","43.64289093017578","43.64289093017578","43.64289093017578","13.800415992736816","13.800415992736816","13.800415992736816"
"15839","49.49614334106445","49.49614334106445","49.49614334106445","35.508785247802734","35.508785247802734","35.508785247802734","12.548751831054688","12.548751831054688","12.548751831054688","49.79625701904297","49.79625701904297","49.79625701904297","35.59735107421875","35.59735107421875","35.59735107421875","12.796584129333496","12.796584129333496","12.796584129333496"
"15869","62.29759979248047","62.29759979248047","62.29759979248047","43.87649917602539","43.87649917602539","43.87649917602539","15.248266220092773","15.248266220092773","15.248266220092773","62.53173828125","62.53173828125","62.53173828125","43.775718688964844","43.775718688964844","43.775718688964844","14.986459732055664","14.986459732055664","14.986459732055664"
"15899","53.64652633666992","53.64652633666992","53.64652633666992","37.23633575439453","37.23633575439453","37.23633575439453","13.447758674621582","13.447758674621582","13.447758674621582","53.60835266113281","53.60835266113281","53.60835266113281","37.38782501220703","37.38782501220703","37.38782501220703","13.115440368652344","13.115440368652344","13.115440368652344"
"15929","56.37457275390625","56.37457275390625","56.37457275390625","40.044921875","40.044921875","40.044921875","14.905810356140137","14.905810356140137","14.905810356140137","56.12258529663086","56.12258529663086","56.12258529663086","37.31228256225586","37.31228256225586","37.31228256225586","14.76204776763916","14.76204776763916","14.76204776763916"
"15959","56.121341705322266","56.121341705322266","56.121341705322266","40.77981948852539","40.77981948852539","40.77981948852539","13.513880729675293","13.513880729675293","13.513880729675293","56.44105529785156","56.44105529785156","56.44105529785156","40.7511100769043","40.7511100769043","40.7511100769043","13.24715518951416","13.24715518951416","13.24715518951416"
"15989","56.2541389465332","56.2541389465332","56.2541389465332","39.05568313598633","39.05568313598633","39.05568313598633","15.6096773147583","15.6096773147583","15.6096773147583","56.10248565673828","56.10248565673828","56.10248565673828","39.21392822265625","39.21392822265625","39.21392822265625","15.612886428833008","15.612886428833008","15.612886428833008"
"16019","55.33369445800781","55.33369445800781","55.33369445800781","40.58552932739258","40.58552932739258","40.58552932739258","14.614301681518555","14.614301681518555","14.614301681518555","55.24519348144531","55.24519348144531","55.24519348144531","40.53293991088867","40.53293991088867","40.53293991088867","14.408797264099121","14.408797264099121","14.408797264099121"
"16049","55.60758590698242","55.60758590698242","55.60758590698242","36.83711242675781","36.83711242675781","36.83711242675781","13.060251235961914","13.060251235961914","13.060251235961914","55.76241683959961","55.76241683959961","55.76241683959961","36.97380447387695","36.97380447387695","36.97380447387695","12.91792106628418","12.91792106628418","12.91792106628418"
"16079","55.571937561035156","55.571937561035156","55.571937561035156","38.35968780517578","38.35968780517578","38.35968780517578","14.158425331115723","14.158425331115723","14.158425331115723","55.50104522705078","55.50104522705078","55.50104522705078","38.60081100463867","38.60081100463867","38.60081100463867","14.049418449401855","14.049418449401855","14.049418449401855"
"16109","57.81041717529297","57.81041717529297","57.81041717529297","40.30600357055664","40.30600357055664","40.30600357055664","15.028684616088867","15.028684616088867","15.028684616088867","57.70741271972656","57.70741271972656","57.70741271972656","40.09807205200195","40.09807205200195","40.09807205200195","14.550942420959473","14.550942420959473","14.550942420959473"
"16139","57.2191047668457","57.2191047668457","57.2191047668457","37.79050064086914","37.79050064086914","37.79050064086914","13.498109817504883","13.498109817504883","13.498109817504883","57.75224304199219","57.75224304199219","57.75224304199219","38.11800765991211","38.11800765991211","38.11800765991211","13.439098358154297","13.439098358154297","13.439098358154297"
"16169","53.08525085449219","53.08525085449219","53.08525085449219","35.53976821899414","35.53976821899414","35.53976821899414","12.644238471984863","12.644238471984863","12.644238471984863","53.281288146972656","53.281288146972656","53.281288146972656","35.59731674194336","35.59731674194336","35.59731674194336","12.645402908325195","12.645402908325195","12.645402908325195"
"16199","57.441444396972656","57.441444396972656","57.441444396972656","38.0549201965332","38.0549201965332","38.0549201965332","13.456525802612305","13.456525802612305","13.456525802612305","57.586219787597656","57.586219787597656","57.586219787597656","38.119075775146484","38.119075775146484","38.119075775146484","12.91701889038086","12.91701889038086","12.91701889038086"
"16229","53.234622955322266","53.234622955322266","53.234622955322266","36.80622100830078","36.80622100830078","36.80622100830078","12.63104248046875","12.63104248046875","12.63104248046875","53.62830352783203","53.62830352783203","53.62830352783203","36.65968322753906","36.65968322753906","36.65968322753906","12.433040618896484","12.433040618896484","12.433040618896484"
"16259","56.17034912109375","56.17034912109375","56.17034912109375","38.99582290649414","38.99582290649414","38.99582290649414","13.081501007080078","13.081501007080078","13.081501007080078","56.52128219604492","56.52128219604492","56.52128219604492","39.422607421875","39.422607421875","39.422607421875","12.892481803894043","12.892481803894043","12.892481803894043"
"16289","50.627201080322266","50.627201080322266","50.627201080322266","34.119197845458984","34.119197845458984","34.119197845458984","12.131258010864258","12.131258010864258","12.131258010864258","50.52734375","50.52734375","50.52734375","33.9384651184082","33.9384651184082","33.9384651184082","11.954891204833984","11.954891204833984","11.954891204833984"
"16319","54.55316925048828","54.55316925048828","54.55316925048828","35.853511810302734","35.853511810302734","35.853511810302734","12.507644653320312","12.507644653320312","12.507644653320312","54.703372955322266","54.703372955322266","54.703372955322266","35.86267852783203","35.86267852783203","35.86267852783203","12.354251861572266","12.354251861572266","12.354251861572266"
"16349","55.73533248901367","55.73533248901367","55.73533248901367","40.74195861816406","40.74195861816406","40.74195861816406","14.337899208068848","14.337899208068848","14.337899208068848","55.58776092529297","55.58776092529297","55.58776092529297","44.84592819213867","44.84592819213867","44.84592819213867","13.785452842712402","13.785452842712402","13.785452842712402"
"16379","49.02703094482422","49.02703094482422","49.02703094482422","34.21097183227539","34.21097183227539","34.21097183227539","13.465524673461914","13.465524673461914","13.465524673461914","49.04478454589844","49.04478454589844","49.04478454589844","34.46125793457031","34.46125793457031","34.46125793457031","13.007184982299805","13.007184982299805","13.007184982299805"
"16409","60.15617370605469","60.15617370605469","60.15617370605469","42.04471969604492","42.04471969604492","42.04471969604492","15.027997970581055","15.027997970581055","15.027997970581055","60.15047836303711","60.15047836303711","60.15047836303711","41.88290786743164","41.88290786743164","41.88290786743164","14.575136184692383","14.575136184692383","14.575136184692383"
"16439","54.81633758544922","54.81633758544922","54.81633758544922","38.10277557373047","38.10277557373047","38.10277557373047","13.689982414245605","13.689982414245605","13.689982414245605","55.199344635009766","55.199344635009766","55.199344635009766","38.35629653930664","38.35629653930664","38.35629653930664","13.623802185058594","13.623802185058594","13.623802185058594"
"16469","52.77337646484375","52.77337646484375","52.77337646484375","33.49366760253906","33.49366760253906","33.49366760253906","11.917155265808105","11.917155265808105","11.917155265808105","52.68313980102539","52.68313980102539","52.68313980102539","33.495845794677734","33.495845794677734","33.495845794677734","11.72869873046875","11.72869873046875","11.72869873046875"
"16499","57.44874954223633","57.44874954223633","57.44874954223633","40.4910888671875","40.4910888671875","40.4910888671875","14.919953346252441","14.919953346252441","14.919953346252441","57.62178421020508","57.62178421020508","57.62178421020508","40.742549896240234","40.742549896240234","40.742549896240234","14.416000366210938","14.416000366210938","14.416000366210938"
"16529","56.592987060546875","56.592987060546875","56.592987060546875","34.4322624206543","34.4322624206543","34.4322624206543","13.028141975402832","13.028141975402832","13.028141975402832","56.6037483215332","56.6037483215332","56.6037483215332","34.52513885498047","34.52513885498047","34.52513885498047","12.9393892288208","12.9393892288208","12.9393892288208"
"16559","51.83510971069336","51.83510971069336","51.83510971069336","34.51872634887695","34.51872634887695","34.51872634887695","12.396546363830566","12.396546363830566","12.396546363830566","51.73432159423828","51.73432159423828","51.73432159423828","34.52324676513672","34.52324676513672","34.52324676513672","12.195414543151855","12.195414543151855","12.195414543151855"
"16589","56.271484375","56.271484375","56.271484375","36.48517608642578","36.48517608642578","36.48517608642578","12.831100463867188","12.831100463867188","12.831100463867188","56.15990447998047","56.15990447998047","56.15990447998047","36.40179443359375","36.40179443359375","36.40179443359375","12.416144371032715","12.416144371032715","12.416144371032715"
"16619","49.69868087768555","49.69868087768555","49.69868087768555","35.85780715942383","35.85780715942383","35.85780715942383","12.162437438964844","12.162437438964844","12.162437438964844","49.79853439331055","49.79853439331055","49.79853439331055","35.965694427490234","35.965694427490234","35.965694427490234","11.782404899597168","11.782404899597168","11.782404899597168"
"16649","59.26083755493164","59.26083755493164","59.26083755493164","42.202693939208984","42.202693939208984","42.202693939208984","15.259592056274414","15.259592056274414","15.259592056274414","59.493865966796875","59.493865966796875","59.493865966796875","42.19839096069336","42.19839096069336","42.19839096069336","15.089644432067871","15.089644432067871","15.089644432067871"
"16679","62.69371795654297","62.69371795654297","62.69371795654297","44.98355484008789","44.98355484008789","44.98355484008789","13.801936149597168","13.801936149597168","13.801936149597168","62.90822219848633","62.90822219848633","62.90822219848633","47.33000946044922","47.33000946044922","47.33000946044922","13.704915046691895","13.704915046691895","13.704915046691895"
"16709","54.17837905883789","54.17837905883789","54.17837905883789","40.82669448852539","40.82669448852539","40.82669448852539","16.136106491088867","16.136106491088867","16.136106491088867","54.42801284790039","54.42801284790039","54.42801284790039","40.470054626464844","40.470054626464844","40.470054626464844","15.619765281677246","15.619765281677246","15.619765281677246"
"16739","59.61890411376953","59.61890411376953","59.61890411376953","38.3197021484375","38.3197021484375","38.3197021484375","13.618349075317383","13.618349075317383","13.618349075317383","59.697723388671875","59.697723388671875","59.697723388671875","38.51426315307617","38.51426315307617","38.51426315307617","13.384177207946777","13.384177207946777","13.384177207946777"
"16769","59.67517852783203","59.67517852783203","59.67517852783203","42.23051071166992","42.23051071166992","42.23051071166992","15.181044578552246","15.181044578552246","15.181044578552246","59.759124755859375","59.759124755859375","59.759124755859375","42.34080123901367","42.34080123901367","42.34080123901367","14.43502140045166","14.43502140045166","14.43502140045166"
"16799","53.671913146972656","53.671913146972656","53.671913146972656","38.510135650634766","38.510135650634766","38.510135650634766","14.04955768585205","14.04955768585205","14.04955768585205","53.44962692260742","53.44962692260742","53.44962692260742","38.2838020324707","38.2838020324707","38.2838020324707","13.962324142456055","13.962324142456055","13.962324142456055"
"16829","55.43324279785156","55.43324279785156","55.43324279785156","35.59761047363281","35.59761047363281","35.59761047363281","11.660847663879395","11.660847663879395","11.660847663879395","55.60181427001953","55.60181427001953","55.60181427001953","35.79056930541992","35.79056930541992","35.79056930541992","11.357914924621582","11.357914924621582","11.357914924621582"
"16859","51.66897201538086","51.66897201538086","51.66897201538086","34.75091552734375","34.75091552734375","34.75091552734375","13.160655975341797","13.160655975341797","13.160655975341797","51.70335006713867","51.70335006713867","51.70335006713867","34.74836349487305","34.74836349487305","34.74836349487305","12.909812927246094","12.909812927246094","12.909812927246094"
"16889","61.348690032958984","61.348690032958984","61.348690032958984","44.67302703857422","44.67302703857422","44.67302703857422","14.226564407348633","14.226564407348633","14.226564407348633","62.09693145751953","62.09693145751953","62.09693145751953","44.17546844482422","44.17546844482422","44.17546844482422","13.784403800964355","13.784403800964355","13.784403800964355"
"16919","57.54738235473633","57.54738235473633","57.54738235473633","42.130462646484375","42.130462646484375","42.130462646484375","16.292131423950195","16.292131423950195","16.292131423950195","57.083030700683594","57.083030700683594","57.083030700683594","42.74821090698242","42.74821090698242","42.74821090698242","15.910202026367188","15.910202026367188","15.910202026367188"
"16949","55.50104522705078","55.50104522705078","55.50104522705078","38.64358901977539","38.64358901977539","38.64358901977539","13.614384651184082","13.614384651184082","13.614384651184082","55.3608283996582","55.3608283996582","55.3608283996582","38.81077575683594","38.81077575683594","38.81077575683594","13.33401870727539","13.33401870727539","13.33401870727539"
"16979","59.198299407958984","59.198299407958984","59.198299407958984","40.94943618774414","40.94943618774414","40.94943618774414","14.15261459350586","14.15261459350586","14.15261459350586","59.4669075012207","59.4669075012207","59.4669075012207","40.84534454345703","40.84534454345703","40.84534454345703","13.902863502502441","13.902863502502441","13.902863502502441"
"17009","54.69501495361328","54.69501495361328","54.69501495361328","37.712669372558594","37.712669372558594","37.712669372558594","13.209745407104492","13.209745407104492","13.209745407104492","54.75929641723633","54.75929641723633","54.75929641723633","37.83720397949219","37.83720397949219","37.83720397949219","13.266154289245605","13.266154289245605","13.266154289245605"
"17039","55.20249557495117","55.20249557495117","55.20249557495117","38.72883605957031","38.72883605957031","38.72883605957031","13.497356414794922","13.497356414794922","13.497356414794922","54.78491973876953","54.78491973876953","54.78491973876953","38.520320892333984","38.520320892333984","38.520320892333984","13.294285774230957","13.294285774230957","13.294285774230957"
"17069","49.25038528442383","49.25038528442383","49.25038528442383","36.133445739746094","36.133445739746094","36.133445739746094","14.303665161132812","14.303665161132812","14.303665161132812","49.201473236083984","49.201473236083984","49.201473236083984","36.13758087158203","36.13758087158203","36.13758087158203","14.327725410461426","14.327725410461426","14.327725410461426"
"17099","53.02288055419922","53.02288055419922","53.02288055419922","36.06570816040039","36.06570816040039","36.06570816040039","12.436274528503418","12.436274528503418","12.436274528503418","53.018577575683594","53.018577575683594","53.018577575683594","36.028629302978516","36.028629302978516","36.028629302978516","12.150691986083984","12.150691986083984","12.150691986083984"
"17129","50.83479309082031","50.83479309082031","50.83479309082031","35.088523864746094","35.088523864746094","35.088523864746094","13.180255889892578","13.180255889892578","13.180255889892578","50.914852142333984","50.914852142333984","50.914852142333984","35.2604866027832","35.2604866027832","35.2604866027832","12.682076454162598","12.682076454162598","12.682076454162598"
"17159","57.77037811279297","57.77037811279297","57.77037811279297","42.2080078125","42.2080078125","42.2080078125","14.625319480895996","14.625319480895996","14.625319480895996","57.9321174621582","57.9321174621582","57.9321174621582","42.21941375732422","42.21941375732422","42.21941375732422","14.415616035461426","14.415616035461426","14.415616035461426"
"17189","57.15419387817383","57.15419387817383","57.15419387817383","42.3725471496582","42.3725471496582","42.3725471496582","14.997825622558594","14.997825622558594","14.997825622558594","57.29911422729492","57.29911422729492","57.29911422729492","42.55865478515625","42.55865478515625","42.55865478515625","14.824172019958496","14.824172019958496","14.824172019958496"
"17219","57.25624084472656","57.25624084472656","57.25624084472656","38.81056213378906","38.81056213378906","38.81056213378906","13.33937931060791","13.33937931060791","13.33937931060791","57.36111831665039","57.36111831665039","57.36111831665039","38.7963752746582","38.7963752746582","38.7963752746582","13.19033145904541","13.19033145904541","13.19033145904541"
"17249","50.18726348876953","50.18726348876953","50.18726348876953","33.032470703125","33.032470703125","33.032470703125","12.36655330657959","12.36655330657959","12.36655330657959","50.25528335571289","50.25528335571289","50.25528335571289","33.11330795288086","33.11330795288086","33.11330795288086","12.17723560333252","12.17723560333252","12.17723560333252"
"17279","54.41288757324219","54.41288757324219","54.41288757324219","37.0064582824707","37.0064582824707","37.0064582824707","14.416544914245605","14.416544914245605","14.416544914245605","54.52437973022461","54.52437973022461","54.52437973022461","37.14303970336914","37.14303970336914","37.14303970336914","14.085780143737793","14.085780143737793","14.085780143737793"
"17309","53.01211929321289","53.01211929321289","53.01211929321289","35.57360076904297","35.57360076904297","35.57360076904297","13.116331100463867","13.116331100463867","13.116331100463867","52.87403869628906","52.87403869628906","52.87403869628906","35.48029708862305","35.48029708862305","35.48029708862305","12.906631469726562","12.906631469726562","12.906631469726562"
"17339","50.71251678466797","50.71251678466797","50.71251678466797","34.84548568725586","34.84548568725586","34.84548568725586","11.932150840759277","11.932150840759277","11.932150840759277","50.555320739746094","50.555320739746094","50.555320739746094","35.24292755126953","35.24292755126953","35.24292755126953","11.82472038269043","11.82472038269043","11.82472038269043"
"17369","56.341522216796875","56.341522216796875","56.341522216796875","40.41215896606445","40.41215896606445","40.41215896606445","14.09390640258789","14.09390640258789","14.09390640258789","56.455810546875","56.455810546875","56.455810546875","40.58015823364258","40.58015823364258","40.58015823364258","14.34627914428711","14.34627914428711","14.34627914428711"
"17399","58.19197082519531","58.19197082519531","58.19197082519531","38.30050277709961","38.30050277709961","38.30050277709961","13.563385963439941","13.563385963439941","13.563385963439941","57.58700180053711","57.58700180053711","57.58700180053711","38.212547302246094","38.212547302246094","38.212547302246094","13.00314998626709","13.00314998626709","13.00314998626709"
"17429","56.02821731567383","56.02821731567383","56.02821731567383","41.00846481323242","41.00846481323242","41.00846481323242","15.296142578125","15.296142578125","15.296142578125","56.11373519897461","56.11373519897461","56.11373519897461","40.77472686767578","40.77472686767578","40.77472686767578","14.979647636413574","14.979647636413574","14.979647636413574"
"17459","60.460506439208984","60.460506439208984","60.460506439208984","39.162353515625","39.162353515625","39.162353515625","14.982860565185547","14.982860565185547","14.982860565185547","60.30988311767578","60.30988311767578","60.30988311767578","39.390602111816406","39.390602111816406","39.390602111816406","14.936285018920898","14.936285018920898","14.936285018920898"
"17489","51.76427459716797","51.76427459716797","51.76427459716797","33.18603515625","33.18603515625","33.18603515625","11.867668151855469","11.867668151855469","11.867668151855469","52.30797576904297","52.30797576904297","52.30797576904297","33.74980545043945","33.74980545043945","33.74980545043945","11.371438026428223","11.371438026428223","11.371438026428223"
"17519","51.049720764160156","51.049720764160156","51.049720764160156","35.526180267333984","35.526180267333984","35.526180267333984","12.267651557922363","12.267651557922363","12.267651557922363","50.90952682495117","50.90952682495117","50.90952682495117","35.54954528808594","35.54954528808594","35.54954528808594","12.29704761505127","12.29704761505127","12.29704761505127"
"17549","52.667625427246094","52.667625427246094","52.667625427246094","36.51685333251953","36.51685333251953","36.51685333251953","14.272614479064941","14.272614479064941","14.272614479064941","52.7364387512207","52.7364387512207","52.7364387512207","36.48927307128906","36.48927307128906","36.48927307128906","14.0091552734375","14.0091552734375","14.0091552734375"
"17579","54.36004638671875","54.36004638671875","54.36004638671875","38.20975112915039","38.20975112915039","38.20975112915039","12.89755916595459","12.89755916595459","12.89755916595459","54.52424621582031","54.52424621582031","54.52424621582031","38.375423431396484","38.375423431396484","38.375423431396484","13.048202514648438","13.048202514648438","13.048202514648438"
"17609","58.35919952392578","58.35919952392578","58.35919952392578","41.9815559387207","41.9815559387207","41.9815559387207","16.324020385742188","16.324020385742188","16.324020385742188","58.33361053466797","58.33361053466797","58.33361053466797","42.057743072509766","42.057743072509766","42.057743072509766","15.664578437805176","15.664578437805176","15.664578437805176"
"17639","54.27102279663086","54.27102279663086","54.27102279663086","38.44265365600586","38.44265365600586","38.44265365600586","14.455105781555176","14.455105781555176","14.455105781555176","54.34246826171875","54.34246826171875","54.34246826171875","38.606536865234375","38.606536865234375","38.606536865234375","14.108989715576172","14.108989715576172","14.108989715576172"
"17669","54.38565444946289","54.38565444946289","54.38565444946289","41.83103561401367","41.83103561401367","41.83103561401367","15.699142456054688","15.699142456054688","15.699142456054688","54.416561126708984","54.416561126708984","54.416561126708984","41.74913024902344","41.74913024902344","41.74913024902344","15.40945053100586","15.40945053100586","15.40945053100586"
"17699","50.745750427246094","50.745750427246094","50.745750427246094","37.35938262939453","37.35938262939453","37.35938262939453","13.508894920349121","13.508894920349121","13.508894920349121","50.90474319458008","50.90474319458008","50.90474319458008","37.481266021728516","37.481266021728516","37.481266021728516","13.25250244140625","13.25250244140625","13.25250244140625"
"17729","49.74476623535156","49.74476623535156","49.74476623535156","33.950706481933594","33.950706481933594","33.950706481933594","12.487123489379883","12.487123489379883","12.487123489379883","49.89234924316406","49.89234924316406","49.89234924316406","34.097843170166016","34.097843170166016","34.097843170166016","12.279610633850098","12.279610633850098","12.279610633850098"
"17759","54.72001647949219","54.72001647949219","54.72001647949219","36.84042739868164","36.84042739868164","36.84042739868164","14.097412109375","14.097412109375","14.097412109375","54.280067443847656","54.280067443847656","54.280067443847656","37.03363037109375","37.03363037109375","37.03363037109375","13.54789924621582","13.54789924621582","13.54789924621582"
"17789","53.50618362426758","53.50618362426758","53.50618362426758","36.8503532409668","36.8503532409668","36.8503532409668","13.48763656616211","13.48763656616211","13.48763656616211","53.52987289428711","53.52987289428711","53.52987289428711","36.75459671020508","36.75459671020508","36.75459671020508","13.133614540100098","13.133614540100098","13.133614540100098"
"17819","49.53254699707031","49.53254699707031","49.53254699707031","34.06100082397461","34.06100082397461","34.06100082397461","11.611773490905762","11.611773490905762","11.611773490905762","49.15327453613281","49.15327453613281","49.15327453613281","33.78208923339844","33.78208923339844","33.78208923339844","11.392475128173828","11.392475128173828","11.392475128173828"
"17849","54.61685562133789","54.61685562133789","54.61685562133789","38.02849578857422","38.02849578857422","38.02849578857422","13.747126579284668","13.747126579284668","13.747126579284668","54.35355758666992","54.35355758666992","54.35355758666992","37.97441864013672","37.97441864013672","37.97441864013672","13.613825798034668","13.613825798034668","13.613825798034668"
"17879","52.70209884643555","52.70209884643555","52.70209884643555","37.35736083984375","37.35736083984375","37.35736083984375","13.054776191711426","13.054776191711426","13.054776191711426","52.80074691772461","52.80074691772461","52.80074691772461","37.2539176940918","37.2539176940918","37.2539176940918","13.100564956665039","13.100564956665039","13.100564956665039"
"17909","52.289939880371094","52.289939880371094","52.289939880371094","40.94652557373047","40.94652557373047","40.94652557373047","14.361626625061035","14.361626625061035","14.361626625061035","52.21747970581055","52.21747970581055","52.21747970581055","40.76044464111328","40.76044464111328","40.76044464111328","14.297016143798828","14.297016143798828","14.297016143798828"
"17939","52.50324249267578","52.50324249267578","52.50324249267578","37.80302810668945","37.80302810668945","37.80302810668945","13.713729858398438","13.713729858398438","13.713729858398438","52.456787109375","52.456787109375","52.456787109375","37.80525207519531","37.80525207519531","37.80525207519531","13.855789184570312","13.855789184570312","13.855789184570312"
"17969","55.08068084716797","55.08068084716797","55.08068084716797","37.68952560424805","37.68952560424805","37.68952560424805","13.40810775756836","13.40810775756836","13.40810775756836","54.90066146850586","54.90066146850586","54.90066146850586","37.76081848144531","37.76081848144531","37.76081848144531","13.068984031677246","13.068984031677246","13.068984031677246"
"17999","57.531917572021484","57.531917572021484","57.531917572021484","36.782711029052734","36.782711029052734","36.782711029052734","11.855749130249023","11.855749130249023","11.855749130249023","56.95267868041992","56.95267868041992","56.95267868041992","37.42824172973633","37.42824172973633","37.42824172973633","11.519336700439453","11.519336700439453","11.519336700439453"
"18029","58.19562530517578","58.19562530517578","58.19562530517578","42.42389678955078","42.42389678955078","42.42389678955078","16.355815887451172","16.355815887451172","16.355815887451172","58.39439010620117","58.39439010620117","58.39439010620117","42.158172607421875","42.158172607421875","42.158172607421875","15.964082717895508","15.964082717895508","15.964082717895508"
"18059","53.17038345336914","53.17038345336914","53.17038345336914","37.743343353271484","37.743343353271484","37.743343353271484","13.860319137573242","13.860319137573242","13.860319137573242","53.23322296142578","53.23322296142578","53.23322296142578","37.61750030517578","37.61750030517578","37.61750030517578","13.59083080291748","13.59083080291748","13.59083080291748"
"18089","57.16096878051758","57.16096878051758","57.16096878051758","36.00534439086914","36.00534439086914","36.00534439086914","12.002729415893555","12.002729415893555","12.002729415893555","57.04392623901367","57.04392623901367","57.04392623901367","35.72736740112305","35.72736740112305","35.72736740112305","11.834731101989746","11.834731101989746","11.834731101989746"
"18119","50.433895111083984","50.433895111083984","50.433895111083984","34.204002380371094","34.204002380371094","34.204002380371094","12.070197105407715","12.070197105407715","12.070197105407715","50.81854248046875","50.81854248046875","50.81854248046875","34.16737365722656","34.16737365722656","34.16737365722656","12.17455005645752","12.17455005645752","12.17455005645752"
"18149","53.021766662597656","53.021766662597656","53.021766662597656","39.073143005371094","39.073143005371094","39.073143005371094","14.75078010559082","14.75078010559082","14.75078010559082","52.62235641479492","52.62235641479492","52.62235641479492","38.96302032470703","38.96302032470703","38.96302032470703","14.127985954284668","14.127985954284668","14.127985954284668"
"18179","58.46316909790039","58.46316909790039","58.46316909790039","39.03191375732422","39.03191375732422","39.03191375732422","13.991276741027832","13.991276741027832","13.991276741027832","58.61885070800781","58.61885070800781","58.61885070800781","38.85436248779297","38.85436248779297","38.85436248779297","13.528934478759766","13.528934478759766","13.528934478759766"
"18209","59.24356460571289","59.24356460571289","59.24356460571289","43.54472732543945","43.54472732543945","43.54472732543945","13.986368179321289","13.986368179321289","13.986368179321289","58.862762451171875","58.862762451171875","58.862762451171875","42.344539642333984","42.344539642333984","42.344539642333984","13.92223834991455","13.92223834991455","13.92223834991455"
"18239","48.0423583984375","48.0423583984375","48.0423583984375","33.04951858520508","33.04951858520508","33.04951858520508","11.330371856689453","11.330371856689453","11.330371856689453","48.26712417602539","48.26712417602539","48.26712417602539","33.55158996582031","33.55158996582031","33.55158996582031","11.16143798828125","11.16143798828125","11.16143798828125"
"18269","54.97840881347656","54.97840881347656","54.97840881347656","41.00481414794922","41.00481414794922","41.00481414794922","15.614907264709473","15.614907264709473","15.614907264709473","55.24092483520508","55.24092483520508","55.24092483520508","40.864830017089844","40.864830017089844","40.864830017089844","15.435994148254395","15.435994148254395","15.435994148254395"
"18299","54.528221130371094","54.528221130371094","54.528221130371094","40.33612060546875","40.33612060546875","40.33612060546875","14.79613971710205","14.79613971710205","14.79613971710205","54.78456497192383","54.78456497192383","54.78456497192383","40.38976287841797","40.38976287841797","40.38976287841797","14.143659591674805","14.143659591674805","14.143659591674805"
"18329","60.69925308227539","60.69925308227539","60.69925308227539","39.59392547607422","39.59392547607422","39.59392547607422","13.88466739654541","13.88466739654541","13.88466739654541","60.461936950683594","60.461936950683594","60.461936950683594","39.8745231628418","39.8745231628418","39.8745231628418","13.700602531433105","13.700602531433105","13.700602531433105"
"18359","56.04904556274414","56.04904556274414","56.04904556274414","40.857669830322266","40.857669830322266","40.857669830322266","16.02981948852539","16.02981948852539","16.02981948852539","56.100311279296875","56.100311279296875","56.100311279296875","40.71067428588867","40.71067428588867","40.71067428588867","15.760397911071777","15.760397911071777","15.760397911071777"
"18389","53.855438232421875","53.855438232421875","53.855438232421875","36.04775619506836","36.04775619506836","36.04775619506836","12.780207633972168","12.780207633972168","12.780207633972168","53.59473419189453","53.59473419189453","53.59473419189453","36.03096008300781","36.03096008300781","36.03096008300781","12.655375480651855","12.655375480651855","12.655375480651855"
"18419","49.774471282958984","49.774471282958984","49.774471282958984","34.38857650756836","34.38857650756836","34.38857650756836","13.338496208190918","13.338496208190918","13.338496208190918","49.662078857421875","49.662078857421875","49.662078857421875","34.50250244140625","34.50250244140625","34.50250244140625","13.037367820739746","13.037367820739746","13.037367820739746"
"18449","51.10792922973633","51.10792922973633","51.10792922973633","34.598262786865234","34.598262786865234","34.598262786865234","11.898639678955078","11.898639678955078","11.898639678955078","51.191932678222656","51.191932678222656","51.191932678222656","34.69342803955078","34.69342803955078","34.69342803955078","11.67214298248291","11.67214298248291","11.67214298248291"
"18479","48.845726013183594","48.845726013183594","48.845726013183594","33.47456741333008","33.47456741333008","33.47456741333008","13.807140350341797","13.807140350341797","13.807140350341797","48.9429931640625","48.9429931640625","48.9429931640625","33.57278060913086","33.57278060913086","33.57278060913086","13.287736892700195","13.287736892700195","13.287736892700195"
"18509","49.85985565185547","49.85985565185547","49.85985565185547","32.562007904052734","32.562007904052734","32.562007904052734","12.080392837524414","12.080392837524414","12.080392837524414","49.74449920654297","49.74449920654297","49.74449920654297","32.48298645019531","32.48298645019531","32.48298645019531","11.965693473815918","11.965693473815918","11.965693473815918"
"18539","63.06184387207031","63.06184387207031","63.06184387207031","45.02265548706055","45.02265548706055","45.02265548706055","17.049800872802734","17.049800872802734","17.049800872802734","63.10087585449219","63.10087585449219","63.10087585449219","44.8922004699707","44.8922004699707","44.8922004699707","16.817201614379883","16.817201614379883","16.817201614379883"
"18569","57.21449279785156","57.21449279785156","57.21449279785156","43.65537643432617","43.65537643432617","43.65537643432617","16.54872703552246","16.54872703552246","16.54872703552246","57.22616195678711","57.22616195678711","57.22616195678711","43.79990768432617","43.79990768432617","43.79990768432617","16.584808349609375","16.584808349609375","16.584808349609375"
"18599","51.91266632080078","51.91266632080078","51.91266632080078","35.56515884399414","35.56515884399414","35.56515884399414","14.312233924865723","14.312233924865723","14.312233924865723","51.61000442504883","51.61000442504883","51.61000442504883","35.5062370300293","35.5062370300293","35.5062370300293","14.020540237426758","14.020540237426758","14.020540237426758"
"18629","49.594661712646484","49.594661712646484","49.594661712646484","32.56869125366211","32.56869125366211","32.56869125366211","11.483198165893555","11.483198165893555","11.483198165893555","49.706790924072266","49.706790924072266","49.706790924072266","32.7695198059082","32.7695198059082","32.7695198059082","11.464483261108398","11.464483261108398","11.464483261108398"
"18659","51.8469123840332","51.8469123840332","51.8469123840332","35.27688980102539","35.27688980102539","35.27688980102539","12.42214298248291","12.42214298248291","12.42214298248291","51.33809280395508","51.33809280395508","51.33809280395508","34.83372116088867","34.83372116088867","34.83372116088867","12.18209171295166","12.18209171295166","12.18209171295166"
"18689","51.30833053588867","51.30833053588867","51.30833053588867","34.20621871948242","34.20621871948242","34.20621871948242","11.96473217010498","11.96473217010498","11.96473217010498","51.39175796508789","51.39175796508789","51.39175796508789","34.518333435058594","34.518333435058594","34.518333435058594","11.599953651428223","11.599953651428223","11.599953651428223"
"18719","55.717166900634766","55.717166900634766","55.717166900634766","38.707252502441406","38.707252502441406","38.707252502441406","13.697101593017578","13.697101593017578","13.697101593017578","55.6191291809082","55.6191291809082","55.6191291809082","38.868736267089844","38.868736267089844","38.868736267089844","13.622843742370605","13.622843742370605","13.622843742370605"
"18749","52.852230072021484","52.852230072021484","52.852230072021484","36.01020431518555","36.01020431518555","36.01020431518555","11.451818466186523","11.451818466186523","11.451818466186523","53.25390625","53.25390625","53.25390625","36.03540802001953","36.03540802001953","36.03540802001953","11.552563667297363","11.552563667297363","11.552563667297363"
"18779","58.04166030883789","58.04166030883789","58.04166030883789","41.067527770996094","41.067527770996094","41.067527770996094","14.576169967651367","14.576169967651367","14.576169967651367","58.20840835571289","58.20840835571289","58.20840835571289","39.748626708984375","39.748626708984375","39.748626708984375","14.157465934753418","14.157465934753418","14.157465934753418"
"18809","56.135009765625","56.135009765625","56.135009765625","42.02842330932617","42.02842330932617","42.02842330932617","15.37339973449707","15.37339973449707","15.37339973449707","56.066009521484375","56.066009521484375","56.066009521484375","41.89970016479492","41.89970016479492","41.89970016479492","15.127694129943848","15.127694129943848","15.127694129943848"
"18839","48.31703186035156","48.31703186035156","48.31703186035156","34.868499755859375","34.868499755859375","34.868499755859375","11.784290313720703","11.784290313720703","11.784290313720703","48.08502960205078","48.08502960205078","48.08502960205078","34.872615814208984","34.872615814208984","34.872615814208984","11.916522979736328","11.916522979736328","11.916522979736328"
"18869","50.66887664794922","50.66887664794922","50.66887664794922","37.434974670410156","37.434974670410156","37.434974670410156","13.273752212524414","13.273752212524414","13.273752212524414","50.99702072143555","50.99702072143555","50.99702072143555","37.12635803222656","37.12635803222656","37.12635803222656","13.018959999084473","13.018959999084473","13.018959999084473"
"18899","55.86293029785156","55.86293029785156","55.86293029785156","37.73766326904297","37.73766326904297","37.73766326904297","14.793391227722168","14.793391227722168","14.793391227722168","55.62162399291992","55.62162399291992","55.62162399291992","37.90544891357422","37.90544891357422","37.90544891357422","14.870170593261719","14.870170593261719","14.870170593261719"
"18929","57.776424407958984","57.776424407958984","57.776424407958984","39.16012954711914","39.16012954711914","39.16012954711914","13.935765266418457","13.935765266418457","13.935765266418457","57.95545959472656","57.95545959472656","57.95545959472656","39.07262420654297","39.07262420654297","39.07262420654297","13.40385627746582","13.40385627746582","13.40385627746582"
"18959","53.61906051635742","53.61906051635742","53.61906051635742","40.065834045410156","40.065834045410156","40.065834045410156","15.272149085998535","15.272149085998535","15.272149085998535","53.779441833496094","53.779441833496094","53.779441833496094","40.21039581298828","40.21039581298828","40.21039581298828","15.145176887512207","15.145176887512207","15.145176887512207"
"18989","54.29958724975586","54.29958724975586","54.29958724975586","36.655609130859375","36.655609130859375","36.655609130859375","13.038017272949219","13.038017272949219","13.038017272949219","54.37296676635742","54.37296676635742","54.37296676635742","36.636531829833984","36.636531829833984","36.636531829833984","13.219968795776367","13.219968795776367","13.219968795776367"
"19019","46.22772216796875","46.22772216796875","46.22772216796875","31.542587280273438","31.542587280273438","31.542587280273438","11.20466136932373","11.20466136932373","11.20466136932373","46.327274322509766","46.327274322509766","46.327274322509766","31.817079544067383","31.817079544067383","31.817079544067383","11.1036376953125","11.1036376953125","11.1036376953125"
"19049","53.79019546508789","53.79019546508789","53.79019546508789","37.795310974121094","37.795310974121094","37.795310974121094","14.402785301208496","14.402785301208496","14.402785301208496","53.52201843261719","53.52201843261719","53.52201843261719","37.92529296875","37.92529296875","37.92529296875","14.610506057739258","14.610506057739258","14.610506057739258"
"19079","55.04275131225586","55.04275131225586","55.04275131225586","37.16168212890625","37.16168212890625","37.16168212890625","13.726481437683105","13.726481437683105","13.726481437683105","54.69965362548828","54.69965362548828","54.69965362548828","37.506370544433594","37.506370544433594","37.506370544433594","13.402544021606445","13.402544021606445","13.402544021606445"
"19109","55.172157287597656","55.172157287597656","55.172157287597656","43.27745056152344","43.27745056152344","43.27745056152344","15.218031883239746","15.218031883239746","15.218031883239746","55.02924728393555","55.02924728393555","55.02924728393555","42.86149978637695","42.86149978637695","42.86149978637695","14.5747652053833","14.5747652053833","14.5747652053833"
"19139","48.96988296508789","48.96988296508789","48.96988296508789","36.03183364868164","36.03183364868164","36.03183364868164","12.799970626831055","12.799970626831055","12.799970626831055","48.72490310668945","48.72490310668945","48.72490310668945","36.040645599365234","36.040645599365234","36.040645599365234","12.762045860290527","12.762045860290527","12.762045860290527"
"19169","53.81534957885742","53.81534957885742","53.81534957885742","38.80073547363281","38.80073547363281","38.80073547363281","13.725653648376465","13.725653648376465","13.725653648376465","54.1492919921875","54.1492919921875","54.1492919921875","38.896244049072266","38.896244049072266","38.896244049072266","13.498814582824707","13.498814582824707","13.498814582824707"
"19199","56.39154052734375","56.39154052734375","56.39154052734375","41.497276306152344","41.497276306152344","41.497276306152344","14.657336235046387","14.657336235046387","14.657336235046387","55.90079879760742","55.90079879760742","55.90079879760742","41.23373794555664","41.23373794555664","41.23373794555664","14.691150665283203","14.691150665283203","14.691150665283203"
"19229","47.19580841064453","47.19580841064453","47.19580841064453","36.23395919799805","36.23395919799805","36.23395919799805","11.796818733215332","11.796818733215332","11.796818733215332","46.95155334472656","46.95155334472656","46.95155334472656","36.152427673339844","36.152427673339844","36.152427673339844","11.70644760131836","11.70644760131836","11.70644760131836"
"19259","47.495262145996094","47.495262145996094","47.495262145996094","31.55540657043457","31.55540657043457","31.55540657043457","9.872198104858398","9.872198104858398","9.872198104858398","47.177391052246094","47.177391052246094","47.177391052246094","31.375091552734375","31.375091552734375","31.375091552734375","9.768153190612793","9.768153190612793","9.768153190612793"
"19289","50.92043685913086","50.92043685913086","50.92043685913086","34.35255432128906","34.35255432128906","34.35255432128906","12.551032066345215","12.551032066345215","12.551032066345215","51.0155029296875","51.0155029296875","51.0155029296875","33.95918273925781","33.95918273925781","33.95918273925781","12.551630973815918","12.551630973815918","12.551630973815918"
"19319","57.7836799621582","57.7836799621582","57.7836799621582","43.79052734375","43.79052734375","43.79052734375","14.59121036529541","14.59121036529541","14.59121036529541","57.819881439208984","57.819881439208984","57.819881439208984","44.07844543457031","44.07844543457031","44.07844543457031","14.351424217224121","14.351424217224121","14.351424217224121"
"19349","53.379520416259766","53.379520416259766","53.379520416259766","36.90245056152344","36.90245056152344","36.90245056152344","13.187994003295898","13.187994003295898","13.187994003295898","53.38924789428711","53.38924789428711","53.38924789428711","37.13319778442383","37.13319778442383","37.13319778442383","13.012499809265137","13.012499809265137","13.012499809265137"
"19379","54.65913391113281","54.65913391113281","54.65913391113281","38.3976936340332","38.3976936340332","38.3976936340332","13.650192260742188","13.650192260742188","13.650192260742188","54.790706634521484","54.790706634521484","54.790706634521484","38.53177261352539","38.53177261352539","38.53177261352539","13.635371208190918","13.635371208190918","13.635371208190918"
"19409","58.83742904663086","58.83742904663086","58.83742904663086","42.63579177856445","42.63579177856445","42.63579177856445","15.577437400817871","15.577437400817871","15.577437400817871","58.68098831176758","58.68098831176758","58.68098831176758","42.77824783325195","42.77824783325195","42.77824783325195","15.28679370880127","15.28679370880127","15.28679370880127"
"19439","48.23735427856445","48.23735427856445","48.23735427856445","35.85027313232422","35.85027313232422","35.85027313232422","13.500847816467285","13.500847816467285","13.500847816467285","48.17979431152344","48.17979431152344","48.17979431152344","36.10574722290039","36.10574722290039","36.10574722290039","13.045438766479492","13.045438766479492","13.045438766479492"
"19469","53.661277770996094","53.661277770996094","53.661277770996094","39.30345916748047","39.30345916748047","39.30345916748047","14.546645164489746","14.546645164489746","14.546645164489746","53.67380905151367","53.67380905151367","53.67380905151367","39.141395568847656","39.141395568847656","39.141395568847656","14.484745025634766","14.484745025634766","14.484745025634766"
"19499","52.80418014526367","52.80418014526367","52.80418014526367","40.08884048461914","40.08884048461914","40.08884048461914","13.421379089355469","13.421379089355469","13.421379089355469","52.77014923095703","52.77014923095703","52.77014923095703","39.98011779785156","39.98011779785156","39.98011779785156","13.071117401123047","13.071117401123047","13.071117401123047"
"19529","56.75654602050781","56.75654602050781","56.75654602050781","39.393531799316406","39.393531799316406","39.393531799316406","13.71263599395752","13.71263599395752","13.71263599395752","56.79324722290039","56.79324722290039","56.79324722290039","39.39185333251953","39.39185333251953","39.39185333251953","13.689126014709473","13.689126014709473","13.689126014709473"
"19559","51.48875045776367","51.48875045776367","51.48875045776367","35.59314727783203","35.59314727783203","35.59314727783203","14.121028900146484","14.121028900146484","14.121028900146484","51.570472717285156","51.570472717285156","51.570472717285156","35.38760757446289","35.38760757446289","35.38760757446289","13.950790405273438","13.950790405273438","13.950790405273438"
"19589","56.91848373413086","56.91848373413086","56.91848373413086","41.65291976928711","41.65291976928711","41.65291976928711","14.882929801940918","14.882929801940918","14.882929801940918","57.02864074707031","57.02864074707031","57.02864074707031","41.47691345214844","41.47691345214844","41.47691345214844","14.737536430358887","14.737536430358887","14.737536430358887"
"19619","46.197723388671875","46.197723388671875","46.197723388671875","34.01018142700195","34.01018142700195","34.01018142700195","11.668105125427246","11.668105125427246","11.668105125427246","46.290184020996094","46.290184020996094","46.290184020996094","34.06338882446289","34.06338882446289","34.06338882446289","11.608671188354492","11.608671188354492","11.608671188354492"
"19649","56.41668701171875","56.41668701171875","56.41668701171875","37.5312385559082","37.5312385559082","37.5312385559082","13.560333251953125","13.560333251953125","13.560333251953125","56.29024124145508","56.29024124145508","56.29024124145508","37.43604278564453","37.43604278564453","37.43604278564453","13.407340049743652","13.407340049743652","13.407340049743652"
"19679","53.46234130859375","53.46234130859375","53.46234130859375","43.46864318847656","43.46864318847656","43.46864318847656","15.922420501708984","15.922420501708984","15.922420501708984","53.90488815307617","53.90488815307617","53.90488815307617","43.10663986206055","43.10663986206055","43.10663986206055","15.944562911987305","15.944562911987305","15.944562911987305"
"19709","52.21486282348633","52.21486282348633","52.21486282348633","35.732688903808594","35.732688903808594","35.732688903808594","12.351171493530273","12.351171493530273","12.351171493530273","51.480506896972656","51.480506896972656","51.480506896972656","41.29072570800781","41.29072570800781","41.29072570800781","11.958876609802246","11.958876609802246","11.958876609802246"
"19739","47.57413864135742","47.57413864135742","47.57413864135742","33.041175842285156","33.041175842285156","33.041175842285156","10.974589347839355","10.974589347839355","10.974589347839355","47.40556716918945","47.40556716918945","47.40556716918945","32.899349212646484","32.899349212646484","32.899349212646484","11.052997589111328","11.052997589111328","11.052997589111328"
"19769","51.20820236206055","51.20820236206055","51.20820236206055","33.3325080871582","33.3325080871582","33.3325080871582","10.807928085327148","10.807928085327148","10.807928085327148","51.04013442993164","51.04013442993164","51.04013442993164","33.12809371948242","33.12809371948242","33.12809371948242","10.645620346069336","10.645620346069336","10.645620346069336"
"19799","54.474178314208984","54.474178314208984","54.474178314208984","37.67811584472656","37.67811584472656","37.67811584472656","12.647148132324219","12.647148132324219","12.647148132324219","54.619598388671875","54.619598388671875","54.619598388671875","37.384822845458984","37.384822845458984","37.384822845458984","12.484162330627441","12.484162330627441","12.484162330627441"
"19829","50.31310272216797","50.31310272216797","50.31310272216797","45.41253662109375","45.41253662109375","45.41253662109375","13.328857421875","13.328857421875","13.328857421875","50.95103454589844","50.95103454589844","50.95103454589844","37.17009353637695","37.17009353637695","37.17009353637695","13.283120155334473","13.283120155334473","13.283120155334473"
"19859","53.77309799194336","53.77309799194336","53.77309799194336","36.69316482543945","36.69316482543945","36.69316482543945","13.16249942779541","13.16249942779541","13.16249942779541","53.817283630371094","53.817283630371094","53.817283630371094","36.67473220825195","36.67473220825195","36.67473220825195","13.085829734802246","13.085829734802246","13.085829734802246"
"19889","55.40099334716797","55.40099334716797","55.40099334716797","40.92178726196289","40.92178726196289","40.92178726196289","14.259621620178223","14.259621620178223","14.259621620178223","55.46383285522461","55.46383285522461","55.46383285522461","41.17145538330078","41.17145538330078","41.17145538330078","13.793405532836914","13.793405532836914","13.793405532836914"
"19919","50.76899337768555","50.76899337768555","50.76899337768555","45.36805725097656","45.36805725097656","45.36805725097656","12.501996994018555","12.501996994018555","12.501996994018555","49.85511016845703","49.85511016845703","49.85511016845703","39.95692825317383","39.95692825317383","39.95692825317383","12.187051773071289","12.187051773071289","12.187051773071289"
"19949","49.98016357421875","49.98016357421875","49.98016357421875","34.45613098144531","34.45613098144531","34.45613098144531","12.102640151977539","12.102640151977539","12.102640151977539","50.05706024169922","50.05706024169922","50.05706024169922","34.50883865356445","34.50883865356445","34.50883865356445","12.079384803771973","12.079384803771973","12.079384803771973"
"19979","55.67130661010742","55.67130661010742","55.67130661010742","39.43033218383789","39.43033218383789","39.43033218383789","14.706904411315918","14.706904411315918","14.706904411315918","55.93035888671875","55.93035888671875","55.93035888671875","39.42072296142578","39.42072296142578","39.42072296142578","14.343841552734375","14.343841552734375","14.343841552734375"