"Step","layer_10_hook_resid_mid_gpt2_jumprelu_fisher_false_project_TinyStories - losses/mse_loss","layer_10_hook_resid_mid_gpt2_jumprelu_fisher_false_project_TinyStories - losses/mse_loss__MIN","layer_10_hook_resid_mid_gpt2_jumprelu_fisher_false_project_TinyStories - losses/mse_loss__MAX","layer_5_hook_resid_mid_gpt2_jumprelu_fisher_false_project_TinyStories - losses/mse_loss","layer_5_hook_resid_mid_gpt2_jumprelu_fisher_false_project_TinyStories - losses/mse_loss__MIN","layer_5_hook_resid_mid_gpt2_jumprelu_fisher_false_project_TinyStories - losses/mse_loss__MAX","layer_0_hook_resid_mid_gpt2_jumprelu_fisher_false_project_TinyStories - losses/mse_loss","layer_0_hook_resid_mid_gpt2_jumprelu_fisher_false_project_TinyStories - losses/mse_loss__MIN","layer_0_hook_resid_mid_gpt2_jumprelu_fisher_false_project_TinyStories - losses/mse_loss__MAX","layer_10_hook_resid_mid_gpt2_jumprelu_fisher_true_project_TinyStories - losses/mse_loss","layer_10_hook_resid_mid_gpt2_jumprelu_fisher_true_project_TinyStories - losses/mse_loss__MIN","layer_10_hook_resid_mid_gpt2_jumprelu_fisher_true_project_TinyStories - losses/mse_loss__MAX","layer_5_hook_resid_mid_gpt2_jumprelu_fisher_true_project_TinyStories - losses/mse_loss","layer_5_hook_resid_mid_gpt2_jumprelu_fisher_true_project_TinyStories - losses/mse_loss__MIN","layer_5_hook_resid_mid_gpt2_jumprelu_fisher_true_project_TinyStories - losses/mse_loss__MAX","layer_0_hook_resid_mid_gpt2_jumprelu_fisher_true_project_TinyStories - losses/mse_loss","layer_0_hook_resid_mid_gpt2_jumprelu_fisher_true_project_TinyStories - losses/mse_loss__MIN","layer_0_hook_resid_mid_gpt2_jumprelu_fisher_true_project_TinyStories - losses/mse_loss__MAX"
"29","12483.0771484375","12483.0771484375","12483.0771484375","2422.79345703125","2422.79345703125","2422.79345703125","323.9275207519531","323.9275207519531","323.9275207519531","12484.5048828125","12484.5048828125","12484.5048828125","2423.36376953125","2423.36376953125","2423.36376953125","346.8546447753906","346.8546447753906","346.8546447753906"
"59","6663.13720703125","6663.13720703125","6663.13720703125","1325.794677734375","1325.794677734375","1325.794677734375","102.44068908691406","102.44068908691406","102.44068908691406","6656.267578125","6656.267578125","6656.267578125","1323.18701171875","1323.18701171875","1323.18701171875","107.04989624023438","107.04989624023438","107.04989624023438"
"89","5284.16357421875","5284.16357421875","5284.16357421875","976.8660888671875","976.8660888671875","976.8660888671875","55.59188461303711","55.59188461303711","55.59188461303711","5278.78125","5278.78125","5278.78125","973.2813720703125","973.2813720703125","973.2813720703125","53.87434768676758","53.87434768676758","53.87434768676758"
"119","4151.8798828125","4151.8798828125","4151.8798828125","825.0969848632812","825.0969848632812","825.0969848632812","50.12570571899414","50.12570571899414","50.12570571899414","4147.30419921875","4147.30419921875","4147.30419921875","821.6328125","821.6328125","821.6328125","48.46013641357422","48.46013641357422","48.46013641357422"
"149","43117.66015625","43117.66015625","43117.66015625","32853.30859375","32853.30859375","32853.30859375","50.79550552368164","50.79550552368164","50.79550552368164","43091.8125","43091.8125","43091.8125","32803.89453125","32803.89453125","32803.89453125","48.94886779785156","48.94886779785156","48.94886779785156"
"179","34484.828125","34484.828125","34484.828125","25878.798828125","25878.798828125","25878.798828125","33.306331634521484","33.306331634521484","33.306331634521484","34458.00390625","34458.00390625","34458.00390625","25824.21484375","25824.21484375","25824.21484375","31.46112632751465","31.46112632751465","31.46112632751465"
"209","3099.89306640625","3099.89306640625","3099.89306640625","573.0962524414062","573.0962524414062","573.0962524414062","27.437631607055664","27.437631607055664","27.437631607055664","3095.694091796875","3095.694091796875","3095.694091796875","570.2409057617188","570.2409057617188","570.2409057617188","26.04001808166504","26.04001808166504","26.04001808166504"
"239","2700.36181640625","2700.36181640625","2700.36181640625","525.07275390625","525.07275390625","525.07275390625","23.92620277404785","23.92620277404785","23.92620277404785","2696.718017578125","2696.718017578125","2696.718017578125","522.5299072265625","522.5299072265625","522.5299072265625","22.556224822998047","22.556224822998047","22.556224822998047"
"269","2623.331298828125","2623.331298828125","2623.331298828125","446.6935729980469","446.6935729980469","446.6935729980469","17.882715225219727","17.882715225219727","17.882715225219727","2619.2783203125","2619.2783203125","2619.2783203125","444.19378662109375","444.19378662109375","444.19378662109375","16.76397705078125","16.76397705078125","16.76397705078125"
"299","2384.908935546875","2384.908935546875","2384.908935546875","458.9812927246094","458.9812927246094","458.9812927246094","21.795848846435547","21.795848846435547","21.795848846435547","2381.173095703125","2381.173095703125","2381.173095703125","456.7116394042969","456.7116394042969","456.7116394042969","20.58040428161621","20.58040428161621","20.58040428161621"
"329","983.3775024414062","983.3775024414062","983.3775024414062","189.94932556152344","189.94932556152344","189.94932556152344","11.534724235534668","11.534724235534668","11.534724235534668","982.0960693359375","982.0960693359375","982.0960693359375","189.09988403320312","189.09988403320312","189.09988403320312","10.832353591918945","10.832353591918945","10.832353591918945"
"359","1081.474609375","1081.474609375","1081.474609375","215.05096435546875","215.05096435546875","215.05096435546875","12.53779125213623","12.53779125213623","12.53779125213623","1080.42236328125","1080.42236328125","1080.42236328125","214.96815490722656","214.96815490722656","214.96815490722656","11.77561092376709","11.77561092376709","11.77561092376709"
"389","1145.4454345703125","1145.4454345703125","1145.4454345703125","199.69699096679688","199.69699096679688","199.69699096679688","10.282790184020996","10.282790184020996","10.282790184020996","1145.762939453125","1145.762939453125","1145.762939453125","198.6715545654297","198.6715545654297","198.6715545654297","9.618289947509766","9.618289947509766","9.618289947509766"
"419","967.0349731445312","967.0349731445312","967.0349731445312","211.02804565429688","211.02804565429688","211.02804565429688","10.264175415039062","10.264175415039062","10.264175415039062","961.0111694335938","961.0111694335938","961.0111694335938","210.81497192382812","210.81497192382812","210.81497192382812","9.600396156311035","9.600396156311035","9.600396156311035"
"449","1011.0335693359375","1011.0335693359375","1011.0335693359375","190.47781372070312","190.47781372070312","190.47781372070312","9.294866561889648","9.294866561889648","9.294866561889648","1004.6828002929688","1004.6828002929688","1004.6828002929688","191.3260955810547","191.3260955810547","191.3260955810547","8.684183120727539","8.684183120727539","8.684183120727539"
"479","824.548828125","824.548828125","824.548828125","169.8743896484375","169.8743896484375","169.8743896484375","8.680334091186523","8.680334091186523","8.680334091186523","817.7269897460938","817.7269897460938","817.7269897460938","168.53208923339844","168.53208923339844","168.53208923339844","8.13238525390625","8.13238525390625","8.13238525390625"
"509","786.936767578125","786.936767578125","786.936767578125","155.36390686035156","155.36390686035156","155.36390686035156","7.838848114013672","7.838848114013672","7.838848114013672","782.0678100585938","782.0678100585938","782.0678100585938","153.12391662597656","153.12391662597656","153.12391662597656","7.32484769821167","7.32484769821167","7.32484769821167"
"539","827.852294921875","827.852294921875","827.852294921875","193.50531005859375","193.50531005859375","193.50531005859375","6.848177909851074","6.848177909851074","6.848177909851074","820.7347412109375","820.7347412109375","820.7347412109375","202.7553253173828","202.7553253173828","202.7553253173828","6.384722709655762","6.384722709655762","6.384722709655762"
"569","790.5499267578125","790.5499267578125","790.5499267578125","150.18731689453125","150.18731689453125","150.18731689453125","5.791108131408691","5.791108131408691","5.791108131408691","782.3883666992188","782.3883666992188","782.3883666992188","145.619140625","145.619140625","145.619140625","5.41776180267334","5.41776180267334","5.41776180267334"
"599","596.3797607421875","596.3797607421875","596.3797607421875","118.27406311035156","118.27406311035156","118.27406311035156","5.873126029968262","5.873126029968262","5.873126029968262","586.83740234375","586.83740234375","586.83740234375","117.44432067871094","117.44432067871094","117.44432067871094","5.500280857086182","5.500280857086182","5.500280857086182"
"629","622.5560913085938","622.5560913085938","622.5560913085938","132.23500061035156","132.23500061035156","132.23500061035156","5.771091938018799","5.771091938018799","5.771091938018799","607.4486694335938","607.4486694335938","607.4486694335938","130.0111846923828","130.0111846923828","130.0111846923828","5.436046123504639","5.436046123504639","5.436046123504639"
"659","543.5762939453125","543.5762939453125","543.5762939453125","111.36624908447266","111.36624908447266","111.36624908447266","5.203038692474365","5.203038692474365","5.203038692474365","533.9450073242188","533.9450073242188","533.9450073242188","110.23709869384766","110.23709869384766","110.23709869384766","4.856971740722656","4.856971740722656","4.856971740722656"
"689","503.3515625","503.3515625","503.3515625","120.44820404052734","120.44820404052734","120.44820404052734","4.026119232177734","4.026119232177734","4.026119232177734","488.6653137207031","488.6653137207031","488.6653137207031","117.92941284179688","117.92941284179688","117.92941284179688","3.751662492752075","3.751662492752075","3.751662492752075"
"719","535.9345092773438","535.9345092773438","535.9345092773438","100.03813934326172","100.03813934326172","100.03813934326172","4.045196533203125","4.045196533203125","4.045196533203125","524.8080444335938","524.8080444335938","524.8080444335938","96.5648193359375","96.5648193359375","96.5648193359375","3.78018856048584","3.78018856048584","3.78018856048584"
"749","533.5210571289062","533.5210571289062","533.5210571289062","97.2147445678711","97.2147445678711","97.2147445678711","3.6870782375335693","3.6870782375335693","3.6870782375335693","520.3673095703125","520.3673095703125","520.3673095703125","92.97974395751953","92.97974395751953","92.97974395751953","3.458803653717041","3.458803653717041","3.458803653717041"
"779","467.10009765625","467.10009765625","467.10009765625","96.0545654296875","96.0545654296875","96.0545654296875","3.5352423191070557","3.5352423191070557","3.5352423191070557","452.48828125","452.48828125","452.48828125","93.57342529296875","93.57342529296875","93.57342529296875","3.2880494594573975","3.2880494594573975","3.2880494594573975"
"809","559.6206665039062","559.6206665039062","559.6206665039062","330.3103332519531","330.3103332519531","330.3103332519531","2.9339513778686523","2.9339513778686523","2.9339513778686523","542.8999633789062","542.8999633789062","542.8999633789062","284.55670166015625","284.55670166015625","284.55670166015625","2.7212181091308594","2.7212181091308594","2.7212181091308594"
"839","417.45257568359375","417.45257568359375","417.45257568359375","80.61136627197266","80.61136627197266","80.61136627197266","3.5901482105255127","3.5901482105255127","3.5901482105255127","399.9555358886719","399.9555358886719","399.9555358886719","77.16890716552734","77.16890716552734","77.16890716552734","3.351412296295166","3.351412296295166","3.351412296295166"
"869","584.1619873046875","584.1619873046875","584.1619873046875","190.9441680908203","190.9441680908203","190.9441680908203","3.247559070587158","3.247559070587158","3.247559070587158","606.1192626953125","606.1192626953125","606.1192626953125","199.06398010253906","199.06398010253906","199.06398010253906","3.030642032623291","3.030642032623291","3.030642032623291"
"899","384.1189270019531","384.1189270019531","384.1189270019531","81.025634765625","81.025634765625","81.025634765625","3.3158059120178223","3.3158059120178223","3.3158059120178223","365.14874267578125","365.14874267578125","365.14874267578125","76.54651641845703","76.54651641845703","76.54651641845703","3.1065826416015625","3.1065826416015625","3.1065826416015625"
"929","326.6634216308594","326.6634216308594","326.6634216308594","64.8895492553711","64.8895492553711","64.8895492553711","2.849238157272339","2.849238157272339","2.849238157272339","313.0940246582031","313.0940246582031","313.0940246582031","59.388919830322266","59.388919830322266","59.388919830322266","2.708604335784912","2.708604335784912","2.708604335784912"
"959","355.0383605957031","355.0383605957031","355.0383605957031","81.57820892333984","81.57820892333984","81.57820892333984","2.6562554836273193","2.6562554836273193","2.6562554836273193","338.35052490234375","338.35052490234375","338.35052490234375","76.07987976074219","76.07987976074219","76.07987976074219","2.4758782386779785","2.4758782386779785","2.4758782386779785"
"989","189.5780487060547","189.5780487060547","189.5780487060547","42.093544006347656","42.093544006347656","42.093544006347656","2.3766627311706543","2.3766627311706543","2.3766627311706543","180.30377197265625","180.30377197265625","180.30377197265625","40.964805603027344","40.964805603027344","40.964805603027344","2.2663161754608154","2.2663161754608154","2.2663161754608154"
"1019","415.3954162597656","415.3954162597656","415.3954162597656","237.35623168945312","237.35623168945312","237.35623168945312","2.407247543334961","2.407247543334961","2.407247543334961","418.8524169921875","418.8524169921875","418.8524169921875","278.6046142578125","278.6046142578125","278.6046142578125","2.267364740371704","2.267364740371704","2.267364740371704"
"1049","165.01551818847656","165.01551818847656","165.01551818847656","42.12065505981445","42.12065505981445","42.12065505981445","2.005688190460205","2.005688190460205","2.005688190460205","156.5876007080078","156.5876007080078","156.5876007080078","41.70867156982422","41.70867156982422","41.70867156982422","1.861132264137268","1.861132264137268","1.861132264137268"
"1079","142.71620178222656","142.71620178222656","142.71620178222656","33.6364631652832","33.6364631652832","33.6364631652832","2.1691129207611084","2.1691129207611084","2.1691129207611084","138.14247131347656","138.14247131347656","138.14247131347656","33.05213165283203","33.05213165283203","33.05213165283203","2.054781675338745","2.054781675338745","2.054781675338745"
"1109","446.70123291015625","446.70123291015625","446.70123291015625","99.84732818603516","99.84732818603516","99.84732818603516","1.794608473777771","1.794608473777771","1.794608473777771","500.1900634765625","500.1900634765625","500.1900634765625","88.74920654296875","88.74920654296875","88.74920654296875","1.678955316543579","1.678955316543579","1.678955316543579"
"1139","188.19761657714844","188.19761657714844","188.19761657714844","40.14332580566406","40.14332580566406","40.14332580566406","1.787566900253296","1.787566900253296","1.787566900253296","183.29421997070312","183.29421997070312","183.29421997070312","38.27632141113281","38.27632141113281","38.27632141113281","1.6790602207183838","1.6790602207183838","1.6790602207183838"
"1169","232.72450256347656","232.72450256347656","232.72450256347656","41.34918212890625","41.34918212890625","41.34918212890625","1.9435876607894897","1.9435876607894897","1.9435876607894897","226.8042755126953","226.8042755126953","226.8042755126953","39.844783782958984","39.844783782958984","39.844783782958984","1.859405755996704","1.859405755996704","1.859405755996704"
"1199","167.886474609375","167.886474609375","167.886474609375","33.44181442260742","33.44181442260742","33.44181442260742","1.6501824855804443","1.6501824855804443","1.6501824855804443","162.52487182617188","162.52487182617188","162.52487182617188","33.981815338134766","33.981815338134766","33.981815338134766","1.5514627695083618","1.5514627695083618","1.5514627695083618"
"1229","407.8335876464844","407.8335876464844","407.8335876464844","220.47132873535156","220.47132873535156","220.47132873535156","1.7704474925994873","1.7704474925994873","1.7704474925994873","363.6815185546875","363.6815185546875","363.6815185546875","297.98101806640625","297.98101806640625","297.98101806640625","1.677473545074463","1.677473545074463","1.677473545074463"
"1259","163.8622589111328","163.8622589111328","163.8622589111328","32.526527404785156","32.526527404785156","32.526527404785156","1.6158645153045654","1.6158645153045654","1.6158645153045654","161.5321044921875","161.5321044921875","161.5321044921875","31.53411293029785","31.53411293029785","31.53411293029785","1.5406475067138672","1.5406475067138672","1.5406475067138672"
"1289","114.65596771240234","114.65596771240234","114.65596771240234","24.610824584960938","24.610824584960938","24.610824584960938","1.6442850828170776","1.6442850828170776","1.6442850828170776","113.00318908691406","113.00318908691406","113.00318908691406","23.436168670654297","23.436168670654297","23.436168670654297","1.5639536380767822","1.5639536380767822","1.5639536380767822"
"1319","117.22319793701172","117.22319793701172","117.22319793701172","45.46539306640625","45.46539306640625","45.46539306640625","1.5258530378341675","1.5258530378341675","1.5258530378341675","116.22482299804688","116.22482299804688","116.22482299804688","58.64327621459961","58.64327621459961","58.64327621459961","1.4290472269058228","1.4290472269058228","1.4290472269058228"
"1349","127.13043975830078","127.13043975830078","127.13043975830078","26.95265007019043","26.95265007019043","26.95265007019043","1.5615458488464355","1.5615458488464355","1.5615458488464355","126.11737823486328","126.11737823486328","126.11737823486328","26.883602142333984","26.883602142333984","26.883602142333984","1.5266125202178955","1.5266125202178955","1.5266125202178955"
"1379","104.32544708251953","104.32544708251953","104.32544708251953","26.726036071777344","26.726036071777344","26.726036071777344","1.5879414081573486","1.5879414081573486","1.5879414081573486","98.47583770751953","98.47583770751953","98.47583770751953","25.79789924621582","25.79789924621582","25.79789924621582","1.55670166015625","1.55670166015625","1.55670166015625"
"1409","125.6760482788086","125.6760482788086","125.6760482788086","26.122446060180664","26.122446060180664","26.122446060180664","1.338600993156433","1.338600993156433","1.338600993156433","121.50603485107422","121.50603485107422","121.50603485107422","25.445199966430664","25.445199966430664","25.445199966430664","1.2509056329727173","1.2509056329727173","1.2509056329727173"
"1439","136.11233520507812","136.11233520507812","136.11233520507812","29.19329071044922","29.19329071044922","29.19329071044922","1.2017388343811035","1.2017388343811035","1.2017388343811035","123.37448120117188","123.37448120117188","123.37448120117188","31.86751937866211","31.86751937866211","31.86751937866211","1.1643052101135254","1.1643052101135254","1.1643052101135254"
"1469","152.06112670898438","152.06112670898438","152.06112670898438","28.86996841430664","28.86996841430664","28.86996841430664","1.1779253482818604","1.1779253482818604","1.1779253482818604","144.1707000732422","144.1707000732422","144.1707000732422","27.524904251098633","27.524904251098633","27.524904251098633","1.1215059757232666","1.1215059757232666","1.1215059757232666"
"1499","116.16431427001953","116.16431427001953","116.16431427001953","22.70743179321289","22.70743179321289","22.70743179321289","1.3213026523590088","1.3213026523590088","1.3213026523590088","115.50454711914062","115.50454711914062","115.50454711914062","22.772550582885742","22.772550582885742","22.772550582885742","1.2856053113937378","1.2856053113937378","1.2856053113937378"
"1529","88.38113403320312","88.38113403320312","88.38113403320312","22.867212295532227","22.867212295532227","22.867212295532227","1.1496886014938354","1.1496886014938354","1.1496886014938354","85.84043884277344","85.84043884277344","85.84043884277344","22.040630340576172","22.040630340576172","22.040630340576172","1.1233893632888794","1.1233893632888794","1.1233893632888794"
"1559","99.78929138183594","99.78929138183594","99.78929138183594","21.934160232543945","21.934160232543945","21.934160232543945","1.2643262147903442","1.2643262147903442","1.2643262147903442","95.93335723876953","95.93335723876953","95.93335723876953","21.820045471191406","21.820045471191406","21.820045471191406","1.2152074575424194","1.2152074575424194","1.2152074575424194"
"1589","86.30445098876953","86.30445098876953","86.30445098876953","18.2404727935791","18.2404727935791","18.2404727935791","1.130344271659851","1.130344271659851","1.130344271659851","81.92550659179688","81.92550659179688","81.92550659179688","18.105215072631836","18.105215072631836","18.105215072631836","1.112480640411377","1.112480640411377","1.112480640411377"
"1619","102.22014617919922","102.22014617919922","102.22014617919922","46.54729461669922","46.54729461669922","46.54729461669922","0.9894638061523438","0.9894638061523438","0.9894638061523438","100.1832046508789","100.1832046508789","100.1832046508789","36.39815139770508","36.39815139770508","36.39815139770508","0.9392246603965759","0.9392246603965759","0.9392246603965759"
"1649","72.0205078125","72.0205078125","72.0205078125","19.233610153198242","19.233610153198242","19.233610153198242","1.097679615020752","1.097679615020752","1.097679615020752","69.98909759521484","69.98909759521484","69.98909759521484","20.832887649536133","20.832887649536133","20.832887649536133","1.1276435852050781","1.1276435852050781","1.1276435852050781"
"1679","76.15138244628906","76.15138244628906","76.15138244628906","16.29364013671875","16.29364013671875","16.29364013671875","1.2361013889312744","1.2361013889312744","1.2361013889312744","75.90106964111328","75.90106964111328","75.90106964111328","16.752763748168945","16.752763748168945","16.752763748168945","1.2227885723114014","1.2227885723114014","1.2227885723114014"
"1709","43.09483337402344","43.09483337402344","43.09483337402344","12.06630802154541","12.06630802154541","12.06630802154541","0.9194811582565308","0.9194811582565308","0.9194811582565308","47.22097396850586","47.22097396850586","47.22097396850586","12.380912780761719","12.380912780761719","12.380912780761719","0.8938637375831604","0.8938637375831604","0.8938637375831604"
"1739","35.110626220703125","35.110626220703125","35.110626220703125","10.953683853149414","10.953683853149414","10.953683853149414","0.7566858530044556","0.7566858530044556","0.7566858530044556","40.11298751831055","40.11298751831055","40.11298751831055","9.704181671142578","9.704181671142578","9.704181671142578","0.7074249386787415","0.7074249386787415","0.7074249386787415"
"1769","50.15915298461914","50.15915298461914","50.15915298461914","11.164494514465332","11.164494514465332","11.164494514465332","0.831294596195221","0.831294596195221","0.831294596195221","55.60774612426758","55.60774612426758","55.60774612426758","11.87640380859375","11.87640380859375","11.87640380859375","0.7866408228874207","0.7866408228874207","0.7866408228874207"
"1799","57.47597885131836","57.47597885131836","57.47597885131836","11.75556468963623","11.75556468963623","11.75556468963623","0.8991064429283142","0.8991064429283142","0.8991064429283142","63.499149322509766","63.499149322509766","63.499149322509766","11.789430618286133","11.789430618286133","11.789430618286133","0.899134635925293","0.899134635925293","0.899134635925293"
"1829","57.30121612548828","57.30121612548828","57.30121612548828","12.592710494995117","12.592710494995117","12.592710494995117","0.8719683885574341","0.8719683885574341","0.8719683885574341","64.27281188964844","64.27281188964844","64.27281188964844","14.5260009765625","14.5260009765625","14.5260009765625","0.8767616152763367","0.8767616152763367","0.8767616152763367"
"1859","83.49375915527344","83.49375915527344","83.49375915527344","15.363844871520996","15.363844871520996","15.363844871520996","0.7983872294425964","0.7983872294425964","0.7983872294425964","87.00171661376953","87.00171661376953","87.00171661376953","16.113384246826172","16.113384246826172","16.113384246826172","0.7702481150627136","0.7702481150627136","0.7702481150627136"
"1889","32.95370101928711","32.95370101928711","32.95370101928711","8.051846504211426","8.051846504211426","8.051846504211426","0.7500441074371338","0.7500441074371338","0.7500441074371338","38.75950622558594","38.75950622558594","38.75950622558594","8.448501586914062","8.448501586914062","8.448501586914062","0.7299354672431946","0.7299354672431946","0.7299354672431946"
"1919","43.01971435546875","43.01971435546875","43.01971435546875","37.91619873046875","37.91619873046875","37.91619873046875","0.8641279339790344","0.8641279339790344","0.8641279339790344","48.37001037597656","48.37001037597656","48.37001037597656","43.37888717651367","43.37888717651367","43.37888717651367","0.843999981880188","0.843999981880188","0.843999981880188"
"1949","43.263240814208984","43.263240814208984","43.263240814208984","9.647936820983887","9.647936820983887","9.647936820983887","0.789904773235321","0.789904773235321","0.789904773235321","49.05512237548828","49.05512237548828","49.05512237548828","10.026839256286621","10.026839256286621","10.026839256286621","0.7677367925643921","0.7677367925643921","0.7677367925643921"
"1979","38.691001892089844","38.691001892089844","38.691001892089844","8.335625648498535","8.335625648498535","8.335625648498535","0.6534723043441772","0.6534723043441772","0.6534723043441772","42.90082931518555","42.90082931518555","42.90082931518555","8.625508308410645","8.625508308410645","8.625508308410645","0.6207501888275146","0.6207501888275146","0.6207501888275146"
"2009","35.61126708984375","35.61126708984375","35.61126708984375","8.369963645935059","8.369963645935059","8.369963645935059","0.6649871468544006","0.6649871468544006","0.6649871468544006","40.76321792602539","40.76321792602539","40.76321792602539","9.455087661743164","9.455087661743164","9.455087661743164","0.6679461002349854","0.6679461002349854","0.6679461002349854"
"2039","33.094600677490234","33.094600677490234","33.094600677490234","6.857136249542236","6.857136249542236","6.857136249542236","0.6545412540435791","0.6545412540435791","0.6545412540435791","37.95066452026367","37.95066452026367","37.95066452026367","9.315933227539062","9.315933227539062","9.315933227539062","0.6428108215332031","0.6428108215332031","0.6428108215332031"
"2069","45.22057342529297","45.22057342529297","45.22057342529297","10.689676284790039","10.689676284790039","10.689676284790039","0.6584821939468384","0.6584821939468384","0.6584821939468384","53.35938262939453","53.35938262939453","53.35938262939453","10.975683212280273","10.975683212280273","10.975683212280273","0.6502915024757385","0.6502915024757385","0.6502915024757385"
"2099","49.244686126708984","49.244686126708984","49.244686126708984","11.30920124053955","11.30920124053955","11.30920124053955","0.6618533134460449","0.6618533134460449","0.6618533134460449","59.62978744506836","59.62978744506836","59.62978744506836","11.569462776184082","11.569462776184082","11.569462776184082","0.6679197549819946","0.6679197549819946","0.6679197549819946"
"2129","28.282676696777344","28.282676696777344","28.282676696777344","6.196587562561035","6.196587562561035","6.196587562561035","0.6261900663375854","0.6261900663375854","0.6261900663375854","35.39088439941406","35.39088439941406","35.39088439941406","7.238813400268555","7.238813400268555","7.238813400268555","0.6354506015777588","0.6354506015777588","0.6354506015777588"
"2159","24.32866668701172","24.32866668701172","24.32866668701172","6.738224506378174","6.738224506378174","6.738224506378174","0.7097125053405762","0.7097125053405762","0.7097125053405762","27.393903732299805","27.393903732299805","27.393903732299805","6.853142738342285","6.853142738342285","6.853142738342285","0.7014289498329163","0.7014289498329163","0.7014289498329163"
"2189","29.6517276763916","29.6517276763916","29.6517276763916","5.423523902893066","5.423523902893066","5.423523902893066","0.5686706304550171","0.5686706304550171","0.5686706304550171","33.549407958984375","33.549407958984375","33.549407958984375","5.932407855987549","5.932407855987549","5.932407855987549","0.5660216212272644","0.5660216212272644","0.5660216212272644"
"2219","29.639598846435547","29.639598846435547","29.639598846435547","8.243751525878906","8.243751525878906","8.243751525878906","0.6985716223716736","0.6985716223716736","0.6985716223716736","36.313560485839844","36.313560485839844","36.313560485839844","9.737049102783203","9.737049102783203","9.737049102783203","0.7044838070869446","0.7044838070869446","0.7044838070869446"
"2249","28.752363204956055","28.752363204956055","28.752363204956055","7.797208309173584","7.797208309173584","7.797208309173584","0.6671664118766785","0.6671664118766785","0.6671664118766785","34.57339859008789","34.57339859008789","34.57339859008789","9.215082168579102","9.215082168579102","9.215082168579102","0.6603502631187439","0.6603502631187439","0.6603502631187439"
"2279","79.43010711669922","79.43010711669922","79.43010711669922","14.910215377807617","14.910215377807617","14.910215377807617","0.6260414719581604","0.6260414719581604","0.6260414719581604","90.2304458618164","90.2304458618164","90.2304458618164","15.11053466796875","15.11053466796875","15.11053466796875","0.5895470976829529","0.5895470976829529","0.5895470976829529"
"2309","17.92728042602539","17.92728042602539","17.92728042602539","5.0876641273498535","5.0876641273498535","5.0876641273498535","0.5750882029533386","0.5750882029533386","0.5750882029533386","22.74973487854004","22.74973487854004","22.74973487854004","6.147126197814941","6.147126197814941","6.147126197814941","0.5938684940338135","0.5938684940338135","0.5938684940338135"
"2339","24.339345932006836","24.339345932006836","24.339345932006836","21.526479721069336","21.526479721069336","21.526479721069336","0.5727978944778442","0.5727978944778442","0.5727978944778442","31.561758041381836","31.561758041381836","31.561758041381836","14.655841827392578","14.655841827392578","14.655841827392578","0.5892288088798523","0.5892288088798523","0.5892288088798523"
"2369","21.350969314575195","21.350969314575195","21.350969314575195","9.907694816589355","9.907694816589355","9.907694816589355","0.5586355924606323","0.5586355924606323","0.5586355924606323","27.5299072265625","27.5299072265625","27.5299072265625","20.812477111816406","20.812477111816406","20.812477111816406","0.546006977558136","0.546006977558136","0.546006977558136"
"2399","21.250757217407227","21.250757217407227","21.250757217407227","47.41579055786133","47.41579055786133","47.41579055786133","0.4704322814941406","0.4704322814941406","0.4704322814941406","30.39358901977539","30.39358901977539","30.39358901977539","57.13323974609375","57.13323974609375","57.13323974609375","0.4588135778903961","0.4588135778903961","0.4588135778903961"
"2429","15.09384822845459","15.09384822845459","15.09384822845459","4.173190593719482","4.173190593719482","4.173190593719482","0.48153549432754517","0.48153549432754517","0.48153549432754517","22.55243682861328","22.55243682861328","22.55243682861328","5.039895057678223","5.039895057678223","5.039895057678223","0.4616643488407135","0.4616643488407135","0.4616643488407135"
"2459","19.073759078979492","19.073759078979492","19.073759078979492","4.742898941040039","4.742898941040039","4.742898941040039","0.626434862613678","0.626434862613678","0.626434862613678","28.309833526611328","28.309833526611328","28.309833526611328","6.041682720184326","6.041682720184326","6.041682720184326","0.6101873517036438","0.6101873517036438","0.6101873517036438"
"2489","20.85916519165039","20.85916519165039","20.85916519165039","4.127413272857666","4.127413272857666","4.127413272857666","0.5302239060401917","0.5302239060401917","0.5302239060401917","29.51328468322754","29.51328468322754","29.51328468322754","5.177937030792236","5.177937030792236","5.177937030792236","0.5512636303901672","0.5512636303901672","0.5512636303901672"
"2519","17.296491622924805","17.296491622924805","17.296491622924805","4.044116497039795","4.044116497039795","4.044116497039795","0.5115774273872375","0.5115774273872375","0.5115774273872375","26.58483123779297","26.58483123779297","26.58483123779297","4.913776874542236","4.913776874542236","4.913776874542236","0.5246496200561523","0.5246496200561523","0.5246496200561523"
"2549","19.20145034790039","19.20145034790039","19.20145034790039","4.644569396972656","4.644569396972656","4.644569396972656","0.4074576199054718","0.4074576199054718","0.4074576199054718","26.48884391784668","26.48884391784668","26.48884391784668","4.314021587371826","4.314021587371826","4.314021587371826","0.401111900806427","0.401111900806427","0.401111900806427"
"2579","15.0809907913208","15.0809907913208","15.0809907913208","6.308437824249268","6.308437824249268","6.308437824249268","0.585777223110199","0.585777223110199","0.585777223110199","22.369647979736328","22.369647979736328","22.369647979736328","7.690942287445068","7.690942287445068","7.690942287445068","0.5724222660064697","0.5724222660064697","0.5724222660064697"
"2609","22.06700897216797","22.06700897216797","22.06700897216797","4.065928936004639","4.065928936004639","4.065928936004639","0.5148851871490479","0.5148851871490479","0.5148851871490479","28.56588363647461","28.56588363647461","28.56588363647461","4.9939045906066895","4.9939045906066895","4.9939045906066895","0.5446034073829651","0.5446034073829651","0.5446034073829651"
"2639","8.779289245605469","8.779289245605469","8.779289245605469","2.833775520324707","2.833775520324707","2.833775520324707","0.4502303898334503","0.4502303898334503","0.4502303898334503","13.502737998962402","13.502737998962402","13.502737998962402","3.343191385269165","3.343191385269165","3.343191385269165","0.44817718863487244","0.44817718863487244","0.44817718863487244"
"2669","17.446849822998047","17.446849822998047","17.446849822998047","3.8226397037506104","3.8226397037506104","3.8226397037506104","0.4506213665008545","0.4506213665008545","0.4506213665008545","24.683727264404297","24.683727264404297","24.683727264404297","4.741480827331543","4.741480827331543","4.741480827331543","0.47832611203193665","0.47832611203193665","0.47832611203193665"
"2699","17.462430953979492","17.462430953979492","17.462430953979492","4.3870368003845215","4.3870368003845215","4.3870368003845215","0.5432295799255371","0.5432295799255371","0.5432295799255371","28.283388137817383","28.283388137817383","28.283388137817383","5.387336254119873","5.387336254119873","5.387336254119873","0.5847576856613159","0.5847576856613159","0.5847576856613159"
"2729","17.81598663330078","17.81598663330078","17.81598663330078","3.0427534580230713","3.0427534580230713","3.0427534580230713","0.47107943892478943","0.47107943892478943","0.47107943892478943","29.5537109375","29.5537109375","29.5537109375","4.214661598205566","4.214661598205566","4.214661598205566","0.4780058264732361","0.4780058264732361","0.4780058264732361"
"2759","7.985385417938232","7.985385417938232","7.985385417938232","2.144670248031616","2.144670248031616","2.144670248031616","0.4116472601890564","0.4116472601890564","0.4116472601890564","12.188350677490234","12.188350677490234","12.188350677490234","2.996000289916992","2.996000289916992","2.996000289916992","0.39501479268074036","0.39501479268074036","0.39501479268074036"
"2789","6.884562969207764","6.884562969207764","6.884562969207764","1.9411040544509888","1.9411040544509888","1.9411040544509888","0.35687628388404846","0.35687628388404846","0.35687628388404846","12.440150260925293","12.440150260925293","12.440150260925293","3.7099764347076416","3.7099764347076416","3.7099764347076416","0.3596585690975189","0.3596585690975189","0.3596585690975189"
"2819","11.50941276550293","11.50941276550293","11.50941276550293","2.189643144607544","2.189643144607544","2.189643144607544","0.4013814330101013","0.4013814330101013","0.4013814330101013","19.326847076416016","19.326847076416016","19.326847076416016","3.3616316318511963","3.3616316318511963","3.3616316318511963","0.4096641540527344","0.4096641540527344","0.4096641540527344"
"2849","17.533884048461914","17.533884048461914","17.533884048461914","3.7744123935699463","3.7744123935699463","3.7744123935699463","0.3909847140312195","0.3909847140312195","0.3909847140312195","28.23141098022461","28.23141098022461","28.23141098022461","4.242128372192383","4.242128372192383","4.242128372192383","0.3928173780441284","0.3928173780441284","0.3928173780441284"
"2879","10.128543853759766","10.128543853759766","10.128543853759766","5.3967766761779785","5.3967766761779785","5.3967766761779785","0.395425021648407","0.395425021648407","0.395425021648407","15.133902549743652","15.133902549743652","15.133902549743652","11.42141342163086","11.42141342163086","11.42141342163086","0.40669023990631104","0.40669023990631104","0.40669023990631104"
"2909","7.339842319488525","7.339842319488525","7.339842319488525","2.264984369277954","2.264984369277954","2.264984369277954","0.3934852182865143","0.3934852182865143","0.3934852182865143","11.824003219604492","11.824003219604492","11.824003219604492","3.2339630126953125","3.2339630126953125","3.2339630126953125","0.40142980217933655","0.40142980217933655","0.40142980217933655"
"2939","4.2864508628845215","4.2864508628845215","4.2864508628845215","1.6444944143295288","1.6444944143295288","1.6444944143295288","0.38250890374183655","0.38250890374183655","0.38250890374183655","7.095607280731201","7.095607280731201","7.095607280731201","2.604539632797241","2.604539632797241","2.604539632797241","0.4199155271053314","0.4199155271053314","0.4199155271053314"
"2969","8.335042953491211","8.335042953491211","8.335042953491211","28.726947784423828","28.726947784423828","28.726947784423828","0.4295569658279419","0.4295569658279419","0.4295569658279419","15.738274574279785","15.738274574279785","15.738274574279785","42.67445373535156","42.67445373535156","42.67445373535156","0.4204180836677551","0.4204180836677551","0.4204180836677551"
"2999","4.8975396156311035","4.8975396156311035","4.8975396156311035","3.3121185302734375","3.3121185302734375","3.3121185302734375","0.4423079192638397","0.4423079192638397","0.4423079192638397","7.517014503479004","7.517014503479004","7.517014503479004","2.4353020191192627","2.4353020191192627","2.4353020191192627","0.3885651230812073","0.3885651230812073","0.3885651230812073"
"3029","13.273771286010742","13.273771286010742","13.273771286010742","25.648847579956055","25.648847579956055","25.648847579956055","0.3942946791648865","0.3942946791648865","0.3942946791648865","30.197872161865234","30.197872161865234","30.197872161865234","52.00483322143555","52.00483322143555","52.00483322143555","0.41193121671676636","0.41193121671676636","0.41193121671676636"
"3059","10.838976860046387","10.838976860046387","10.838976860046387","8.800857543945312","8.800857543945312","8.800857543945312","0.43702206015586853","0.43702206015586853","0.43702206015586853","19.914941787719727","19.914941787719727","19.914941787719727","3.194805860519409","3.194805860519409","3.194805860519409","0.4431002736091614","0.4431002736091614","0.4431002736091614"
"3089","5.107341766357422","5.107341766357422","5.107341766357422","1.313565969467163","1.313565969467163","1.313565969467163","0.37909483909606934","0.37909483909606934","0.37909483909606934","8.275884628295898","8.275884628295898","8.275884628295898","1.9488308429718018","1.9488308429718018","1.9488308429718018","0.43627914786338806","0.43627914786338806","0.43627914786338806"
"3119","5.287869930267334","5.287869930267334","5.287869930267334","1.4955830574035645","1.4955830574035645","1.4955830574035645","0.38767093420028687","0.38767093420028687","0.38767093420028687","9.924570083618164","9.924570083618164","9.924570083618164","2.1867289543151855","2.1867289543151855","2.1867289543151855","0.40605682134628296","0.40605682134628296","0.40605682134628296"
"3149","5.325889587402344","5.325889587402344","5.325889587402344","1.3830920457839966","1.3830920457839966","1.3830920457839966","0.32659637928009033","0.32659637928009033","0.32659637928009033","9.96895694732666","9.96895694732666","9.96895694732666","2.2902419567108154","2.2902419567108154","2.2902419567108154","0.3358291685581207","0.3358291685581207","0.3358291685581207"
"3179","6.666846752166748","6.666846752166748","6.666846752166748","1.8076214790344238","1.8076214790344238","1.8076214790344238","0.3474254012107849","0.3474254012107849","0.3474254012107849","13.479972839355469","13.479972839355469","13.479972839355469","2.78342866897583","2.78342866897583","2.78342866897583","0.3694511353969574","0.3694511353969574","0.3694511353969574"
"3209","8.830949783325195","8.830949783325195","8.830949783325195","1.8633571863174438","1.8633571863174438","1.8633571863174438","0.3023277521133423","0.3023277521133423","0.3023277521133423","17.077260971069336","17.077260971069336","17.077260971069336","2.3570730686187744","2.3570730686187744","2.3570730686187744","0.31598371267318726","0.31598371267318726","0.31598371267318726"
"3239","6.89422082901001","6.89422082901001","6.89422082901001","1.5103188753128052","1.5103188753128052","1.5103188753128052","0.3791525065898895","0.3791525065898895","0.3791525065898895","12.408195495605469","12.408195495605469","12.408195495605469","2.1081204414367676","2.1081204414367676","2.1081204414367676","0.363202303647995","0.363202303647995","0.363202303647995"
"3269","6.584907054901123","6.584907054901123","6.584907054901123","1.8215359449386597","1.8215359449386597","1.8215359449386597","0.3631434440612793","0.3631434440612793","0.3631434440612793","12.705080032348633","12.705080032348633","12.705080032348633","2.3951492309570312","2.3951492309570312","2.3951492309570312","0.35896989703178406","0.35896989703178406","0.35896989703178406"
"3299","5.915575981140137","5.915575981140137","5.915575981140137","1.4567060470581055","1.4567060470581055","1.4567060470581055","0.36257293820381165","0.36257293820381165","0.36257293820381165","11.65414047241211","11.65414047241211","11.65414047241211","2.3767192363739014","2.3767192363739014","2.3767192363739014","0.3850838243961334","0.3850838243961334","0.3850838243961334"
"3329","9.874407768249512","9.874407768249512","9.874407768249512","1.6988035440444946","1.6988035440444946","1.6988035440444946","0.3173294961452484","0.3173294961452484","0.3173294961452484","20.615575790405273","20.615575790405273","20.615575790405273","2.9671199321746826","2.9671199321746826","2.9671199321746826","0.35722383856773376","0.35722383856773376","0.35722383856773376"
"3359","6.661611080169678","6.661611080169678","6.661611080169678","1.403277039527893","1.403277039527893","1.403277039527893","0.31445154547691345","0.31445154547691345","0.31445154547691345","13.523276329040527","13.523276329040527","13.523276329040527","2.274320125579834","2.274320125579834","2.274320125579834","0.3649097979068756","0.3649097979068756","0.3649097979068756"
"3389","3.306819438934326","3.306819438934326","3.306819438934326","1.1459258794784546","1.1459258794784546","1.1459258794784546","0.2954384982585907","0.2954384982585907","0.2954384982585907","6.267045974731445","6.267045974731445","6.267045974731445","1.5892688035964966","1.5892688035964966","1.5892688035964966","0.3103726804256439","0.3103726804256439","0.3103726804256439"
"3419","5.45988130569458","5.45988130569458","5.45988130569458","1.19477379322052","1.19477379322052","1.19477379322052","0.3087642192840576","0.3087642192840576","0.3087642192840576","10.327820777893066","10.327820777893066","10.327820777893066","1.973554015159607","1.973554015159607","1.973554015159607","0.34265410900115967","0.34265410900115967","0.34265410900115967"
"3449","4.353148937225342","4.353148937225342","4.353148937225342","1.1858097314834595","1.1858097314834595","1.1858097314834595","0.37041130661964417","0.37041130661964417","0.37041130661964417","8.791098594665527","8.791098594665527","8.791098594665527","1.8285835981369019","1.8285835981369019","1.8285835981369019","0.39008864760398865","0.39008864760398865","0.39008864760398865"
"3479","4.734175682067871","4.734175682067871","4.734175682067871","1.0732783079147339","1.0732783079147339","1.0732783079147339","0.30194076895713806","0.30194076895713806","0.30194076895713806","10.61941146850586","10.61941146850586","10.61941146850586","1.9011001586914062","1.9011001586914062","1.9011001586914062","0.3146429657936096","0.3146429657936096","0.3146429657936096"
"3509","8.292961120605469","8.292961120605469","8.292961120605469","6.344108581542969","6.344108581542969","6.344108581542969","0.3048262596130371","0.3048262596130371","0.3048262596130371","16.994728088378906","16.994728088378906","16.994728088378906","7.197307109832764","7.197307109832764","7.197307109832764","0.30915483832359314","0.30915483832359314","0.30915483832359314"
"3539","10.804621696472168","10.804621696472168","10.804621696472168","2.175380229949951","2.175380229949951","2.175380229949951","0.29458746314048767","0.29458746314048767","0.29458746314048767","23.019411087036133","23.019411087036133","23.019411087036133","2.8279552459716797","2.8279552459716797","2.8279552459716797","0.3318309783935547","0.3318309783935547","0.3318309783935547"
"3569","4.8131208419799805","4.8131208419799805","4.8131208419799805","1.0210366249084473","1.0210366249084473","1.0210366249084473","0.2921527922153473","0.2921527922153473","0.2921527922153473","10.903695106506348","10.903695106506348","10.903695106506348","1.858439326286316","1.858439326286316","1.858439326286316","0.33464401960372925","0.33464401960372925","0.33464401960372925"
"3599","4.384363174438477","4.384363174438477","4.384363174438477","2.6994049549102783","2.6994049549102783","2.6994049549102783","0.2836340665817261","0.2836340665817261","0.2836340665817261","9.363306999206543","9.363306999206543","9.363306999206543","1.8052681684494019","1.8052681684494019","1.8052681684494019","0.34775274991989136","0.34775274991989136","0.34775274991989136"
"3629","2.89867901802063","2.89867901802063","2.89867901802063","0.9019531607627869","0.9019531607627869","0.9019531607627869","0.23486754298210144","0.23486754298210144","0.23486754298210144","5.783987998962402","5.783987998962402","5.783987998962402","1.4019149541854858","1.4019149541854858","1.4019149541854858","0.24604423344135284","0.24604423344135284","0.24604423344135284"
"3659","5.290761470794678","5.290761470794678","5.290761470794678","2.7749223709106445","2.7749223709106445","2.7749223709106445","0.334715873003006","0.334715873003006","0.334715873003006","8.499256134033203","8.499256134033203","8.499256134033203","3.6563000679016113","3.6563000679016113","3.6563000679016113","0.34528785943984985","0.34528785943984985","0.34528785943984985"
"3689","1.7134557962417603","1.7134557962417603","1.7134557962417603","1.329864263534546","1.329864263534546","1.329864263534546","0.25512421131134033","0.25512421131134033","0.25512421131134033","3.690183639526367","3.690183639526367","3.690183639526367","1.647646427154541","1.647646427154541","1.647646427154541","0.3106590807437897","0.3106590807437897","0.3106590807437897"
"3719","3.4598846435546875","3.4598846435546875","3.4598846435546875","1.146092176437378","1.146092176437378","1.146092176437378","0.31374821066856384","0.31374821066856384","0.31374821066856384","8.531137466430664","8.531137466430664","8.531137466430664","1.701189637184143","1.701189637184143","1.701189637184143","0.3194951117038727","0.3194951117038727","0.3194951117038727"
"3749","2.008432149887085","2.008432149887085","2.008432149887085","1.1827646493911743","1.1827646493911743","1.1827646493911743","0.24172832071781158","0.24172832071781158","0.24172832071781158","3.8232171535491943","3.8232171535491943","3.8232171535491943","1.4511942863464355","1.4511942863464355","1.4511942863464355","0.2631407082080841","0.2631407082080841","0.2631407082080841"
"3779","2.6763768196105957","2.6763768196105957","2.6763768196105957","0.9044670462608337","0.9044670462608337","0.9044670462608337","0.2723338305950165","0.2723338305950165","0.2723338305950165","6.175622940063477","6.175622940063477","6.175622940063477","1.9459775686264038","1.9459775686264038","1.9459775686264038","0.31531181931495667","0.31531181931495667","0.31531181931495667"
"3809","2.902886390686035","2.902886390686035","2.902886390686035","0.7130361795425415","0.7130361795425415","0.7130361795425415","0.33505895733833313","0.33505895733833313","0.33505895733833313","7.387154579162598","7.387154579162598","7.387154579162598","1.3932163715362549","1.3932163715362549","1.3932163715362549","0.2986104190349579","0.2986104190349579","0.2986104190349579"
"3839","3.243809461593628","3.243809461593628","3.243809461593628","0.6402427554130554","0.6402427554130554","0.6402427554130554","0.23268505930900574","0.23268505930900574","0.23268505930900574","6.80714225769043","6.80714225769043","6.80714225769043","1.145175814628601","1.145175814628601","1.145175814628601","0.28763964772224426","0.28763964772224426","0.28763964772224426"
"3869","6.636710166931152","6.636710166931152","6.636710166931152","1.9018186330795288","1.9018186330795288","1.9018186330795288","0.2787807881832123","0.2787807881832123","0.2787807881832123","14.351214408874512","14.351214408874512","14.351214408874512","4.206229209899902","4.206229209899902","4.206229209899902","0.31513285636901855","0.31513285636901855","0.31513285636901855"
"3899","4.349207401275635","4.349207401275635","4.349207401275635","1.5502294301986694","1.5502294301986694","1.5502294301986694","0.2594641447067261","0.2594641447067261","0.2594641447067261","10.175657272338867","10.175657272338867","10.175657272338867","2.0990536212921143","2.0990536212921143","2.0990536212921143","0.2868676781654358","0.2868676781654358","0.2868676781654358"
"3929","2.062283754348755","2.062283754348755","2.062283754348755","0.9396479725837708","0.9396479725837708","0.9396479725837708","0.24585963785648346","0.24585963785648346","0.24585963785648346","4.988698482513428","4.988698482513428","4.988698482513428","1.2992784976959229","1.2992784976959229","1.2992784976959229","0.2632097899913788","0.2632097899913788","0.2632097899913788"
"3959","1.9693872928619385","1.9693872928619385","1.9693872928619385","0.652197539806366","0.652197539806366","0.652197539806366","0.24286223948001862","0.24286223948001862","0.24286223948001862","4.866371154785156","4.866371154785156","4.866371154785156","1.1791967153549194","1.1791967153549194","1.1791967153549194","0.3025023341178894","0.3025023341178894","0.3025023341178894"
"3989","2.4889423847198486","2.4889423847198486","2.4889423847198486","0.6621202826499939","0.6621202826499939","0.6621202826499939","0.23763848841190338","0.23763848841190338","0.23763848841190338","5.003920555114746","5.003920555114746","5.003920555114746","1.3817384243011475","1.3817384243011475","1.3817384243011475","0.27791672945022583","0.27791672945022583","0.27791672945022583"
"4019","3.3744804859161377","3.3744804859161377","3.3744804859161377","13.533248901367188","13.533248901367188","13.533248901367188","0.23181907832622528","0.23181907832622528","0.23181907832622528","7.7793192863464355","7.7793192863464355","7.7793192863464355","24.889354705810547","24.889354705810547","24.889354705810547","0.3050636351108551","0.3050636351108551","0.3050636351108551"
"4049","1.6919903755187988","1.6919903755187988","1.6919903755187988","0.69453364610672","0.69453364610672","0.69453364610672","0.22654084861278534","0.22654084861278534","0.22654084861278534","5.069893836975098","5.069893836975098","5.069893836975098","1.1504342555999756","1.1504342555999756","1.1504342555999756","0.26537907123565674","0.26537907123565674","0.26537907123565674"
"4079","3.5372424125671387","3.5372424125671387","3.5372424125671387","0.7580832242965698","0.7580832242965698","0.7580832242965698","0.2558668553829193","0.2558668553829193","0.2558668553829193","10.626814842224121","10.626814842224121","10.626814842224121","1.6158193349838257","1.6158193349838257","1.6158193349838257","0.2777630090713501","0.2777630090713501","0.2777630090713501"
"4109","2.4264285564422607","2.4264285564422607","2.4264285564422607","0.8361631035804749","0.8361631035804749","0.8361631035804749","0.26595279574394226","0.26595279574394226","0.26595279574394226","5.818271160125732","5.818271160125732","5.818271160125732","1.7158058881759644","1.7158058881759644","1.7158058881759644","0.33111852407455444","0.33111852407455444","0.33111852407455444"
"4139","3.6111488342285156","3.6111488342285156","3.6111488342285156","0.7792138457298279","0.7792138457298279","0.7792138457298279","0.21622416377067566","0.21622416377067566","0.21622416377067566","9.990255355834961","9.990255355834961","9.990255355834961","1.3217827081680298","1.3217827081680298","1.3217827081680298","0.26506441831588745","0.26506441831588745","0.26506441831588745"
"4169","2.834465980529785","2.834465980529785","2.834465980529785","1.1299744844436646","1.1299744844436646","1.1299744844436646","0.26393112540245056","0.26393112540245056","0.26393112540245056","8.22612476348877","8.22612476348877","8.22612476348877","1.4037837982177734","1.4037837982177734","1.4037837982177734","0.3290538787841797","0.3290538787841797","0.3290538787841797"
"4199","1.97685968875885","1.97685968875885","1.97685968875885","1.3082644939422607","1.3082644939422607","1.3082644939422607","0.22832410037517548","0.22832410037517548","0.22832410037517548","3.8900914192199707","3.8900914192199707","3.8900914192199707","2.0196404457092285","2.0196404457092285","2.0196404457092285","0.2534009516239166","0.2534009516239166","0.2534009516239166"
"4229","3.698702573776245","3.698702573776245","3.698702573776245","0.6960120797157288","0.6960120797157288","0.6960120797157288","0.2205515056848526","0.2205515056848526","0.2205515056848526","11.763219833374023","11.763219833374023","11.763219833374023","1.4834105968475342","1.4834105968475342","1.4834105968475342","0.26169201731681824","0.26169201731681824","0.26169201731681824"
"4259","1.2410677671432495","1.2410677671432495","1.2410677671432495","0.6018768548965454","0.6018768548965454","0.6018768548965454","0.18728455901145935","0.18728455901145935","0.18728455901145935","2.85245418548584","2.85245418548584","2.85245418548584","0.9993389844894409","0.9993389844894409","0.9993389844894409","0.2775736153125763","0.2775736153125763","0.2775736153125763"
"4289","1.0335330963134766","1.0335330963134766","1.0335330963134766","0.4188326299190521","0.4188326299190521","0.4188326299190521","0.23154224455356598","0.23154224455356598","0.23154224455356598","2.932143211364746","2.932143211364746","2.932143211364746","0.9223811030387878","0.9223811030387878","0.9223811030387878","0.2514117658138275","0.2514117658138275","0.2514117658138275"
"4319","1.0810551643371582","1.0810551643371582","1.0810551643371582","1.1282830238342285","1.1282830238342285","1.1282830238342285","0.21481667459011078","0.21481667459011078","0.21481667459011078","2.5944292545318604","2.5944292545318604","2.5944292545318604","1.0652798414230347","1.0652798414230347","1.0652798414230347","0.23629185557365417","0.23629185557365417","0.23629185557365417"
"4349","1.0615919828414917","1.0615919828414917","1.0615919828414917","0.6554895043373108","0.6554895043373108","0.6554895043373108","0.2166617214679718","0.2166617214679718","0.2166617214679718","2.620079517364502","2.620079517364502","2.620079517364502","0.9693959355354309","0.9693959355354309","0.9693959355354309","0.2619098126888275","0.2619098126888275","0.2619098126888275"
"4379","2.162569999694824","2.162569999694824","2.162569999694824","2.1196582317352295","2.1196582317352295","2.1196582317352295","0.21046853065490723","0.21046853065490723","0.21046853065490723","5.115571022033691","5.115571022033691","5.115571022033691","3.82411789894104","3.82411789894104","3.82411789894104","0.2362043708562851","0.2362043708562851","0.2362043708562851"
"4409","1.0163366794586182","1.0163366794586182","1.0163366794586182","0.6246330738067627","0.6246330738067627","0.6246330738067627","0.20359191298484802","0.20359191298484802","0.20359191298484802","2.404355764389038","2.404355764389038","2.404355764389038","0.8726844787597656","0.8726844787597656","0.8726844787597656","0.23789653182029724","0.23789653182029724","0.23789653182029724"
"4439","1.6403340101242065","1.6403340101242065","1.6403340101242065","0.7034724354743958","0.7034724354743958","0.7034724354743958","0.2593434751033783","0.2593434751033783","0.2593434751033783","4.281071186065674","4.281071186065674","4.281071186065674","1.0848935842514038","1.0848935842514038","1.0848935842514038","0.29495108127593994","0.29495108127593994","0.29495108127593994"
"4469","0.9825336933135986","0.9825336933135986","0.9825336933135986","0.52655428647995","0.52655428647995","0.52655428647995","0.22820933163166046","0.22820933163166046","0.22820933163166046","2.46822190284729","2.46822190284729","2.46822190284729","1.1059443950653076","1.1059443950653076","1.1059443950653076","0.32458487153053284","0.32458487153053284","0.32458487153053284"
"4499","4.377777099609375","4.377777099609375","4.377777099609375","15.459364891052246","15.459364891052246","15.459364891052246","0.20966392755508423","0.20966392755508423","0.20966392755508423","7.88847017288208","7.88847017288208","7.88847017288208","24.275402069091797","24.275402069091797","24.275402069091797","0.24339042603969574","0.24339042603969574","0.24339042603969574"
"4529","1.328321933746338","1.328321933746338","1.328321933746338","0.4794125258922577","0.4794125258922577","0.4794125258922577","0.18066681921482086","0.18066681921482086","0.18066681921482086","3.7408385276794434","3.7408385276794434","3.7408385276794434","0.9055193662643433","0.9055193662643433","0.9055193662643433","0.2301682084798813","0.2301682084798813","0.2301682084798813"
"4559","1.839369297027588","1.839369297027588","1.839369297027588","0.5566654205322266","0.5566654205322266","0.5566654205322266","0.24003367125988007","0.24003367125988007","0.24003367125988007","6.197700500488281","6.197700500488281","6.197700500488281","1.4030736684799194","1.4030736684799194","1.4030736684799194","0.31092679500579834","0.31092679500579834","0.31092679500579834"
"4589","1.1035206317901611","1.1035206317901611","1.1035206317901611","0.5346571207046509","0.5346571207046509","0.5346571207046509","0.16479657590389252","0.16479657590389252","0.16479657590389252","2.5979297161102295","2.5979297161102295","2.5979297161102295","0.9612484574317932","0.9612484574317932","0.9612484574317932","0.20985068380832672","0.20985068380832672","0.20985068380832672"
"4619","1.0578237771987915","1.0578237771987915","1.0578237771987915","0.9061744213104248","0.9061744213104248","0.9061744213104248","0.2012656331062317","0.2012656331062317","0.2012656331062317","2.570219039916992","2.570219039916992","2.570219039916992","0.867035984992981","0.867035984992981","0.867035984992981","0.22941651940345764","0.22941651940345764","0.22941651940345764"
"4649","2.0909008979797363","2.0909008979797363","2.0909008979797363","3.1348748207092285","3.1348748207092285","3.1348748207092285","0.184645414352417","0.184645414352417","0.184645414352417","2.967261791229248","2.967261791229248","2.967261791229248","5.165841579437256","5.165841579437256","5.165841579437256","0.2011243999004364","0.2011243999004364","0.2011243999004364"
"4679","1.0268305540084839","1.0268305540084839","1.0268305540084839","1.0958083868026733","1.0958083868026733","1.0958083868026733","0.2259238064289093","0.2259238064289093","0.2259238064289093","4.23930025100708","4.23930025100708","4.23930025100708","2.205498695373535","2.205498695373535","2.205498695373535","0.23416076600551605","0.23416076600551605","0.23416076600551605"
"4709","1.3611751794815063","1.3611751794815063","1.3611751794815063","0.6286225318908691","0.6286225318908691","0.6286225318908691","0.24444250762462616","0.24444250762462616","0.24444250762462616","4.688647747039795","4.688647747039795","4.688647747039795","1.4431209564208984","1.4431209564208984","1.4431209564208984","0.2860134243965149","0.2860134243965149","0.2860134243965149"
"4739","2.66133713722229","2.66133713722229","2.66133713722229","1.6236604452133179","1.6236604452133179","1.6236604452133179","0.1849195808172226","0.1849195808172226","0.1849195808172226","7.019152641296387","7.019152641296387","7.019152641296387","1.5033842325210571","1.5033842325210571","1.5033842325210571","0.22325217723846436","0.22325217723846436","0.22325217723846436"
"4769","1.5502591133117676","1.5502591133117676","1.5502591133117676","0.44861289858818054","0.44861289858818054","0.44861289858818054","0.1890128254890442","0.1890128254890442","0.1890128254890442","5.162481784820557","5.162481784820557","5.162481784820557","0.9335252642631531","0.9335252642631531","0.9335252642631531","0.22089824080467224","0.22089824080467224","0.22089824080467224"
"4799","0.9745135307312012","0.9745135307312012","0.9745135307312012","1.8459690809249878","1.8459690809249878","1.8459690809249878","0.1929997205734253","0.1929997205734253","0.1929997205734253","3.1360232830047607","3.1360232830047607","3.1360232830047607","2.843769073486328","2.843769073486328","2.843769073486328","0.24653491377830505","0.24653491377830505","0.24653491377830505"
"4829","1.076850414276123","1.076850414276123","1.076850414276123","0.3544422686100006","0.3544422686100006","0.3544422686100006","0.17261989414691925","0.17261989414691925","0.17261989414691925","4.048969745635986","4.048969745635986","4.048969745635986","0.8249793648719788","0.8249793648719788","0.8249793648719788","0.21144835650920868","0.21144835650920868","0.21144835650920868"
"4859","1.2955987453460693","1.2955987453460693","1.2955987453460693","0.4424743950366974","0.4424743950366974","0.4424743950366974","0.17167934775352478","0.17167934775352478","0.17167934775352478","2.361337184906006","2.361337184906006","2.361337184906006","0.8783735632896423","0.8783735632896423","0.8783735632896423","0.19811952114105225","0.19811952114105225","0.19811952114105225"
"4889","0.9239889979362488","0.9239889979362488","0.9239889979362488","0.6054025292396545","0.6054025292396545","0.6054025292396545","0.16829130053520203","0.16829130053520203","0.16829130053520203","2.27978777885437","2.27978777885437","2.27978777885437","0.9052136540412903","0.9052136540412903","0.9052136540412903","0.21353523433208466","0.21353523433208466","0.21353523433208466"
"4919","3.5057742595672607","3.5057742595672607","3.5057742595672607","6.068458080291748","6.068458080291748","6.068458080291748","0.19285012781620026","0.19285012781620026","0.19285012781620026","3.77252197265625","3.77252197265625","3.77252197265625","6.104534149169922","6.104534149169922","6.104534149169922","0.21197974681854248","0.21197974681854248","0.21197974681854248"
"4949","0.8251848220825195","0.8251848220825195","0.8251848220825195","0.8228040337562561","0.8228040337562561","0.8228040337562561","0.17503316700458527","0.17503316700458527","0.17503316700458527","2.5790116786956787","2.5790116786956787","2.5790116786956787","1.1132214069366455","1.1132214069366455","1.1132214069366455","0.24324104189872742","0.24324104189872742","0.24324104189872742"
"4979","0.7590569853782654","0.7590569853782654","0.7590569853782654","0.5592812895774841","0.5592812895774841","0.5592812895774841","0.2016521394252777","0.2016521394252777","0.2016521394252777","2.061366319656372","2.061366319656372","2.061366319656372","0.9563782811164856","0.9563782811164856","0.9563782811164856","0.2562404274940491","0.2562404274940491","0.2562404274940491"
"5009","0.6522843241691589","0.6522843241691589","0.6522843241691589","0.4337117671966553","0.4337117671966553","0.4337117671966553","0.16223695874214172","0.16223695874214172","0.16223695874214172","2.0670104026794434","2.0670104026794434","2.0670104026794434","0.7352903485298157","0.7352903485298157","0.7352903485298157","0.17503230273723602","0.17503230273723602","0.17503230273723602"
"5039","0.669671893119812","0.669671893119812","0.669671893119812","0.6404604315757751","0.6404604315757751","0.6404604315757751","0.17425937950611115","0.17425937950611115","0.17425937950611115","2.1236562728881836","2.1236562728881836","2.1236562728881836","1.5305233001708984","1.5305233001708984","1.5305233001708984","0.18567489087581635","0.18567489087581635","0.18567489087581635"
"5069","0.9504886269569397","0.9504886269569397","0.9504886269569397","0.5532179474830627","0.5532179474830627","0.5532179474830627","0.18951191008090973","0.18951191008090973","0.18951191008090973","1.9634934663772583","1.9634934663772583","1.9634934663772583","1.176904320716858","1.176904320716858","1.176904320716858","0.22302119433879852","0.22302119433879852","0.22302119433879852"
"5099","0.9357456564903259","0.9357456564903259","0.9357456564903259","1.326370358467102","1.326370358467102","1.326370358467102","0.16482503712177277","0.16482503712177277","0.16482503712177277","2.1319351196289062","2.1319351196289062","2.1319351196289062","0.8147987127304077","0.8147987127304077","0.8147987127304077","0.18865206837654114","0.18865206837654114","0.18865206837654114"
"5129","0.9474701285362244","0.9474701285362244","0.9474701285362244","0.7494706511497498","0.7494706511497498","0.7494706511497498","0.14958404004573822","0.14958404004573822","0.14958404004573822","2.0463554859161377","2.0463554859161377","2.0463554859161377","0.9233598113059998","0.9233598113059998","0.9233598113059998","0.2110607624053955","0.2110607624053955","0.2110607624053955"
"5159","1.3903826475143433","1.3903826475143433","1.3903826475143433","0.49316519498825073","0.49316519498825073","0.49316519498825073","0.15399649739265442","0.15399649739265442","0.15399649739265442","4.055566310882568","4.055566310882568","4.055566310882568","0.7489767074584961","0.7489767074584961","0.7489767074584961","0.197511687874794","0.197511687874794","0.197511687874794"
"5189","0.697454035282135","0.697454035282135","0.697454035282135","0.43552955985069275","0.43552955985069275","0.43552955985069275","0.1696721762418747","0.1696721762418747","0.1696721762418747","1.8019338846206665","1.8019338846206665","1.8019338846206665","0.7483544945716858","0.7483544945716858","0.7483544945716858","0.22129489481449127","0.22129489481449127","0.22129489481449127"
"5219","0.9186445474624634","0.9186445474624634","0.9186445474624634","2.4351096153259277","2.4351096153259277","2.4351096153259277","0.15976093709468842","0.15976093709468842","0.15976093709468842","1.9201421737670898","1.9201421737670898","1.9201421737670898","1.605175495147705","1.605175495147705","1.605175495147705","0.21104900538921356","0.21104900538921356","0.21104900538921356"
"5249","1.2775498628616333","1.2775498628616333","1.2775498628616333","0.714320957660675","0.714320957660675","0.714320957660675","0.18299274146556854","0.18299274146556854","0.18299274146556854","2.0454728603363037","2.0454728603363037","2.0454728603363037","1.2698055505752563","1.2698055505752563","1.2698055505752563","0.26392611861228943","0.26392611861228943","0.26392611861228943"
"5279","1.0315403938293457","1.0315403938293457","1.0315403938293457","5.550844669342041","5.550844669342041","5.550844669342041","0.18499954044818878","0.18499954044818878","0.18499954044818878","1.9846221208572388","1.9846221208572388","1.9846221208572388","3.901667356491089","3.901667356491089","3.901667356491089","0.22129885852336884","0.22129885852336884","0.22129885852336884"
"5309","4.866865634918213","4.866865634918213","4.866865634918213","5.726099014282227","5.726099014282227","5.726099014282227","0.15751869976520538","0.15751869976520538","0.15751869976520538","3.9973106384277344","3.9973106384277344","3.9973106384277344","18.10745620727539","18.10745620727539","18.10745620727539","0.18105781078338623","0.18105781078338623","0.18105781078338623"
"5339","4.300788879394531","4.300788879394531","4.300788879394531","21.197954177856445","21.197954177856445","21.197954177856445","0.17213527858257294","0.17213527858257294","0.17213527858257294","7.434974670410156","7.434974670410156","7.434974670410156","18.720060348510742","18.720060348510742","18.720060348510742","0.19732138514518738","0.19732138514518738","0.19732138514518738"
"5369","0.9023147225379944","0.9023147225379944","0.9023147225379944","0.6562120914459229","0.6562120914459229","0.6562120914459229","0.18281038105487823","0.18281038105487823","0.18281038105487823","3.1033661365509033","3.1033661365509033","3.1033661365509033","1.285407543182373","1.285407543182373","1.285407543182373","0.23919086158275604","0.23919086158275604","0.23919086158275604"
"5399","0.4927655756473541","0.4927655756473541","0.4927655756473541","0.6520209908485413","0.6520209908485413","0.6520209908485413","0.15667429566383362","0.15667429566383362","0.15667429566383362","1.5784047842025757","1.5784047842025757","1.5784047842025757","0.7144070863723755","0.7144070863723755","0.7144070863723755","0.2024858444929123","0.2024858444929123","0.2024858444929123"
"5429","0.6264092922210693","0.6264092922210693","0.6264092922210693","1.0892387628555298","1.0892387628555298","1.0892387628555298","0.1704549491405487","0.1704549491405487","0.1704549491405487","1.7654120922088623","1.7654120922088623","1.7654120922088623","0.8094011545181274","0.8094011545181274","0.8094011545181274","0.20268899202346802","0.20268899202346802","0.20268899202346802"
"5459","2.491938591003418","2.491938591003418","2.491938591003418","5.867530345916748","5.867530345916748","5.867530345916748","0.1824219524860382","0.1824219524860382","0.1824219524860382","3.9764091968536377","3.9764091968536377","3.9764091968536377","9.570938110351562","9.570938110351562","9.570938110351562","0.21767616271972656","0.21767616271972656","0.21767616271972656"
"5489","0.9929625988006592","0.9929625988006592","0.9929625988006592","1.1012837886810303","1.1012837886810303","1.1012837886810303","0.14067915081977844","0.14067915081977844","0.14067915081977844","1.6992461681365967","1.6992461681365967","1.6992461681365967","0.6723848581314087","0.6723848581314087","0.6723848581314087","0.1985877901315689","0.1985877901315689","0.1985877901315689"
"5519","0.6899152994155884","0.6899152994155884","0.6899152994155884","0.48329007625579834","0.48329007625579834","0.48329007625579834","0.16608722507953644","0.16608722507953644","0.16608722507953644","2.0126097202301025","2.0126097202301025","2.0126097202301025","0.9074280858039856","0.9074280858039856","0.9074280858039856","0.17972137033939362","0.17972137033939362","0.17972137033939362"
"5549","0.7810573577880859","0.7810573577880859","0.7810573577880859","2.913416624069214","2.913416624069214","2.913416624069214","0.1808682531118393","0.1808682531118393","0.1808682531118393","2.251692056655884","2.251692056655884","2.251692056655884","0.9409182667732239","0.9409182667732239","0.9409182667732239","0.25536856055259705","0.25536856055259705","0.25536856055259705"
"5579","1.034672498703003","1.034672498703003","1.034672498703003","1.1328098773956299","1.1328098773956299","1.1328098773956299","0.15001359581947327","0.15001359581947327","0.15001359581947327","3.587797164916992","3.587797164916992","3.587797164916992","0.964353084564209","0.964353084564209","0.964353084564209","0.16999581456184387","0.16999581456184387","0.16999581456184387"
"5609","1.702371597290039","1.702371597290039","1.702371597290039","1.679510474205017","1.679510474205017","1.679510474205017","0.1631849855184555","0.1631849855184555","0.1631849855184555","1.8236632347106934","1.8236632347106934","1.8236632347106934","4.004533767700195","4.004533767700195","4.004533767700195","0.208115816116333","0.208115816116333","0.208115816116333"
"5639","0.9445016384124756","0.9445016384124756","0.9445016384124756","1.370902419090271","1.370902419090271","1.370902419090271","0.18524715304374695","0.18524715304374695","0.18524715304374695","1.6481448411941528","1.6481448411941528","1.6481448411941528","1.4749376773834229","1.4749376773834229","1.4749376773834229","0.2300519496202469","0.2300519496202469","0.2300519496202469"
"5669","1.11720609664917","1.11720609664917","1.11720609664917","0.7728217840194702","0.7728217840194702","0.7728217840194702","0.15738865733146667","0.15738865733146667","0.15738865733146667","1.4352744817733765","1.4352744817733765","1.4352744817733765","0.9608587622642517","0.9608587622642517","0.9608587622642517","0.19811753928661346","0.19811753928661346","0.19811753928661346"
"5699","0.9407682418823242","0.9407682418823242","0.9407682418823242","0.7993273735046387","0.7993273735046387","0.7993273735046387","0.11554985493421555","0.11554985493421555","0.11554985493421555","2.618013858795166","2.618013858795166","2.618013858795166","0.98887038230896","0.98887038230896","0.98887038230896","0.18565227091312408","0.18565227091312408","0.18565227091312408"
"5729","0.45465537905693054","0.45465537905693054","0.45465537905693054","0.31280720233917236","0.31280720233917236","0.31280720233917236","0.16628709435462952","0.16628709435462952","0.16628709435462952","1.141339898109436","1.141339898109436","1.141339898109436","0.6106680631637573","0.6106680631637573","0.6106680631637573","0.19634361565113068","0.19634361565113068","0.19634361565113068"
"5759","0.7033839225769043","0.7033839225769043","0.7033839225769043","0.6927499771118164","0.6927499771118164","0.6927499771118164","0.18949338793754578","0.18949338793754578","0.18949338793754578","1.311423659324646","1.311423659324646","1.311423659324646","0.8418726325035095","0.8418726325035095","0.8418726325035095","0.22231930494308472","0.22231930494308472","0.22231930494308472"
"5789","0.45948076248168945","0.45948076248168945","0.45948076248168945","0.4276745617389679","0.4276745617389679","0.4276745617389679","0.16296783089637756","0.16296783089637756","0.16296783089637756","1.2001917362213135","1.2001917362213135","1.2001917362213135","0.7492927312850952","0.7492927312850952","0.7492927312850952","0.18852229416370392","0.18852229416370392","0.18852229416370392"
"5819","0.3514636158943176","0.3514636158943176","0.3514636158943176","0.37725740671157837","0.37725740671157837","0.37725740671157837","0.12918592989444733","0.12918592989444733","0.12918592989444733","1.0904892683029175","1.0904892683029175","1.0904892683029175","0.603797972202301","0.603797972202301","0.603797972202301","0.1918804943561554","0.1918804943561554","0.1918804943561554"
"5849","0.5838874578475952","0.5838874578475952","0.5838874578475952","0.5258710384368896","0.5258710384368896","0.5258710384368896","0.15409624576568604","0.15409624576568604","0.15409624576568604","1.2780431509017944","1.2780431509017944","1.2780431509017944","0.6741598844528198","0.6741598844528198","0.6741598844528198","0.21525880694389343","0.21525880694389343","0.21525880694389343"
"5879","0.32681646943092346","0.32681646943092346","0.32681646943092346","0.7663928270339966","0.7663928270339966","0.7663928270339966","0.12486156821250916","0.12486156821250916","0.12486156821250916","1.2058732509613037","1.2058732509613037","1.2058732509613037","0.979432225227356","0.979432225227356","0.979432225227356","0.17303508520126343","0.17303508520126343","0.17303508520126343"
"5909","0.42260265350341797","0.42260265350341797","0.42260265350341797","0.6606374382972717","0.6606374382972717","0.6606374382972717","0.11810056120157242","0.11810056120157242","0.11810056120157242","1.2965705394744873","1.2965705394744873","1.2965705394744873","0.7784685492515564","0.7784685492515564","0.7784685492515564","0.1780547797679901","0.1780547797679901","0.1780547797679901"
"5939","0.5992289185523987","0.5992289185523987","0.5992289185523987","0.3820229172706604","0.3820229172706604","0.3820229172706604","0.15682430565357208","0.15682430565357208","0.15682430565357208","1.8493913412094116","1.8493913412094116","1.8493913412094116","0.7530699968338013","0.7530699968338013","0.7530699968338013","0.20802369713783264","0.20802369713783264","0.20802369713783264"
"5969","0.3011026084423065","0.3011026084423065","0.3011026084423065","0.298862099647522","0.298862099647522","0.298862099647522","0.13046661019325256","0.13046661019325256","0.13046661019325256","1.0740829706192017","1.0740829706192017","1.0740829706192017","0.5822742581367493","0.5822742581367493","0.5822742581367493","0.1746935248374939","0.1746935248374939","0.1746935248374939"
"5999","0.5305017828941345","0.5305017828941345","0.5305017828941345","0.7766373157501221","0.7766373157501221","0.7766373157501221","0.15156759321689606","0.15156759321689606","0.15156759321689606","1.0773266553878784","1.0773266553878784","1.0773266553878784","0.7364631295204163","0.7364631295204163","0.7364631295204163","0.17557093501091003","0.17557093501091003","0.17557093501091003"
"6029","0.37813600897789","0.37813600897789","0.37813600897789","0.3865405321121216","0.3865405321121216","0.3865405321121216","0.12986670434474945","0.12986670434474945","0.12986670434474945","1.0748481750488281","1.0748481750488281","1.0748481750488281","0.5800295472145081","0.5800295472145081","0.5800295472145081","0.2150876224040985","0.2150876224040985","0.2150876224040985"
"6059","0.7849552631378174","0.7849552631378174","0.7849552631378174","2.0555267333984375","2.0555267333984375","2.0555267333984375","0.13312561810016632","0.13312561810016632","0.13312561810016632","2.030862331390381","2.030862331390381","2.030862331390381","1.436576247215271","1.436576247215271","1.436576247215271","0.19012726843357086","0.19012726843357086","0.19012726843357086"
"6089","0.3140234351158142","0.3140234351158142","0.3140234351158142","0.5751367211341858","0.5751367211341858","0.5751367211341858","0.14029696583747864","0.14029696583747864","0.14029696583747864","1.0653610229492188","1.0653610229492188","1.0653610229492188","0.5841122269630432","0.5841122269630432","0.5841122269630432","0.16578899323940277","0.16578899323940277","0.16578899323940277"
"6119","1.01231050491333","1.01231050491333","1.01231050491333","9.020686149597168","9.020686149597168","9.020686149597168","0.10753884166479111","0.10753884166479111","0.10753884166479111","2.026106595993042","2.026106595993042","2.026106595993042","4.144762992858887","4.144762992858887","4.144762992858887","0.16913436353206635","0.16913436353206635","0.16913436353206635"
"6149","0.49219176173210144","0.49219176173210144","0.49219176173210144","0.4017813801765442","0.4017813801765442","0.4017813801765442","0.1281939595937729","0.1281939595937729","0.1281939595937729","1.018332600593567","1.018332600593567","1.018332600593567","0.6133487820625305","0.6133487820625305","0.6133487820625305","0.16802947223186493","0.16802947223186493","0.16802947223186493"
"6179","0.39618003368377686","0.39618003368377686","0.39618003368377686","1.1968755722045898","1.1968755722045898","1.1968755722045898","0.11638904362916946","0.11638904362916946","0.11638904362916946","1.0383968353271484","1.0383968353271484","1.0383968353271484","1.6439168453216553","1.6439168453216553","1.6439168453216553","0.13525056838989258","0.13525056838989258","0.13525056838989258"
"6209","0.764979898929596","0.764979898929596","0.764979898929596","0.6102761626243591","0.6102761626243591","0.6102761626243591","0.1446649730205536","0.1446649730205536","0.1446649730205536","1.3970767259597778","1.3970767259597778","1.3970767259597778","0.6640808582305908","0.6640808582305908","0.6640808582305908","0.15950727462768555","0.15950727462768555","0.15950727462768555"
"6239","0.26925012469291687","0.26925012469291687","0.26925012469291687","0.3243408799171448","0.3243408799171448","0.3243408799171448","0.13718266785144806","0.13718266785144806","0.13718266785144806","0.9856281280517578","0.9856281280517578","0.9856281280517578","0.5701963305473328","0.5701963305473328","0.5701963305473328","0.225505530834198","0.225505530834198","0.225505530834198"
"6269","0.8002527952194214","0.8002527952194214","0.8002527952194214","2.6638622283935547","2.6638622283935547","2.6638622283935547","0.1272263377904892","0.1272263377904892","0.1272263377904892","1.341318964958191","1.341318964958191","1.341318964958191","1.126494288444519","1.126494288444519","1.126494288444519","0.1746329665184021","0.1746329665184021","0.1746329665184021"
"6299","0.8818833827972412","0.8818833827972412","0.8818833827972412","3.947567939758301","3.947567939758301","3.947567939758301","0.1436753123998642","0.1436753123998642","0.1436753123998642","1.1542069911956787","1.1542069911956787","1.1542069911956787","1.4045034646987915","1.4045034646987915","1.4045034646987915","0.19524341821670532","0.19524341821670532","0.19524341821670532"
"6329","0.6347980499267578","0.6347980499267578","0.6347980499267578","0.5374831557273865","0.5374831557273865","0.5374831557273865","0.13386234641075134","0.13386234641075134","0.13386234641075134","2.1975977420806885","2.1975977420806885","2.1975977420806885","0.7774534225463867","0.7774534225463867","0.7774534225463867","0.1919427067041397","0.1919427067041397","0.1919427067041397"
"6359","3.6025521755218506","3.6025521755218506","3.6025521755218506","19.09368896484375","19.09368896484375","19.09368896484375","0.1338551938533783","0.1338551938533783","0.1338551938533783","2.121082067489624","2.121082067489624","2.121082067489624","17.321802139282227","17.321802139282227","17.321802139282227","0.22863520681858063","0.22863520681858063","0.22863520681858063"
"6389","0.31641829013824463","0.31641829013824463","0.31641829013824463","0.3682868182659149","0.3682868182659149","0.3682868182659149","0.1344788670539856","0.1344788670539856","0.1344788670539856","0.8928583860397339","0.8928583860397339","0.8928583860397339","0.543830394744873","0.543830394744873","0.543830394744873","0.21316498517990112","0.21316498517990112","0.21316498517990112"
"6419","0.2957848012447357","0.2957848012447357","0.2957848012447357","0.5335003733634949","0.5335003733634949","0.5335003733634949","0.11366565525531769","0.11366565525531769","0.11366565525531769","0.8537638783454895","0.8537638783454895","0.8537638783454895","0.544626772403717","0.544626772403717","0.544626772403717","0.1600354015827179","0.1600354015827179","0.1600354015827179"
"6449","0.30038949847221375","0.30038949847221375","0.30038949847221375","0.5878930687904358","0.5878930687904358","0.5878930687904358","0.1199193149805069","0.1199193149805069","0.1199193149805069","0.7255149483680725","0.7255149483680725","0.7255149483680725","0.6466138958930969","0.6466138958930969","0.6466138958930969","0.15158076584339142","0.15158076584339142","0.15158076584339142"
"6479","0.3216119408607483","0.3216119408607483","0.3216119408607483","0.5846647024154663","0.5846647024154663","0.5846647024154663","0.14974507689476013","0.14974507689476013","0.14974507689476013","0.7534997463226318","0.7534997463226318","0.7534997463226318","0.7108064293861389","0.7108064293861389","0.7108064293861389","0.17439086735248566","0.17439086735248566","0.17439086735248566"
"6509","0.45890089869499207","0.45890089869499207","0.45890089869499207","0.48264625668525696","0.48264625668525696","0.48264625668525696","0.17573332786560059","0.17573332786560059","0.17573332786560059","1.5628668069839478","1.5628668069839478","1.5628668069839478","0.5911964774131775","0.5911964774131775","0.5911964774131775","0.16741763055324554","0.16741763055324554","0.16741763055324554"
"6539","0.4800920784473419","0.4800920784473419","0.4800920784473419","0.40600821375846863","0.40600821375846863","0.40600821375846863","0.1121240109205246","0.1121240109205246","0.1121240109205246","0.9318460822105408","0.9318460822105408","0.9318460822105408","0.5679946541786194","0.5679946541786194","0.5679946541786194","0.20140205323696136","0.20140205323696136","0.20140205323696136"
"6569","0.38015249371528625","0.38015249371528625","0.38015249371528625","1.6595497131347656","1.6595497131347656","1.6595497131347656","0.14236199855804443","0.14236199855804443","0.14236199855804443","0.9732887148857117","0.9732887148857117","0.9732887148857117","1.6089445352554321","1.6089445352554321","1.6089445352554321","0.1908048838376999","0.1908048838376999","0.1908048838376999"
"6599","0.7039120197296143","0.7039120197296143","0.7039120197296143","0.867472231388092","0.867472231388092","0.867472231388092","0.11824782937765121","0.11824782937765121","0.11824782937765121","0.8959170579910278","0.8959170579910278","0.8959170579910278","0.7854864597320557","0.7854864597320557","0.7854864597320557","0.1891663372516632","0.1891663372516632","0.1891663372516632"
"6629","0.39236652851104736","0.39236652851104736","0.39236652851104736","1.3562588691711426","1.3562588691711426","1.3562588691711426","0.129217267036438","0.129217267036438","0.129217267036438","0.7967538237571716","0.7967538237571716","0.7967538237571716","0.9668256640434265","0.9668256640434265","0.9668256640434265","0.21188980340957642","0.21188980340957642","0.21188980340957642"
"6659","0.5786020755767822","0.5786020755767822","0.5786020755767822","0.7196380496025085","0.7196380496025085","0.7196380496025085","0.11672379821538925","0.11672379821538925","0.11672379821538925","1.489229679107666","1.489229679107666","1.489229679107666","0.5752205848693848","0.5752205848693848","0.5752205848693848","0.1942247599363327","0.1942247599363327","0.1942247599363327"
"6689","0.3819003701210022","0.3819003701210022","0.3819003701210022","0.2918102443218231","0.2918102443218231","0.2918102443218231","0.12503527104854584","0.12503527104854584","0.12503527104854584","0.8647456169128418","0.8647456169128418","0.8647456169128418","0.47662353515625","0.47662353515625","0.47662353515625","0.17296043038368225","0.17296043038368225","0.17296043038368225"
"6719","0.29079604148864746","0.29079604148864746","0.29079604148864746","0.3499426245689392","0.3499426245689392","0.3499426245689392","0.09625470638275146","0.09625470638275146","0.09625470638275146","0.7091334462165833","0.7091334462165833","0.7091334462165833","0.5423715114593506","0.5423715114593506","0.5423715114593506","0.1245608851313591","0.1245608851313591","0.1245608851313591"
"6749","1.1293374300003052","1.1293374300003052","1.1293374300003052","0.8211166262626648","0.8211166262626648","0.8211166262626648","0.11370120942592621","0.11370120942592621","0.11370120942592621","2.1338725090026855","2.1338725090026855","2.1338725090026855","0.9397303462028503","0.9397303462028503","0.9397303462028503","0.1459948867559433","0.1459948867559433","0.1459948867559433"
"6779","0.5949251651763916","0.5949251651763916","0.5949251651763916","0.318746417760849","0.318746417760849","0.318746417760849","0.13389240205287933","0.13389240205287933","0.13389240205287933","1.673193335533142","1.673193335533142","1.673193335533142","0.49564841389656067","0.49564841389656067","0.49564841389656067","0.1559423953294754","0.1559423953294754","0.1559423953294754"
"6809","0.6115905046463013","0.6115905046463013","0.6115905046463013","0.3942197859287262","0.3942197859287262","0.3942197859287262","0.12639613449573517","0.12639613449573517","0.12639613449573517","0.7194733023643494","0.7194733023643494","0.7194733023643494","0.5495092868804932","0.5495092868804932","0.5495092868804932","0.13222210109233856","0.13222210109233856","0.13222210109233856"
"6839","0.7621462941169739","0.7621462941169739","0.7621462941169739","0.7310426235198975","0.7310426235198975","0.7310426235198975","0.12224031239748001","0.12224031239748001","0.12224031239748001","1.7982131242752075","1.7982131242752075","1.7982131242752075","0.767329216003418","0.767329216003418","0.767329216003418","0.18143627047538757","0.18143627047538757","0.18143627047538757"
"6869","0.28706616163253784","0.28706616163253784","0.28706616163253784","0.5749098062515259","0.5749098062515259","0.5749098062515259","0.09888602048158646","0.09888602048158646","0.09888602048158646","1.0096474885940552","1.0096474885940552","1.0096474885940552","0.45086759328842163","0.45086759328842163","0.45086759328842163","0.13149937987327576","0.13149937987327576","0.13149937987327576"
"6899","1.3533889055252075","1.3533889055252075","1.3533889055252075","4.9825592041015625","4.9825592041015625","4.9825592041015625","0.11177949607372284","0.11177949607372284","0.11177949607372284","3.5650219917297363","3.5650219917297363","3.5650219917297363","6.248845100402832","6.248845100402832","6.248845100402832","0.20848962664604187","0.20848962664604187","0.20848962664604187"
"6929","0.2476222962141037","0.2476222962141037","0.2476222962141037","0.3363800644874573","0.3363800644874573","0.3363800644874573","0.11214065551757812","0.11214065551757812","0.11214065551757812","0.9284045100212097","0.9284045100212097","0.9284045100212097","0.5843945741653442","0.5843945741653442","0.5843945741653442","0.14977741241455078","0.14977741241455078","0.14977741241455078"
"6959","0.46515101194381714","0.46515101194381714","0.46515101194381714","0.3864905834197998","0.3864905834197998","0.3864905834197998","0.12330929189920425","0.12330929189920425","0.12330929189920425","0.7410534620285034","0.7410534620285034","0.7410534620285034","0.4347606599330902","0.4347606599330902","0.4347606599330902","0.1639048010110855","0.1639048010110855","0.1639048010110855"
"6989","0.3770981431007385","0.3770981431007385","0.3770981431007385","0.2803390324115753","0.2803390324115753","0.2803390324115753","0.11703625321388245","0.11703625321388245","0.11703625321388245","0.6410388946533203","0.6410388946533203","0.6410388946533203","0.5226852297782898","0.5226852297782898","0.5226852297782898","0.19655008614063263","0.19655008614063263","0.19655008614063263"
"7019","1.0252140760421753","1.0252140760421753","1.0252140760421753","1.084234356880188","1.084234356880188","1.084234356880188","0.11839067190885544","0.11839067190885544","0.11839067190885544","0.9414141774177551","0.9414141774177551","0.9414141774177551","0.8925054669380188","0.8925054669380188","0.8925054669380188","0.1526053547859192","0.1526053547859192","0.1526053547859192"
"7049","0.3458414673805237","0.3458414673805237","0.3458414673805237","0.276647686958313","0.276647686958313","0.276647686958313","0.14612016081809998","0.14612016081809998","0.14612016081809998","0.8522520065307617","0.8522520065307617","0.8522520065307617","0.49046221375465393","0.49046221375465393","0.49046221375465393","0.15285523235797882","0.15285523235797882","0.15285523235797882"
"7079","0.2194080650806427","0.2194080650806427","0.2194080650806427","0.2630773186683655","0.2630773186683655","0.2630773186683655","0.12436229735612869","0.12436229735612869","0.12436229735612869","0.6419731974601746","0.6419731974601746","0.6419731974601746","0.4826275408267975","0.4826275408267975","0.4826275408267975","0.17425312101840973","0.17425312101840973","0.17425312101840973"
"7109","0.42958295345306396","0.42958295345306396","0.42958295345306396","0.8580717444419861","0.8580717444419861","0.8580717444419861","0.1244216114282608","0.1244216114282608","0.1244216114282608","0.6285737752914429","0.6285737752914429","0.6285737752914429","1.2234052419662476","1.2234052419662476","1.2234052419662476","0.17963546514511108","0.17963546514511108","0.17963546514511108"
"7139","0.4576060473918915","0.4576060473918915","0.4576060473918915","0.4156308174133301","0.4156308174133301","0.4156308174133301","0.12136326730251312","0.12136326730251312","0.12136326730251312","0.653910219669342","0.653910219669342","0.653910219669342","0.6498034000396729","0.6498034000396729","0.6498034000396729","0.1839684396982193","0.1839684396982193","0.1839684396982193"
"7169","0.4102209508419037","0.4102209508419037","0.4102209508419037","0.4294371008872986","0.4294371008872986","0.4294371008872986","0.0990576520562172","0.0990576520562172","0.0990576520562172","0.6024324893951416","0.6024324893951416","0.6024324893951416","0.6209511160850525","0.6209511160850525","0.6209511160850525","0.13807108998298645","0.13807108998298645","0.13807108998298645"
"7199","0.5377565026283264","0.5377565026283264","0.5377565026283264","0.5640976428985596","0.5640976428985596","0.5640976428985596","0.13260605931282043","0.13260605931282043","0.13260605931282043","0.5264369249343872","0.5264369249343872","0.5264369249343872","0.7498336434364319","0.7498336434364319","0.7498336434364319","0.17137721180915833","0.17137721180915833","0.17137721180915833"
"7229","0.3783082962036133","0.3783082962036133","0.3783082962036133","0.7366226315498352","0.7366226315498352","0.7366226315498352","0.0956442803144455","0.0956442803144455","0.0956442803144455","0.5993607640266418","0.5993607640266418","0.5993607640266418","0.5707616806030273","0.5707616806030273","0.5707616806030273","0.13084910809993744","0.13084910809993744","0.13084910809993744"
"7259","1.34817636013031","1.34817636013031","1.34817636013031","4.18910026550293","4.18910026550293","4.18910026550293","0.15050730109214783","0.15050730109214783","0.15050730109214783","4.411065578460693","4.411065578460693","4.411065578460693","4.841384410858154","4.841384410858154","4.841384410858154","0.16601867973804474","0.16601867973804474","0.16601867973804474"
"7289","0.6539216637611389","0.6539216637611389","0.6539216637611389","0.41096946597099304","0.41096946597099304","0.41096946597099304","0.10380648076534271","0.10380648076534271","0.10380648076534271","0.7938725352287292","0.7938725352287292","0.7938725352287292","0.5619956851005554","0.5619956851005554","0.5619956851005554","0.16007937490940094","0.16007937490940094","0.16007937490940094"
"7319","0.3346072733402252","0.3346072733402252","0.3346072733402252","0.30688515305519104","0.30688515305519104","0.30688515305519104","0.08564895391464233","0.08564895391464233","0.08564895391464233","0.5726109147071838","0.5726109147071838","0.5726109147071838","0.4214816093444824","0.4214816093444824","0.4214816093444824","0.14369523525238037","0.14369523525238037","0.14369523525238037"
"7349","0.7137620449066162","0.7137620449066162","0.7137620449066162","0.6118505001068115","0.6118505001068115","0.6118505001068115","0.13629457354545593","0.13629457354545593","0.13629457354545593","0.6926363706588745","0.6926363706588745","0.6926363706588745","0.6023885011672974","0.6023885011672974","0.6023885011672974","0.21438033878803253","0.21438033878803253","0.21438033878803253"
"7379","0.3020137846469879","0.3020137846469879","0.3020137846469879","0.5353749990463257","0.5353749990463257","0.5353749990463257","0.10144805908203125","0.10144805908203125","0.10144805908203125","0.5119454264640808","0.5119454264640808","0.5119454264640808","0.4340013861656189","0.4340013861656189","0.4340013861656189","0.14220672845840454","0.14220672845840454","0.14220672845840454"
"7409","0.31579965353012085","0.31579965353012085","0.31579965353012085","0.39902907609939575","0.39902907609939575","0.39902907609939575","0.12098681926727295","0.12098681926727295","0.12098681926727295","0.5340600609779358","0.5340600609779358","0.5340600609779358","0.5458754897117615","0.5458754897117615","0.5458754897117615","0.1416105180978775","0.1416105180978775","0.1416105180978775"
"7439","0.4815579354763031","0.4815579354763031","0.4815579354763031","0.8767169117927551","0.8767169117927551","0.8767169117927551","0.10452970117330551","0.10452970117330551","0.10452970117330551","0.751438558101654","0.751438558101654","0.751438558101654","0.7509310841560364","0.7509310841560364","0.7509310841560364","0.16882871091365814","0.16882871091365814","0.16882871091365814"
"7469","0.4996917247772217","0.4996917247772217","0.4996917247772217","1.1188335418701172","1.1188335418701172","1.1188335418701172","0.10731735080480576","0.10731735080480576","0.10731735080480576","0.6900299191474915","0.6900299191474915","0.6900299191474915","2.8306427001953125","2.8306427001953125","2.8306427001953125","0.17633499205112457","0.17633499205112457","0.17633499205112457"
"7499","0.894970178604126","0.894970178604126","0.894970178604126","0.31707754731178284","0.31707754731178284","0.31707754731178284","0.09718896448612213","0.09718896448612213","0.09718896448612213","0.5313195586204529","0.5313195586204529","0.5313195586204529","0.3793906569480896","0.3793906569480896","0.3793906569480896","0.1816757172346115","0.1816757172346115","0.1816757172346115"
"7529","0.27411338686943054","0.27411338686943054","0.27411338686943054","0.37722957134246826","0.37722957134246826","0.37722957134246826","0.09782591462135315","0.09782591462135315","0.09782591462135315","0.5488441586494446","0.5488441586494446","0.5488441586494446","0.445793479681015","0.445793479681015","0.445793479681015","0.177541121840477","0.177541121840477","0.177541121840477"
"7559","0.5530271530151367","0.5530271530151367","0.5530271530151367","0.44677025079727173","0.44677025079727173","0.44677025079727173","0.10608823597431183","0.10608823597431183","0.10608823597431183","0.5794201493263245","0.5794201493263245","0.5794201493263245","0.5507673621177673","0.5507673621177673","0.5507673621177673","0.15933939814567566","0.15933939814567566","0.15933939814567566"
"7589","0.5488799810409546","0.5488799810409546","0.5488799810409546","0.3937649726867676","0.3937649726867676","0.3937649726867676","0.09628903865814209","0.09628903865814209","0.09628903865814209","0.5157889127731323","0.5157889127731323","0.5157889127731323","0.5656511783599854","0.5656511783599854","0.5656511783599854","0.13893099129199982","0.13893099129199982","0.13893099129199982"
"7619","0.327015221118927","0.327015221118927","0.327015221118927","0.4707086980342865","0.4707086980342865","0.4707086980342865","0.10256000608205795","0.10256000608205795","0.10256000608205795","0.9025653600692749","0.9025653600692749","0.9025653600692749","0.5260159969329834","0.5260159969329834","0.5260159969329834","0.18424110114574432","0.18424110114574432","0.18424110114574432"
"7649","1.5933315753936768","1.5933315753936768","1.5933315753936768","0.2884009778499603","0.2884009778499603","0.2884009778499603","0.13165155053138733","0.13165155053138733","0.13165155053138733","0.5244132280349731","0.5244132280349731","0.5244132280349731","0.7404040098190308","0.7404040098190308","0.7404040098190308","0.1695011854171753","0.1695011854171753","0.1695011854171753"
"7679","0.22935952246189117","0.22935952246189117","0.22935952246189117","0.3268604874610901","0.3268604874610901","0.3268604874610901","0.08880870789289474","0.08880870789289474","0.08880870789289474","0.43525853753089905","0.43525853753089905","0.43525853753089905","0.458088219165802","0.458088219165802","0.458088219165802","0.1349979192018509","0.1349979192018509","0.1349979192018509"
"7709","0.32952383160591125","0.32952383160591125","0.32952383160591125","0.368438184261322","0.368438184261322","0.368438184261322","0.13861523568630219","0.13861523568630219","0.13861523568630219","0.4869973957538605","0.4869973957538605","0.4869973957538605","0.5665727257728577","0.5665727257728577","0.5665727257728577","0.14575715363025665","0.14575715363025665","0.14575715363025665"
"7739","0.313912570476532","0.313912570476532","0.313912570476532","0.35270899534225464","0.35270899534225464","0.35270899534225464","0.11741069704294205","0.11741069704294205","0.11741069704294205","0.4475657641887665","0.4475657641887665","0.4475657641887665","0.4574037492275238","0.4574037492275238","0.4574037492275238","0.17267698049545288","0.17267698049545288","0.17267698049545288"
"7769","0.23064474761486053","0.23064474761486053","0.23064474761486053","0.2831418216228485","0.2831418216228485","0.2831418216228485","0.10707637667655945","0.10707637667655945","0.10707637667655945","0.4414176344871521","0.4414176344871521","0.4414176344871521","0.3694831132888794","0.3694831132888794","0.3694831132888794","0.18903449177742004","0.18903449177742004","0.18903449177742004"
"7799","0.33456289768218994","0.33456289768218994","0.33456289768218994","0.28663817048072815","0.28663817048072815","0.28663817048072815","0.10007937997579575","0.10007937997579575","0.10007937997579575","0.46169599890708923","0.46169599890708923","0.46169599890708923","0.3859957754611969","0.3859957754611969","0.3859957754611969","0.15469728410243988","0.15469728410243988","0.15469728410243988"
"7829","0.9049187898635864","0.9049187898635864","0.9049187898635864","2.7619128227233887","2.7619128227233887","2.7619128227233887","0.1827721744775772","0.1827721744775772","0.1827721744775772","1.6552881002426147","1.6552881002426147","1.6552881002426147","7.306198596954346","7.306198596954346","7.306198596954346","0.14742271602153778","0.14742271602153778","0.14742271602153778"
"7859","0.4859880805015564","0.4859880805015564","0.4859880805015564","0.41118597984313965","0.41118597984313965","0.41118597984313965","0.09718549251556396","0.09718549251556396","0.09718549251556396","0.4670255482196808","0.4670255482196808","0.4670255482196808","0.4225837290287018","0.4225837290287018","0.4225837290287018","0.16648051142692566","0.16648051142692566","0.16648051142692566"
"7889","0.6902526617050171","0.6902526617050171","0.6902526617050171","0.934760570526123","0.934760570526123","0.934760570526123","0.12038020044565201","0.12038020044565201","0.12038020044565201","0.5463760495185852","0.5463760495185852","0.5463760495185852","0.6432020664215088","0.6432020664215088","0.6432020664215088","0.12049835920333862","0.12049835920333862","0.12049835920333862"
"7919","0.28131547570228577","0.28131547570228577","0.28131547570228577","0.2909289598464966","0.2909289598464966","0.2909289598464966","0.10298436880111694","0.10298436880111694","0.10298436880111694","0.37552130222320557","0.37552130222320557","0.37552130222320557","0.3982580602169037","0.3982580602169037","0.3982580602169037","0.1648491621017456","0.1648491621017456","0.1648491621017456"
"7949","0.3007539212703705","0.3007539212703705","0.3007539212703705","0.45319536328315735","0.45319536328315735","0.45319536328315735","0.11336968094110489","0.11336968094110489","0.11336968094110489","0.4479961693286896","0.4479961693286896","0.4479961693286896","0.7194890379905701","0.7194890379905701","0.7194890379905701","0.1290900707244873","0.1290900707244873","0.1290900707244873"
"7979","0.2927438020706177","0.2927438020706177","0.2927438020706177","0.2284965217113495","0.2284965217113495","0.2284965217113495","0.12099003791809082","0.12099003791809082","0.12099003791809082","0.4473894536495209","0.4473894536495209","0.4473894536495209","0.4477640688419342","0.4477640688419342","0.4477640688419342","0.16790103912353516","0.16790103912353516","0.16790103912353516"
"8009","0.7010626792907715","0.7010626792907715","0.7010626792907715","1.484135389328003","1.484135389328003","1.484135389328003","0.10670328140258789","0.10670328140258789","0.10670328140258789","0.6526468992233276","0.6526468992233276","0.6526468992233276","3.982405424118042","3.982405424118042","3.982405424118042","0.13510297238826752","0.13510297238826752","0.13510297238826752"
"8039","0.344696581363678","0.344696581363678","0.344696581363678","0.3963335454463959","0.3963335454463959","0.3963335454463959","0.10623550415039062","0.10623550415039062","0.10623550415039062","0.4734419286251068","0.4734419286251068","0.4734419286251068","0.42092201113700867","0.42092201113700867","0.42092201113700867","0.15361984074115753","0.15361984074115753","0.15361984074115753"
"8069","0.27423331141471863","0.27423331141471863","0.27423331141471863","0.20733806490898132","0.20733806490898132","0.20733806490898132","0.09655739367008209","0.09655739367008209","0.09655739367008209","0.37637221813201904","0.37637221813201904","0.37637221813201904","0.30230045318603516","0.30230045318603516","0.30230045318603516","0.11114566773176193","0.11114566773176193","0.11114566773176193"
"8099","0.23727786540985107","0.23727786540985107","0.23727786540985107","0.8078594207763672","0.8078594207763672","0.8078594207763672","0.11091002821922302","0.11091002821922302","0.11091002821922302","0.39392784237861633","0.39392784237861633","0.39392784237861633","0.7066500186920166","0.7066500186920166","0.7066500186920166","0.12216003239154816","0.12216003239154816","0.12216003239154816"
"8129","0.3200496733188629","0.3200496733188629","0.3200496733188629","0.5641449689865112","0.5641449689865112","0.5641449689865112","0.10928718000650406","0.10928718000650406","0.10928718000650406","0.43942999839782715","0.43942999839782715","0.43942999839782715","0.3372207581996918","0.3372207581996918","0.3372207581996918","0.12184610217809677","0.12184610217809677","0.12184610217809677"
"8159","0.3736090064048767","0.3736090064048767","0.3736090064048767","0.6497045755386353","0.6497045755386353","0.6497045755386353","0.09372201561927795","0.09372201561927795","0.09372201561927795","0.4105422794818878","0.4105422794818878","0.4105422794818878","0.43639105558395386","0.43639105558395386","0.43639105558395386","0.13081958889961243","0.13081958889961243","0.13081958889961243"
"8189","0.9850245714187622","0.9850245714187622","0.9850245714187622","3.2097630500793457","3.2097630500793457","3.2097630500793457","0.08180169016122818","0.08180169016122818","0.08180169016122818","3.4468016624450684","3.4468016624450684","3.4468016624450684","4.323143482208252","4.323143482208252","4.323143482208252","0.18166889250278473","0.18166889250278473","0.18166889250278473"
"8219","0.8753188848495483","0.8753188848495483","0.8753188848495483","18.847267150878906","18.847267150878906","18.847267150878906","0.12538056075572968","0.12538056075572968","0.12538056075572968","1.0199649333953857","1.0199649333953857","1.0199649333953857","17.406883239746094","17.406883239746094","17.406883239746094","0.1524505615234375","0.1524505615234375","0.1524505615234375"
"8249","0.43373236060142517","0.43373236060142517","0.43373236060142517","0.5897047519683838","0.5897047519683838","0.5897047519683838","0.11100879311561584","0.11100879311561584","0.11100879311561584","0.4650958180427551","0.4650958180427551","0.4650958180427551","0.6517707705497742","0.6517707705497742","0.6517707705497742","0.1457260251045227","0.1457260251045227","0.1457260251045227"
"8279","0.2767567038536072","0.2767567038536072","0.2767567038536072","0.32294169068336487","0.32294169068336487","0.32294169068336487","0.09420724958181381","0.09420724958181381","0.09420724958181381","0.4023767113685608","0.4023767113685608","0.4023767113685608","0.5925642848014832","0.5925642848014832","0.5925642848014832","0.1261596530675888","0.1261596530675888","0.1261596530675888"
"8309","0.22241467237472534","0.22241467237472534","0.22241467237472534","0.5923491716384888","0.5923491716384888","0.5923491716384888","0.09520593285560608","0.09520593285560608","0.09520593285560608","0.38745757937431335","0.38745757937431335","0.38745757937431335","0.5212437510490417","0.5212437510490417","0.5212437510490417","0.12299689650535583","0.12299689650535583","0.12299689650535583"
"8339","0.4847241938114166","0.4847241938114166","0.4847241938114166","0.8482331037521362","0.8482331037521362","0.8482331037521362","0.09552448242902756","0.09552448242902756","0.09552448242902756","0.5788065791130066","0.5788065791130066","0.5788065791130066","1.041892170906067","1.041892170906067","1.041892170906067","0.1476057469844818","0.1476057469844818","0.1476057469844818"
"8369","0.5769412517547607","0.5769412517547607","0.5769412517547607","1.9615124464035034","1.9615124464035034","1.9615124464035034","0.12353214621543884","0.12353214621543884","0.12353214621543884","0.9057601690292358","0.9057601690292358","0.9057601690292358","2.1136488914489746","2.1136488914489746","2.1136488914489746","0.16268287599086761","0.16268287599086761","0.16268287599086761"
"8399","0.3991304337978363","0.3991304337978363","0.3991304337978363","0.611650824546814","0.611650824546814","0.611650824546814","0.1067168191075325","0.1067168191075325","0.1067168191075325","0.5885347723960876","0.5885347723960876","0.5885347723960876","0.5678231120109558","0.5678231120109558","0.5678231120109558","0.16253754496574402","0.16253754496574402","0.16253754496574402"
"8429","4.350685119628906","4.350685119628906","4.350685119628906","22.19434356689453","22.19434356689453","22.19434356689453","0.09482734650373459","0.09482734650373459","0.09482734650373459","5.327004432678223","5.327004432678223","5.327004432678223","15.81683349609375","15.81683349609375","15.81683349609375","0.14256922900676727","0.14256922900676727","0.14256922900676727"
"8459","0.21943677961826324","0.21943677961826324","0.21943677961826324","0.3523172438144684","0.3523172438144684","0.3523172438144684","0.09390033781528473","0.09390033781528473","0.09390033781528473","0.33789733052253723","0.33789733052253723","0.33789733052253723","0.35780128836631775","0.35780128836631775","0.35780128836631775","0.12769848108291626","0.12769848108291626","0.12769848108291626"
"8489","0.24830113351345062","0.24830113351345062","0.24830113351345062","0.2999999523162842","0.2999999523162842","0.2999999523162842","0.0922861099243164","0.0922861099243164","0.0922861099243164","0.5118411183357239","0.5118411183357239","0.5118411183357239","0.5076831579208374","0.5076831579208374","0.5076831579208374","0.1609240174293518","0.1609240174293518","0.1609240174293518"
"8519","2.384228229522705","2.384228229522705","2.384228229522705","9.591020584106445","9.591020584106445","9.591020584106445","0.08788323402404785","0.08788323402404785","0.08788323402404785","0.9096010327339172","0.9096010327339172","0.9096010327339172","5.608470439910889","5.608470439910889","5.608470439910889","0.11834274977445602","0.11834274977445602","0.11834274977445602"
"8549","0.2290167510509491","0.2290167510509491","0.2290167510509491","0.293913334608078","0.293913334608078","0.293913334608078","0.09181931614875793","0.09181931614875793","0.09181931614875793","0.31221383810043335","0.31221383810043335","0.31221383810043335","0.9303317070007324","0.9303317070007324","0.9303317070007324","0.12054948508739471","0.12054948508739471","0.12054948508739471"
"8579","1.2501791715621948","1.2501791715621948","1.2501791715621948","5.206901550292969","5.206901550292969","5.206901550292969","0.09983304142951965","0.09983304142951965","0.09983304142951965","1.9225019216537476","1.9225019216537476","1.9225019216537476","13.842829704284668","13.842829704284668","13.842829704284668","0.1560140699148178","0.1560140699148178","0.1560140699148178"
"8609","0.27470436692237854","0.27470436692237854","0.27470436692237854","1.1924123764038086","1.1924123764038086","1.1924123764038086","0.08105625212192535","0.08105625212192535","0.08105625212192535","0.34141477942466736","0.34141477942466736","0.34141477942466736","0.4090489149093628","0.4090489149093628","0.4090489149093628","0.15077216923236847","0.15077216923236847","0.15077216923236847"
"8639","0.2496156394481659","0.2496156394481659","0.2496156394481659","0.31300583481788635","0.31300583481788635","0.31300583481788635","0.10048341751098633","0.10048341751098633","0.10048341751098633","0.35185304284095764","0.35185304284095764","0.35185304284095764","0.4996681809425354","0.4996681809425354","0.4996681809425354","0.1383015364408493","0.1383015364408493","0.1383015364408493"
"8669","0.25152361392974854","0.25152361392974854","0.25152361392974854","0.4004739224910736","0.4004739224910736","0.4004739224910736","0.09442811459302902","0.09442811459302902","0.09442811459302902","0.37283897399902344","0.37283897399902344","0.37283897399902344","0.37765005230903625","0.37765005230903625","0.37765005230903625","0.11391650885343552","0.11391650885343552","0.11391650885343552"
"8699","0.278252512216568","0.278252512216568","0.278252512216568","0.5102097392082214","0.5102097392082214","0.5102097392082214","0.1614585816860199","0.1614585816860199","0.1614585816860199","0.3763268291950226","0.3763268291950226","0.3763268291950226","0.4965789020061493","0.4965789020061493","0.4965789020061493","0.13826917111873627","0.13826917111873627","0.13826917111873627"
"8729","0.5362375378608704","0.5362375378608704","0.5362375378608704","0.6071447730064392","0.6071447730064392","0.6071447730064392","0.10096721351146698","0.10096721351146698","0.10096721351146698","0.6099357604980469","0.6099357604980469","0.6099357604980469","0.6173428893089294","0.6173428893089294","0.6173428893089294","0.13817714154720306","0.13817714154720306","0.13817714154720306"
"8759","0.3479720652103424","0.3479720652103424","0.3479720652103424","1.3244247436523438","1.3244247436523438","1.3244247436523438","0.10546822100877762","0.10546822100877762","0.10546822100877762","0.3601415157318115","0.3601415157318115","0.3601415157318115","1.0797969102859497","1.0797969102859497","1.0797969102859497","0.13605615496635437","0.13605615496635437","0.13605615496635437"
"8789","2.163748025894165","2.163748025894165","2.163748025894165","6.471042156219482","6.471042156219482","6.471042156219482","0.09614728391170502","0.09614728391170502","0.09614728391170502","1.3162293434143066","1.3162293434143066","1.3162293434143066","17.80560302734375","17.80560302734375","17.80560302734375","0.15770722925662994","0.15770722925662994","0.15770722925662994"
"8819","0.2871173918247223","0.2871173918247223","0.2871173918247223","0.25127971172332764","0.25127971172332764","0.25127971172332764","0.0817531943321228","0.0817531943321228","0.0817531943321228","0.35201773047447205","0.35201773047447205","0.35201773047447205","0.336628258228302","0.336628258228302","0.336628258228302","0.09658835828304291","0.09658835828304291","0.09658835828304291"
"8849","0.32597243785858154","0.32597243785858154","0.32597243785858154","1.3511059284210205","1.3511059284210205","1.3511059284210205","0.10383444279432297","0.10383444279432297","0.10383444279432297","0.34473365545272827","0.34473365545272827","0.34473365545272827","1.2780108451843262","1.2780108451843262","1.2780108451843262","0.1368103176355362","0.1368103176355362","0.1368103176355362"
"8879","0.39144188165664673","0.39144188165664673","0.39144188165664673","0.3695654571056366","0.3695654571056366","0.3695654571056366","0.08398500084877014","0.08398500084877014","0.08398500084877014","0.34681236743927","0.34681236743927","0.34681236743927","0.6103681921958923","0.6103681921958923","0.6103681921958923","0.13853314518928528","0.13853314518928528","0.13853314518928528"
"8909","0.5102826356887817","0.5102826356887817","0.5102826356887817","0.5960443615913391","0.5960443615913391","0.5960443615913391","0.08144336193799973","0.08144336193799973","0.08144336193799973","0.40577059984207153","0.40577059984207153","0.40577059984207153","0.5048220753669739","0.5048220753669739","0.5048220753669739","0.129355788230896","0.129355788230896","0.129355788230896"
"8939","0.3964402675628662","0.3964402675628662","0.3964402675628662","0.41636228561401367","0.41636228561401367","0.41636228561401367","0.08881073445081711","0.08881073445081711","0.08881073445081711","0.5519753694534302","0.5519753694534302","0.5519753694534302","0.5126274228096008","0.5126274228096008","0.5126274228096008","0.1142255961894989","0.1142255961894989","0.1142255961894989"
"8969","0.4935302734375","0.4935302734375","0.4935302734375","0.4165719449520111","0.4165719449520111","0.4165719449520111","0.08798486739397049","0.08798486739397049","0.08798486739397049","0.30372118949890137","0.30372118949890137","0.30372118949890137","0.39903777837753296","0.39903777837753296","0.39903777837753296","0.1499762088060379","0.1499762088060379","0.1499762088060379"
"8999","1.0732468366622925","1.0732468366622925","1.0732468366622925","10.672024726867676","10.672024726867676","10.672024726867676","0.0879068374633789","0.0879068374633789","0.0879068374633789","0.4262208342552185","0.4262208342552185","0.4262208342552185","6.290194511413574","6.290194511413574","6.290194511413574","0.11657220870256424","0.11657220870256424","0.11657220870256424"
"9029","0.3858772814273834","0.3858772814273834","0.3858772814273834","1.193227767944336","1.193227767944336","1.193227767944336","0.07349380105733871","0.07349380105733871","0.07349380105733871","0.2929258942604065","0.2929258942604065","0.2929258942604065","1.5313808917999268","1.5313808917999268","1.5313808917999268","0.12761445343494415","0.12761445343494415","0.12761445343494415"
"9059","0.4330032169818878","0.4330032169818878","0.4330032169818878","0.6518949866294861","0.6518949866294861","0.6518949866294861","0.09561821818351746","0.09561821818351746","0.09561821818351746","0.635306715965271","0.635306715965271","0.635306715965271","0.7080047726631165","0.7080047726631165","0.7080047726631165","0.1415492594242096","0.1415492594242096","0.1415492594242096"
"9089","0.2741510570049286","0.2741510570049286","0.2741510570049286","0.34420278668403625","0.34420278668403625","0.34420278668403625","0.0777043029665947","0.0777043029665947","0.0777043029665947","0.27127605676651","0.27127605676651","0.27127605676651","0.3745485544204712","0.3745485544204712","0.3745485544204712","0.12292441725730896","0.12292441725730896","0.12292441725730896"
"9119","0.20111331343650818","0.20111331343650818","0.20111331343650818","0.5221216678619385","0.5221216678619385","0.5221216678619385","0.09116479754447937","0.09116479754447937","0.09116479754447937","0.31882336735725403","0.31882336735725403","0.31882336735725403","0.4692951738834381","0.4692951738834381","0.4692951738834381","0.13708199560642242","0.13708199560642242","0.13708199560642242"
"9149","0.3041619658470154","0.3041619658470154","0.3041619658470154","0.44016095995903015","0.44016095995903015","0.44016095995903015","0.08754336833953857","0.08754336833953857","0.08754336833953857","0.2710435688495636","0.2710435688495636","0.2710435688495636","0.8275430202484131","0.8275430202484131","0.8275430202484131","0.1314387172460556","0.1314387172460556","0.1314387172460556"
"9179","0.26317185163497925","0.26317185163497925","0.26317185163497925","0.38442960381507874","0.38442960381507874","0.38442960381507874","0.08215080201625824","0.08215080201625824","0.08215080201625824","0.3025297224521637","0.3025297224521637","0.3025297224521637","0.36112380027770996","0.36112380027770996","0.36112380027770996","0.1366642415523529","0.1366642415523529","0.1366642415523529"
"9209","5.959916114807129","5.959916114807129","5.959916114807129","14.029619216918945","14.029619216918945","14.029619216918945","0.14133036136627197","0.14133036136627197","0.14133036136627197","2.1717162132263184","2.1717162132263184","2.1717162132263184","13.532001495361328","13.532001495361328","13.532001495361328","0.12764184176921844","0.12764184176921844","0.12764184176921844"
"9239","1.410281777381897","1.410281777381897","1.410281777381897","1.7205898761749268","1.7205898761749268","1.7205898761749268","0.08349917829036713","0.08349917829036713","0.08349917829036713","0.5355157852172852","0.5355157852172852","0.5355157852172852","1.0797066688537598","1.0797066688537598","1.0797066688537598","0.12966176867485046","0.12966176867485046","0.12966176867485046"
"9269","0.5235709547996521","0.5235709547996521","0.5235709547996521","0.5535025596618652","0.5535025596618652","0.5535025596618652","0.0913877859711647","0.0913877859711647","0.0913877859711647","0.4170795977115631","0.4170795977115631","0.4170795977115631","0.6553784608840942","0.6553784608840942","0.6553784608840942","0.13384312391281128","0.13384312391281128","0.13384312391281128"
"9299","0.31616073846817017","0.31616073846817017","0.31616073846817017","0.8860926032066345","0.8860926032066345","0.8860926032066345","0.10776428133249283","0.10776428133249283","0.10776428133249283","0.2962879240512848","0.2962879240512848","0.2962879240512848","0.40313827991485596","0.40313827991485596","0.40313827991485596","0.11386467516422272","0.11386467516422272","0.11386467516422272"
"9329","0.21662741899490356","0.21662741899490356","0.21662741899490356","0.23373018205165863","0.23373018205165863","0.23373018205165863","0.0919957160949707","0.0919957160949707","0.0919957160949707","0.3422219753265381","0.3422219753265381","0.3422219753265381","0.3132290542125702","0.3132290542125702","0.3132290542125702","0.14257757365703583","0.14257757365703583","0.14257757365703583"
"9359","0.2225472629070282","0.2225472629070282","0.2225472629070282","0.34940314292907715","0.34940314292907715","0.34940314292907715","0.08526525646448135","0.08526525646448135","0.08526525646448135","0.43363454937934875","0.43363454937934875","0.43363454937934875","0.5601283311843872","0.5601283311843872","0.5601283311843872","0.1241026446223259","0.1241026446223259","0.1241026446223259"
"9389","0.13450032472610474","0.13450032472610474","0.13450032472610474","0.2863243818283081","0.2863243818283081","0.2863243818283081","0.08863313496112823","0.08863313496112823","0.08863313496112823","0.26840803027153015","0.26840803027153015","0.26840803027153015","0.35371220111846924","0.35371220111846924","0.35371220111846924","0.13333241641521454","0.13333241641521454","0.13333241641521454"
"9419","0.38921239972114563","0.38921239972114563","0.38921239972114563","0.6599066257476807","0.6599066257476807","0.6599066257476807","0.07147886604070663","0.07147886604070663","0.07147886604070663","0.2648252546787262","0.2648252546787262","0.2648252546787262","1.2602262496948242","1.2602262496948242","1.2602262496948242","0.12065012007951736","0.12065012007951736","0.12065012007951736"
"9449","0.22251197695732117","0.22251197695732117","0.22251197695732117","0.4606415033340454","0.4606415033340454","0.4606415033340454","0.08476927876472473","0.08476927876472473","0.08476927876472473","0.2677757740020752","0.2677757740020752","0.2677757740020752","0.35724779963493347","0.35724779963493347","0.35724779963493347","0.12278787046670914","0.12278787046670914","0.12278787046670914"
"9479","0.22896750271320343","0.22896750271320343","0.22896750271320343","0.230519101023674","0.230519101023674","0.230519101023674","0.09442749619483948","0.09442749619483948","0.09442749619483948","0.2891013026237488","0.2891013026237488","0.2891013026237488","0.30394601821899414","0.30394601821899414","0.30394601821899414","0.11284346133470535","0.11284346133470535","0.11284346133470535"
"9509","0.18445007503032684","0.18445007503032684","0.18445007503032684","0.43629613518714905","0.43629613518714905","0.43629613518714905","0.11133470386266708","0.11133470386266708","0.11133470386266708","0.33010244369506836","0.33010244369506836","0.33010244369506836","0.7905040383338928","0.7905040383338928","0.7905040383338928","0.18881072103977203","0.18881072103977203","0.18881072103977203"
"9539","0.24272483587265015","0.24272483587265015","0.24272483587265015","0.4042710065841675","0.4042710065841675","0.4042710065841675","0.08620999753475189","0.08620999753475189","0.08620999753475189","0.2861041724681854","0.2861041724681854","0.2861041724681854","0.32969221472740173","0.32969221472740173","0.32969221472740173","0.1414434164762497","0.1414434164762497","0.1414434164762497"
"9569","0.5243393778800964","0.5243393778800964","0.5243393778800964","0.5006141662597656","0.5006141662597656","0.5006141662597656","0.09292306751012802","0.09292306751012802","0.09292306751012802","0.5059059858322144","0.5059059858322144","0.5059059858322144","0.43689078092575073","0.43689078092575073","0.43689078092575073","0.12517064809799194","0.12517064809799194","0.12517064809799194"
"9599","0.28731006383895874","0.28731006383895874","0.28731006383895874","0.5747214555740356","0.5747214555740356","0.5747214555740356","0.08903848379850388","0.08903848379850388","0.08903848379850388","0.21660037338733673","0.21660037338733673","0.21660037338733673","0.27058592438697815","0.27058592438697815","0.27058592438697815","0.10898976027965546","0.10898976027965546","0.10898976027965546"
"9629","0.30422890186309814","0.30422890186309814","0.30422890186309814","0.2750610411167145","0.2750610411167145","0.2750610411167145","0.06058431789278984","0.06058431789278984","0.06058431789278984","0.2302655428647995","0.2302655428647995","0.2302655428647995","0.48061347007751465","0.48061347007751465","0.48061347007751465","0.14306674897670746","0.14306674897670746","0.14306674897670746"
"9659","0.43546926975250244","0.43546926975250244","0.43546926975250244","0.23582710325717926","0.23582710325717926","0.23582710325717926","0.0855994001030922","0.0855994001030922","0.0855994001030922","0.42082786560058594","0.42082786560058594","0.42082786560058594","0.40385040640830994","0.40385040640830994","0.40385040640830994","0.12523232400417328","0.12523232400417328","0.12523232400417328"
"9689","0.2947549819946289","0.2947549819946289","0.2947549819946289","0.284502238035202","0.284502238035202","0.284502238035202","0.11514455825090408","0.11514455825090408","0.11514455825090408","0.336918443441391","0.336918443441391","0.336918443441391","0.4375647306442261","0.4375647306442261","0.4375647306442261","0.10704147070646286","0.10704147070646286","0.10704147070646286"
"9719","0.21991145610809326","0.21991145610809326","0.21991145610809326","0.8699639439582825","0.8699639439582825","0.8699639439582825","0.08542324602603912","0.08542324602603912","0.08542324602603912","0.3101486563682556","0.3101486563682556","0.3101486563682556","0.941401481628418","0.941401481628418","0.941401481628418","0.11161518841981888","0.11161518841981888","0.11161518841981888"
"9749","0.20333331823349","0.20333331823349","0.20333331823349","0.38191038370132446","0.38191038370132446","0.38191038370132446","0.068452849984169","0.068452849984169","0.068452849984169","0.2665090560913086","0.2665090560913086","0.2665090560913086","0.41903960704803467","0.41903960704803467","0.41903960704803467","0.09727489203214645","0.09727489203214645","0.09727489203214645"
"9779","0.3307744264602661","0.3307744264602661","0.3307744264602661","0.2943675220012665","0.2943675220012665","0.2943675220012665","0.07934413105249405","0.07934413105249405","0.07934413105249405","0.2449294477701187","0.2449294477701187","0.2449294477701187","0.351315975189209","0.351315975189209","0.351315975189209","0.12083101272583008","0.12083101272583008","0.12083101272583008"
"9809","0.26930132508277893","0.26930132508277893","0.26930132508277893","0.39051109552383423","0.39051109552383423","0.39051109552383423","0.07227331399917603","0.07227331399917603","0.07227331399917603","0.28279536962509155","0.28279536962509155","0.28279536962509155","0.32666152715682983","0.32666152715682983","0.32666152715682983","0.10327466577291489","0.10327466577291489","0.10327466577291489"
"9839","0.37554484605789185","0.37554484605789185","0.37554484605789185","0.468228816986084","0.468228816986084","0.468228816986084","0.11429797857999802","0.11429797857999802","0.11429797857999802","0.24326835572719574","0.24326835572719574","0.24326835572719574","0.500828742980957","0.500828742980957","0.500828742980957","0.13619638979434967","0.13619638979434967","0.13619638979434967"
"9869","0.5140913128852844","0.5140913128852844","0.5140913128852844","1.4097429513931274","1.4097429513931274","1.4097429513931274","0.07515247911214828","0.07515247911214828","0.07515247911214828","0.5540783405303955","0.5540783405303955","0.5540783405303955","2.278970956802368","2.278970956802368","2.278970956802368","0.1214483231306076","0.1214483231306076","0.1214483231306076"
"9899","0.21528688073158264","0.21528688073158264","0.21528688073158264","0.28339794278144836","0.28339794278144836","0.28339794278144836","0.07199552655220032","0.07199552655220032","0.07199552655220032","0.2177092283964157","0.2177092283964157","0.2177092283964157","0.3079627752304077","0.3079627752304077","0.3079627752304077","0.10651500523090363","0.10651500523090363","0.10651500523090363"
"9929","0.5576886534690857","0.5576886534690857","0.5576886534690857","0.7264845371246338","0.7264845371246338","0.7264845371246338","0.0806315466761589","0.0806315466761589","0.0806315466761589","0.5922839641571045","0.5922839641571045","0.5922839641571045","1.3409578800201416","1.3409578800201416","1.3409578800201416","0.11143999546766281","0.11143999546766281","0.11143999546766281"
"9959","0.3624736964702606","0.3624736964702606","0.3624736964702606","0.4282155930995941","0.4282155930995941","0.4282155930995941","0.07356825470924377","0.07356825470924377","0.07356825470924377","0.21105128526687622","0.21105128526687622","0.21105128526687622","0.4123249053955078","0.4123249053955078","0.4123249053955078","0.14782628417015076","0.14782628417015076","0.14782628417015076"
"9989","0.37867361307144165","0.37867361307144165","0.37867361307144165","0.9807913899421692","0.9807913899421692","0.9807913899421692","0.10542870312929153","0.10542870312929153","0.10542870312929153","0.24874942004680634","0.24874942004680634","0.24874942004680634","0.4044943153858185","0.4044943153858185","0.4044943153858185","0.10644092410802841","0.10644092410802841","0.10644092410802841"
"10019","0.8191975355148315","0.8191975355148315","0.8191975355148315","0.8171889781951904","0.8171889781951904","0.8171889781951904","0.08018404990434647","0.08018404990434647","0.08018404990434647","0.25133034586906433","0.25133034586906433","0.25133034586906433","0.7456117272377014","0.7456117272377014","0.7456117272377014","0.11867909878492355","0.11867909878492355","0.11867909878492355"
"10049","0.7237934470176697","0.7237934470176697","0.7237934470176697","0.6442396640777588","0.6442396640777588","0.6442396640777588","0.07623904943466187","0.07623904943466187","0.07623904943466187","0.8058201670646667","0.8058201670646667","0.8058201670646667","1.5761862993240356","1.5761862993240356","1.5761862993240356","0.10622893273830414","0.10622893273830414","0.10622893273830414"
"10079","0.24924308061599731","0.24924308061599731","0.24924308061599731","0.22907771170139313","0.22907771170139313","0.22907771170139313","0.06668129563331604","0.06668129563331604","0.06668129563331604","0.21941424906253815","0.21941424906253815","0.21941424906253815","0.30464670062065125","0.30464670062065125","0.30464670062065125","0.1026538610458374","0.1026538610458374","0.1026538610458374"
"10109","0.4253785312175751","0.4253785312175751","0.4253785312175751","0.3947327435016632","0.3947327435016632","0.3947327435016632","0.08453461527824402","0.08453461527824402","0.08453461527824402","0.4837631583213806","0.4837631583213806","0.4837631583213806","0.6236516833305359","0.6236516833305359","0.6236516833305359","0.10453964024782181","0.10453964024782181","0.10453964024782181"
"10139","0.8252686858177185","0.8252686858177185","0.8252686858177185","2.302825689315796","2.302825689315796","2.302825689315796","0.07924504578113556","0.07924504578113556","0.07924504578113556","0.44983744621276855","0.44983744621276855","0.44983744621276855","1.216564416885376","1.216564416885376","1.216564416885376","0.11031641066074371","0.11031641066074371","0.11031641066074371"
"10169","0.20512907207012177","0.20512907207012177","0.20512907207012177","0.39960363507270813","0.39960363507270813","0.39960363507270813","0.09035182744264603","0.09035182744264603","0.09035182744264603","0.45304250717163086","0.45304250717163086","0.45304250717163086","0.4282185733318329","0.4282185733318329","0.4282185733318329","0.11649905890226364","0.11649905890226364","0.11649905890226364"
"10199","0.17068511247634888","0.17068511247634888","0.17068511247634888","0.3923926055431366","0.3923926055431366","0.3923926055431366","0.09001541137695312","0.09001541137695312","0.09001541137695312","0.26354479789733887","0.26354479789733887","0.26354479789733887","0.4962279796600342","0.4962279796600342","0.4962279796600342","0.13781222701072693","0.13781222701072693","0.13781222701072693"
"10229","0.5964004397392273","0.5964004397392273","0.5964004397392273","0.5868117809295654","0.5868117809295654","0.5868117809295654","0.06519898772239685","0.06519898772239685","0.06519898772239685","0.42380619049072266","0.42380619049072266","0.42380619049072266","0.7407177686691284","0.7407177686691284","0.7407177686691284","0.11437628418207169","0.11437628418207169","0.11437628418207169"
"10259","0.3674030303955078","0.3674030303955078","0.3674030303955078","0.4175826907157898","0.4175826907157898","0.4175826907157898","0.06934931129217148","0.06934931129217148","0.06934931129217148","0.3804863691329956","0.3804863691329956","0.3804863691329956","0.4345611333847046","0.4345611333847046","0.4345611333847046","0.10944219678640366","0.10944219678640366","0.10944219678640366"
"10289","1.3469772338867188","1.3469772338867188","1.3469772338867188","1.3587439060211182","1.3587439060211182","1.3587439060211182","0.08027809113264084","0.08027809113264084","0.08027809113264084","0.554322361946106","0.554322361946106","0.554322361946106","0.4553495943546295","0.4553495943546295","0.4553495943546295","0.10079524666070938","0.10079524666070938","0.10079524666070938"
"10319","0.3386164903640747","0.3386164903640747","0.3386164903640747","0.8808980584144592","0.8808980584144592","0.8808980584144592","0.06895759701728821","0.06895759701728821","0.06895759701728821","0.2035570740699768","0.2035570740699768","0.2035570740699768","1.4010149240493774","1.4010149240493774","1.4010149240493774","0.12322593480348587","0.12322593480348587","0.12322593480348587"
"10349","0.44535863399505615","0.44535863399505615","0.44535863399505615","1.6181010007858276","1.6181010007858276","1.6181010007858276","0.06926476210355759","0.06926476210355759","0.06926476210355759","0.4133881628513336","0.4133881628513336","0.4133881628513336","3.4260685443878174","3.4260685443878174","3.4260685443878174","0.17053918540477753","0.17053918540477753","0.17053918540477753"
"10379","3.5123956203460693","3.5123956203460693","3.5123956203460693","2.570007801055908","2.570007801055908","2.570007801055908","0.08131494373083115","0.08131494373083115","0.08131494373083115","1.3463804721832275","1.3463804721832275","1.3463804721832275","2.4224836826324463","2.4224836826324463","2.4224836826324463","0.11389190703630447","0.11389190703630447","0.11389190703630447"
"10409","0.5436272025108337","0.5436272025108337","0.5436272025108337","0.4791029989719391","0.4791029989719391","0.4791029989719391","0.0718802660703659","0.0718802660703659","0.0718802660703659","0.4510389566421509","0.4510389566421509","0.4510389566421509","0.33873456716537476","0.33873456716537476","0.33873456716537476","0.11043935269117355","0.11043935269117355","0.11043935269117355"
"10439","0.35393965244293213","0.35393965244293213","0.35393965244293213","0.5915935635566711","0.5915935635566711","0.5915935635566711","0.07349812984466553","0.07349812984466553","0.07349812984466553","0.9439276456832886","0.9439276456832886","0.9439276456832886","0.5022251605987549","0.5022251605987549","0.5022251605987549","0.09895437955856323","0.09895437955856323","0.09895437955856323"
"10469","4.2788825035095215","4.2788825035095215","4.2788825035095215","28.883846282958984","28.883846282958984","28.883846282958984","0.08433078229427338","0.08433078229427338","0.08433078229427338","1.28282630443573","1.28282630443573","1.28282630443573","33.20381164550781","33.20381164550781","33.20381164550781","0.13330087065696716","0.13330087065696716","0.13330087065696716"
"10499","0.3536994755268097","0.3536994755268097","0.3536994755268097","0.6527907252311707","0.6527907252311707","0.6527907252311707","0.08475685119628906","0.08475685119628906","0.08475685119628906","0.22577430307865143","0.22577430307865143","0.22577430307865143","0.6470405459403992","0.6470405459403992","0.6470405459403992","0.12631872296333313","0.12631872296333313","0.12631872296333313"
"10529","0.5618115663528442","0.5618115663528442","0.5618115663528442","0.7370728850364685","0.7370728850364685","0.7370728850364685","0.09962781518697739","0.09962781518697739","0.09962781518697739","0.532031238079071","0.532031238079071","0.532031238079071","0.6524630784988403","0.6524630784988403","0.6524630784988403","0.10235370695590973","0.10235370695590973","0.10235370695590973"
"10559","0.2510557174682617","0.2510557174682617","0.2510557174682617","0.2888908386230469","0.2888908386230469","0.2888908386230469","0.06781711429357529","0.06781711429357529","0.06781711429357529","0.27200785279273987","0.27200785279273987","0.27200785279273987","0.28989115357398987","0.28989115357398987","0.28989115357398987","0.1152077242732048","0.1152077242732048","0.1152077242732048"
"10589","0.4713544249534607","0.4713544249534607","0.4713544249534607","0.7910023927688599","0.7910023927688599","0.7910023927688599","0.12480992823839188","0.12480992823839188","0.12480992823839188","0.2527380585670471","0.2527380585670471","0.2527380585670471","1.1374298334121704","1.1374298334121704","1.1374298334121704","0.10703083127737045","0.10703083127737045","0.10703083127737045"
"10619","0.4020504653453827","0.4020504653453827","0.4020504653453827","0.5302145481109619","0.5302145481109619","0.5302145481109619","0.13539259135723114","0.13539259135723114","0.13539259135723114","0.21052652597427368","0.21052652597427368","0.21052652597427368","0.3879706859588623","0.3879706859588623","0.3879706859588623","0.10950970649719238","0.10950970649719238","0.10950970649719238"
"10649","0.43749555945396423","0.43749555945396423","0.43749555945396423","1.6580272912979126","1.6580272912979126","1.6580272912979126","0.07817558944225311","0.07817558944225311","0.07817558944225311","0.70262211561203","0.70262211561203","0.70262211561203","1.1808449029922485","1.1808449029922485","1.1808449029922485","0.10488875955343246","0.10488875955343246","0.10488875955343246"
"10679","0.19422684609889984","0.19422684609889984","0.19422684609889984","0.24439717829227448","0.24439717829227448","0.24439717829227448","0.07307743281126022","0.07307743281126022","0.07307743281126022","0.22526904940605164","0.22526904940605164","0.22526904940605164","0.5481139421463013","0.5481139421463013","0.5481139421463013","0.11461629718542099","0.11461629718542099","0.11461629718542099"
"10709","0.3697575628757477","0.3697575628757477","0.3697575628757477","3.079030752182007","3.079030752182007","3.079030752182007","0.0664062649011612","0.0664062649011612","0.0664062649011612","0.3245285749435425","0.3245285749435425","0.3245285749435425","1.7454590797424316","1.7454590797424316","1.7454590797424316","0.08987121284008026","0.08987121284008026","0.08987121284008026"
"10739","0.16439738869667053","0.16439738869667053","0.16439738869667053","0.3135124444961548","0.3135124444961548","0.3135124444961548","0.07785095274448395","0.07785095274448395","0.07785095274448395","0.27831149101257324","0.27831149101257324","0.27831149101257324","0.3797224462032318","0.3797224462032318","0.3797224462032318","0.0978054478764534","0.0978054478764534","0.0978054478764534"
"10769","0.2915022075176239","0.2915022075176239","0.2915022075176239","0.5688163042068481","0.5688163042068481","0.5688163042068481","0.10279858112335205","0.10279858112335205","0.10279858112335205","0.29860979318618774","0.29860979318618774","0.29860979318618774","0.41855302453041077","0.41855302453041077","0.41855302453041077","0.14311589300632477","0.14311589300632477","0.14311589300632477"
"10799","0.22254474461078644","0.22254474461078644","0.22254474461078644","0.2484772801399231","0.2484772801399231","0.2484772801399231","0.05874597281217575","0.05874597281217575","0.05874597281217575","0.2472403347492218","0.2472403347492218","0.2472403347492218","0.28112927079200745","0.28112927079200745","0.28112927079200745","0.09787864238023758","0.09787864238023758","0.09787864238023758"
"10829","0.20784622430801392","0.20784622430801392","0.20784622430801392","0.45546796917915344","0.45546796917915344","0.45546796917915344","0.09506020694971085","0.09506020694971085","0.09506020694971085","0.2652505934238434","0.2652505934238434","0.2652505934238434","0.563675582408905","0.563675582408905","0.563675582408905","0.14649932086467743","0.14649932086467743","0.14649932086467743"
"10859","0.25901028513908386","0.25901028513908386","0.25901028513908386","0.31842583417892456","0.31842583417892456","0.31842583417892456","0.09560903161764145","0.09560903161764145","0.09560903161764145","0.179162859916687","0.179162859916687","0.179162859916687","0.3332059383392334","0.3332059383392334","0.3332059383392334","0.10863699018955231","0.10863699018955231","0.10863699018955231"
"10889","2.287376880645752","2.287376880645752","2.287376880645752","23.380451202392578","23.380451202392578","23.380451202392578","0.09538638591766357","0.09538638591766357","0.09538638591766357","2.805917978286743","2.805917978286743","2.805917978286743","23.857397079467773","23.857397079467773","23.857397079467773","0.15343329310417175","0.15343329310417175","0.15343329310417175"
"10919","4.875919342041016","4.875919342041016","4.875919342041016","20.783220291137695","20.783220291137695","20.783220291137695","0.06606387346982956","0.06606387346982956","0.06606387346982956","6.200684547424316","6.200684547424316","6.200684547424316","20.2121524810791","20.2121524810791","20.2121524810791","0.09715558588504791","0.09715558588504791","0.09715558588504791"
"10949","0.17647136747837067","0.17647136747837067","0.17647136747837067","0.2614421546459198","0.2614421546459198","0.2614421546459198","0.04838412255048752","0.04838412255048752","0.04838412255048752","0.2112494856119156","0.2112494856119156","0.2112494856119156","0.25972816348075867","0.25972816348075867","0.25972816348075867","0.1074812114238739","0.1074812114238739","0.1074812114238739"
"10979","0.20553503930568695","0.20553503930568695","0.20553503930568695","0.20648957788944244","0.20648957788944244","0.20648957788944244","0.06853233277797699","0.06853233277797699","0.06853233277797699","0.19682906568050385","0.19682906568050385","0.19682906568050385","0.2894718050956726","0.2894718050956726","0.2894718050956726","0.10925575345754623","0.10925575345754623","0.10925575345754623"
"11009","0.39389288425445557","0.39389288425445557","0.39389288425445557","0.5726341605186462","0.5726341605186462","0.5726341605186462","0.09263818711042404","0.09263818711042404","0.09263818711042404","0.31827154755592346","0.31827154755592346","0.31827154755592346","0.5758469104766846","0.5758469104766846","0.5758469104766846","0.13065020740032196","0.13065020740032196","0.13065020740032196"
"11039","0.2617419362068176","0.2617419362068176","0.2617419362068176","1.0609413385391235","1.0609413385391235","1.0609413385391235","0.07316324859857559","0.07316324859857559","0.07316324859857559","0.3356260359287262","0.3356260359287262","0.3356260359287262","0.7942147850990295","0.7942147850990295","0.7942147850990295","0.1273600310087204","0.1273600310087204","0.1273600310087204"
"11069","0.5869752168655396","0.5869752168655396","0.5869752168655396","0.5360448956489563","0.5360448956489563","0.5360448956489563","0.07173597812652588","0.07173597812652588","0.07173597812652588","0.5198295712471008","0.5198295712471008","0.5198295712471008","0.556800365447998","0.556800365447998","0.556800365447998","0.11401143670082092","0.11401143670082092","0.11401143670082092"
"11099","0.38284650444984436","0.38284650444984436","0.38284650444984436","0.2878095805644989","0.2878095805644989","0.2878095805644989","0.06813108175992966","0.06813108175992966","0.06813108175992966","0.23650404810905457","0.23650404810905457","0.23650404810905457","0.38746604323387146","0.38746604323387146","0.38746604323387146","0.0930033028125763","0.0930033028125763","0.0930033028125763"
"11129","0.6628090739250183","0.6628090739250183","0.6628090739250183","0.6665394306182861","0.6665394306182861","0.6665394306182861","0.09156562387943268","0.09156562387943268","0.09156562387943268","0.321516752243042","0.321516752243042","0.321516752243042","0.46166494488716125","0.46166494488716125","0.46166494488716125","0.1117909699678421","0.1117909699678421","0.1117909699678421"
"11159","0.22562943398952484","0.22562943398952484","0.22562943398952484","0.3037108778953552","0.3037108778953552","0.3037108778953552","0.08436963707208633","0.08436963707208633","0.08436963707208633","0.21459442377090454","0.21459442377090454","0.21459442377090454","0.3382788896560669","0.3382788896560669","0.3382788896560669","0.09357770532369614","0.09357770532369614","0.09357770532369614"
"11189","6.573153018951416","6.573153018951416","6.573153018951416","13.219865798950195","13.219865798950195","13.219865798950195","0.07420265674591064","0.07420265674591064","0.07420265674591064","1.3727712631225586","1.3727712631225586","1.3727712631225586","16.83315658569336","16.83315658569336","16.83315658569336","0.13103626668453217","0.13103626668453217","0.13103626668453217"
"11219","0.3665904104709625","0.3665904104709625","0.3665904104709625","0.3102509677410126","0.3102509677410126","0.3102509677410126","0.07739994674921036","0.07739994674921036","0.07739994674921036","0.21142689883708954","0.21142689883708954","0.21142689883708954","0.47339004278182983","0.47339004278182983","0.47339004278182983","0.090000681579113","0.090000681579113","0.090000681579113"
"11249","0.2305573672056198","0.2305573672056198","0.2305573672056198","0.39937958121299744","0.39937958121299744","0.39937958121299744","0.07853909581899643","0.07853909581899643","0.07853909581899643","0.4870622158050537","0.4870622158050537","0.4870622158050537","0.30624818801879883","0.30624818801879883","0.30624818801879883","0.09384967386722565","0.09384967386722565","0.09384967386722565"
"11279","0.6851466298103333","0.6851466298103333","0.6851466298103333","0.3935858905315399","0.3935858905315399","0.3935858905315399","0.08353224396705627","0.08353224396705627","0.08353224396705627","0.6471620202064514","0.6471620202064514","0.6471620202064514","0.617647111415863","0.617647111415863","0.617647111415863","0.10424350202083588","0.10424350202083588","0.10424350202083588"
"11309","0.6409574747085571","0.6409574747085571","0.6409574747085571","2.0766353607177734","2.0766353607177734","2.0766353607177734","0.0688781887292862","0.0688781887292862","0.0688781887292862","0.42325127124786377","0.42325127124786377","0.42325127124786377","1.908546805381775","1.908546805381775","1.908546805381775","0.11425554007291794","0.11425554007291794","0.11425554007291794"
"11339","0.452502578496933","0.452502578496933","0.452502578496933","0.2977907359600067","0.2977907359600067","0.2977907359600067","0.08346486836671829","0.08346486836671829","0.08346486836671829","0.19500571489334106","0.19500571489334106","0.19500571489334106","0.3647267818450928","0.3647267818450928","0.3647267818450928","0.14256809651851654","0.14256809651851654","0.14256809651851654"
"11369","0.24022147059440613","0.24022147059440613","0.24022147059440613","0.3950478136539459","0.3950478136539459","0.3950478136539459","0.08958344906568527","0.08958344906568527","0.08958344906568527","0.23178021609783173","0.23178021609783173","0.23178021609783173","0.3180171847343445","0.3180171847343445","0.3180171847343445","0.10442885756492615","0.10442885756492615","0.10442885756492615"
"11399","0.3183148503303528","0.3183148503303528","0.3183148503303528","0.3989517390727997","0.3989517390727997","0.3989517390727997","0.06131240725517273","0.06131240725517273","0.06131240725517273","0.28597864508628845","0.28597864508628845","0.28597864508628845","0.2814796566963196","0.2814796566963196","0.2814796566963196","0.09602855145931244","0.09602855145931244","0.09602855145931244"
"11429","5.24527645111084","5.24527645111084","5.24527645111084","13.304543495178223","13.304543495178223","13.304543495178223","0.07493548095226288","0.07493548095226288","0.07493548095226288","2.6765408515930176","2.6765408515930176","2.6765408515930176","29.672739028930664","29.672739028930664","29.672739028930664","0.10842456668615341","0.10842456668615341","0.10842456668615341"
"11459","0.2692130208015442","0.2692130208015442","0.2692130208015442","0.28526240587234497","0.28526240587234497","0.28526240587234497","0.06923595070838928","0.06923595070838928","0.06923595070838928","0.2928384840488434","0.2928384840488434","0.2928384840488434","0.6694932579994202","0.6694932579994202","0.6694932579994202","0.11122604459524155","0.11122604459524155","0.11122604459524155"
"11489","0.3451962471008301","0.3451962471008301","0.3451962471008301","0.5570031404495239","0.5570031404495239","0.5570031404495239","0.08175148069858551","0.08175148069858551","0.08175148069858551","0.38059180974960327","0.38059180974960327","0.38059180974960327","1.0780755281448364","1.0780755281448364","1.0780755281448364","0.1069580614566803","0.1069580614566803","0.1069580614566803"
"11519","0.2733006179332733","0.2733006179332733","0.2733006179332733","0.4751478433609009","0.4751478433609009","0.4751478433609009","0.07195370644330978","0.07195370644330978","0.07195370644330978","0.3166365921497345","0.3166365921497345","0.3166365921497345","0.9186393618583679","0.9186393618583679","0.9186393618583679","0.0976971760392189","0.0976971760392189","0.0976971760392189"
"11549","0.2516309916973114","0.2516309916973114","0.2516309916973114","0.449502170085907","0.449502170085907","0.449502170085907","0.06475412845611572","0.06475412845611572","0.06475412845611572","0.2211361825466156","0.2211361825466156","0.2211361825466156","0.7206860184669495","0.7206860184669495","0.7206860184669495","0.09789109975099564","0.09789109975099564","0.09789109975099564"
"11579","1.224421501159668","1.224421501159668","1.224421501159668","15.085922241210938","15.085922241210938","15.085922241210938","0.09237800538539886","0.09237800538539886","0.09237800538539886","1.4403492212295532","1.4403492212295532","1.4403492212295532","8.838227272033691","8.838227272033691","8.838227272033691","0.0859067291021347","0.0859067291021347","0.0859067291021347"
"11609","0.18427997827529907","0.18427997827529907","0.18427997827529907","0.4607155919075012","0.4607155919075012","0.4607155919075012","0.06836121529340744","0.06836121529340744","0.06836121529340744","0.2132347971200943","0.2132347971200943","0.2132347971200943","0.714337170124054","0.714337170124054","0.714337170124054","0.09172158688306808","0.09172158688306808","0.09172158688306808"
"11639","0.47751209139823914","0.47751209139823914","0.47751209139823914","3.8385133743286133","3.8385133743286133","3.8385133743286133","0.11065749824047089","0.11065749824047089","0.11065749824047089","0.403889924287796","0.403889924287796","0.403889924287796","3.083132266998291","3.083132266998291","3.083132266998291","0.09638755768537521","0.09638755768537521","0.09638755768537521"
"11669","0.2330479770898819","0.2330479770898819","0.2330479770898819","0.3806881010532379","0.3806881010532379","0.3806881010532379","0.06504223495721817","0.06504223495721817","0.06504223495721817","0.19088342785835266","0.19088342785835266","0.19088342785835266","0.41121000051498413","0.41121000051498413","0.41121000051498413","0.1353914737701416","0.1353914737701416","0.1353914737701416"
"11699","1.4643584489822388","1.4643584489822388","1.4643584489822388","3.78806471824646","3.78806471824646","3.78806471824646","0.06786739081144333","0.06786739081144333","0.06786739081144333","0.7304717898368835","0.7304717898368835","0.7304717898368835","5.35380220413208","5.35380220413208","5.35380220413208","0.1133117824792862","0.1133117824792862","0.1133117824792862"
"11729","0.2470233142375946","0.2470233142375946","0.2470233142375946","0.3355976939201355","0.3355976939201355","0.3355976939201355","0.07242454588413239","0.07242454588413239","0.07242454588413239","0.3289913833141327","0.3289913833141327","0.3289913833141327","0.4638424515724182","0.4638424515724182","0.4638424515724182","0.10323422402143478","0.10323422402143478","0.10323422402143478"
"11759","0.2778252363204956","0.2778252363204956","0.2778252363204956","0.6500067114830017","0.6500067114830017","0.6500067114830017","0.07198622822761536","0.07198622822761536","0.07198622822761536","0.2757126986980438","0.2757126986980438","0.2757126986980438","0.5390559434890747","0.5390559434890747","0.5390559434890747","0.10068553686141968","0.10068553686141968","0.10068553686141968"
"11789","0.24833880364894867","0.24833880364894867","0.24833880364894867","0.5298440456390381","0.5298440456390381","0.5298440456390381","0.05437224358320236","0.05437224358320236","0.05437224358320236","0.2180267870426178","0.2180267870426178","0.2180267870426178","0.5634992718696594","0.5634992718696594","0.5634992718696594","0.12249267101287842","0.12249267101287842","0.12249267101287842"
"11819","0.43583154678344727","0.43583154678344727","0.43583154678344727","1.0414237976074219","1.0414237976074219","1.0414237976074219","0.11825051158666611","0.11825051158666611","0.11825051158666611","0.37130409479141235","0.37130409479141235","0.37130409479141235","0.5619983673095703","0.5619983673095703","0.5619983673095703","0.10153874009847641","0.10153874009847641","0.10153874009847641"
"11849","0.15555572509765625","0.15555572509765625","0.15555572509765625","0.34233924746513367","0.34233924746513367","0.34233924746513367","0.0706901028752327","0.0706901028752327","0.0706901028752327","0.19858859479427338","0.19858859479427338","0.19858859479427338","0.4550275206565857","0.4550275206565857","0.4550275206565857","0.12639525532722473","0.12639525532722473","0.12639525532722473"
"11879","0.27998825907707214","0.27998825907707214","0.27998825907707214","0.6949180960655212","0.6949180960655212","0.6949180960655212","0.08590399473905563","0.08590399473905563","0.08590399473905563","0.8685780763626099","0.8685780763626099","0.8685780763626099","0.3080999553203583","0.3080999553203583","0.3080999553203583","0.09116169810295105","0.09116169810295105","0.09116169810295105"
"11909","1.0127809047698975","1.0127809047698975","1.0127809047698975","1.2641552686691284","1.2641552686691284","1.2641552686691284","0.09024335443973541","0.09024335443973541","0.09024335443973541","1.9415926933288574","1.9415926933288574","1.9415926933288574","1.8198046684265137","1.8198046684265137","1.8198046684265137","0.14542798697948456","0.14542798697948456","0.14542798697948456"
"11939","0.17913663387298584","0.17913663387298584","0.17913663387298584","0.2850431799888611","0.2850431799888611","0.2850431799888611","0.06463862210512161","0.06463862210512161","0.06463862210512161","0.19743306934833527","0.19743306934833527","0.19743306934833527","0.38649725914001465","0.38649725914001465","0.38649725914001465","0.08945904672145844","0.08945904672145844","0.08945904672145844"
"11969","0.2648891806602478","0.2648891806602478","0.2648891806602478","0.34365707635879517","0.34365707635879517","0.34365707635879517","0.07690773159265518","0.07690773159265518","0.07690773159265518","0.14820496737957","0.14820496737957","0.14820496737957","0.377226859331131","0.377226859331131","0.377226859331131","0.08286216855049133","0.08286216855049133","0.08286216855049133"
"11999","0.6374239325523376","0.6374239325523376","0.6374239325523376","2.434882402420044","2.434882402420044","2.434882402420044","0.07638907432556152","0.07638907432556152","0.07638907432556152","0.7174445390701294","0.7174445390701294","0.7174445390701294","3.636725664138794","3.636725664138794","3.636725664138794","0.08536557853221893","0.08536557853221893","0.08536557853221893"
"12029","0.3382047116756439","0.3382047116756439","0.3382047116756439","1.35578453540802","1.35578453540802","1.35578453540802","0.07889773696660995","0.07889773696660995","0.07889773696660995","0.4851831793785095","0.4851831793785095","0.4851831793785095","1.0654982328414917","1.0654982328414917","1.0654982328414917","0.1028914749622345","0.1028914749622345","0.1028914749622345"
"12059","0.19584739208221436","0.19584739208221436","0.19584739208221436","0.3412986695766449","0.3412986695766449","0.3412986695766449","0.08776257187128067","0.08776257187128067","0.08776257187128067","0.21491876244544983","0.21491876244544983","0.21491876244544983","0.5889484882354736","0.5889484882354736","0.5889484882354736","0.10416654497385025","0.10416654497385025","0.10416654497385025"
"12089","0.15702350437641144","0.15702350437641144","0.15702350437641144","0.2497316151857376","0.2497316151857376","0.2497316151857376","0.06276795268058777","0.06276795268058777","0.06276795268058777","0.2608230412006378","0.2608230412006378","0.2608230412006378","0.35401079058647156","0.35401079058647156","0.35401079058647156","0.11703301221132278","0.11703301221132278","0.11703301221132278"
"12119","4.349815845489502","4.349815845489502","4.349815845489502","37.91688919067383","37.91688919067383","37.91688919067383","0.09890802949666977","0.09890802949666977","0.09890802949666977","7.384474754333496","7.384474754333496","7.384474754333496","120.1187515258789","120.1187515258789","120.1187515258789","0.11026004701852798","0.11026004701852798","0.11026004701852798"
"12149","0.20590369403362274","0.20590369403362274","0.20590369403362274","0.19864755868911743","0.19864755868911743","0.19864755868911743","0.09902334958314896","0.09902334958314896","0.09902334958314896","0.3804533779621124","0.3804533779621124","0.3804533779621124","0.41348034143447876","0.41348034143447876","0.41348034143447876","0.0978788286447525","0.0978788286447525","0.0978788286447525"
"12179","0.26214686036109924","0.26214686036109924","0.26214686036109924","0.22306077182292938","0.22306077182292938","0.22306077182292938","0.07015883922576904","0.07015883922576904","0.07015883922576904","0.1976226419210434","0.1976226419210434","0.1976226419210434","0.34713974595069885","0.34713974595069885","0.34713974595069885","0.09007779508829117","0.09007779508829117","0.09007779508829117"
"12209","0.6000465750694275","0.6000465750694275","0.6000465750694275","0.941726565361023","0.941726565361023","0.941726565361023","0.08738022297620773","0.08738022297620773","0.08738022297620773","0.576657772064209","0.576657772064209","0.576657772064209","0.6620013117790222","0.6620013117790222","0.6620013117790222","0.09148013591766357","0.09148013591766357","0.09148013591766357"
"12239","1.186124563217163","1.186124563217163","1.186124563217163","1.466288685798645","1.466288685798645","1.466288685798645","0.06405876576900482","0.06405876576900482","0.06405876576900482","0.8823052644729614","0.8823052644729614","0.8823052644729614","3.365352153778076","3.365352153778076","3.365352153778076","0.12010400742292404","0.12010400742292404","0.12010400742292404"
"12269","0.2418769747018814","0.2418769747018814","0.2418769747018814","0.34524112939834595","0.34524112939834595","0.34524112939834595","0.053523387759923935","0.053523387759923935","0.053523387759923935","0.37226438522338867","0.37226438522338867","0.37226438522338867","0.44445526599884033","0.44445526599884033","0.44445526599884033","0.10133080929517746","0.10133080929517746","0.10133080929517746"
"12299","0.17707544565200806","0.17707544565200806","0.17707544565200806","0.6278715133666992","0.6278715133666992","0.6278715133666992","0.07166013866662979","0.07166013866662979","0.07166013866662979","0.3872765898704529","0.3872765898704529","0.3872765898704529","0.3834679424762726","0.3834679424762726","0.3834679424762726","0.08320176601409912","0.08320176601409912","0.08320176601409912"
"12329","0.28362032771110535","0.28362032771110535","0.28362032771110535","0.28920885920524597","0.28920885920524597","0.28920885920524597","0.08471427857875824","0.08471427857875824","0.08471427857875824","0.22516442835330963","0.22516442835330963","0.22516442835330963","0.6466294527053833","0.6466294527053833","0.6466294527053833","0.12307373434305191","0.12307373434305191","0.12307373434305191"
"12359","0.6890543699264526","0.6890543699264526","0.6890543699264526","0.9632546305656433","0.9632546305656433","0.9632546305656433","0.061701517552137375","0.061701517552137375","0.061701517552137375","0.2695833146572113","0.2695833146572113","0.2695833146572113","0.9763614535331726","0.9763614535331726","0.9763614535331726","0.09504219144582748","0.09504219144582748","0.09504219144582748"
"12389","0.4106154441833496","0.4106154441833496","0.4106154441833496","0.5819521546363831","0.5819521546363831","0.5819521546363831","0.06936816871166229","0.06936816871166229","0.06936816871166229","0.4850599467754364","0.4850599467754364","0.4850599467754364","1.4453591108322144","1.4453591108322144","1.4453591108322144","0.09226938337087631","0.09226938337087631","0.09226938337087631"
"12419","0.2118833065032959","0.2118833065032959","0.2118833065032959","0.862617015838623","0.862617015838623","0.862617015838623","0.0782894492149353","0.0782894492149353","0.0782894492149353","0.2478921264410019","0.2478921264410019","0.2478921264410019","0.6193590760231018","0.6193590760231018","0.6193590760231018","0.08163749426603317","0.08163749426603317","0.08163749426603317"
"12449","0.3682113587856293","0.3682113587856293","0.3682113587856293","1.6815730333328247","1.6815730333328247","1.6815730333328247","0.06769797950983047","0.06769797950983047","0.06769797950983047","0.32011234760284424","0.32011234760284424","0.32011234760284424","1.2261483669281006","1.2261483669281006","1.2261483669281006","0.08259139955043793","0.08259139955043793","0.08259139955043793"
"12479","2.5997862815856934","2.5997862815856934","2.5997862815856934","6.025145530700684","6.025145530700684","6.025145530700684","0.0660422146320343","0.0660422146320343","0.0660422146320343","4.571291923522949","4.571291923522949","4.571291923522949","27.25699234008789","27.25699234008789","27.25699234008789","0.10511907190084457","0.10511907190084457","0.10511907190084457"
"12509","0.6594161987304688","0.6594161987304688","0.6594161987304688","2.257474422454834","2.257474422454834","2.257474422454834","0.0901784598827362","0.0901784598827362","0.0901784598827362","1.6761078834533691","1.6761078834533691","1.6761078834533691","3.8325133323669434","3.8325133323669434","3.8325133323669434","0.10002628713846207","0.10002628713846207","0.10002628713846207"
"12539","0.37735381722450256","0.37735381722450256","0.37735381722450256","0.45260611176490784","0.45260611176490784","0.45260611176490784","0.07838670909404755","0.07838670909404755","0.07838670909404755","0.3973422050476074","0.3973422050476074","0.3973422050476074","0.41194310784339905","0.41194310784339905","0.41194310784339905","0.0964275375008583","0.0964275375008583","0.0964275375008583"
"12569","0.20397289097309113","0.20397289097309113","0.20397289097309113","0.2099880874156952","0.2099880874156952","0.2099880874156952","0.0843583270907402","0.0843583270907402","0.0843583270907402","0.1938873678445816","0.1938873678445816","0.1938873678445816","0.3200046718120575","0.3200046718120575","0.3200046718120575","0.11384865641593933","0.11384865641593933","0.11384865641593933"
"12599","0.2795073986053467","0.2795073986053467","0.2795073986053467","0.2587432563304901","0.2587432563304901","0.2587432563304901","0.09558060765266418","0.09558060765266418","0.09558060765266418","0.2709852159023285","0.2709852159023285","0.2709852159023285","0.4596751928329468","0.4596751928329468","0.4596751928329468","0.10481102764606476","0.10481102764606476","0.10481102764606476"
"12629","0.16926738619804382","0.16926738619804382","0.16926738619804382","0.37999868392944336","0.37999868392944336","0.37999868392944336","0.06618233770132065","0.06618233770132065","0.06618233770132065","0.16579276323318481","0.16579276323318481","0.16579276323318481","0.3408113420009613","0.3408113420009613","0.3408113420009613","0.10367438942193985","0.10367438942193985","0.10367438942193985"
"12659","0.3749265968799591","0.3749265968799591","0.3749265968799591","0.37375274300575256","0.37375274300575256","0.37375274300575256","0.08904257416725159","0.08904257416725159","0.08904257416725159","0.6884787678718567","0.6884787678718567","0.6884787678718567","0.6081342697143555","0.6081342697143555","0.6081342697143555","0.11259226500988007","0.11259226500988007","0.11259226500988007"
"12689","0.1549568474292755","0.1549568474292755","0.1549568474292755","0.3284933269023895","0.3284933269023895","0.3284933269023895","0.08347507566213608","0.08347507566213608","0.08347507566213608","0.16689473390579224","0.16689473390579224","0.16689473390579224","0.3746451139450073","0.3746451139450073","0.3746451139450073","0.12082795798778534","0.12082795798778534","0.12082795798778534"
"12719","0.1963953673839569","0.1963953673839569","0.1963953673839569","0.27391716837882996","0.27391716837882996","0.27391716837882996","0.05970011278986931","0.05970011278986931","0.05970011278986931","0.1345185786485672","0.1345185786485672","0.1345185786485672","0.5990030765533447","0.5990030765533447","0.5990030765533447","0.09846660494804382","0.09846660494804382","0.09846660494804382"
"12749","0.3251670002937317","0.3251670002937317","0.3251670002937317","0.4272986054420471","0.4272986054420471","0.4272986054420471","0.0659160390496254","0.0659160390496254","0.0659160390496254","0.23213593661785126","0.23213593661785126","0.23213593661785126","2.0765814781188965","2.0765814781188965","2.0765814781188965","0.11655444651842117","0.11655444651842117","0.11655444651842117"
"12779","0.42841818928718567","0.42841818928718567","0.42841818928718567","0.5801256895065308","0.5801256895065308","0.5801256895065308","0.05934672802686691","0.05934672802686691","0.05934672802686691","0.19086101651191711","0.19086101651191711","0.19086101651191711","0.41505736112594604","0.41505736112594604","0.41505736112594604","0.10453109443187714","0.10453109443187714","0.10453109443187714"
"12809","0.24722175300121307","0.24722175300121307","0.24722175300121307","0.23498310148715973","0.23498310148715973","0.23498310148715973","0.06548488140106201","0.06548488140106201","0.06548488140106201","0.15608294308185577","0.15608294308185577","0.15608294308185577","0.4900633990764618","0.4900633990764618","0.4900633990764618","0.09385446459054947","0.09385446459054947","0.09385446459054947"
"12839","0.3936416208744049","0.3936416208744049","0.3936416208744049","0.4845831096172333","0.4845831096172333","0.4845831096172333","0.06491778790950775","0.06491778790950775","0.06491778790950775","0.26205113530158997","0.26205113530158997","0.26205113530158997","0.4888385236263275","0.4888385236263275","0.4888385236263275","0.09990035742521286","0.09990035742521286","0.09990035742521286"
"12869","0.2524229884147644","0.2524229884147644","0.2524229884147644","0.5521804690361023","0.5521804690361023","0.5521804690361023","0.08421092480421066","0.08421092480421066","0.08421092480421066","0.2455420196056366","0.2455420196056366","0.2455420196056366","0.5910515189170837","0.5910515189170837","0.5910515189170837","0.11258190125226974","0.11258190125226974","0.11258190125226974"
"12899","0.22489775717258453","0.22489775717258453","0.22489775717258453","0.3067781627178192","0.3067781627178192","0.3067781627178192","0.060142386704683304","0.060142386704683304","0.060142386704683304","0.3299660086631775","0.3299660086631775","0.3299660086631775","0.3629315495491028","0.3629315495491028","0.3629315495491028","0.0909184068441391","0.0909184068441391","0.0909184068441391"
"12929","0.28940752148628235","0.28940752148628235","0.28940752148628235","0.44801345467567444","0.44801345467567444","0.44801345467567444","0.07639455795288086","0.07639455795288086","0.07639455795288086","0.4582662582397461","0.4582662582397461","0.4582662582397461","0.38008520007133484","0.38008520007133484","0.38008520007133484","0.11378530412912369","0.11378530412912369","0.11378530412912369"
"12959","0.752164363861084","0.752164363861084","0.752164363861084","9.957281112670898","9.957281112670898","9.957281112670898","0.07243552058935165","0.07243552058935165","0.07243552058935165","0.4950679540634155","0.4950679540634155","0.4950679540634155","4.8097639083862305","4.8097639083862305","4.8097639083862305","0.09458989650011063","0.09458989650011063","0.09458989650011063"
"12989","0.4145998954772949","0.4145998954772949","0.4145998954772949","0.2875363528728485","0.2875363528728485","0.2875363528728485","0.053691565990448","0.053691565990448","0.053691565990448","0.24301110208034515","0.24301110208034515","0.24301110208034515","0.37080085277557373","0.37080085277557373","0.37080085277557373","0.09388995915651321","0.09388995915651321","0.09388995915651321"
"13019","0.19412772357463837","0.19412772357463837","0.19412772357463837","0.43404796719551086","0.43404796719551086","0.43404796719551086","0.07034280896186829","0.07034280896186829","0.07034280896186829","0.26488932967185974","0.26488932967185974","0.26488932967185974","0.3636190593242645","0.3636190593242645","0.3636190593242645","0.08553068339824677","0.08553068339824677","0.08553068339824677"
"13049","0.3511561453342438","0.3511561453342438","0.3511561453342438","0.23409339785575867","0.23409339785575867","0.23409339785575867","0.09173374623060226","0.09173374623060226","0.09173374623060226","0.3945418894290924","0.3945418894290924","0.3945418894290924","0.40404853224754333","0.40404853224754333","0.40404853224754333","0.12364757061004639","0.12364757061004639","0.12364757061004639"
"13079","0.9767194986343384","0.9767194986343384","0.9767194986343384","0.5822604894638062","0.5822604894638062","0.5822604894638062","0.09802358597517014","0.09802358597517014","0.09802358597517014","0.4054386019706726","0.4054386019706726","0.4054386019706726","0.9259415864944458","0.9259415864944458","0.9259415864944458","0.09262735396623611","0.09262735396623611","0.09262735396623611"
"13109","0.3816704750061035","0.3816704750061035","0.3816704750061035","0.35867437720298767","0.35867437720298767","0.35867437720298767","0.060258325189352036","0.060258325189352036","0.060258325189352036","0.1563882976770401","0.1563882976770401","0.1563882976770401","0.4253350794315338","0.4253350794315338","0.4253350794315338","0.07901602238416672","0.07901602238416672","0.07901602238416672"
"13139","0.6432495713233948","0.6432495713233948","0.6432495713233948","3.8451030254364014","3.8451030254364014","3.8451030254364014","0.07931867241859436","0.07931867241859436","0.07931867241859436","0.9297980070114136","0.9297980070114136","0.9297980070114136","1.751831293106079","1.751831293106079","1.751831293106079","0.10522574931383133","0.10522574931383133","0.10522574931383133"
"13169","0.23104174435138702","0.23104174435138702","0.23104174435138702","0.4767226278781891","0.4767226278781891","0.4767226278781891","0.06684505939483643","0.06684505939483643","0.06684505939483643","0.32160285115242004","0.32160285115242004","0.32160285115242004","0.41411101818084717","0.41411101818084717","0.41411101818084717","0.1007687896490097","0.1007687896490097","0.1007687896490097"
"13199","0.5437154769897461","0.5437154769897461","0.5437154769897461","0.30759161710739136","0.30759161710739136","0.30759161710739136","0.06103527918457985","0.06103527918457985","0.06103527918457985","0.17553554475307465","0.17553554475307465","0.17553554475307465","0.41085556149482727","0.41085556149482727","0.41085556149482727","0.09899547696113586","0.09899547696113586","0.09899547696113586"
"13229","0.21043281257152557","0.21043281257152557","0.21043281257152557","0.555776059627533","0.555776059627533","0.555776059627533","0.0642816424369812","0.0642816424369812","0.0642816424369812","0.2523612082004547","0.2523612082004547","0.2523612082004547","0.34970396757125854","0.34970396757125854","0.34970396757125854","0.06660818308591843","0.06660818308591843","0.06660818308591843"
"13259","0.30165576934814453","0.30165576934814453","0.30165576934814453","0.6638469696044922","0.6638469696044922","0.6638469696044922","0.0679432675242424","0.0679432675242424","0.0679432675242424","0.3085237443447113","0.3085237443447113","0.3085237443447113","0.31713026762008667","0.31713026762008667","0.31713026762008667","0.11494443565607071","0.11494443565607071","0.11494443565607071"
"13289","0.2586924731731415","0.2586924731731415","0.2586924731731415","0.2232677936553955","0.2232677936553955","0.2232677936553955","0.055056169629096985","0.055056169629096985","0.055056169629096985","0.21330393850803375","0.21330393850803375","0.21330393850803375","0.2722477912902832","0.2722477912902832","0.2722477912902832","0.0947471633553505","0.0947471633553505","0.0947471633553505"
"13319","0.617655873298645","0.617655873298645","0.617655873298645","2.819103956222534","2.819103956222534","2.819103956222534","0.05761577934026718","0.05761577934026718","0.05761577934026718","0.3598406910896301","0.3598406910896301","0.3598406910896301","1.7580296993255615","1.7580296993255615","1.7580296993255615","0.07696424424648285","0.07696424424648285","0.07696424424648285"
"13349","0.2655948996543884","0.2655948996543884","0.2655948996543884","0.32065463066101074","0.32065463066101074","0.32065463066101074","0.06159279868006706","0.06159279868006706","0.06159279868006706","0.17569276690483093","0.17569276690483093","0.17569276690483093","0.39046087861061096","0.39046087861061096","0.39046087861061096","0.08660232275724411","0.08660232275724411","0.08660232275724411"
"13379","0.6032165288925171","0.6032165288925171","0.6032165288925171","0.38428229093551636","0.38428229093551636","0.38428229093551636","0.06416808068752289","0.06416808068752289","0.06416808068752289","0.43802133202552795","0.43802133202552795","0.43802133202552795","0.7840672135353088","0.7840672135353088","0.7840672135353088","0.0785473957657814","0.0785473957657814","0.0785473957657814"
"13409","0.23080427944660187","0.23080427944660187","0.23080427944660187","0.45337316393852234","0.45337316393852234","0.45337316393852234","0.08638593554496765","0.08638593554496765","0.08638593554496765","0.2217918187379837","0.2217918187379837","0.2217918187379837","0.6567789912223816","0.6567789912223816","0.6567789912223816","0.0866101086139679","0.0866101086139679","0.0866101086139679"
"13439","0.26611781120300293","0.26611781120300293","0.26611781120300293","0.987305760383606","0.987305760383606","0.987305760383606","0.07904098182916641","0.07904098182916641","0.07904098182916641","0.23226188123226166","0.23226188123226166","0.23226188123226166","0.44600847363471985","0.44600847363471985","0.44600847363471985","0.11302726715803146","0.11302726715803146","0.11302726715803146"
"13469","0.2560397982597351","0.2560397982597351","0.2560397982597351","0.2968437075614929","0.2968437075614929","0.2968437075614929","0.07927544414997101","0.07927544414997101","0.07927544414997101","0.40129855275154114","0.40129855275154114","0.40129855275154114","0.3753228783607483","0.3753228783607483","0.3753228783607483","0.13232655823230743","0.13232655823230743","0.13232655823230743"
"13499","0.3294036388397217","0.3294036388397217","0.3294036388397217","0.3433059751987457","0.3433059751987457","0.3433059751987457","0.08040778338909149","0.08040778338909149","0.08040778338909149","0.49458983540534973","0.49458983540534973","0.49458983540534973","0.38715675473213196","0.38715675473213196","0.38715675473213196","0.07465241104364395","0.07465241104364395","0.07465241104364395"
"13529","0.22454284131526947","0.22454284131526947","0.22454284131526947","0.49548038840293884","0.49548038840293884","0.49548038840293884","0.05778432637453079","0.05778432637453079","0.05778432637453079","0.2630005478858948","0.2630005478858948","0.2630005478858948","0.4641757607460022","0.4641757607460022","0.4641757607460022","0.10176339745521545","0.10176339745521545","0.10176339745521545"
"13559","0.24261027574539185","0.24261027574539185","0.24261027574539185","0.4920794665813446","0.4920794665813446","0.4920794665813446","0.06953185796737671","0.06953185796737671","0.06953185796737671","0.3605685234069824","0.3605685234069824","0.3605685234069824","0.5273734927177429","0.5273734927177429","0.5273734927177429","0.09662420302629471","0.09662420302629471","0.09662420302629471"
"13589","0.27198201417922974","0.27198201417922974","0.27198201417922974","0.4059469997882843","0.4059469997882843","0.4059469997882843","0.07923204451799393","0.07923204451799393","0.07923204451799393","0.3143465220928192","0.3143465220928192","0.3143465220928192","0.6967796087265015","0.6967796087265015","0.6967796087265015","0.08703883737325668","0.08703883737325668","0.08703883737325668"
"13619","1.6183785200119019","1.6183785200119019","1.6183785200119019","1.2675387859344482","1.2675387859344482","1.2675387859344482","0.07155762612819672","0.07155762612819672","0.07155762612819672","1.1297154426574707","1.1297154426574707","1.1297154426574707","0.8271658420562744","0.8271658420562744","0.8271658420562744","0.10367000102996826","0.10367000102996826","0.10367000102996826"
"13649","0.5617767572402954","0.5617767572402954","0.5617767572402954","0.27678459882736206","0.27678459882736206","0.27678459882736206","0.050116345286369324","0.050116345286369324","0.050116345286369324","0.3876960575580597","0.3876960575580597","0.3876960575580597","0.6667230725288391","0.6667230725288391","0.6667230725288391","0.07961779087781906","0.07961779087781906","0.07961779087781906"
"13679","0.48248428106307983","0.48248428106307983","0.48248428106307983","0.22011783719062805","0.22011783719062805","0.22011783719062805","0.05282871425151825","0.05282871425151825","0.05282871425151825","0.2351519763469696","0.2351519763469696","0.2351519763469696","0.4411505162715912","0.4411505162715912","0.4411505162715912","0.1008944883942604","0.1008944883942604","0.1008944883942604"
"13709","0.5283827781677246","0.5283827781677246","0.5283827781677246","7.878562927246094","7.878562927246094","7.878562927246094","0.06800995767116547","0.06800995767116547","0.06800995767116547","0.47468748688697815","0.47468748688697815","0.47468748688697815","6.246468544006348","6.246468544006348","6.246468544006348","0.07247364521026611","0.07247364521026611","0.07247364521026611"
"13739","0.41102471947669983","0.41102471947669983","0.41102471947669983","0.28834226727485657","0.28834226727485657","0.28834226727485657","0.08833656460046768","0.08833656460046768","0.08833656460046768","0.22907382249832153","0.22907382249832153","0.22907382249832153","0.7131322026252747","0.7131322026252747","0.7131322026252747","0.08758558332920074","0.08758558332920074","0.08758558332920074"
"13769","0.30330997705459595","0.30330997705459595","0.30330997705459595","1.2479381561279297","1.2479381561279297","1.2479381561279297","0.07080023735761642","0.07080023735761642","0.07080023735761642","0.20341232419013977","0.20341232419013977","0.20341232419013977","0.4956224262714386","0.4956224262714386","0.4956224262714386","0.0805320143699646","0.0805320143699646","0.0805320143699646"
"13799","0.48723769187927246","0.48723769187927246","0.48723769187927246","1.4458051919937134","1.4458051919937134","1.4458051919937134","0.053327739238739014","0.053327739238739014","0.053327739238739014","0.2706436812877655","0.2706436812877655","0.2706436812877655","1.1346544027328491","1.1346544027328491","1.1346544027328491","0.09990454465150833","0.09990454465150833","0.09990454465150833"
"13829","0.2664624750614166","0.2664624750614166","0.2664624750614166","0.4177345931529999","0.4177345931529999","0.4177345931529999","0.08522844314575195","0.08522844314575195","0.08522844314575195","0.3585430681705475","0.3585430681705475","0.3585430681705475","0.7298170328140259","0.7298170328140259","0.7298170328140259","0.10651320964097977","0.10651320964097977","0.10651320964097977"
"13859","0.23754477500915527","0.23754477500915527","0.23754477500915527","0.36422768235206604","0.36422768235206604","0.36422768235206604","0.06829272955656052","0.06829272955656052","0.06829272955656052","0.20673425495624542","0.20673425495624542","0.20673425495624542","0.4326797425746918","0.4326797425746918","0.4326797425746918","0.10962903499603271","0.10962903499603271","0.10962903499603271"
"13889","0.25385597348213196","0.25385597348213196","0.25385597348213196","0.46229925751686096","0.46229925751686096","0.46229925751686096","0.06731834262609482","0.06731834262609482","0.06731834262609482","0.18123824894428253","0.18123824894428253","0.18123824894428253","0.4938413202762604","0.4938413202762604","0.4938413202762604","0.10032794624567032","0.10032794624567032","0.10032794624567032"
"13919","0.1711682826280594","0.1711682826280594","0.1711682826280594","0.2888216972351074","0.2888216972351074","0.2888216972351074","0.06547428667545319","0.06547428667545319","0.06547428667545319","0.186715230345726","0.186715230345726","0.186715230345726","0.2525457441806793","0.2525457441806793","0.2525457441806793","0.09576833248138428","0.09576833248138428","0.09576833248138428"
"13949","0.2779998481273651","0.2779998481273651","0.2779998481273651","0.3853569030761719","0.3853569030761719","0.3853569030761719","0.06690892577171326","0.06690892577171326","0.06690892577171326","0.21474258601665497","0.21474258601665497","0.21474258601665497","0.7636523246765137","0.7636523246765137","0.7636523246765137","0.08900558203458786","0.08900558203458786","0.08900558203458786"
"13979","0.18454605340957642","0.18454605340957642","0.18454605340957642","0.1984323114156723","0.1984323114156723","0.1984323114156723","0.07080041617155075","0.07080041617155075","0.07080041617155075","0.2056519240140915","0.2056519240140915","0.2056519240140915","0.31117182970046997","0.31117182970046997","0.31117182970046997","0.07307659834623337","0.07307659834623337","0.07307659834623337"
"14009","0.579689621925354","0.579689621925354","0.579689621925354","1.0658982992172241","1.0658982992172241","1.0658982992172241","0.060921162366867065","0.060921162366867065","0.060921162366867065","0.3252001106739044","0.3252001106739044","0.3252001106739044","1.059450626373291","1.059450626373291","1.059450626373291","0.09299640357494354","0.09299640357494354","0.09299640357494354"
"14039","0.21710540354251862","0.21710540354251862","0.21710540354251862","0.4087945222854614","0.4087945222854614","0.4087945222854614","0.06573136895895004","0.06573136895895004","0.06573136895895004","0.26419004797935486","0.26419004797935486","0.26419004797935486","0.5249163508415222","0.5249163508415222","0.5249163508415222","0.07000487297773361","0.07000487297773361","0.07000487297773361"
"14069","0.3954015374183655","0.3954015374183655","0.3954015374183655","1.9212621450424194","1.9212621450424194","1.9212621450424194","0.062160614877939224","0.062160614877939224","0.062160614877939224","0.2703089118003845","0.2703089118003845","0.2703089118003845","1.5339173078536987","1.5339173078536987","1.5339173078536987","0.10942746698856354","0.10942746698856354","0.10942746698856354"
"14099","0.25480541586875916","0.25480541586875916","0.25480541586875916","0.2800540328025818","0.2800540328025818","0.2800540328025818","0.0557815246284008","0.0557815246284008","0.0557815246284008","0.22850899398326874","0.22850899398326874","0.22850899398326874","0.34250277280807495","0.34250277280807495","0.34250277280807495","0.11889458447694778","0.11889458447694778","0.11889458447694778"
"14129","0.1643194556236267","0.1643194556236267","0.1643194556236267","0.34837257862091064","0.34837257862091064","0.34837257862091064","0.056495778262615204","0.056495778262615204","0.056495778262615204","0.17784854769706726","0.17784854769706726","0.17784854769706726","0.7011684775352478","0.7011684775352478","0.7011684775352478","0.10891524702310562","0.10891524702310562","0.10891524702310562"
"14159","0.34490516781806946","0.34490516781806946","0.34490516781806946","0.4851837158203125","0.4851837158203125","0.4851837158203125","0.08956882357597351","0.08956882357597351","0.08956882357597351","0.17878055572509766","0.17878055572509766","0.17878055572509766","0.8189727067947388","0.8189727067947388","0.8189727067947388","0.12447558343410492","0.12447558343410492","0.12447558343410492"
"14189","0.31093424558639526","0.31093424558639526","0.31093424558639526","0.5766117572784424","0.5766117572784424","0.5766117572784424","0.06069827079772949","0.06069827079772949","0.06069827079772949","0.18955470621585846","0.18955470621585846","0.18955470621585846","1.0354331731796265","1.0354331731796265","1.0354331731796265","0.08708497881889343","0.08708497881889343","0.08708497881889343"
"14219","0.252598375082016","0.252598375082016","0.252598375082016","0.3034747540950775","0.3034747540950775","0.3034747540950775","0.08265643566846848","0.08265643566846848","0.08265643566846848","0.4860963821411133","0.4860963821411133","0.4860963821411133","0.39054641127586365","0.39054641127586365","0.39054641127586365","0.10145895928144455","0.10145895928144455","0.10145895928144455"
"14249","0.15892039239406586","0.15892039239406586","0.15892039239406586","0.24652770161628723","0.24652770161628723","0.24652770161628723","0.049612123519182205","0.049612123519182205","0.049612123519182205","0.2167111188173294","0.2167111188173294","0.2167111188173294","0.29315653443336487","0.29315653443336487","0.29315653443336487","0.08029969781637192","0.08029969781637192","0.08029969781637192"
"14279","0.3356035649776459","0.3356035649776459","0.3356035649776459","0.24051089584827423","0.24051089584827423","0.24051089584827423","0.07853482663631439","0.07853482663631439","0.07853482663631439","0.6157596111297607","0.6157596111297607","0.6157596111297607","0.39224937558174133","0.39224937558174133","0.39224937558174133","0.07619442045688629","0.07619442045688629","0.07619442045688629"
"14309","0.350006103515625","0.350006103515625","0.350006103515625","1.3067399263381958","1.3067399263381958","1.3067399263381958","0.05630185082554817","0.05630185082554817","0.05630185082554817","0.24370364844799042","0.24370364844799042","0.24370364844799042","1.3910949230194092","1.3910949230194092","1.3910949230194092","0.09525083005428314","0.09525083005428314","0.09525083005428314"
"14339","0.3256545662879944","0.3256545662879944","0.3256545662879944","0.7446921467781067","0.7446921467781067","0.7446921467781067","0.07667115330696106","0.07667115330696106","0.07667115330696106","0.5805993676185608","0.5805993676185608","0.5805993676185608","0.34623226523399353","0.34623226523399353","0.34623226523399353","0.10227296501398087","0.10227296501398087","0.10227296501398087"
"14369","0.1558038890361786","0.1558038890361786","0.1558038890361786","0.3483666777610779","0.3483666777610779","0.3483666777610779","0.052470847964286804","0.052470847964286804","0.052470847964286804","0.3031458258628845","0.3031458258628845","0.3031458258628845","0.2888955771923065","0.2888955771923065","0.2888955771923065","0.0817738026380539","0.0817738026380539","0.0817738026380539"
"14399","0.1912451833486557","0.1912451833486557","0.1912451833486557","0.26442933082580566","0.26442933082580566","0.26442933082580566","0.06797736883163452","0.06797736883163452","0.06797736883163452","0.177729532122612","0.177729532122612","0.177729532122612","0.32651519775390625","0.32651519775390625","0.32651519775390625","0.09407971799373627","0.09407971799373627","0.09407971799373627"
"14429","0.4264978766441345","0.4264978766441345","0.4264978766441345","0.4013006091117859","0.4013006091117859","0.4013006091117859","0.07279478758573532","0.07279478758573532","0.07279478758573532","0.26071223616600037","0.26071223616600037","0.26071223616600037","0.40512487292289734","0.40512487292289734","0.40512487292289734","0.10535691678524017","0.10535691678524017","0.10535691678524017"
"14459","0.21398663520812988","0.21398663520812988","0.21398663520812988","0.27188608050346375","0.27188608050346375","0.27188608050346375","0.09419630467891693","0.09419630467891693","0.09419630467891693","0.28227499127388","0.28227499127388","0.28227499127388","0.2979976534843445","0.2979976534843445","0.2979976534843445","0.0776200070977211","0.0776200070977211","0.0776200070977211"
"14489","0.28857719898223877","0.28857719898223877","0.28857719898223877","0.7672942876815796","0.7672942876815796","0.7672942876815796","0.052045922726392746","0.052045922726392746","0.052045922726392746","0.336680144071579","0.336680144071579","0.336680144071579","0.8125749230384827","0.8125749230384827","0.8125749230384827","0.10411044210195541","0.10411044210195541","0.10411044210195541"
"14519","0.20638740062713623","0.20638740062713623","0.20638740062713623","0.26336199045181274","0.26336199045181274","0.26336199045181274","0.06466378271579742","0.06466378271579742","0.06466378271579742","0.17765483260154724","0.17765483260154724","0.17765483260154724","0.29615190625190735","0.29615190625190735","0.29615190625190735","0.08787792176008224","0.08787792176008224","0.08787792176008224"
"14549","0.25187069177627563","0.25187069177627563","0.25187069177627563","0.3936614990234375","0.3936614990234375","0.3936614990234375","0.06625865399837494","0.06625865399837494","0.06625865399837494","0.30232053995132446","0.30232053995132446","0.30232053995132446","0.43307235836982727","0.43307235836982727","0.43307235836982727","0.07178738713264465","0.07178738713264465","0.07178738713264465"
"14579","0.20065392553806305","0.20065392553806305","0.20065392553806305","0.6615843176841736","0.6615843176841736","0.6615843176841736","0.0760306566953659","0.0760306566953659","0.0760306566953659","1.2900350093841553","1.2900350093841553","1.2900350093841553","0.5436296463012695","0.5436296463012695","0.5436296463012695","0.08644809573888779","0.08644809573888779","0.08644809573888779"
"14609","0.29237601161003113","0.29237601161003113","0.29237601161003113","0.4527738094329834","0.4527738094329834","0.4527738094329834","0.06406372040510178","0.06406372040510178","0.06406372040510178","0.26242467761039734","0.26242467761039734","0.26242467761039734","0.3416154384613037","0.3416154384613037","0.3416154384613037","0.10878685861825943","0.10878685861825943","0.10878685861825943"
"14639","0.2050318419933319","0.2050318419933319","0.2050318419933319","0.29176291823387146","0.29176291823387146","0.29176291823387146","0.05396440252661705","0.05396440252661705","0.05396440252661705","0.15861788392066956","0.15861788392066956","0.15861788392066956","0.49799156188964844","0.49799156188964844","0.49799156188964844","0.07980622351169586","0.07980622351169586","0.07980622351169586"
"14669","0.2536472976207733","0.2536472976207733","0.2536472976207733","0.2207101583480835","0.2207101583480835","0.2207101583480835","0.08329753577709198","0.08329753577709198","0.08329753577709198","0.21492134034633636","0.21492134034633636","0.21492134034633636","0.3331435024738312","0.3331435024738312","0.3331435024738312","0.07323160767555237","0.07323160767555237","0.07323160767555237"
"14699","0.34453117847442627","0.34453117847442627","0.34453117847442627","0.272266149520874","0.272266149520874","0.272266149520874","0.05624701455235481","0.05624701455235481","0.05624701455235481","0.21717506647109985","0.21717506647109985","0.21717506647109985","0.35893768072128296","0.35893768072128296","0.35893768072128296","0.07617240399122238","0.07617240399122238","0.07617240399122238"
"14729","1.1573182344436646","1.1573182344436646","1.1573182344436646","1.102715253829956","1.102715253829956","1.102715253829956","0.05992351472377777","0.05992351472377777","0.05992351472377777","0.4571160078048706","0.4571160078048706","0.4571160078048706","0.5694857835769653","0.5694857835769653","0.5694857835769653","0.08171926438808441","0.08171926438808441","0.08171926438808441"
"14759","0.16997618973255157","0.16997618973255157","0.16997618973255157","0.4297131896018982","0.4297131896018982","0.4297131896018982","0.09138540178537369","0.09138540178537369","0.09138540178537369","0.1859559416770935","0.1859559416770935","0.1859559416770935","0.36742454767227173","0.36742454767227173","0.36742454767227173","0.10876820981502533","0.10876820981502533","0.10876820981502533"
"14789","0.26872318983078003","0.26872318983078003","0.26872318983078003","0.38991889357566833","0.38991889357566833","0.38991889357566833","0.0753871500492096","0.0753871500492096","0.0753871500492096","0.19849759340286255","0.19849759340286255","0.19849759340286255","0.5333186388015747","0.5333186388015747","0.5333186388015747","0.08726508915424347","0.08726508915424347","0.08726508915424347"
"14819","0.27655908465385437","0.27655908465385437","0.27655908465385437","0.3195870816707611","0.3195870816707611","0.3195870816707611","0.07272820919752121","0.07272820919752121","0.07272820919752121","0.23280562460422516","0.23280562460422516","0.23280562460422516","0.40227240324020386","0.40227240324020386","0.40227240324020386","0.08828014135360718","0.08828014135360718","0.08828014135360718"
"14849","0.2488926202058792","0.2488926202058792","0.2488926202058792","0.5038700103759766","0.5038700103759766","0.5038700103759766","0.062252044677734375","0.062252044677734375","0.062252044677734375","0.15788333117961884","0.15788333117961884","0.15788333117961884","0.4938448667526245","0.4938448667526245","0.4938448667526245","0.11448047310113907","0.11448047310113907","0.11448047310113907"
"14879","0.5628045201301575","0.5628045201301575","0.5628045201301575","0.4332513213157654","0.4332513213157654","0.4332513213157654","0.06847194582223892","0.06847194582223892","0.06847194582223892","0.39966848492622375","0.39966848492622375","0.39966848492622375","0.441312313079834","0.441312313079834","0.441312313079834","0.10191833227872849","0.10191833227872849","0.10191833227872849"
"14909","0.570412278175354","0.570412278175354","0.570412278175354","0.4066902697086334","0.4066902697086334","0.4066902697086334","0.06058607995510101","0.06058607995510101","0.06058607995510101","0.21693100035190582","0.21693100035190582","0.21693100035190582","0.4544188678264618","0.4544188678264618","0.4544188678264618","0.08429700881242752","0.08429700881242752","0.08429700881242752"
"14939","2.245887041091919","2.245887041091919","2.245887041091919","2.0159730911254883","2.0159730911254883","2.0159730911254883","0.0740547925233841","0.0740547925233841","0.0740547925233841","10.161375045776367","10.161375045776367","10.161375045776367","16.758901596069336","16.758901596069336","16.758901596069336","0.08662974834442139","0.08662974834442139","0.08662974834442139"
"14969","0.20065750181674957","0.20065750181674957","0.20065750181674957","0.27984002232551575","0.27984002232551575","0.27984002232551575","0.05388258770108223","0.05388258770108223","0.05388258770108223","0.19528430700302124","0.19528430700302124","0.19528430700302124","0.37518972158432007","0.37518972158432007","0.37518972158432007","0.0720859169960022","0.0720859169960022","0.0720859169960022"
"14999","0.15824255347251892","0.15824255347251892","0.15824255347251892","0.2789171040058136","0.2789171040058136","0.2789171040058136","0.04476035386323929","0.04476035386323929","0.04476035386323929","0.2134896069765091","0.2134896069765091","0.2134896069765091","0.21358540654182434","0.21358540654182434","0.21358540654182434","0.0819321796298027","0.0819321796298027","0.0819321796298027"
"15029","0.466176301240921","0.466176301240921","0.466176301240921","0.36822742223739624","0.36822742223739624","0.36822742223739624","0.08023826777935028","0.08023826777935028","0.08023826777935028","0.3198552429676056","0.3198552429676056","0.3198552429676056","0.39240598678588867","0.39240598678588867","0.39240598678588867","0.09457436203956604","0.09457436203956604","0.09457436203956604"
"15059","0.22056478261947632","0.22056478261947632","0.22056478261947632","0.507463812828064","0.507463812828064","0.507463812828064","0.069242924451828","0.069242924451828","0.069242924451828","0.16735003888607025","0.16735003888607025","0.16735003888607025","0.5192953944206238","0.5192953944206238","0.5192953944206238","0.08677472174167633","0.08677472174167633","0.08677472174167633"
"15089","0.29637616872787476","0.29637616872787476","0.29637616872787476","0.4592517614364624","0.4592517614364624","0.4592517614364624","0.05476813018321991","0.05476813018321991","0.05476813018321991","0.47376975417137146","0.47376975417137146","0.47376975417137146","0.30815669894218445","0.30815669894218445","0.30815669894218445","0.10035430639982224","0.10035430639982224","0.10035430639982224"
"15119","0.2938329875469208","0.2938329875469208","0.2938329875469208","0.34372055530548096","0.34372055530548096","0.34372055530548096","0.06727109104394913","0.06727109104394913","0.06727109104394913","0.445818692445755","0.445818692445755","0.445818692445755","0.3225758373737335","0.3225758373737335","0.3225758373737335","0.07875499874353409","0.07875499874353409","0.07875499874353409"
"15149","0.16666081547737122","0.16666081547737122","0.16666081547737122","0.6185659170150757","0.6185659170150757","0.6185659170150757","0.0446607880294323","0.0446607880294323","0.0446607880294323","0.2181742787361145","0.2181742787361145","0.2181742787361145","0.7468000650405884","0.7468000650405884","0.7468000650405884","0.07971487194299698","0.07971487194299698","0.07971487194299698"
"15179","0.3120259642601013","0.3120259642601013","0.3120259642601013","0.38632041215896606","0.38632041215896606","0.38632041215896606","0.06878459453582764","0.06878459453582764","0.06878459453582764","0.2288418561220169","0.2288418561220169","0.2288418561220169","0.2706972062587738","0.2706972062587738","0.2706972062587738","0.06867837905883789","0.06867837905883789","0.06867837905883789"
"15209","0.18342675268650055","0.18342675268650055","0.18342675268650055","0.7131003141403198","0.7131003141403198","0.7131003141403198","0.03899373114109039","0.03899373114109039","0.03899373114109039","0.17851805686950684","0.17851805686950684","0.17851805686950684","0.9819221496582031","0.9819221496582031","0.9819221496582031","0.08690177649259567","0.08690177649259567","0.08690177649259567"
"15239","0.24535930156707764","0.24535930156707764","0.24535930156707764","0.36712387204170227","0.36712387204170227","0.36712387204170227","0.057780854403972626","0.057780854403972626","0.057780854403972626","0.13638843595981598","0.13638843595981598","0.13638843595981598","0.412575900554657","0.412575900554657","0.412575900554657","0.07658617198467255","0.07658617198467255","0.07658617198467255"
"15269","0.2271033078432083","0.2271033078432083","0.2271033078432083","1.2565901279449463","1.2565901279449463","1.2565901279449463","0.065952830016613","0.065952830016613","0.065952830016613","0.20255683362483978","0.20255683362483978","0.20255683362483978","0.9723103046417236","0.9723103046417236","0.9723103046417236","0.06795807927846909","0.06795807927846909","0.06795807927846909"
"15299","0.24601787328720093","0.24601787328720093","0.24601787328720093","0.2252020537853241","0.2252020537853241","0.2252020537853241","0.05982392281293869","0.05982392281293869","0.05982392281293869","0.18128183484077454","0.18128183484077454","0.18128183484077454","0.30455121397972107","0.30455121397972107","0.30455121397972107","0.06720181554555893","0.06720181554555893","0.06720181554555893"
"15329","0.23527167737483978","0.23527167737483978","0.23527167737483978","0.2977014482021332","0.2977014482021332","0.2977014482021332","0.05319696664810181","0.05319696664810181","0.05319696664810181","0.25513824820518494","0.25513824820518494","0.25513824820518494","0.39408576488494873","0.39408576488494873","0.39408576488494873","0.08085568994283676","0.08085568994283676","0.08085568994283676"
"15359","0.6728744506835938","0.6728744506835938","0.6728744506835938","1.375102162361145","1.375102162361145","1.375102162361145","0.049406833946704865","0.049406833946704865","0.049406833946704865","0.21205078065395355","0.21205078065395355","0.21205078065395355","0.5586850047111511","0.5586850047111511","0.5586850047111511","0.07902520895004272","0.07902520895004272","0.07902520895004272"
"15389","0.24500758945941925","0.24500758945941925","0.24500758945941925","0.23484060168266296","0.23484060168266296","0.23484060168266296","0.058969225734472275","0.058969225734472275","0.058969225734472275","0.22706344723701477","0.22706344723701477","0.22706344723701477","0.4015796184539795","0.4015796184539795","0.4015796184539795","0.06905224919319153","0.06905224919319153","0.06905224919319153"
"15419","0.18734320998191833","0.18734320998191833","0.18734320998191833","0.30289119482040405","0.30289119482040405","0.30289119482040405","0.057726554572582245","0.057726554572582245","0.057726554572582245","0.3027746379375458","0.3027746379375458","0.3027746379375458","0.37013372778892517","0.37013372778892517","0.37013372778892517","0.0966058298945427","0.0966058298945427","0.0966058298945427"
"15449","0.9486382603645325","0.9486382603645325","0.9486382603645325","2.0074825286865234","2.0074825286865234","2.0074825286865234","0.0670999214053154","0.0670999214053154","0.0670999214053154","0.6450046896934509","0.6450046896934509","0.6450046896934509","2.947747230529785","2.947747230529785","2.947747230529785","0.10096137970685959","0.10096137970685959","0.10096137970685959"
"15479","0.21053016185760498","0.21053016185760498","0.21053016185760498","0.3207527995109558","0.3207527995109558","0.3207527995109558","0.05938798189163208","0.05938798189163208","0.05938798189163208","0.18709765374660492","0.18709765374660492","0.18709765374660492","0.3471415638923645","0.3471415638923645","0.3471415638923645","0.11104404181241989","0.11104404181241989","0.11104404181241989"
"15509","0.31017404794692993","0.31017404794692993","0.31017404794692993","0.3148621618747711","0.3148621618747711","0.3148621618747711","0.0576932467520237","0.0576932467520237","0.0576932467520237","0.4484288692474365","0.4484288692474365","0.4484288692474365","0.3801669180393219","0.3801669180393219","0.3801669180393219","0.0983005091547966","0.0983005091547966","0.0983005091547966"
"15539","0.1681855171918869","0.1681855171918869","0.1681855171918869","0.46059176325798035","0.46059176325798035","0.46059176325798035","0.05156818404793739","0.05156818404793739","0.05156818404793739","0.16510550677776337","0.16510550677776337","0.16510550677776337","0.2878403663635254","0.2878403663635254","0.2878403663635254","0.08917369693517685","0.08917369693517685","0.08917369693517685"
"15569","1.2671010494232178","1.2671010494232178","1.2671010494232178","4.2291998863220215","4.2291998863220215","4.2291998863220215","0.055241651833057404","0.055241651833057404","0.055241651833057404","0.7339981198310852","0.7339981198310852","0.7339981198310852","3.3770580291748047","3.3770580291748047","3.3770580291748047","0.08048364520072937","0.08048364520072937","0.08048364520072937"
"15599","0.16603755950927734","0.16603755950927734","0.16603755950927734","0.20314139127731323","0.20314139127731323","0.20314139127731323","0.05395256355404854","0.05395256355404854","0.05395256355404854","0.16285258531570435","0.16285258531570435","0.16285258531570435","0.2545977234840393","0.2545977234840393","0.2545977234840393","0.06584419310092926","0.06584419310092926","0.06584419310092926"
"15629","0.21813905239105225","0.21813905239105225","0.21813905239105225","0.26174992322921753","0.26174992322921753","0.26174992322921753","0.05422963947057724","0.05422963947057724","0.05422963947057724","0.2273305058479309","0.2273305058479309","0.2273305058479309","0.2908504009246826","0.2908504009246826","0.2908504009246826","0.09442156553268433","0.09442156553268433","0.09442156553268433"
"15659","0.40116560459136963","0.40116560459136963","0.40116560459136963","0.6854687333106995","0.6854687333106995","0.6854687333106995","0.060480669140815735","0.060480669140815735","0.060480669140815735","0.2415245622396469","0.2415245622396469","0.2415245622396469","0.7234031558036804","0.7234031558036804","0.7234031558036804","0.10553520172834396","0.10553520172834396","0.10553520172834396"
"15689","0.3726910650730133","0.3726910650730133","0.3726910650730133","0.3375841975212097","0.3375841975212097","0.3375841975212097","0.048691753298044205","0.048691753298044205","0.048691753298044205","0.35822609066963196","0.35822609066963196","0.35822609066963196","0.4597165584564209","0.4597165584564209","0.4597165584564209","0.08074645698070526","0.08074645698070526","0.08074645698070526"
"15719","0.5818547010421753","0.5818547010421753","0.5818547010421753","0.7882194519042969","0.7882194519042969","0.7882194519042969","0.08085199445486069","0.08085199445486069","0.08085199445486069","0.25121933221817017","0.25121933221817017","0.25121933221817017","0.38608428835868835","0.38608428835868835","0.38608428835868835","0.07798226922750473","0.07798226922750473","0.07798226922750473"
"15749","0.2187209278345108","0.2187209278345108","0.2187209278345108","0.31537917256355286","0.31537917256355286","0.31537917256355286","0.06982934474945068","0.06982934474945068","0.06982934474945068","0.2759438753128052","0.2759438753128052","0.2759438753128052","0.43989822268486023","0.43989822268486023","0.43989822268486023","0.08163239061832428","0.08163239061832428","0.08163239061832428"
"15779","0.4919942319393158","0.4919942319393158","0.4919942319393158","0.5469101071357727","0.5469101071357727","0.5469101071357727","0.05848497152328491","0.05848497152328491","0.05848497152328491","0.14640650153160095","0.14640650153160095","0.14640650153160095","0.6480595469474792","0.6480595469474792","0.6480595469474792","0.08862043172121048","0.08862043172121048","0.08862043172121048"
"15809","0.3406321704387665","0.3406321704387665","0.3406321704387665","0.6821441650390625","0.6821441650390625","0.6821441650390625","0.05276234447956085","0.05276234447956085","0.05276234447956085","0.2925929129123688","0.2925929129123688","0.2925929129123688","0.4799363315105438","0.4799363315105438","0.4799363315105438","0.11287465691566467","0.11287465691566467","0.11287465691566467"
"15839","0.4337555468082428","0.4337555468082428","0.4337555468082428","0.5564095973968506","0.5564095973968506","0.5564095973968506","0.055518731474876404","0.055518731474876404","0.055518731474876404","0.34181711077690125","0.34181711077690125","0.34181711077690125","0.3565301299095154","0.3565301299095154","0.3565301299095154","0.07611540704965591","0.07611540704965591","0.07611540704965591"
"15869","0.24741755425930023","0.24741755425930023","0.24741755425930023","0.3397611677646637","0.3397611677646637","0.3397611677646637","0.05518736317753792","0.05518736317753792","0.05518736317753792","0.23610536754131317","0.23610536754131317","0.23610536754131317","0.27651259303092957","0.27651259303092957","0.27651259303092957","0.10489901155233383","0.10489901155233383","0.10489901155233383"
"15899","0.21848925948143005","0.21848925948143005","0.21848925948143005","0.2875658869743347","0.2875658869743347","0.2875658869743347","0.0621354840695858","0.0621354840695858","0.0621354840695858","0.27182358503341675","0.27182358503341675","0.27182358503341675","0.22469764947891235","0.22469764947891235","0.22469764947891235","0.07883647084236145","0.07883647084236145","0.07883647084236145"
"15929","0.8556544184684753","0.8556544184684753","0.8556544184684753","3.6377546787261963","3.6377546787261963","3.6377546787261963","0.06140315905213356","0.06140315905213356","0.06140315905213356","0.28641849756240845","0.28641849756240845","0.28641849756240845","2.0284552574157715","2.0284552574157715","2.0284552574157715","0.07579142600297928","0.07579142600297928","0.07579142600297928"
"15959","0.1689569503068924","0.1689569503068924","0.1689569503068924","0.35131651163101196","0.35131651163101196","0.35131651163101196","0.05622287094593048","0.05622287094593048","0.05622287094593048","0.18437550961971283","0.18437550961971283","0.18437550961971283","0.3864387571811676","0.3864387571811676","0.3864387571811676","0.07852113246917725","0.07852113246917725","0.07852113246917725"
"15989","0.6883115768432617","0.6883115768432617","0.6883115768432617","0.5579240322113037","0.5579240322113037","0.5579240322113037","0.07070028781890869","0.07070028781890869","0.07070028781890869","0.22934672236442566","0.22934672236442566","0.22934672236442566","0.535025954246521","0.535025954246521","0.535025954246521","0.09484843909740448","0.09484843909740448","0.09484843909740448"
"16019","0.17256787419319153","0.17256787419319153","0.17256787419319153","0.23232276737689972","0.23232276737689972","0.23232276737689972","0.05801500752568245","0.05801500752568245","0.05801500752568245","0.21784088015556335","0.21784088015556335","0.21784088015556335","0.2910366654396057","0.2910366654396057","0.2910366654396057","0.09939908981323242","0.09939908981323242","0.09939908981323242"
"16049","0.3181137144565582","0.3181137144565582","0.3181137144565582","0.7589552998542786","0.7589552998542786","0.7589552998542786","0.05087738856673241","0.05087738856673241","0.05087738856673241","0.21466441452503204","0.21466441452503204","0.21466441452503204","1.3591586351394653","1.3591586351394653","1.3591586351394653","0.06222575157880783","0.06222575157880783","0.06222575157880783"
"16079","0.6635493040084839","0.6635493040084839","0.6635493040084839","0.7107974886894226","0.7107974886894226","0.7107974886894226","0.12237872183322906","0.12237872183322906","0.12237872183322906","0.20764556527137756","0.20764556527137756","0.20764556527137756","0.7373743057250977","0.7373743057250977","0.7373743057250977","0.13219140470027924","0.13219140470027924","0.13219140470027924"
"16109","0.338835209608078","0.338835209608078","0.338835209608078","3.952936887741089","3.952936887741089","3.952936887741089","0.07696998864412308","0.07696998864412308","0.07696998864412308","0.4762479364871979","0.4762479364871979","0.4762479364871979","1.5776809453964233","1.5776809453964233","1.5776809453964233","0.0906829982995987","0.0906829982995987","0.0906829982995987"
"16139","0.18454532325267792","0.18454532325267792","0.18454532325267792","0.28911092877388","0.28911092877388","0.28911092877388","0.05109461769461632","0.05109461769461632","0.05109461769461632","0.19102567434310913","0.19102567434310913","0.19102567434310913","0.9180822372436523","0.9180822372436523","0.9180822372436523","0.07895245403051376","0.07895245403051376","0.07895245403051376"
"16169","0.18537530303001404","0.18537530303001404","0.18537530303001404","0.23438218235969543","0.23438218235969543","0.23438218235969543","0.05050487443804741","0.05050487443804741","0.05050487443804741","0.17262493073940277","0.17262493073940277","0.17262493073940277","0.3063526153564453","0.3063526153564453","0.3063526153564453","0.09326827526092529","0.09326827526092529","0.09326827526092529"
"16199","0.22693751752376556","0.22693751752376556","0.22693751752376556","0.2605609893798828","0.2605609893798828","0.2605609893798828","0.05857519060373306","0.05857519060373306","0.05857519060373306","0.2024621218442917","0.2024621218442917","0.2024621218442917","0.2743151783943176","0.2743151783943176","0.2743151783943176","0.07827736437320709","0.07827736437320709","0.07827736437320709"
"16229","0.16728873550891876","0.16728873550891876","0.16728873550891876","0.3437691330909729","0.3437691330909729","0.3437691330909729","0.05833728611469269","0.05833728611469269","0.05833728611469269","0.4708188474178314","0.4708188474178314","0.4708188474178314","0.6092774868011475","0.6092774868011475","0.6092774868011475","0.07740683108568192","0.07740683108568192","0.07740683108568192"
"16259","0.40315505862236023","0.40315505862236023","0.40315505862236023","1.9864782094955444","1.9864782094955444","1.9864782094955444","0.10338139533996582","0.10338139533996582","0.10338139533996582","0.4943653643131256","0.4943653643131256","0.4943653643131256","2.3202171325683594","2.3202171325683594","2.3202171325683594","0.08363319933414459","0.08363319933414459","0.08363319933414459"
"16289","0.21096748113632202","0.21096748113632202","0.21096748113632202","0.2370578944683075","0.2370578944683075","0.2370578944683075","0.07518370449542999","0.07518370449542999","0.07518370449542999","0.18349578976631165","0.18349578976631165","0.18349578976631165","0.22252404689788818","0.22252404689788818","0.22252404689788818","0.07302415370941162","0.07302415370941162","0.07302415370941162"
"16319","0.27616679668426514","0.27616679668426514","0.27616679668426514","0.20890182256698608","0.20890182256698608","0.20890182256698608","0.06347071379423141","0.06347071379423141","0.06347071379423141","0.13874684274196625","0.13874684274196625","0.13874684274196625","0.29098284244537354","0.29098284244537354","0.29098284244537354","0.10818079113960266","0.10818079113960266","0.10818079113960266"
"16349","0.76580810546875","0.76580810546875","0.76580810546875","4.420249938964844","4.420249938964844","4.420249938964844","0.05054573714733124","0.05054573714733124","0.05054573714733124","0.4720778465270996","0.4720778465270996","0.4720778465270996","2.251784563064575","2.251784563064575","2.251784563064575","0.10968402773141861","0.10968402773141861","0.10968402773141861"
"16379","0.143277108669281","0.143277108669281","0.143277108669281","0.6087751388549805","0.6087751388549805","0.6087751388549805","0.06296239048242569","0.06296239048242569","0.06296239048242569","0.39258864521980286","0.39258864521980286","0.39258864521980286","0.33640754222869873","0.33640754222869873","0.33640754222869873","0.09222283959388733","0.09222283959388733","0.09222283959388733"
"16409","0.23524945974349976","0.23524945974349976","0.23524945974349976","0.9271383285522461","0.9271383285522461","0.9271383285522461","0.057771556079387665","0.057771556079387665","0.057771556079387665","0.3380771577358246","0.3380771577358246","0.3380771577358246","0.5970658659934998","0.5970658659934998","0.5970658659934998","0.08300645649433136","0.08300645649433136","0.08300645649433136"
"16439","0.183616504073143","0.183616504073143","0.183616504073143","0.2711506187915802","0.2711506187915802","0.2711506187915802","0.05880999565124512","0.05880999565124512","0.05880999565124512","0.16590997576713562","0.16590997576713562","0.16590997576713562","0.319010466337204","0.319010466337204","0.319010466337204","0.0721847414970398","0.0721847414970398","0.0721847414970398"
"16469","0.24938392639160156","0.24938392639160156","0.24938392639160156","0.4360771179199219","0.4360771179199219","0.4360771179199219","0.06344032287597656","0.06344032287597656","0.06344032287597656","0.7629006505012512","0.7629006505012512","0.7629006505012512","1.1983423233032227","1.1983423233032227","1.1983423233032227","0.0771029144525528","0.0771029144525528","0.0771029144525528"
"16499","0.33905109763145447","0.33905109763145447","0.33905109763145447","0.6088641285896301","0.6088641285896301","0.6088641285896301","0.06124040484428406","0.06124040484428406","0.06124040484428406","0.14187419414520264","0.14187419414520264","0.14187419414520264","0.42700421810150146","0.42700421810150146","0.42700421810150146","0.09173129498958588","0.09173129498958588","0.09173129498958588"
"16529","0.2522570788860321","0.2522570788860321","0.2522570788860321","0.3747509717941284","0.3747509717941284","0.3747509717941284","0.06425058841705322","0.06425058841705322","0.06425058841705322","0.16362260282039642","0.16362260282039642","0.16362260282039642","0.3333361744880676","0.3333361744880676","0.3333361744880676","0.09219519048929214","0.09219519048929214","0.09219519048929214"
"16559","0.5131688117980957","0.5131688117980957","0.5131688117980957","0.3700312376022339","0.3700312376022339","0.3700312376022339","0.044026706367731094","0.044026706367731094","0.044026706367731094","0.2389954775571823","0.2389954775571823","0.2389954775571823","1.1537095308303833","1.1537095308303833","1.1537095308303833","0.09612439572811127","0.09612439572811127","0.09612439572811127"
"16589","0.20821212232112885","0.20821212232112885","0.20821212232112885","0.2241562157869339","0.2241562157869339","0.2241562157869339","0.06494370102882385","0.06494370102882385","0.06494370102882385","0.27411139011383057","0.27411139011383057","0.27411139011383057","0.36201366782188416","0.36201366782188416","0.36201366782188416","0.07301613688468933","0.07301613688468933","0.07301613688468933"
"16619","0.39149412512779236","0.39149412512779236","0.39149412512779236","0.884606122970581","0.884606122970581","0.884606122970581","0.0664430633187294","0.0664430633187294","0.0664430633187294","0.3061555325984955","0.3061555325984955","0.3061555325984955","0.962989091873169","0.962989091873169","0.962989091873169","0.08069441467523575","0.08069441467523575","0.08069441467523575"
"16649","0.20434443652629852","0.20434443652629852","0.20434443652629852","0.33871710300445557","0.33871710300445557","0.33871710300445557","0.07037530094385147","0.07037530094385147","0.07037530094385147","0.2135053277015686","0.2135053277015686","0.2135053277015686","0.29775187373161316","0.29775187373161316","0.29775187373161316","0.07861781865358353","0.07861781865358353","0.07861781865358353"
"16679","1.739079236984253","1.739079236984253","1.739079236984253","13.25883960723877","13.25883960723877","13.25883960723877","0.05820048972964287","0.05820048972964287","0.05820048972964287","1.2882392406463623","1.2882392406463623","1.2882392406463623","5.327613353729248","5.327613353729248","5.327613353729248","0.07632460445165634","0.07632460445165634","0.07632460445165634"
"16709","0.34920966625213623","0.34920966625213623","0.34920966625213623","0.21176299452781677","0.21176299452781677","0.21176299452781677","0.04832527041435242","0.04832527041435242","0.04832527041435242","0.18868857622146606","0.18868857622146606","0.18868857622146606","0.44411835074424744","0.44411835074424744","0.44411835074424744","0.07321381568908691","0.07321381568908691","0.07321381568908691"
"16739","0.38802391290664673","0.38802391290664673","0.38802391290664673","0.3425155580043793","0.3425155580043793","0.3425155580043793","0.04620010405778885","0.04620010405778885","0.04620010405778885","0.16080480813980103","0.16080480813980103","0.16080480813980103","0.47050368785858154","0.47050368785858154","0.47050368785858154","0.0791337639093399","0.0791337639093399","0.0791337639093399"
"16769","0.32671934366226196","0.32671934366226196","0.32671934366226196","0.40208351612091064","0.40208351612091064","0.40208351612091064","0.03961818292737007","0.03961818292737007","0.03961818292737007","0.3378404676914215","0.3378404676914215","0.3378404676914215","0.45019394159317017","0.45019394159317017","0.45019394159317017","0.0703553780913353","0.0703553780913353","0.0703553780913353"
"16799","0.27565428614616394","0.27565428614616394","0.27565428614616394","0.48268431425094604","0.48268431425094604","0.48268431425094604","0.07059012353420258","0.07059012353420258","0.07059012353420258","0.2106730192899704","0.2106730192899704","0.2106730192899704","0.3027091324329376","0.3027091324329376","0.3027091324329376","0.07802201062440872","0.07802201062440872","0.07802201062440872"
"16829","0.21995782852172852","0.21995782852172852","0.21995782852172852","0.3165673315525055","0.3165673315525055","0.3165673315525055","0.07228004932403564","0.07228004932403564","0.07228004932403564","0.21350093185901642","0.21350093185901642","0.21350093185901642","0.2642744779586792","0.2642744779586792","0.2642744779586792","0.07191692292690277","0.07191692292690277","0.07191692292690277"
"16859","1.3174470663070679","1.3174470663070679","1.3174470663070679","1.1697648763656616","1.1697648763656616","1.1697648763656616","0.051845379173755646","0.051845379173755646","0.051845379173755646","0.35877525806427","0.35877525806427","0.35877525806427","0.9019504189491272","0.9019504189491272","0.9019504189491272","0.0643700361251831","0.0643700361251831","0.0643700361251831"
"16889","2.200441837310791","2.200441837310791","2.200441837310791","34.35481262207031","34.35481262207031","34.35481262207031","0.057110175490379333","0.057110175490379333","0.057110175490379333","9.374645233154297","9.374645233154297","9.374645233154297","32.8270149230957","32.8270149230957","32.8270149230957","0.08885353058576584","0.08885353058576584","0.08885353058576584"
"16919","0.9779688715934753","0.9779688715934753","0.9779688715934753","4.398304462432861","4.398304462432861","4.398304462432861","0.056032054126262665","0.056032054126262665","0.056032054126262665","0.5149695873260498","0.5149695873260498","0.5149695873260498","4.471890449523926","4.471890449523926","4.471890449523926","0.09135652333498001","0.09135652333498001","0.09135652333498001"
"16949","0.3114168345928192","0.3114168345928192","0.3114168345928192","0.2832300364971161","0.2832300364971161","0.2832300364971161","0.05462281405925751","0.05462281405925751","0.05462281405925751","0.4599034786224365","0.4599034786224365","0.4599034786224365","0.3053216338157654","0.3053216338157654","0.3053216338157654","0.08766404539346695","0.08766404539346695","0.08766404539346695"
"16979","0.17133986949920654","0.17133986949920654","0.17133986949920654","0.4970940351486206","0.4970940351486206","0.4970940351486206","0.04397355765104294","0.04397355765104294","0.04397355765104294","0.23676159977912903","0.23676159977912903","0.23676159977912903","0.37079623341560364","0.37079623341560364","0.37079623341560364","0.06545793265104294","0.06545793265104294","0.06545793265104294"
"17009","0.18695688247680664","0.18695688247680664","0.18695688247680664","0.26592835783958435","0.26592835783958435","0.26592835783958435","0.07939299196004868","0.07939299196004868","0.07939299196004868","0.2635743319988251","0.2635743319988251","0.2635743319988251","0.27592238783836365","0.27592238783836365","0.27592238783836365","0.07765684276819229","0.07765684276819229","0.07765684276819229"
"17039","0.33628684282302856","0.33628684282302856","0.33628684282302856","0.9413809776306152","0.9413809776306152","0.9413809776306152","0.05919963866472244","0.05919963866472244","0.05919963866472244","0.24718299508094788","0.24718299508094788","0.24718299508094788","0.49815428256988525","0.49815428256988525","0.49815428256988525","0.07013460248708725","0.07013460248708725","0.07013460248708725"
"17069","0.40179723501205444","0.40179723501205444","0.40179723501205444","0.7519621253013611","0.7519621253013611","0.7519621253013611","0.06651104986667633","0.06651104986667633","0.06651104986667633","0.5205910205841064","0.5205910205841064","0.5205910205841064","0.6255643963813782","0.6255643963813782","0.6255643963813782","0.08129151165485382","0.08129151165485382","0.08129151165485382"
"17099","0.19589248299598694","0.19589248299598694","0.19589248299598694","0.2996903955936432","0.2996903955936432","0.2996903955936432","0.06195448711514473","0.06195448711514473","0.06195448711514473","0.21311232447624207","0.21311232447624207","0.21311232447624207","0.5574532747268677","0.5574532747268677","0.5574532747268677","0.06223512440919876","0.06223512440919876","0.06223512440919876"
"17129","0.471863329410553","0.471863329410553","0.471863329410553","1.155888319015503","1.155888319015503","1.155888319015503","0.0508560985326767","0.0508560985326767","0.0508560985326767","0.32069703936576843","0.32069703936576843","0.32069703936576843","0.801764965057373","0.801764965057373","0.801764965057373","0.06489836424589157","0.06489836424589157","0.06489836424589157"
"17159","0.431914359331131","0.431914359331131","0.431914359331131","1.592286467552185","1.592286467552185","1.592286467552185","0.05075963959097862","0.05075963959097862","0.05075963959097862","0.27341288328170776","0.27341288328170776","0.27341288328170776","0.41441863775253296","0.41441863775253296","0.41441863775253296","0.0902629867196083","0.0902629867196083","0.0902629867196083"
"17189","0.5682386755943298","0.5682386755943298","0.5682386755943298","0.37474116683006287","0.37474116683006287","0.37474116683006287","0.060664813965559006","0.060664813965559006","0.060664813965559006","0.3817758858203888","0.3817758858203888","0.3817758858203888","0.3138583302497864","0.3138583302497864","0.3138583302497864","0.09736709296703339","0.09736709296703339","0.09736709296703339"
"17219","0.3310030400753021","0.3310030400753021","0.3310030400753021","0.19718560576438904","0.19718560576438904","0.19718560576438904","0.060205306857824326","0.060205306857824326","0.060205306857824326","0.24689145386219025","0.24689145386219025","0.24689145386219025","0.318749338388443","0.318749338388443","0.318749338388443","0.07040706276893616","0.07040706276893616","0.07040706276893616"
"17249","0.2490205466747284","0.2490205466747284","0.2490205466747284","0.24486631155014038","0.24486631155014038","0.24486631155014038","0.04908410832285881","0.04908410832285881","0.04908410832285881","0.26339033246040344","0.26339033246040344","0.26339033246040344","0.41325855255126953","0.41325855255126953","0.41325855255126953","0.07613537460565567","0.07613537460565567","0.07613537460565567"
"17279","0.3704425096511841","0.3704425096511841","0.3704425096511841","0.374336302280426","0.374336302280426","0.374336302280426","0.05322740972042084","0.05322740972042084","0.05322740972042084","0.2707211375236511","0.2707211375236511","0.2707211375236511","0.39576345682144165","0.39576345682144165","0.39576345682144165","0.07830171287059784","0.07830171287059784","0.07830171287059784"
"17309","0.2046007364988327","0.2046007364988327","0.2046007364988327","0.704143226146698","0.704143226146698","0.704143226146698","0.07414093613624573","0.07414093613624573","0.07414093613624573","0.21693450212478638","0.21693450212478638","0.21693450212478638","0.35787418484687805","0.35787418484687805","0.35787418484687805","0.07943201810121536","0.07943201810121536","0.07943201810121536"
"17339","0.2851859927177429","0.2851859927177429","0.2851859927177429","0.28557127714157104","0.28557127714157104","0.28557127714157104","0.058437567204236984","0.058437567204236984","0.058437567204236984","0.29441767930984497","0.29441767930984497","0.29441767930984497","0.3300328850746155","0.3300328850746155","0.3300328850746155","0.07736761122941971","0.07736761122941971","0.07736761122941971"
"17369","0.23261001706123352","0.23261001706123352","0.23261001706123352","0.5846173763275146","0.5846173763275146","0.5846173763275146","0.05165516585111618","0.05165516585111618","0.05165516585111618","0.13881412148475647","0.13881412148475647","0.13881412148475647","0.4401552081108093","0.4401552081108093","0.4401552081108093","0.0865410566329956","0.0865410566329956","0.0865410566329956"
"17399","0.3906296491622925","0.3906296491622925","0.3906296491622925","0.3686085045337677","0.3686085045337677","0.3686085045337677","0.058437567204236984","0.058437567204236984","0.058437567204236984","0.34390944242477417","0.34390944242477417","0.34390944242477417","0.41702985763549805","0.41702985763549805","0.41702985763549805","0.081283338367939","0.081283338367939","0.081283338367939"
"17429","0.33616235852241516","0.33616235852241516","0.33616235852241516","0.9864423871040344","0.9864423871040344","0.9864423871040344","0.06235898286104202","0.06235898286104202","0.06235898286104202","0.32131850719451904","0.32131850719451904","0.32131850719451904","2.247994899749756","2.247994899749756","2.247994899749756","0.0671902596950531","0.0671902596950531","0.0671902596950531"
"17459","0.2599613070487976","0.2599613070487976","0.2599613070487976","0.223505899310112","0.223505899310112","0.223505899310112","0.05802960693836212","0.05802960693836212","0.05802960693836212","0.31333649158477783","0.31333649158477783","0.31333649158477783","0.3067551851272583","0.3067551851272583","0.3067551851272583","0.0856453999876976","0.0856453999876976","0.0856453999876976"
"17489","1.2014650106430054","1.2014650106430054","1.2014650106430054","6.286986351013184","6.286986351013184","6.286986351013184","0.06794443726539612","0.06794443726539612","0.06794443726539612","2.252932548522949","2.252932548522949","2.252932548522949","11.02726936340332","11.02726936340332","11.02726936340332","0.10019424557685852","0.10019424557685852","0.10019424557685852"
"17519","0.24983257055282593","0.24983257055282593","0.24983257055282593","0.27657413482666016","0.27657413482666016","0.27657413482666016","0.059577055275440216","0.059577055275440216","0.059577055275440216","0.5456098318099976","0.5456098318099976","0.5456098318099976","0.29856157302856445","0.29856157302856445","0.29856157302856445","0.07894774526357651","0.07894774526357651","0.07894774526357651"
"17549","0.2487296611070633","0.2487296611070633","0.2487296611070633","0.5525816679000854","0.5525816679000854","0.5525816679000854","0.04971790313720703","0.04971790313720703","0.04971790313720703","0.2519060969352722","0.2519060969352722","0.2519060969352722","0.687304675579071","0.687304675579071","0.687304675579071","0.08036964386701584","0.08036964386701584","0.08036964386701584"
"17579","0.2027669996023178","0.2027669996023178","0.2027669996023178","0.23041509091854095","0.23041509091854095","0.23041509091854095","0.054775990545749664","0.054775990545749664","0.054775990545749664","0.15699709951877594","0.15699709951877594","0.15699709951877594","0.24265111982822418","0.24265111982822418","0.24265111982822418","0.08263159543275833","0.08263159543275833","0.08263159543275833"
"17609","0.16930131614208221","0.16930131614208221","0.16930131614208221","0.20187604427337646","0.20187604427337646","0.20187604427337646","0.04825141653418541","0.04825141653418541","0.04825141653418541","0.17329291999340057","0.17329291999340057","0.17329291999340057","0.4250854253768921","0.4250854253768921","0.4250854253768921","0.06673936545848846","0.06673936545848846","0.06673936545848846"
"17639","0.2503296732902527","0.2503296732902527","0.2503296732902527","0.3568588197231293","0.3568588197231293","0.3568588197231293","0.05548141524195671","0.05548141524195671","0.05548141524195671","0.1699049323797226","0.1699049323797226","0.1699049323797226","0.39180272817611694","0.39180272817611694","0.39180272817611694","0.07268211245536804","0.07268211245536804","0.07268211245536804"
"17669","0.7574511766433716","0.7574511766433716","0.7574511766433716","0.3220391869544983","0.3220391869544983","0.3220391869544983","0.03448255732655525","0.03448255732655525","0.03448255732655525","0.693569004535675","0.693569004535675","0.693569004535675","0.2980474829673767","0.2980474829673767","0.2980474829673767","0.06885918229818344","0.06885918229818344","0.06885918229818344"
"17699","0.4312518239021301","0.4312518239021301","0.4312518239021301","0.4780769944190979","0.4780769944190979","0.4780769944190979","0.05613231658935547","0.05613231658935547","0.05613231658935547","0.6877201795578003","0.6877201795578003","0.6877201795578003","1.1835278272628784","1.1835278272628784","1.1835278272628784","0.09855672717094421","0.09855672717094421","0.09855672717094421"
"17729","0.6205904483795166","0.6205904483795166","0.6205904483795166","0.7366520762443542","0.7366520762443542","0.7366520762443542","0.06418561935424805","0.06418561935424805","0.06418561935424805","0.23498591780662537","0.23498591780662537","0.23498591780662537","2.940617322921753","2.940617322921753","2.940617322921753","0.0790434181690216","0.0790434181690216","0.0790434181690216"
"17759","0.44538992643356323","0.44538992643356323","0.44538992643356323","0.6243894100189209","0.6243894100189209","0.6243894100189209","0.05846131220459938","0.05846131220459938","0.05846131220459938","0.36902564764022827","0.36902564764022827","0.36902564764022827","0.29251429438591003","0.29251429438591003","0.29251429438591003","0.09727834165096283","0.09727834165096283","0.09727834165096283"
"17789","0.23362289369106293","0.23362289369106293","0.23362289369106293","0.21387912333011627","0.21387912333011627","0.21387912333011627","0.05914026126265526","0.05914026126265526","0.05914026126265526","0.21059629321098328","0.21059629321098328","0.21059629321098328","0.25738680362701416","0.25738680362701416","0.25738680362701416","0.07013831287622452","0.07013831287622452","0.07013831287622452"
"17819","0.48879489302635193","0.48879489302635193","0.48879489302635193","0.5505371689796448","0.5505371689796448","0.5505371689796448","0.06736191362142563","0.06736191362142563","0.06736191362142563","0.209843248128891","0.209843248128891","0.209843248128891","0.6075611114501953","0.6075611114501953","0.6075611114501953","0.06956033408641815","0.06956033408641815","0.06956033408641815"
"17849","0.2208087295293808","0.2208087295293808","0.2208087295293808","0.26933935284614563","0.26933935284614563","0.26933935284614563","0.055357079952955246","0.055357079952955246","0.055357079952955246","0.1537410169839859","0.1537410169839859","0.1537410169839859","0.5309800505638123","0.5309800505638123","0.5309800505638123","0.06498097628355026","0.06498097628355026","0.06498097628355026"
"17879","0.2283117175102234","0.2283117175102234","0.2283117175102234","0.44211459159851074","0.44211459159851074","0.44211459159851074","0.06831223517656326","0.06831223517656326","0.06831223517656326","0.1675029695034027","0.1675029695034027","0.1675029695034027","0.5451391339302063","0.5451391339302063","0.5451391339302063","0.07643554359674454","0.07643554359674454","0.07643554359674454"
"17909","0.7189106345176697","0.7189106345176697","0.7189106345176697","1.9602211713790894","1.9602211713790894","1.9602211713790894","0.06935419887304306","0.06935419887304306","0.06935419887304306","0.4787786900997162","0.4787786900997162","0.4787786900997162","1.7887643575668335","1.7887643575668335","1.7887643575668335","0.09794000536203384","0.09794000536203384","0.09794000536203384"
"17939","0.9516146779060364","0.9516146779060364","0.9516146779060364","0.5361998081207275","0.5361998081207275","0.5361998081207275","0.04611619934439659","0.04611619934439659","0.04611619934439659","0.8806024193763733","0.8806024193763733","0.8806024193763733","0.5883511900901794","0.5883511900901794","0.5883511900901794","0.06742178648710251","0.06742178648710251","0.06742178648710251"
"17969","0.167944997549057","0.167944997549057","0.167944997549057","0.25931334495544434","0.25931334495544434","0.25931334495544434","0.06839956343173981","0.06839956343173981","0.06839956343173981","0.212166890501976","0.212166890501976","0.212166890501976","0.3443004786968231","0.3443004786968231","0.3443004786968231","0.11516916006803513","0.11516916006803513","0.11516916006803513"
"17999","0.6295614242553711","0.6295614242553711","0.6295614242553711","2.194814443588257","2.194814443588257","2.194814443588257","0.05812213942408562","0.05812213942408562","0.05812213942408562","0.4539884030818939","0.4539884030818939","0.4539884030818939","5.389644622802734","5.389644622802734","5.389644622802734","0.07359295338392258","0.07359295338392258","0.07359295338392258"
"18029","0.35651901364326477","0.35651901364326477","0.35651901364326477","0.38609716296195984","0.38609716296195984","0.38609716296195984","0.06911972165107727","0.06911972165107727","0.06911972165107727","0.2947100102901459","0.2947100102901459","0.2947100102901459","0.39823204278945923","0.39823204278945923","0.39823204278945923","0.0858939066529274","0.0858939066529274","0.0858939066529274"
"18059","0.28004753589630127","0.28004753589630127","0.28004753589630127","0.43860504031181335","0.43860504031181335","0.43860504031181335","0.07608027011156082","0.07608027011156082","0.07608027011156082","0.2289707511663437","0.2289707511663437","0.2289707511663437","0.670917809009552","0.670917809009552","0.670917809009552","0.08042585104703903","0.08042585104703903","0.08042585104703903"
"18089","0.32078418135643005","0.32078418135643005","0.32078418135643005","0.37316256761550903","0.37316256761550903","0.37316256761550903","0.1215076595544815","0.1215076595544815","0.1215076595544815","0.2953779399394989","0.2953779399394989","0.2953779399394989","0.4087117612361908","0.4087117612361908","0.4087117612361908","0.08500560373067856","0.08500560373067856","0.08500560373067856"
"18119","0.3848752975463867","0.3848752975463867","0.3848752975463867","0.8219432830810547","0.8219432830810547","0.8219432830810547","0.06829918920993805","0.06829918920993805","0.06829918920993805","0.20875516533851624","0.20875516533851624","0.20875516533851624","0.6201889514923096","0.6201889514923096","0.6201889514923096","0.08868993818759918","0.08868993818759918","0.08868993818759918"
"18149","0.3033953309059143","0.3033953309059143","0.3033953309059143","0.39578741788864136","0.39578741788864136","0.39578741788864136","0.05105474218726158","0.05105474218726158","0.05105474218726158","0.27959945797920227","0.27959945797920227","0.27959945797920227","0.3122720718383789","0.3122720718383789","0.3122720718383789","0.06387007236480713","0.06387007236480713","0.06387007236480713"
"18179","0.21874581277370453","0.21874581277370453","0.21874581277370453","0.21040207147598267","0.21040207147598267","0.21040207147598267","0.06163502112030983","0.06163502112030983","0.06163502112030983","0.752693235874176","0.752693235874176","0.752693235874176","0.47617876529693604","0.47617876529693604","0.47617876529693604","0.08714655041694641","0.08714655041694641","0.08714655041694641"
"18209","0.45011037588119507","0.45011037588119507","0.45011037588119507","7.044474124908447","7.044474124908447","7.044474124908447","0.050740230828523636","0.050740230828523636","0.050740230828523636","0.5781255960464478","0.5781255960464478","0.5781255960464478","4.76395320892334","4.76395320892334","4.76395320892334","0.0813865140080452","0.0813865140080452","0.0813865140080452"
"18239","0.20949459075927734","0.20949459075927734","0.20949459075927734","0.6324833631515503","0.6324833631515503","0.6324833631515503","0.06185528635978699","0.06185528635978699","0.06185528635978699","0.20201890170574188","0.20201890170574188","0.20201890170574188","0.6184418201446533","0.6184418201446533","0.6184418201446533","0.05585996061563492","0.05585996061563492","0.05585996061563492"
"18269","0.16018928587436676","0.16018928587436676","0.16018928587436676","0.6180402040481567","0.6180402040481567","0.6180402040481567","0.05187630653381348","0.05187630653381348","0.05187630653381348","0.17029209434986115","0.17029209434986115","0.17029209434986115","0.3891134560108185","0.3891134560108185","0.3891134560108185","0.07910094410181046","0.07910094410181046","0.07910094410181046"
"18299","0.2777138352394104","0.2777138352394104","0.2777138352394104","0.5863012671470642","0.5863012671470642","0.5863012671470642","0.04370947554707527","0.04370947554707527","0.04370947554707527","0.23144321143627167","0.23144321143627167","0.23144321143627167","0.6110790967941284","0.6110790967941284","0.6110790967941284","0.07536417990922928","0.07536417990922928","0.07536417990922928"
"18329","0.2361755669116974","0.2361755669116974","0.2361755669116974","0.3502650260925293","0.3502650260925293","0.3502650260925293","0.0720665454864502","0.0720665454864502","0.0720665454864502","0.2589908242225647","0.2589908242225647","0.2589908242225647","0.6319971680641174","0.6319971680641174","0.6319971680641174","0.06965474784374237","0.06965474784374237","0.06965474784374237"
"18359","0.4701857566833496","0.4701857566833496","0.4701857566833496","0.8700053095817566","0.8700053095817566","0.8700053095817566","0.05300227552652359","0.05300227552652359","0.05300227552652359","0.29373598098754883","0.29373598098754883","0.29373598098754883","0.8285059332847595","0.8285059332847595","0.8285059332847595","0.0795474573969841","0.0795474573969841","0.0795474573969841"
"18389","0.3046668469905853","0.3046668469905853","0.3046668469905853","0.3399412930011749","0.3399412930011749","0.3399412930011749","0.06026554852724075","0.06026554852724075","0.06026554852724075","0.2896972894668579","0.2896972894668579","0.2896972894668579","0.3188595175743103","0.3188595175743103","0.3188595175743103","0.08927758783102036","0.08927758783102036","0.08927758783102036"
"18419","0.18207083642482758","0.18207083642482758","0.18207083642482758","0.21926277875900269","0.21926277875900269","0.21926277875900269","0.06498433649539948","0.06498433649539948","0.06498433649539948","0.16359448432922363","0.16359448432922363","0.16359448432922363","0.2501409351825714","0.2501409351825714","0.2501409351825714","0.07850375771522522","0.07850375771522522","0.07850375771522522"
"18449","0.4338451325893402","0.4338451325893402","0.4338451325893402","0.3211596608161926","0.3211596608161926","0.3211596608161926","0.04736609384417534","0.04736609384417534","0.04736609384417534","0.5468271970748901","0.5468271970748901","0.5468271970748901","0.6159924864768982","0.6159924864768982","0.6159924864768982","0.07019460201263428","0.07019460201263428","0.07019460201263428"
"18479","0.41386663913726807","0.41386663913726807","0.41386663913726807","0.4483382999897003","0.4483382999897003","0.4483382999897003","0.04720748960971832","0.04720748960971832","0.04720748960971832","0.4940701127052307","0.4940701127052307","0.4940701127052307","1.7074477672576904","1.7074477672576904","1.7074477672576904","0.05783945322036743","0.05783945322036743","0.05783945322036743"
"18509","0.3108486831188202","0.3108486831188202","0.3108486831188202","0.47546127438545227","0.47546127438545227","0.47546127438545227","0.04839174821972847","0.04839174821972847","0.04839174821972847","0.19216816127300262","0.19216816127300262","0.19216816127300262","0.4830706715583801","0.4830706715583801","0.4830706715583801","0.0706641748547554","0.0706641748547554","0.0706641748547554"
"18539","0.2449244260787964","0.2449244260787964","0.2449244260787964","0.2500011622905731","0.2500011622905731","0.2500011622905731","0.0795346274971962","0.0795346274971962","0.0795346274971962","0.33687230944633484","0.33687230944633484","0.33687230944633484","0.3764268755912781","0.3764268755912781","0.3764268755912781","0.055347852408885956","0.055347852408885956","0.055347852408885956"
"18569","0.21146441996097565","0.21146441996097565","0.21146441996097565","0.6107301115989685","0.6107301115989685","0.6107301115989685","0.06288251280784607","0.06288251280784607","0.06288251280784607","0.1820756494998932","0.1820756494998932","0.1820756494998932","0.28590697050094604","0.28590697050094604","0.28590697050094604","0.06546944379806519","0.06546944379806519","0.06546944379806519"
"18599","0.22968649864196777","0.22968649864196777","0.22968649864196777","1.0892317295074463","1.0892317295074463","1.0892317295074463","0.15122121572494507","0.15122121572494507","0.15122121572494507","0.28468430042266846","0.28468430042266846","0.28468430042266846","1.452162265777588","1.452162265777588","1.452162265777588","0.08592721819877625","0.08592721819877625","0.08592721819877625"
"18629","0.18514901399612427","0.18514901399612427","0.18514901399612427","0.27366724610328674","0.27366724610328674","0.27366724610328674","0.11581980437040329","0.11581980437040329","0.11581980437040329","0.19174720346927643","0.19174720346927643","0.19174720346927643","0.30762243270874023","0.30762243270874023","0.30762243270874023","0.07821975648403168","0.07821975648403168","0.07821975648403168"
"18659","1.6773864030838013","1.6773864030838013","1.6773864030838013","1.916504979133606","1.916504979133606","1.916504979133606","0.07921474426984787","0.07921474426984787","0.07921474426984787","1.6372250318527222","1.6372250318527222","1.6372250318527222","13.183517456054688","13.183517456054688","13.183517456054688","0.07706902921199799","0.07706902921199799","0.07706902921199799"
"18689","0.20290237665176392","0.20290237665176392","0.20290237665176392","0.6522465348243713","0.6522465348243713","0.6522465348243713","0.0761198028922081","0.0761198028922081","0.0761198028922081","0.2551591396331787","0.2551591396331787","0.2551591396331787","1.9422144889831543","1.9422144889831543","1.9422144889831543","0.09009835869073868","0.09009835869073868","0.09009835869073868"
"18719","0.218240886926651","0.218240886926651","0.218240886926651","0.19709506630897522","0.19709506630897522","0.19709506630897522","0.09614184498786926","0.09614184498786926","0.09614184498786926","0.20517317950725555","0.20517317950725555","0.20517317950725555","0.25712069869041443","0.25712069869041443","0.25712069869041443","0.11779195815324783","0.11779195815324783","0.11779195815324783"
"18749","0.2256435751914978","0.2256435751914978","0.2256435751914978","0.26632997393608093","0.26632997393608093","0.26632997393608093","0.051751527935266495","0.051751527935266495","0.051751527935266495","0.21223579347133636","0.21223579347133636","0.21223579347133636","0.4234621226787567","0.4234621226787567","0.4234621226787567","0.061502549797296524","0.061502549797296524","0.061502549797296524"
"18779","0.46022000908851624","0.46022000908851624","0.46022000908851624","1.4433904886245728","1.4433904886245728","1.4433904886245728","0.08445722609758377","0.08445722609758377","0.08445722609758377","0.6144071817398071","0.6144071817398071","0.6144071817398071","1.71290922164917","1.71290922164917","1.71290922164917","0.07357731461524963","0.07357731461524963","0.07357731461524963"
"18809","0.34129568934440613","0.34129568934440613","0.34129568934440613","0.40803828835487366","0.40803828835487366","0.40803828835487366","0.05944661423563957","0.05944661423563957","0.05944661423563957","0.24264855682849884","0.24264855682849884","0.24264855682849884","0.30323702096939087","0.30323702096939087","0.30323702096939087","0.08141355216503143","0.08141355216503143","0.08141355216503143"
"18839","1.0676895380020142","1.0676895380020142","1.0676895380020142","9.524130821228027","9.524130821228027","9.524130821228027","0.04967319220304489","0.04967319220304489","0.04967319220304489","0.44869208335876465","0.44869208335876465","0.44869208335876465","3.032011032104492","3.032011032104492","3.032011032104492","0.09091530740261078","0.09091530740261078","0.09091530740261078"
"18869","0.22087180614471436","0.22087180614471436","0.22087180614471436","0.31335312128067017","0.31335312128067017","0.31335312128067017","0.050811342895030975","0.050811342895030975","0.050811342895030975","0.22379954159259796","0.22379954159259796","0.22379954159259796","0.2436106950044632","0.2436106950044632","0.2436106950044632","0.08650420606136322","0.08650420606136322","0.08650420606136322"
"18899","0.17158283293247223","0.17158283293247223","0.17158283293247223","0.24510493874549866","0.24510493874549866","0.24510493874549866","0.047633569687604904","0.047633569687604904","0.047633569687604904","0.183355912566185","0.183355912566185","0.183355912566185","0.3601921796798706","0.3601921796798706","0.3601921796798706","0.06867511570453644","0.06867511570453644","0.06867511570453644"
"18929","0.7270497679710388","0.7270497679710388","0.7270497679710388","2.957831382751465","2.957831382751465","2.957831382751465","0.06182415038347244","0.06182415038347244","0.06182415038347244","0.6093345880508423","0.6093345880508423","0.6093345880508423","5.634649753570557","5.634649753570557","5.634649753570557","0.062195952981710434","0.062195952981710434","0.062195952981710434"
"18959","0.26396313309669495","0.26396313309669495","0.26396313309669495","0.2748905420303345","0.2748905420303345","0.2748905420303345","0.05813289061188698","0.05813289061188698","0.05813289061188698","0.31055423617362976","0.31055423617362976","0.31055423617362976","0.4261782467365265","0.4261782467365265","0.4261782467365265","0.07292836159467697","0.07292836159467697","0.07292836159467697"
"18989","0.4505084156990051","0.4505084156990051","0.4505084156990051","0.2297719568014145","0.2297719568014145","0.2297719568014145","0.05050723999738693","0.05050723999738693","0.05050723999738693","0.27509090304374695","0.27509090304374695","0.27509090304374695","0.5178762078285217","0.5178762078285217","0.5178762078285217","0.06670504808425903","0.06670504808425903","0.06670504808425903"
"19019","0.2734311521053314","0.2734311521053314","0.2734311521053314","0.19209890067577362","0.19209890067577362","0.19209890067577362","0.04318932443857193","0.04318932443857193","0.04318932443857193","0.2311636358499527","0.2311636358499527","0.2311636358499527","0.27911272644996643","0.27911272644996643","0.27911272644996643","0.06614872813224792","0.06614872813224792","0.06614872813224792"
"19049","0.327586829662323","0.327586829662323","0.327586829662323","0.7340565323829651","0.7340565323829651","0.7340565323829651","0.04876730963587761","0.04876730963587761","0.04876730963587761","0.30344003438949585","0.30344003438949585","0.30344003438949585","1.4885592460632324","1.4885592460632324","1.4885592460632324","0.07851015031337738","0.07851015031337738","0.07851015031337738"
"19079","0.29317745566368103","0.29317745566368103","0.29317745566368103","0.44562748074531555","0.44562748074531555","0.44562748074531555","0.06384359300136566","0.06384359300136566","0.06384359300136566","0.1996326446533203","0.1996326446533203","0.1996326446533203","0.447873055934906","0.447873055934906","0.447873055934906","0.07807831466197968","0.07807831466197968","0.07807831466197968"
"19109","0.47615012526512146","0.47615012526512146","0.47615012526512146","2.982393741607666","2.982393741607666","2.982393741607666","0.042479198426008224","0.042479198426008224","0.042479198426008224","1.211848258972168","1.211848258972168","1.211848258972168","8.44201374053955","8.44201374053955","8.44201374053955","0.08433959633111954","0.08433959633111954","0.08433959633111954"
"19139","0.24376748502254486","0.24376748502254486","0.24376748502254486","0.7582346200942993","0.7582346200942993","0.7582346200942993","0.05869205296039581","0.05869205296039581","0.05869205296039581","0.3115512728691101","0.3115512728691101","0.3115512728691101","0.5043749809265137","0.5043749809265137","0.5043749809265137","0.08913818001747131","0.08913818001747131","0.08913818001747131"
"19169","0.2609803080558777","0.2609803080558777","0.2609803080558777","0.35924237966537476","0.35924237966537476","0.35924237966537476","0.05041784048080444","0.05041784048080444","0.05041784048080444","0.26371368765830994","0.26371368765830994","0.26371368765830994","0.36863261461257935","0.36863261461257935","0.36863261461257935","0.0754353255033493","0.0754353255033493","0.0754353255033493"
"19199","0.7160700559616089","0.7160700559616089","0.7160700559616089","0.38176384568214417","0.38176384568214417","0.38176384568214417","0.04545329883694649","0.04545329883694649","0.04545329883694649","0.38324370980262756","0.38324370980262756","0.38324370980262756","1.1095614433288574","1.1095614433288574","1.1095614433288574","0.08719322085380554","0.08719322085380554","0.08719322085380554"
"19229","0.18661372363567352","0.18661372363567352","0.18661372363567352","0.2068905234336853","0.2068905234336853","0.2068905234336853","0.04889801889657974","0.04889801889657974","0.04889801889657974","0.15044772624969482","0.15044772624969482","0.15044772624969482","0.29634833335876465","0.29634833335876465","0.29634833335876465","0.08620566129684448","0.08620566129684448","0.08620566129684448"
"19259","0.24827750027179718","0.24827750027179718","0.24827750027179718","0.8813461065292358","0.8813461065292358","0.8813461065292358","0.05050375685095787","0.05050375685095787","0.05050375685095787","0.1421709954738617","0.1421709954738617","0.1421709954738617","0.8812999725341797","0.8812999725341797","0.8812999725341797","0.06459122151136398","0.06459122151136398","0.06459122151136398"
"19289","0.15033264458179474","0.15033264458179474","0.15033264458179474","0.24232211709022522","0.24232211709022522","0.24232211709022522","0.050184667110443115","0.050184667110443115","0.050184667110443115","0.20016147196292877","0.20016147196292877","0.20016147196292877","0.2768968641757965","0.2768968641757965","0.2768968641757965","0.08627797663211823","0.08627797663211823","0.08627797663211823"
"19319","0.22610343992710114","0.22610343992710114","0.22610343992710114","0.39045119285583496","0.39045119285583496","0.39045119285583496","0.05105505883693695","0.05105505883693695","0.05105505883693695","0.35731643438339233","0.35731643438339233","0.35731643438339233","0.3293544054031372","0.3293544054031372","0.3293544054031372","0.09984617680311203","0.09984617680311203","0.09984617680311203"
"19349","0.5636062026023865","0.5636062026023865","0.5636062026023865","2.9674370288848877","2.9674370288848877","2.9674370288848877","0.05019764602184296","0.05019764602184296","0.05019764602184296","0.18476371467113495","0.18476371467113495","0.18476371467113495","1.4806365966796875","1.4806365966796875","1.4806365966796875","0.08669648319482803","0.08669648319482803","0.08669648319482803"
"19379","0.24860233068466187","0.24860233068466187","0.24860233068466187","0.25776514410972595","0.25776514410972595","0.25776514410972595","0.07794442027807236","0.07794442027807236","0.07794442027807236","0.29795974493026733","0.29795974493026733","0.29795974493026733","0.27864107489585876","0.27864107489585876","0.27864107489585876","0.0960305780172348","0.0960305780172348","0.0960305780172348"
"19409","0.2352219969034195","0.2352219969034195","0.2352219969034195","0.3003041446208954","0.3003041446208954","0.3003041446208954","0.0738615021109581","0.0738615021109581","0.0738615021109581","0.1683982014656067","0.1683982014656067","0.1683982014656067","0.7576411366462708","0.7576411366462708","0.7576411366462708","0.06967715919017792","0.06967715919017792","0.06967715919017792"
"19439","0.9456838965415955","0.9456838965415955","0.9456838965415955","0.927677571773529","0.927677571773529","0.927677571773529","0.0696776732802391","0.0696776732802391","0.0696776732802391","0.16074609756469727","0.16074609756469727","0.16074609756469727","0.6733935475349426","0.6733935475349426","0.6733935475349426","0.06892092525959015","0.06892092525959015","0.06892092525959015"
"19469","0.26630693674087524","0.26630693674087524","0.26630693674087524","0.35795363783836365","0.35795363783836365","0.35795363783836365","0.05858401209115982","0.05858401209115982","0.05858401209115982","0.2894202470779419","0.2894202470779419","0.2894202470779419","0.42486584186553955","0.42486584186553955","0.42486584186553955","0.08130843192338943","0.08130843192338943","0.08130843192338943"
"19499","0.33112961053848267","0.33112961053848267","0.33112961053848267","0.31882286071777344","0.31882286071777344","0.31882286071777344","0.04934361204504967","0.04934361204504967","0.04934361204504967","0.16443678736686707","0.16443678736686707","0.16443678736686707","0.39699655771255493","0.39699655771255493","0.39699655771255493","0.06523024290800095","0.06523024290800095","0.06523024290800095"
"19529","0.14344573020935059","0.14344573020935059","0.14344573020935059","0.29371073842048645","0.29371073842048645","0.29371073842048645","0.06277027726173401","0.06277027726173401","0.06277027726173401","0.1804615706205368","0.1804615706205368","0.1804615706205368","0.3229762315750122","0.3229762315750122","0.3229762315750122","0.05743030458688736","0.05743030458688736","0.05743030458688736"
"19559","0.1884964257478714","0.1884964257478714","0.1884964257478714","0.24819251894950867","0.24819251894950867","0.24819251894950867","0.064096599817276","0.064096599817276","0.064096599817276","0.20742757618427277","0.20742757618427277","0.20742757618427277","0.2342556118965149","0.2342556118965149","0.2342556118965149","0.06381352990865707","0.06381352990865707","0.06381352990865707"
"19589","0.5013644099235535","0.5013644099235535","0.5013644099235535","0.8785624504089355","0.8785624504089355","0.8785624504089355","0.08621114492416382","0.08621114492416382","0.08621114492416382","0.1664605438709259","0.1664605438709259","0.1664605438709259","0.45357656478881836","0.45357656478881836","0.45357656478881836","0.07588039338588715","0.07588039338588715","0.07588039338588715"
"19619","0.20150624215602875","0.20150624215602875","0.20150624215602875","0.24145762622356415","0.24145762622356415","0.24145762622356415","0.05371290072798729","0.05371290072798729","0.05371290072798729","0.2328735738992691","0.2328735738992691","0.2328735738992691","0.31445056200027466","0.31445056200027466","0.31445056200027466","0.07901937514543533","0.07901937514543533","0.07901937514543533"
"19649","0.25197410583496094","0.25197410583496094","0.25197410583496094","0.36883819103240967","0.36883819103240967","0.36883819103240967","0.03812114894390106","0.03812114894390106","0.03812114894390106","0.26086822152137756","0.26086822152137756","0.26086822152137756","0.5302184820175171","0.5302184820175171","0.5302184820175171","0.06125066801905632","0.06125066801905632","0.06125066801905632"
"19679","0.1801842451095581","0.1801842451095581","0.1801842451095581","0.22369351983070374","0.22369351983070374","0.22369351983070374","0.04704742878675461","0.04704742878675461","0.04704742878675461","0.20460118353366852","0.20460118353366852","0.20460118353366852","0.39720672369003296","0.39720672369003296","0.39720672369003296","0.06927835196256638","0.06927835196256638","0.06927835196256638"
"19709","0.7003534436225891","0.7003534436225891","0.7003534436225891","3.41713547706604","3.41713547706604","3.41713547706604","0.05644237995147705","0.05644237995147705","0.05644237995147705","1.3469204902648926","1.3469204902648926","1.3469204902648926","8.632265090942383","8.632265090942383","8.632265090942383","0.07618030160665512","0.07618030160665512","0.07618030160665512"
"19739","0.23857615888118744","0.23857615888118744","0.23857615888118744","0.25098416209220886","0.25098416209220886","0.25098416209220886","0.06428749114274979","0.06428749114274979","0.06428749114274979","0.3555245101451874","0.3555245101451874","0.3555245101451874","0.3875102400779724","0.3875102400779724","0.3875102400779724","0.08766356855630875","0.08766356855630875","0.08766356855630875"
"19769","0.4389131963253021","0.4389131963253021","0.4389131963253021","0.4480630159378052","0.4480630159378052","0.4480630159378052","0.06586959958076477","0.06586959958076477","0.06586959958076477","0.1560290902853012","0.1560290902853012","0.1560290902853012","0.29051971435546875","0.29051971435546875","0.29051971435546875","0.09405619651079178","0.09405619651079178","0.09405619651079178"
"19799","0.1277870386838913","0.1277870386838913","0.1277870386838913","0.18304641544818878","0.18304641544818878","0.18304641544818878","0.05753513053059578","0.05753513053059578","0.05753513053059578","0.2185269147157669","0.2185269147157669","0.2185269147157669","0.2597828507423401","0.2597828507423401","0.2597828507423401","0.062194760888814926","0.062194760888814926","0.062194760888814926"
"19829","0.6081676483154297","0.6081676483154297","0.6081676483154297","3.8894424438476562","3.8894424438476562","3.8894424438476562","0.07567831128835678","0.07567831128835678","0.07567831128835678","0.48525556921958923","0.48525556921958923","0.48525556921958923","4.328095436096191","4.328095436096191","4.328095436096191","0.06615287810564041","0.06615287810564041","0.06615287810564041"
"19859","0.22829264402389526","0.22829264402389526","0.22829264402389526","0.3756825029850006","0.3756825029850006","0.3756825029850006","0.05738484114408493","0.05738484114408493","0.05738484114408493","0.137654647231102","0.137654647231102","0.137654647231102","0.30181685090065","0.30181685090065","0.30181685090065","0.06416279822587967","0.06416279822587967","0.06416279822587967"
"19889","0.31857699155807495","0.31857699155807495","0.31857699155807495","0.27455317974090576","0.27455317974090576","0.27455317974090576","0.056827157735824585","0.056827157735824585","0.056827157735824585","0.35059791803359985","0.35059791803359985","0.35059791803359985","0.3617403209209442","0.3617403209209442","0.3617403209209442","0.056465890258550644","0.056465890258550644","0.056465890258550644"
"19919","5.917117595672607","5.917117595672607","5.917117595672607","16.712339401245117","16.712339401245117","16.712339401245117","0.07746618241071701","0.07746618241071701","0.07746618241071701","2.913027048110962","2.913027048110962","2.913027048110962","22.312232971191406","22.312232971191406","22.312232971191406","0.0729425922036171","0.0729425922036171","0.0729425922036171"
"19949","0.509527862071991","0.509527862071991","0.509527862071991","0.7395233511924744","0.7395233511924744","0.7395233511924744","0.05361373722553253","0.05361373722553253","0.05361373722553253","0.43499869108200073","0.43499869108200073","0.43499869108200073","1.1528263092041016","1.1528263092041016","1.1528263092041016","0.05623263865709305","0.05623263865709305","0.05623263865709305"
"19979","0.1867867261171341","0.1867867261171341","0.1867867261171341","0.21989911794662476","0.21989911794662476","0.21989911794662476","0.06169799715280533","0.06169799715280533","0.06169799715280533","0.19244840741157532","0.19244840741157532","0.19244840741157532","0.2766827642917633","0.2766827642917633","0.2766827642917633","0.10253190994262695","0.10253190994262695","0.10253190994262695"