"Step","layer_10_hook_resid_mid_gpt2_gated_fisher_false_project_TinyStories - losses/mse_loss","layer_10_hook_resid_mid_gpt2_gated_fisher_false_project_TinyStories - losses/mse_loss__MIN","layer_10_hook_resid_mid_gpt2_gated_fisher_false_project_TinyStories - losses/mse_loss__MAX","layer_5_hook_resid_mid_gpt2_gated_fisher_false_project_TinyStories - losses/mse_loss","layer_5_hook_resid_mid_gpt2_gated_fisher_false_project_TinyStories - losses/mse_loss__MIN","layer_5_hook_resid_mid_gpt2_gated_fisher_false_project_TinyStories - losses/mse_loss__MAX","layer_0_hook_resid_mid_gpt2_gated_fisher_false_project_TinyStories - losses/mse_loss","layer_0_hook_resid_mid_gpt2_gated_fisher_false_project_TinyStories - losses/mse_loss__MIN","layer_0_hook_resid_mid_gpt2_gated_fisher_false_project_TinyStories - losses/mse_loss__MAX","layer_10_hook_resid_mid_gpt2_gated_fisher_true_project_TinyStories - losses/mse_loss","layer_10_hook_resid_mid_gpt2_gated_fisher_true_project_TinyStories - losses/mse_loss__MIN","layer_10_hook_resid_mid_gpt2_gated_fisher_true_project_TinyStories - losses/mse_loss__MAX","layer_5_hook_resid_mid_gpt2_gated_fisher_true_project_TinyStories - losses/mse_loss","layer_5_hook_resid_mid_gpt2_gated_fisher_true_project_TinyStories - losses/mse_loss__MIN","layer_5_hook_resid_mid_gpt2_gated_fisher_true_project_TinyStories - losses/mse_loss__MAX","layer_0_hook_resid_mid_gpt2_gated_fisher_true_project_TinyStories - losses/mse_loss","layer_0_hook_resid_mid_gpt2_gated_fisher_true_project_TinyStories - losses/mse_loss__MIN","layer_0_hook_resid_mid_gpt2_gated_fisher_true_project_TinyStories - losses/mse_loss__MAX"
"29","13179.701171875","13179.701171875","13179.701171875","2759.862060546875","2759.862060546875","2759.862060546875","571.9263916015625","571.9263916015625","571.9263916015625","13180.8125","13180.8125","13180.8125","2761.219970703125","2761.219970703125","2761.219970703125","587.5029296875","587.5029296875","587.5029296875"
"59","6864.03466796875","6864.03466796875","6864.03466796875","1648.9681396484375","1648.9681396484375","1648.9681396484375","211.78257751464844","211.78257751464844","211.78257751464844","6862.39404296875","6862.39404296875","6862.39404296875","1649.1177978515625","1649.1177978515625","1649.1177978515625","226.732421875","226.732421875","226.732421875"
"89","5776.20556640625","5776.20556640625","5776.20556640625","1278.118896484375","1278.118896484375","1278.118896484375","118.33145904541016","118.33145904541016","118.33145904541016","5774.74609375","5774.74609375","5774.74609375","1277.302734375","1277.302734375","1277.302734375","123.65166473388672","123.65166473388672","123.65166473388672"
"119","4701.8349609375","4701.8349609375","4701.8349609375","1151.76904296875","1151.76904296875","1151.76904296875","102.2785415649414","102.2785415649414","102.2785415649414","4700.6162109375","4700.6162109375","4700.6162109375","1150.6182861328125","1150.6182861328125","1150.6182861328125","104.84934997558594","104.84934997558594","104.84934997558594"
"149","43778.0546875","43778.0546875","43778.0546875","32858.53125","32858.53125","32858.53125","103.48403930664062","103.48403930664062","103.48403930664062","43775.9921875","43775.9921875","43775.9921875","32866.05859375","32866.05859375","32866.05859375","105.7735824584961","105.7735824584961","105.7735824584961"
"179","36732.48828125","36732.48828125","36732.48828125","25889.759765625","25889.759765625","25889.759765625","76.31779479980469","76.31779479980469","76.31779479980469","36729.6640625","36729.6640625","36729.6640625","25897.19140625","25897.19140625","25897.19140625","77.0960922241211","77.0960922241211","77.0960922241211"
"209","3860.697998046875","3860.697998046875","3860.697998046875","921.5756225585938","921.5756225585938","921.5756225585938","70.81026458740234","70.81026458740234","70.81026458740234","3859.841064453125","3859.841064453125","3859.841064453125","920.4794921875","920.4794921875","920.4794921875","70.37822723388672","70.37822723388672","70.37822723388672"
"239","3496.15625","3496.15625","3496.15625","897.2796630859375","897.2796630859375","897.2796630859375","68.45833587646484","68.45833587646484","68.45833587646484","3495.506103515625","3495.506103515625","3495.506103515625","896.3088989257812","896.3088989257812","896.3088989257812","67.66224670410156","67.66224670410156","67.66224670410156"
"269","3287.16845703125","3287.16845703125","3287.16845703125","767.5696411132812","767.5696411132812","767.5696411132812","59.64193344116211","59.64193344116211","59.64193344116211","3286.466552734375","3286.466552734375","3286.466552734375","766.6529541015625","766.6529541015625","766.6529541015625","57.889320373535156","57.889320373535156","57.889320373535156"
"299","3340.80810546875","3340.80810546875","3340.80810546875","863.76123046875","863.76123046875","863.76123046875","68.7557373046875","68.7557373046875","68.7557373046875","3340.184814453125","3340.184814453125","3340.184814453125","862.8839111328125","862.8839111328125","862.8839111328125","67.3783187866211","67.3783187866211","67.3783187866211"
"329","1429.754638671875","1429.754638671875","1429.754638671875","387.2337341308594","387.2337341308594","387.2337341308594","44.7626838684082","44.7626838684082","44.7626838684082","1429.9088134765625","1429.9088134765625","1429.9088134765625","386.8713073730469","386.8713073730469","386.8713073730469","43.41082000732422","43.41082000732422","43.41082000732422"
"359","1673.2960205078125","1673.2960205078125","1673.2960205078125","455.3253173828125","455.3253173828125","455.3253173828125","49.24797439575195","49.24797439575195","49.24797439575195","1673.9644775390625","1673.9644775390625","1673.9644775390625","454.98077392578125","454.98077392578125","454.98077392578125","47.62065505981445","47.62065505981445","47.62065505981445"
"389","1832.7720947265625","1832.7720947265625","1832.7720947265625","435.4774169921875","435.4774169921875","435.4774169921875","45.14356231689453","45.14356231689453","45.14356231689453","1833.6368408203125","1833.6368408203125","1833.6368408203125","435.066162109375","435.066162109375","435.066162109375","43.532405853271484","43.532405853271484","43.532405853271484"
"419","1600.705078125","1600.705078125","1600.705078125","486.197265625","486.197265625","486.197265625","49.00425338745117","49.00425338745117","49.00425338745117","1601.615234375","1601.615234375","1601.615234375","485.8899230957031","485.8899230957031","485.8899230957031","46.90811538696289","46.90811538696289","46.90811538696289"
"449","1740.0521240234375","1740.0521240234375","1740.0521240234375","483.6545104980469","483.6545104980469","483.6545104980469","48.299530029296875","48.299530029296875","48.299530029296875","1741.0465087890625","1741.0465087890625","1741.0465087890625","483.2110290527344","483.2110290527344","483.2110290527344","46.08833694458008","46.08833694458008","46.08833694458008"
"479","1437.314453125","1437.314453125","1437.314453125","433.8313293457031","433.8313293457031","433.8313293457031","47.76131820678711","47.76131820678711","47.76131820678711","1438.121337890625","1438.121337890625","1438.121337890625","433.4454650878906","433.4454650878906","433.4454650878906","45.61581039428711","45.61581039428711","45.61581039428711"
"509","1454.1378173828125","1454.1378173828125","1454.1378173828125","423.3001403808594","423.3001403808594","423.3001403808594","46.4003791809082","46.4003791809082","46.4003791809082","1454.833984375","1454.833984375","1454.833984375","423.0162658691406","423.0162658691406","423.0162658691406","44.172019958496094","44.172019958496094","44.172019958496094"
"539","1590.4093017578125","1590.4093017578125","1590.4093017578125","490.9365539550781","490.9365539550781","490.9365539550781","41.14744567871094","41.14744567871094","41.14744567871094","1591.383544921875","1591.383544921875","1591.383544921875","490.4229431152344","490.4229431152344","490.4229431152344","39.07634735107422","39.07634735107422","39.07634735107422"
"569","1625.3331298828125","1625.3331298828125","1625.3331298828125","442.0880432128906","442.0880432128906","442.0880432128906","39.40642547607422","39.40642547607422","39.40642547607422","1626.3043212890625","1626.3043212890625","1626.3043212890625","441.8201599121094","441.8201599121094","441.8201599121094","37.635738372802734","37.635738372802734","37.635738372802734"
"599","1242.4219970703125","1242.4219970703125","1242.4219970703125","366.1531066894531","366.1531066894531","366.1531066894531","41.363075256347656","41.363075256347656","41.363075256347656","1243.0911865234375","1243.0911865234375","1243.0911865234375","365.8439025878906","365.8439025878906","365.8439025878906","39.40001678466797","39.40001678466797","39.40001678466797"
"629","1336.3453369140625","1336.3453369140625","1336.3453369140625","425.49420166015625","425.49420166015625","425.49420166015625","44.07305908203125","44.07305908203125","44.07305908203125","1336.9703369140625","1336.9703369140625","1336.9703369140625","425.2234802246094","425.2234802246094","425.2234802246094","41.78300094604492","41.78300094604492","41.78300094604492"
"659","1197.9444580078125","1197.9444580078125","1197.9444580078125","355.2543029785156","355.2543029785156","355.2543029785156","40.83794403076172","40.83794403076172","40.83794403076172","1198.6588134765625","1198.6588134765625","1198.6588134765625","355.03411865234375","355.03411865234375","355.03411865234375","38.42372131347656","38.42372131347656","38.42372131347656"
"689","1105.2115478515625","1105.2115478515625","1105.2115478515625","311.81170654296875","311.81170654296875","311.81170654296875","34.10624313354492","34.10624313354492","34.10624313354492","1105.2652587890625","1105.2652587890625","1105.2652587890625","311.3269958496094","311.3269958496094","311.3269958496094","31.886259078979492","31.886259078979492","31.886259078979492"
"719","1291.8370361328125","1291.8370361328125","1291.8370361328125","352.69378662109375","352.69378662109375","352.69378662109375","36.474708557128906","36.474708557128906","36.474708557128906","1292.7401123046875","1292.7401123046875","1292.7401123046875","352.4210205078125","352.4210205078125","352.4210205078125","34.396690368652344","34.396690368652344","34.396690368652344"
"749","1291.112060546875","1291.112060546875","1291.112060546875","365.8902587890625","365.8902587890625","365.8902587890625","36.325199127197266","36.325199127197266","36.325199127197266","1291.832763671875","1291.832763671875","1291.832763671875","365.72308349609375","365.72308349609375","365.72308349609375","34.52505111694336","34.52505111694336","34.52505111694336"
"779","1213.9185791015625","1213.9185791015625","1213.9185791015625","355.0251770019531","355.0251770019531","355.0251770019531","37.49546432495117","37.49546432495117","37.49546432495117","1214.6473388671875","1214.6473388671875","1214.6473388671875","354.8606872558594","354.8606872558594","354.8606872558594","34.873897552490234","34.873897552490234","34.873897552490234"
"809","1360.0006103515625","1360.0006103515625","1360.0006103515625","572.0767211914062","572.0767211914062","572.0767211914062","30.90640640258789","30.90640640258789","30.90640640258789","1360.560791015625","1360.560791015625","1360.560791015625","573.1211547851562","573.1211547851562","573.1211547851562","28.957998275756836","28.957998275756836","28.957998275756836"
"839","1127.8641357421875","1127.8641357421875","1127.8641357421875","343.4665222167969","343.4665222167969","343.4665222167969","40.55879592895508","40.55879592895508","40.55879592895508","1128.5252685546875","1128.5252685546875","1128.5252685546875","343.3627624511719","343.3627624511719","343.3627624511719","37.977783203125","37.977783203125","37.977783203125"
"869","1553.192138671875","1553.192138671875","1553.192138671875","470.5131530761719","470.5131530761719","470.5131530761719","36.89139938354492","36.89139938354492","36.89139938354492","1552.3648681640625","1552.3648681640625","1552.3648681640625","469.4870300292969","469.4870300292969","469.4870300292969","34.72675323486328","34.72675323486328","34.72675323486328"
"899","1120.048828125","1120.048828125","1120.048828125","359.2458190917969","359.2458190917969","359.2458190917969","37.91107177734375","37.91107177734375","37.91107177734375","1120.7811279296875","1120.7811279296875","1120.7811279296875","359.0476379394531","359.0476379394531","359.0476379394531","35.66579818725586","35.66579818725586","35.66579818725586"
"929","977.7568359375","977.7568359375","977.7568359375","293.6130676269531","293.6130676269531","293.6130676269531","34.664634704589844","34.664634704589844","34.664634704589844","978.4279174804688","978.4279174804688","978.4279174804688","293.4810791015625","293.4810791015625","293.4810791015625","32.605560302734375","32.605560302734375","32.605560302734375"
"959","1139.5810546875","1139.5810546875","1139.5810546875","351.21734619140625","351.21734619140625","351.21734619140625","35.09451675415039","35.09451675415039","35.09451675415039","1140.371337890625","1140.371337890625","1140.371337890625","350.9150390625","350.9150390625","350.9150390625","33.00101852416992","33.00101852416992","33.00101852416992"
"989","581.5717163085938","581.5717163085938","581.5717163085938","217.91116333007812","217.91116333007812","217.91116333007812","33.69225311279297","33.69225311279297","33.69225311279297","582.1702270507812","582.1702270507812","582.1702270507812","217.93917846679688","217.93917846679688","217.93917846679688","31.549955368041992","31.549955368041992","31.549955368041992"
"1019","1150.7740478515625","1150.7740478515625","1150.7740478515625","360.6715393066406","360.6715393066406","360.6715393066406","35.08946228027344","35.08946228027344","35.08946228027344","1142.6400146484375","1142.6400146484375","1142.6400146484375","361.1262512207031","361.1262512207031","361.1262512207031","32.96345138549805","32.96345138549805","32.96345138549805"
"1049","559.4882202148438","559.4882202148438","559.4882202148438","211.53231811523438","211.53231811523438","211.53231811523438","29.730627059936523","29.730627059936523","29.730627059936523","560.1470336914062","560.1470336914062","560.1470336914062","211.4304962158203","211.4304962158203","211.4304962158203","27.494569778442383","27.494569778442383","27.494569778442383"
"1079","503.3735046386719","503.3735046386719","503.3735046386719","187.1673583984375","187.1673583984375","187.1673583984375","34.39361572265625","34.39361572265625","34.39361572265625","504.0051574707031","504.0051574707031","504.0051574707031","187.1674041748047","187.1674041748047","187.1674041748047","31.932899475097656","31.932899475097656","31.932899475097656"
"1109","861.9970092773438","861.9970092773438","861.9970092773438","212.3861846923828","212.3861846923828","212.3861846923828","28.63576316833496","28.63576316833496","28.63576316833496","861.686279296875","861.686279296875","861.686279296875","212.71533203125","212.71533203125","212.71533203125","26.455507278442383","26.455507278442383","26.455507278442383"
"1139","725.3245849609375","725.3245849609375","725.3245849609375","231.08045959472656","231.08045959472656","231.08045959472656","30.805843353271484","30.805843353271484","30.805843353271484","726.158447265625","726.158447265625","726.158447265625","231.12562561035156","231.12562561035156","231.12562561035156","28.89445686340332","28.89445686340332","28.89445686340332"
"1169","893.9835205078125","893.9835205078125","893.9835205078125","254.84335327148438","254.84335327148438","254.84335327148438","33.58905029296875","33.58905029296875","33.58905029296875","895.0990600585938","895.0990600585938","895.0990600585938","254.84046936035156","254.84046936035156","254.84046936035156","31.727434158325195","31.727434158325195","31.727434158325195"
"1199","678.5380859375","678.5380859375","678.5380859375","217.81983947753906","217.81983947753906","217.81983947753906","29.55372428894043","29.55372428894043","29.55372428894043","679.36865234375","679.36865234375","679.36865234375","217.854248046875","217.854248046875","217.854248046875","27.87021255493164","27.87021255493164","27.87021255493164"
"1229","860.9808959960938","860.9808959960938","860.9808959960938","334.91448974609375","334.91448974609375","334.91448974609375","30.081762313842773","30.081762313842773","30.081762313842773","860.5552978515625","860.5552978515625","860.5552978515625","332.8489685058594","332.8489685058594","332.8489685058594","28.1478214263916","28.1478214263916","28.1478214263916"
"1259","714.3759155273438","714.3759155273438","714.3759155273438","210.31304931640625","210.31304931640625","210.31304931640625","29.903276443481445","29.903276443481445","29.903276443481445","715.3540649414062","715.3540649414062","715.3540649414062","210.16287231445312","210.16287231445312","210.16287231445312","27.95371437072754","27.95371437072754","27.95371437072754"
"1289","521.1159057617188","521.1159057617188","521.1159057617188","167.49191284179688","167.49191284179688","167.49191284179688","31.21160888671875","31.21160888671875","31.21160888671875","521.7575073242188","521.7575073242188","521.7575073242188","167.42225646972656","167.42225646972656","167.42225646972656","29.559642791748047","29.559642791748047","29.559642791748047"
"1319","508.13507080078125","508.13507080078125","508.13507080078125","222.56016540527344","222.56016540527344","222.56016540527344","28.955045700073242","28.955045700073242","28.955045700073242","508.8341369628906","508.8341369628906","508.8341369628906","223.60609436035156","223.60609436035156","223.60609436035156","27.431936264038086","27.431936264038086","27.431936264038086"
"1349","604.0774536132812","604.0774536132812","604.0774536132812","203.13259887695312","203.13259887695312","203.13259887695312","32.67798614501953","32.67798614501953","32.67798614501953","604.8843383789062","604.8843383789062","604.8843383789062","203.18563842773438","203.18563842773438","203.18563842773438","30.504213333129883","30.504213333129883","30.504213333129883"
"1379","503.185302734375","503.185302734375","503.185302734375","198.2401885986328","198.2401885986328","198.2401885986328","32.83659744262695","32.83659744262695","32.83659744262695","503.8754577636719","503.8754577636719","503.8754577636719","198.30699157714844","198.30699157714844","198.30699157714844","30.950164794921875","30.950164794921875","30.950164794921875"
"1409","623.6336669921875","623.6336669921875","623.6336669921875","205.47296142578125","205.47296142578125","205.47296142578125","29.169174194335938","29.169174194335938","29.169174194335938","624.4698486328125","624.4698486328125","624.4698486328125","205.51409912109375","205.51409912109375","205.51409912109375","27.200145721435547","27.200145721435547","27.200145721435547"
"1439","668.5220336914062","668.5220336914062","668.5220336914062","223.31321716308594","223.31321716308594","223.31321716308594","27.879920959472656","27.879920959472656","27.879920959472656","669.388427734375","669.388427734375","669.388427734375","223.35919189453125","223.35919189453125","223.35919189453125","26.64022445678711","26.64022445678711","26.64022445678711"
"1469","745.9530029296875","745.9530029296875","745.9530029296875","228.2930450439453","228.2930450439453","228.2930450439453","25.890546798706055","25.890546798706055","25.890546798706055","746.9229736328125","746.9229736328125","746.9229736328125","228.25485229492188","228.25485229492188","228.25485229492188","24.43010139465332","24.43010139465332","24.43010139465332"
"1499","623.640625","623.640625","623.640625","201.25401306152344","201.25401306152344","201.25401306152344","30.239925384521484","30.239925384521484","30.239925384521484","624.5970458984375","624.5970458984375","624.5970458984375","201.24050903320312","201.24050903320312","201.24050903320312","28.33997344970703","28.33997344970703","28.33997344970703"
"1529","499.896484375","499.896484375","499.896484375","193.69122314453125","193.69122314453125","193.69122314453125","26.382474899291992","26.382474899291992","26.382474899291992","500.75714111328125","500.75714111328125","500.75714111328125","193.60337829589844","193.60337829589844","193.60337829589844","24.851980209350586","24.851980209350586","24.851980209350586"
"1559","583.432861328125","583.432861328125","583.432861328125","209.52354431152344","209.52354431152344","209.52354431152344","31.34271812438965","31.34271812438965","31.34271812438965","584.0823364257812","584.0823364257812","584.0823364257812","209.5489044189453","209.5489044189453","209.5489044189453","29.43366050720215","29.43366050720215","29.43366050720215"
"1589","525.2655639648438","525.2655639648438","525.2655639648438","172.39706420898438","172.39706420898438","172.39706420898438","29.111356735229492","29.111356735229492","29.111356735229492","525.8841552734375","525.8841552734375","525.8841552734375","172.33648681640625","172.33648681640625","172.33648681640625","27.362464904785156","27.362464904785156","27.362464904785156"
"1619","594.187255859375","594.187255859375","594.187255859375","206.207763671875","206.207763671875","206.207763671875","24.80320930480957","24.80320930480957","24.80320930480957","594.65625","594.65625","594.65625","206.7776336669922","206.7776336669922","206.7776336669922","23.369503021240234","23.369503021240234","23.369503021240234"
"1649","392.5347595214844","392.5347595214844","392.5347595214844","168.91053771972656","168.91053771972656","168.91053771972656","29.580955505371094","29.580955505371094","29.580955505371094","393.1845703125","393.1845703125","393.1845703125","168.98011779785156","168.98011779785156","168.98011779785156","27.935941696166992","27.935941696166992","27.935941696166992"
"1679","439.7583923339844","439.7583923339844","439.7583923339844","166.34457397460938","166.34457397460938","166.34457397460938","32.42903137207031","32.42903137207031","32.42903137207031","440.7406005859375","440.7406005859375","440.7406005859375","166.44276428222656","166.44276428222656","166.44276428222656","30.650794982910156","30.650794982910156","30.650794982910156"
"1709","296.80999755859375","296.80999755859375","296.80999755859375","122.40838623046875","122.40838623046875","122.40838623046875","25.613779067993164","25.613779067993164","25.613779067993164","297.4613952636719","297.4613952636719","297.4613952636719","122.47235870361328","122.47235870361328","122.47235870361328","24.118846893310547","24.118846893310547","24.118846893310547"
"1739","230.45175170898438","230.45175170898438","230.45175170898438","96.45452880859375","96.45452880859375","96.45452880859375","21.471540451049805","21.471540451049805","21.471540451049805","231.06320190429688","231.06320190429688","231.06320190429688","96.39356994628906","96.39356994628906","96.39356994628906","20.02443504333496","20.02443504333496","20.02443504333496"
"1769","343.98663330078125","343.98663330078125","343.98663330078125","130.53152465820312","130.53152465820312","130.53152465820312","24.16541862487793","24.16541862487793","24.16541862487793","345.0476379394531","345.0476379394531","345.0476379394531","130.48155212402344","130.48155212402344","130.48155212402344","22.491512298583984","22.491512298583984","22.491512298583984"
"1799","397.0355529785156","397.0355529785156","397.0355529785156","137.9008026123047","137.9008026123047","137.9008026123047","24.872621536254883","24.872621536254883","24.872621536254883","398.0274963378906","398.0274963378906","398.0274963378906","137.96240234375","137.96240234375","137.96240234375","23.307392120361328","23.307392120361328","23.307392120361328"
"1829","413.740234375","413.740234375","413.740234375","163.44992065429688","163.44992065429688","163.44992065429688","26.78679847717285","26.78679847717285","26.78679847717285","415.05780029296875","415.05780029296875","415.05780029296875","163.55824279785156","163.55824279785156","163.55824279785156","25.21698760986328","25.21698760986328","25.21698760986328"
"1859","529.3853759765625","529.3853759765625","529.3853759765625","176.23226928710938","176.23226928710938","176.23226928710938","24.928144454956055","24.928144454956055","24.928144454956055","531.1512451171875","531.1512451171875","531.1512451171875","176.36819458007812","176.36819458007812","176.36819458007812","23.44612693786621","23.44612693786621","23.44612693786621"
"1889","265.7782897949219","265.7782897949219","265.7782897949219","103.09957122802734","103.09957122802734","103.09957122802734","22.07120132446289","22.07120132446289","22.07120132446289","266.5667419433594","266.5667419433594","266.5667419433594","103.11483001708984","103.11483001708984","103.11483001708984","20.880016326904297","20.880016326904297","20.880016326904297"
"1919","306.2735900878906","306.2735900878906","306.2735900878906","170.41287231445312","170.41287231445312","170.41287231445312","26.966642379760742","26.966642379760742","26.966642379760742","307.0087585449219","307.0087585449219","307.0087585449219","169.64100646972656","169.64100646972656","169.64100646972656","25.341089248657227","25.341089248657227","25.341089248657227"
"1949","332.7135009765625","332.7135009765625","332.7135009765625","123.41999816894531","123.41999816894531","123.41999816894531","24.773691177368164","24.773691177368164","24.773691177368164","333.6117858886719","333.6117858886719","333.6117858886719","123.46578216552734","123.46578216552734","123.46578216552734","23.203250885009766","23.203250885009766","23.203250885009766"
"1979","302.0231628417969","302.0231628417969","302.0231628417969","123.65267181396484","123.65267181396484","123.65267181396484","22.247772216796875","22.247772216796875","22.247772216796875","302.898681640625","302.898681640625","302.898681640625","123.63277435302734","123.63277435302734","123.63277435302734","20.972002029418945","20.972002029418945","20.972002029418945"
"2009","293.8993835449219","293.8993835449219","293.8993835449219","126.7718505859375","126.7718505859375","126.7718505859375","24.063138961791992","24.063138961791992","24.063138961791992","294.7214660644531","294.7214660644531","294.7214660644531","126.81147003173828","126.81147003173828","126.81147003173828","22.766674041748047","22.766674041748047","22.766674041748047"
"2039","277.5476379394531","277.5476379394531","277.5476379394531","109.9962158203125","109.9962158203125","109.9962158203125","23.51613426208496","23.51613426208496","23.51613426208496","278.51397705078125","278.51397705078125","278.51397705078125","109.98296356201172","109.98296356201172","109.98296356201172","21.979154586791992","21.979154586791992","21.979154586791992"
"2069","376.8203125","376.8203125","376.8203125","151.65167236328125","151.65167236328125","151.65167236328125","22.586566925048828","22.586566925048828","22.586566925048828","378.0804748535156","378.0804748535156","378.0804748535156","151.68896484375","151.68896484375","151.68896484375","21.40804100036621","21.40804100036621","21.40804100036621"
"2099","429.47509765625","429.47509765625","429.47509765625","167.32611083984375","167.32611083984375","167.32611083984375","24.832138061523438","24.832138061523438","24.832138061523438","430.88580322265625","430.88580322265625","430.88580322265625","167.50245666503906","167.50245666503906","167.50245666503906","23.54270362854004","23.54270362854004","23.54270362854004"
"2129","278.0719299316406","278.0719299316406","278.0719299316406","110.26416778564453","110.26416778564453","110.26416778564453","23.706308364868164","23.706308364868164","23.706308364868164","278.91717529296875","278.91717529296875","278.91717529296875","110.25003814697266","110.25003814697266","110.25003814697266","22.268930435180664","22.268930435180664","22.268930435180664"
"2159","236.73553466796875","236.73553466796875","236.73553466796875","115.08363342285156","115.08363342285156","115.08363342285156","26.04866600036621","26.04866600036621","26.04866600036621","237.55413818359375","237.55413818359375","237.55413818359375","115.07258605957031","115.07258605957031","115.07258605957031","24.54060935974121","24.54060935974121","24.54060935974121"
"2189","263.60577392578125","263.60577392578125","263.60577392578125","91.03470611572266","91.03470611572266","91.03470611572266","21.260194778442383","21.260194778442383","21.260194778442383","264.49029541015625","264.49029541015625","264.49029541015625","90.8763656616211","90.8763656616211","90.8763656616211","20.08605194091797","20.08605194091797","20.08605194091797"
"2219","284.1829528808594","284.1829528808594","284.1829528808594","134.93826293945312","134.93826293945312","134.93826293945312","25.93480110168457","25.93480110168457","25.93480110168457","285.07269287109375","285.07269287109375","285.07269287109375","135.1070098876953","135.1070098876953","135.1070098876953","24.853759765625","24.853759765625","24.853759765625"
"2249","308.1352844238281","308.1352844238281","308.1352844238281","135.98321533203125","135.98321533203125","135.98321533203125","24.91737174987793","24.91737174987793","24.91737174987793","309.4190979003906","309.4190979003906","309.4190979003906","136.10935974121094","136.10935974121094","136.10935974121094","23.6234073638916","23.6234073638916","23.6234073638916"
"2279","597.3585205078125","597.3585205078125","597.3585205078125","209.8209686279297","209.8209686279297","209.8209686279297","23.304777145385742","23.304777145385742","23.304777145385742","599.3905639648438","599.3905639648438","599.3905639648438","209.83856201171875","209.83856201171875","209.83856201171875","22.580970764160156","22.580970764160156","22.580970764160156"
"2309","188.81417846679688","188.81417846679688","188.81417846679688","96.41029357910156","96.41029357910156","96.41029357910156","23.491823196411133","23.491823196411133","23.491823196411133","189.79244995117188","189.79244995117188","189.79244995117188","96.36148071289062","96.36148071289062","96.36148071289062","21.906829833984375","21.906829833984375","21.906829833984375"
"2339","246.03884887695312","246.03884887695312","246.03884887695312","124.0037841796875","124.0037841796875","124.0037841796875","22.519638061523438","22.519638061523438","22.519638061523438","247.04522705078125","247.04522705078125","247.04522705078125","125.01900482177734","125.01900482177734","125.01900482177734","21.370426177978516","21.370426177978516","21.370426177978516"
"2369","205.82086181640625","205.82086181640625","205.82086181640625","100.62588500976562","100.62588500976562","100.62588500976562","22.058622360229492","22.058622360229492","22.058622360229492","206.72802734375","206.72802734375","206.72802734375","100.40328216552734","100.40328216552734","100.40328216552734","20.75301742553711","20.75301742553711","20.75301742553711"
"2399","214.8289031982422","214.8289031982422","214.8289031982422","143.56301879882812","143.56301879882812","143.56301879882812","20.03955841064453","20.03955841064453","20.03955841064453","215.63780212402344","215.63780212402344","215.63780212402344","157.14234924316406","157.14234924316406","157.14234924316406","19.01946449279785","19.01946449279785","19.01946449279785"
"2429","183.25616455078125","183.25616455078125","183.25616455078125","100.14925384521484","100.14925384521484","100.14925384521484","19.992660522460938","19.992660522460938","19.992660522460938","184.1499786376953","184.1499786376953","184.1499786376953","100.20421600341797","100.20421600341797","100.20421600341797","18.901405334472656","18.901405334472656","18.901405334472656"
"2459","223.13134765625","223.13134765625","223.13134765625","108.65798950195312","108.65798950195312","108.65798950195312","23.918519973754883","23.918519973754883","23.918519973754883","224.22377014160156","224.22377014160156","224.22377014160156","108.69434356689453","108.69434356689453","108.69434356689453","22.57581901550293","22.57581901550293","22.57581901550293"
"2489","253.9373779296875","253.9373779296875","253.9373779296875","109.96875","109.96875","109.96875","22.32752227783203","22.32752227783203","22.32752227783203","255.45423889160156","255.45423889160156","255.45423889160156","110.01126861572266","110.01126861572266","110.01126861572266","21.08890151977539","21.08890151977539","21.08890151977539"
"2519","222.500732421875","222.500732421875","222.500732421875","110.68234252929688","110.68234252929688","110.68234252929688","23.89678382873535","23.89678382873535","23.89678382873535","223.60968017578125","223.60968017578125","223.60968017578125","110.85142517089844","110.85142517089844","110.85142517089844","22.491947174072266","22.491947174072266","22.491947174072266"
"2549","219.9149169921875","219.9149169921875","219.9149169921875","87.40546417236328","87.40546417236328","87.40546417236328","19.09800910949707","19.09800910949707","19.09800910949707","220.9734649658203","220.9734649658203","220.9734649658203","87.31358337402344","87.31358337402344","87.31358337402344","17.78868293762207","17.78868293762207","17.78868293762207"
"2579","193.54632568359375","193.54632568359375","193.54632568359375","98.04244232177734","98.04244232177734","98.04244232177734","23.390167236328125","23.390167236328125","23.390167236328125","194.38059997558594","194.38059997558594","194.38059997558594","98.16703796386719","98.16703796386719","98.16703796386719","21.99641990661621","21.99641990661621","21.99641990661621"
"2609","228.92308044433594","228.92308044433594","228.92308044433594","111.70062255859375","111.70062255859375","111.70062255859375","24.26368522644043","24.26368522644043","24.26368522644043","229.9629669189453","229.9629669189453","229.9629669189453","111.8157958984375","111.8157958984375","111.8157958984375","22.836366653442383","22.836366653442383","22.836366653442383"
"2639","108.4144287109375","108.4144287109375","108.4144287109375","71.44884490966797","71.44884490966797","71.44884490966797","21.3126220703125","21.3126220703125","21.3126220703125","108.91567993164062","108.91567993164062","108.91567993164062","71.45278930664062","71.45278930664062","71.45278930664062","20.13856315612793","20.13856315612793","20.13856315612793"
"2669","204.98733520507812","204.98733520507812","204.98733520507812","98.13219451904297","98.13219451904297","98.13219451904297","22.35270881652832","22.35270881652832","22.35270881652832","206.37896728515625","206.37896728515625","206.37896728515625","98.15621948242188","98.15621948242188","98.15621948242188","21.187292098999023","21.187292098999023","21.187292098999023"
"2699","239.84963989257812","239.84963989257812","239.84963989257812","109.9068832397461","109.9068832397461","109.9068832397461","25.99004364013672","25.99004364013672","25.99004364013672","241.6754608154297","241.6754608154297","241.6754608154297","110.03462982177734","110.03462982177734","110.03462982177734","24.619359970092773","24.619359970092773","24.619359970092773"
"2729","242.99966430664062","242.99966430664062","242.99966430664062","102.97870635986328","102.97870635986328","102.97870635986328","21.47744369506836","21.47744369506836","21.47744369506836","244.54612731933594","244.54612731933594","244.54612731933594","103.08599090576172","103.08599090576172","103.08599090576172","20.33016014099121","20.33016014099121","20.33016014099121"
"2759","107.76789093017578","107.76789093017578","107.76789093017578","70.55104064941406","70.55104064941406","70.55104064941406","18.823131561279297","18.823131561279297","18.823131561279297","108.25657653808594","108.25657653808594","108.25657653808594","70.50560760498047","70.50560760498047","70.50560760498047","18.00531768798828","18.00531768798828","18.00531768798828"
"2789","92.77804565429688","92.77804565429688","92.77804565429688","61.21918869018555","61.21918869018555","61.21918869018555","16.864946365356445","16.864946365356445","16.864946365356445","93.4208984375","93.4208984375","93.4208984375","61.15415954589844","61.15415954589844","61.15415954589844","16.040868759155273","16.040868759155273","16.040868759155273"
"2819","178.80419921875","178.80419921875","178.80419921875","79.30445861816406","79.30445861816406","79.30445861816406","19.620555877685547","19.620555877685547","19.620555877685547","179.944091796875","179.944091796875","179.944091796875","79.29840087890625","79.29840087890625","79.29840087890625","18.80122947692871","18.80122947692871","18.80122947692871"
"2849","245.38894653320312","245.38894653320312","245.38894653320312","94.4849624633789","94.4849624633789","94.4849624633789","20.14996337890625","20.14996337890625","20.14996337890625","247.0815887451172","247.0815887451172","247.0815887451172","94.43540954589844","94.43540954589844","94.43540954589844","19.10089111328125","19.10089111328125","19.10089111328125"
"2879","111.13150787353516","111.13150787353516","111.13150787353516","74.75537109375","74.75537109375","74.75537109375","19.642507553100586","19.642507553100586","19.642507553100586","111.67147827148438","111.67147827148438","111.67147827148438","74.4920654296875","74.4920654296875","74.4920654296875","18.822675704956055","18.822675704956055","18.822675704956055"
"2909","109.28990936279297","109.28990936279297","109.28990936279297","80.03040313720703","80.03040313720703","80.03040313720703","19.90601921081543","19.90601921081543","19.90601921081543","109.89334106445312","109.89334106445312","109.89334106445312","80.02626037597656","80.02626037597656","80.02626037597656","18.886661529541016","18.886661529541016","18.886661529541016"
"2939","72.13462829589844","72.13462829589844","72.13462829589844","66.5560302734375","66.5560302734375","66.5560302734375","20.535888671875","20.535888671875","20.535888671875","72.450927734375","72.450927734375","72.450927734375","66.56755828857422","66.56755828857422","66.56755828857422","19.479957580566406","19.479957580566406","19.479957580566406"
"2969","107.49847412109375","107.49847412109375","107.49847412109375","120.80228424072266","120.80228424072266","120.80228424072266","20.745534896850586","20.745534896850586","20.745534896850586","108.43897247314453","108.43897247314453","108.43897247314453","120.89686584472656","120.89686584472656","120.89686584472656","19.634273529052734","19.634273529052734","19.634273529052734"
"2999","74.02894592285156","74.02894592285156","74.02894592285156","63.71938705444336","63.71938705444336","63.71938705444336","19.69620132446289","19.69620132446289","19.69620132446289","74.56885528564453","74.56885528564453","74.56885528564453","63.69387435913086","63.69387435913086","63.69387435913086","18.818910598754883","18.818910598754883","18.818910598754883"
"3029","127.04087829589844","127.04087829589844","127.04087829589844","177.6940460205078","177.6940460205078","177.6940460205078","20.131589889526367","20.131589889526367","20.131589889526367","127.6244125366211","127.6244125366211","127.6244125366211","175.88177490234375","175.88177490234375","175.88177490234375","19.238746643066406","19.238746643066406","19.238746643066406"
"3059","172.7498779296875","172.7498779296875","172.7498779296875","86.87091827392578","86.87091827392578","86.87091827392578","22.61542510986328","22.61542510986328","22.61542510986328","174.34716796875","174.34716796875","174.34716796875","86.79621124267578","86.79621124267578","86.79621124267578","21.519134521484375","21.519134521484375","21.519134521484375"
"3089","87.7109375","87.7109375","87.7109375","60.64949035644531","60.64949035644531","60.64949035644531","20.598031997680664","20.598031997680664","20.598031997680664","88.41643524169922","88.41643524169922","88.41643524169922","60.66750717163086","60.66750717163086","60.66750717163086","19.55691146850586","19.55691146850586","19.55691146850586"
"3119","99.05574798583984","99.05574798583984","99.05574798583984","68.38599395751953","68.38599395751953","68.38599395751953","21.208377838134766","21.208377838134766","21.208377838134766","99.8498306274414","99.8498306274414","99.8498306274414","68.34426879882812","68.34426879882812","68.34426879882812","20.04060173034668","20.04060173034668","20.04060173034668"
"3149","93.07001495361328","93.07001495361328","93.07001495361328","70.51947021484375","70.51947021484375","70.51947021484375","19.36965560913086","19.36965560913086","19.36965560913086","93.62490844726562","93.62490844726562","93.62490844726562","70.47550964355469","70.47550964355469","70.47550964355469","18.15555191040039","18.15555191040039","18.15555191040039"
"3179","126.51292419433594","126.51292419433594","126.51292419433594","82.74441528320312","82.74441528320312","82.74441528320312","20.287553787231445","20.287553787231445","20.287553787231445","127.43439483642578","127.43439483642578","127.43439483642578","82.70506286621094","82.70506286621094","82.70506286621094","19.333513259887695","19.333513259887695","19.333513259887695"
"3209","158.85919189453125","158.85919189453125","158.85919189453125","73.02239227294922","73.02239227294922","73.02239227294922","17.65817642211914","17.65817642211914","17.65817642211914","160.32278442382812","160.32278442382812","160.32278442382812","72.97013092041016","72.97013092041016","72.97013092041016","16.921234130859375","16.921234130859375","16.921234130859375"
"3239","113.70542907714844","113.70542907714844","113.70542907714844","72.48965454101562","72.48965454101562","72.48965454101562","20.70525360107422","20.70525360107422","20.70525360107422","114.51859283447266","114.51859283447266","114.51859283447266","72.48625946044922","72.48625946044922","72.48625946044922","19.728675842285156","19.728675842285156","19.728675842285156"
"3269","123.52091217041016","123.52091217041016","123.52091217041016","76.55235290527344","76.55235290527344","76.55235290527344","20.558786392211914","20.558786392211914","20.558786392211914","124.68339538574219","124.68339538574219","124.68339538574219","76.6082992553711","76.6082992553711","76.6082992553711","19.625619888305664","19.625619888305664","19.625619888305664"
"3299","142.49136352539062","142.49136352539062","142.49136352539062","84.63650512695312","84.63650512695312","84.63650512695312","20.695533752441406","20.695533752441406","20.695533752441406","143.70384216308594","143.70384216308594","143.70384216308594","84.76101684570312","84.76101684570312","84.76101684570312","19.8713321685791","19.8713321685791","19.8713321685791"
"3329","213.75294494628906","213.75294494628906","213.75294494628906","95.7060317993164","95.7060317993164","95.7060317993164","19.718910217285156","19.718910217285156","19.718910217285156","215.440185546875","215.440185546875","215.440185546875","95.8436279296875","95.8436279296875","95.8436279296875","19.12696647644043","19.12696647644043","19.12696647644043"
"3359","126.39091491699219","126.39091491699219","126.39091491699219","76.40575408935547","76.40575408935547","76.40575408935547","19.87557029724121","19.87557029724121","19.87557029724121","127.68433380126953","127.68433380126953","127.68433380126953","76.50119018554688","76.50119018554688","76.50119018554688","18.88680076599121","18.88680076599121","18.88680076599121"
"3389","67.20311737060547","67.20311737060547","67.20311737060547","56.77804183959961","56.77804183959961","56.77804183959961","18.007028579711914","18.007028579711914","18.007028579711914","67.61724090576172","67.61724090576172","67.61724090576172","56.73422622680664","56.73422622680664","56.73422622680664","17.1270751953125","17.1270751953125","17.1270751953125"
"3419","115.7118148803711","115.7118148803711","115.7118148803711","69.40347290039062","69.40347290039062","69.40347290039062","20.428205490112305","20.428205490112305","20.428205490112305","116.41222381591797","116.41222381591797","116.41222381591797","69.35169219970703","69.35169219970703","69.35169219970703","19.74595832824707","19.74595832824707","19.74595832824707"
"3449","90.19480895996094","90.19480895996094","90.19480895996094","65.47701263427734","65.47701263427734","65.47701263427734","20.983705520629883","20.983705520629883","20.983705520629883","90.8648452758789","90.8648452758789","90.8648452758789","65.54351043701172","65.54351043701172","65.54351043701172","20.11530876159668","20.11530876159668","20.11530876159668"
"3479","103.8538818359375","103.8538818359375","103.8538818359375","64.34626770019531","64.34626770019531","64.34626770019531","18.942705154418945","18.942705154418945","18.942705154418945","104.56681060791016","104.56681060791016","104.56681060791016","64.34166717529297","64.34166717529297","64.34166717529297","18.253795623779297","18.253795623779297","18.253795623779297"
"3509","144.42221069335938","144.42221069335938","144.42221069335938","72.39836120605469","72.39836120605469","72.39836120605469","18.529216766357422","18.529216766357422","18.529216766357422","145.419921875","145.419921875","145.419921875","72.40209197998047","72.40209197998047","72.40209197998047","17.726787567138672","17.726787567138672","17.726787567138672"
"3539","209.56761169433594","209.56761169433594","209.56761169433594","89.05193328857422","89.05193328857422","89.05193328857422","19.805479049682617","19.805479049682617","19.805479049682617","211.41485595703125","211.41485595703125","211.41485595703125","89.05831146240234","89.05831146240234","89.05831146240234","18.867591857910156","18.867591857910156","18.867591857910156"
"3569","112.55970764160156","112.55970764160156","112.55970764160156","69.15229797363281","69.15229797363281","69.15229797363281","20.029932022094727","20.029932022094727","20.029932022094727","113.45730590820312","113.45730590820312","113.45730590820312","69.13113403320312","69.13113403320312","69.13113403320312","18.946130752563477","18.946130752563477","18.946130752563477"
"3599","94.26075744628906","94.26075744628906","94.26075744628906","57.01887512207031","57.01887512207031","57.01887512207031","18.659326553344727","18.659326553344727","18.659326553344727","94.94427490234375","94.94427490234375","94.94427490234375","56.98062515258789","56.98062515258789","56.98062515258789","17.85926055908203","17.85926055908203","17.85926055908203"
"3629","75.82918548583984","75.82918548583984","75.82918548583984","52.23598098754883","52.23598098754883","52.23598098754883","15.828011512756348","15.828011512756348","15.828011512756348","76.07823181152344","76.07823181152344","76.07823181152344","52.15425491333008","52.15425491333008","52.15425491333008","15.199520111083984","15.199520111083984","15.199520111083984"
"3659","86.06526947021484","86.06526947021484","86.06526947021484","63.32183837890625","63.32183837890625","63.32183837890625","19.875682830810547","19.875682830810547","19.875682830810547","86.4222640991211","86.4222640991211","86.4222640991211","63.08917999267578","63.08917999267578","63.08917999267578","19.161895751953125","19.161895751953125","19.161895751953125"
"3689","50.56550598144531","50.56550598144531","50.56550598144531","52.08130645751953","52.08130645751953","52.08130645751953","17.713266372680664","17.713266372680664","17.713266372680664","50.74010467529297","50.74010467529297","50.74010467529297","52.05735397338867","52.05735397338867","52.05735397338867","17.000059127807617","17.000059127807617","17.000059127807617"
"3719","108.13216400146484","108.13216400146484","108.13216400146484","70.83814239501953","70.83814239501953","70.83814239501953","18.905475616455078","18.905475616455078","18.905475616455078","108.78764343261719","108.78764343261719","108.78764343261719","70.83509826660156","70.83509826660156","70.83509826660156","17.98390007019043","17.98390007019043","17.98390007019043"
"3749","55.986328125","55.986328125","55.986328125","50.96784973144531","50.96784973144531","50.96784973144531","15.08095645904541","15.08095645904541","15.08095645904541","56.20977783203125","56.20977783203125","56.20977783203125","50.87567138671875","50.87567138671875","50.87567138671875","14.406181335449219","14.406181335449219","14.406181335449219"
"3779","97.20197296142578","97.20197296142578","97.20197296142578","71.16766357421875","71.16766357421875","71.16766357421875","20.437664031982422","20.437664031982422","20.437664031982422","97.77690124511719","97.77690124511719","97.77690124511719","71.2262954711914","71.2262954711914","71.2262954711914","19.602346420288086","19.602346420288086","19.602346420288086"
"3809","90.24250793457031","90.24250793457031","90.24250793457031","58.76845932006836","58.76845932006836","58.76845932006836","19.067346572875977","19.067346572875977","19.067346572875977","90.75153350830078","90.75153350830078","90.75153350830078","58.69981384277344","58.69981384277344","58.69981384277344","18.07440948486328","18.07440948486328","18.07440948486328"
"3839","111.81341552734375","111.81341552734375","111.81341552734375","57.44826126098633","57.44826126098633","57.44826126098633","17.681943893432617","17.681943893432617","17.681943893432617","112.6852035522461","112.6852035522461","112.6852035522461","57.38715744018555","57.38715744018555","57.38715744018555","17.0701847076416","17.0701847076416","17.0701847076416"
"3869","191.06097412109375","191.06097412109375","191.06097412109375","86.13345336914062","86.13345336914062","86.13345336914062","20.1009578704834","20.1009578704834","20.1009578704834","192.93563842773438","192.93563842773438","192.93563842773438","86.17958068847656","86.17958068847656","86.17958068847656","19.398929595947266","19.398929595947266","19.398929595947266"
"3899","135.9429473876953","135.9429473876953","135.9429473876953","74.38255310058594","74.38255310058594","74.38255310058594","19.33815574645996","19.33815574645996","19.33815574645996","136.5715789794922","136.5715789794922","136.5715789794922","74.32878875732422","74.32878875732422","74.32878875732422","18.517799377441406","18.517799377441406","18.517799377441406"
"3929","78.71456909179688","78.71456909179688","78.71456909179688","51.15587615966797","51.15587615966797","51.15587615966797","16.566654205322266","16.566654205322266","16.566654205322266","79.18741607666016","79.18741607666016","79.18741607666016","51.13987731933594","51.13987731933594","51.13987731933594","15.950034141540527","15.950034141540527","15.950034141540527"
"3959","78.08938598632812","78.08938598632812","78.08938598632812","55.05704116821289","55.05704116821289","55.05704116821289","17.738418579101562","17.738418579101562","17.738418579101562","78.33541870117188","78.33541870117188","78.33541870117188","55.05565643310547","55.05565643310547","55.05565643310547","17.16007423400879","17.16007423400879","17.16007423400879"
"3989","87.1204605102539","87.1204605102539","87.1204605102539","60.850711822509766","60.850711822509766","60.850711822509766","18.167030334472656","18.167030334472656","18.167030334472656","87.40776062011719","87.40776062011719","87.40776062011719","60.833431243896484","60.833431243896484","60.833431243896484","17.479108810424805","17.479108810424805","17.479108810424805"
"4019","80.33757781982422","80.33757781982422","80.33757781982422","66.63424682617188","66.63424682617188","66.63424682617188","17.402236938476562","17.402236938476562","17.402236938476562","80.6337890625","80.6337890625","80.6337890625","65.75910186767578","65.75910186767578","65.75910186767578","16.720012664794922","16.720012664794922","16.720012664794922"
"4049","74.42372131347656","74.42372131347656","74.42372131347656","51.23358917236328","51.23358917236328","51.23358917236328","16.961151123046875","16.961151123046875","16.961151123046875","74.77852630615234","74.77852630615234","74.77852630615234","51.2062873840332","51.2062873840332","51.2062873840332","16.414745330810547","16.414745330810547","16.414745330810547"
"4079","141.8701934814453","141.8701934814453","141.8701934814453","76.28099060058594","76.28099060058594","76.28099060058594","18.878124237060547","18.878124237060547","18.878124237060547","142.65586853027344","142.65586853027344","142.65586853027344","76.18960571289062","76.18960571289062","76.18960571289062","18.35548973083496","18.35548973083496","18.35548973083496"
"4109","99.494140625","99.494140625","99.494140625","75.58185577392578","75.58185577392578","75.58185577392578","20.813825607299805","20.813825607299805","20.813825607299805","100.025146484375","100.025146484375","100.025146484375","75.60514831542969","75.60514831542969","75.60514831542969","20.202960968017578","20.202960968017578","20.202960968017578"
"4139","127.46175384521484","127.46175384521484","127.46175384521484","56.84621810913086","56.84621810913086","56.84621810913086","17.244853973388672","17.244853973388672","17.244853973388672","128.2579803466797","128.2579803466797","128.2579803466797","56.900691986083984","56.900691986083984","56.900691986083984","16.476428985595703","16.476428985595703","16.476428985595703"
"4169","104.7657699584961","104.7657699584961","104.7657699584961","68.65850067138672","68.65850067138672","68.65850067138672","20.027137756347656","20.027137756347656","20.027137756347656","105.40682983398438","105.40682983398438","105.40682983398438","68.69883728027344","68.69883728027344","68.69883728027344","19.220218658447266","19.220218658447266","19.220218658447266"
"4199","66.6274185180664","66.6274185180664","66.6274185180664","52.67560577392578","52.67560577392578","52.67560577392578","17.097333908081055","17.097333908081055","17.097333908081055","66.98656463623047","66.98656463623047","66.98656463623047","52.651649475097656","52.651649475097656","52.651649475097656","16.322696685791016","16.322696685791016","16.322696685791016"
"4229","155.3963623046875","155.3963623046875","155.3963623046875","63.05615234375","63.05615234375","63.05615234375","17.35884666442871","17.35884666442871","17.35884666442871","156.31886291503906","156.31886291503906","156.31886291503906","62.96488952636719","62.96488952636719","62.96488952636719","16.572797775268555","16.572797775268555","16.572797775268555"
"4259","56.6431770324707","56.6431770324707","56.6431770324707","47.74217987060547","47.74217987060547","47.74217987060547","15.963693618774414","15.963693618774414","15.963693618774414","56.7117805480957","56.7117805480957","56.7117805480957","47.71657180786133","47.71657180786133","47.71657180786133","15.471957206726074","15.471957206726074","15.471957206726074"
"4289","59.86568069458008","59.86568069458008","59.86568069458008","49.43000030517578","49.43000030517578","49.43000030517578","16.739545822143555","16.739545822143555","16.739545822143555","59.91209030151367","59.91209030151367","59.91209030151367","49.41056442260742","49.41056442260742","49.41056442260742","15.971667289733887","15.971667289733887","15.971667289733887"
"4319","52.55943298339844","52.55943298339844","52.55943298339844","44.28042984008789","44.28042984008789","44.28042984008789","15.613788604736328","15.613788604736328","15.613788604736328","52.5667610168457","52.5667610168457","52.5667610168457","44.2431640625","44.2431640625","44.2431640625","15.263280868530273","15.263280868530273","15.263280868530273"
"4349","62.34651565551758","62.34651565551758","62.34651565551758","53.0820198059082","53.0820198059082","53.0820198059082","19.003692626953125","19.003692626953125","19.003692626953125","62.456844329833984","62.456844329833984","62.456844329833984","53.102577209472656","53.102577209472656","53.102577209472656","18.13180923461914","18.13180923461914","18.13180923461914"
"4379","79.43952178955078","79.43952178955078","79.43952178955078","52.76782989501953","52.76782989501953","52.76782989501953","15.904861450195312","15.904861450195312","15.904861450195312","79.67555236816406","79.67555236816406","79.67555236816406","52.58542251586914","52.58542251586914","52.58542251586914","15.462961196899414","15.462961196899414","15.462961196899414"
"4409","59.478271484375","59.478271484375","59.478271484375","48.88654327392578","48.88654327392578","48.88654327392578","16.20131492614746","16.20131492614746","16.20131492614746","59.53335189819336","59.53335189819336","59.53335189819336","48.91702651977539","48.91702651977539","48.91702651977539","15.700600624084473","15.700600624084473","15.700600624084473"
"4439","77.94803619384766","77.94803619384766","77.94803619384766","56.07284164428711","56.07284164428711","56.07284164428711","18.845130920410156","18.845130920410156","18.845130920410156","78.21873474121094","78.21873474121094","78.21873474121094","56.02237319946289","56.02237319946289","56.02237319946289","18.218435287475586","18.218435287475586","18.218435287475586"
"4469","59.258182525634766","59.258182525634766","59.258182525634766","57.01822280883789","57.01822280883789","57.01822280883789","20.400287628173828","20.400287628173828","20.400287628173828","59.38490676879883","59.38490676879883","59.38490676879883","57.02543640136719","57.02543640136719","57.02543640136719","19.70890998840332","19.70890998840332","19.70890998840332"
"4499","95.75122833251953","95.75122833251953","95.75122833251953","75.43746185302734","75.43746185302734","75.43746185302734","18.051551818847656","18.051551818847656","18.051551818847656","96.15074920654297","96.15074920654297","96.15074920654297","74.6511001586914","74.6511001586914","74.6511001586914","17.104326248168945","17.104326248168945","17.104326248168945"
"4529","88.30236053466797","88.30236053466797","88.30236053466797","50.90267562866211","50.90267562866211","50.90267562866211","16.19633674621582","16.19633674621582","16.19633674621582","88.67144012451172","88.67144012451172","88.67144012451172","50.90470504760742","50.90470504760742","50.90470504760742","15.388949394226074","15.388949394226074","15.388949394226074"
"4559","115.96631622314453","115.96631622314453","115.96631622314453","61.105350494384766","61.105350494384766","61.105350494384766","19.059673309326172","19.059673309326172","19.059673309326172","116.4027099609375","116.4027099609375","116.4027099609375","61.15409851074219","61.15409851074219","61.15409851074219","18.523775100708008","18.523775100708008","18.523775100708008"
"4589","57.29072952270508","57.29072952270508","57.29072952270508","46.372161865234375","46.372161865234375","46.372161865234375","15.27509880065918","15.27509880065918","15.27509880065918","57.297889709472656","57.297889709472656","57.297889709472656","46.317562103271484","46.317562103271484","46.317562103271484","14.955310821533203","14.955310821533203","14.955310821533203"
"4619","58.7819938659668","58.7819938659668","58.7819938659668","51.93362045288086","51.93362045288086","51.93362045288086","17.6553897857666","17.6553897857666","17.6553897857666","58.78727340698242","58.78727340698242","58.78727340698242","51.96002960205078","51.96002960205078","51.96002960205078","16.8416690826416","16.8416690826416","16.8416690826416"
"4649","61.12194061279297","61.12194061279297","61.12194061279297","48.3793830871582","48.3793830871582","48.3793830871582","14.69861888885498","14.69861888885498","14.69861888885498","61.12376403808594","61.12376403808594","61.12376403808594","48.130184173583984","48.130184173583984","48.130184173583984","14.136598587036133","14.136598587036133","14.136598587036133"
"4679","76.84475708007812","76.84475708007812","76.84475708007812","51.16838455200195","51.16838455200195","51.16838455200195","16.609142303466797","16.609142303466797","16.609142303466797","76.9677963256836","76.9677963256836","76.9677963256836","51.14690399169922","51.14690399169922","51.14690399169922","16.014013290405273","16.014013290405273","16.014013290405273"
"4709","110.34071350097656","110.34071350097656","110.34071350097656","70.08525848388672","70.08525848388672","70.08525848388672","18.86683464050293","18.86683464050293","18.86683464050293","110.87843322753906","110.87843322753906","110.87843322753906","70.14645385742188","70.14645385742188","70.14645385742188","18.175886154174805","18.175886154174805","18.175886154174805"
"4739","105.24803161621094","105.24803161621094","105.24803161621094","54.73130416870117","54.73130416870117","54.73130416870117","16.21527862548828","16.21527862548828","16.21527862548828","105.95950317382812","105.95950317382812","105.95950317382812","54.67001724243164","54.67001724243164","54.67001724243164","15.64001750946045","15.64001750946045","15.64001750946045"
"4769","96.83294677734375","96.83294677734375","96.83294677734375","53.41455841064453","53.41455841064453","53.41455841064453","16.767194747924805","16.767194747924805","16.767194747924805","97.23507690429688","97.23507690429688","97.23507690429688","53.34743118286133","53.34743118286133","53.34743118286133","16.387662887573242","16.387662887573242","16.387662887573242"
"4799","75.1148452758789","75.1148452758789","75.1148452758789","57.779109954833984","57.779109954833984","57.779109954833984","19.5017147064209","19.5017147064209","19.5017147064209","75.26643371582031","75.26643371582031","75.26643371582031","57.77487564086914","57.77487564086914","57.77487564086914","18.81264877319336","18.81264877319336","18.81264877319336"
"4829","80.37640380859375","80.37640380859375","80.37640380859375","49.30751037597656","49.30751037597656","49.30751037597656","15.706801414489746","15.706801414489746","15.706801414489746","80.85370635986328","80.85370635986328","80.85370635986328","49.265438079833984","49.265438079833984","49.265438079833984","15.172416687011719","15.172416687011719","15.172416687011719"
"4859","60.286746978759766","60.286746978759766","60.286746978759766","46.46134567260742","46.46134567260742","46.46134567260742","15.755067825317383","15.755067825317383","15.755067825317383","60.30133819580078","60.30133819580078","60.30133819580078","46.44517517089844","46.44517517089844","46.44517517089844","15.143250465393066","15.143250465393066","15.143250465393066"
"4889","63.352294921875","63.352294921875","63.352294921875","48.57408905029297","48.57408905029297","48.57408905029297","15.526079177856445","15.526079177856445","15.526079177856445","63.25515365600586","63.25515365600586","63.25515365600586","48.52046585083008","48.52046585083008","48.52046585083008","14.856163024902344","14.856163024902344","14.856163024902344"
"4919","67.44189453125","67.44189453125","67.44189453125","43.264286041259766","43.264286041259766","43.264286041259766","14.894824028015137","14.894824028015137","14.894824028015137","67.44944763183594","67.44944763183594","67.44944763183594","43.3500862121582","43.3500862121582","43.3500862121582","14.371936798095703","14.371936798095703","14.371936798095703"
"4949","60.53892135620117","60.53892135620117","60.53892135620117","52.27576446533203","52.27576446533203","52.27576446533203","18.814210891723633","18.814210891723633","18.814210891723633","60.46330261230469","60.46330261230469","60.46330261230469","52.28054428100586","52.28054428100586","52.28054428100586","18.084848403930664","18.084848403930664","18.084848403930664"
"4979","60.00507736206055","60.00507736206055","60.00507736206055","53.74675750732422","53.74675750732422","53.74675750732422","19.475202560424805","19.475202560424805","19.475202560424805","59.96615982055664","59.96615982055664","59.96615982055664","53.726444244384766","53.726444244384766","53.726444244384766","18.733951568603516","18.733951568603516","18.733951568603516"
"5009","62.538455963134766","62.538455963134766","62.538455963134766","46.45223617553711","46.45223617553711","46.45223617553711","14.919705390930176","14.919705390930176","14.919705390930176","62.62857437133789","62.62857437133789","62.62857437133789","46.42025375366211","46.42025375366211","46.42025375366211","14.312509536743164","14.312509536743164","14.312509536743164"
"5039","62.52025604248047","62.52025604248047","62.52025604248047","46.50275802612305","46.50275802612305","46.50275802612305","15.954617500305176","15.954617500305176","15.954617500305176","62.498104095458984","62.498104095458984","62.498104095458984","46.48290252685547","46.48290252685547","46.48290252685547","15.256693840026855","15.256693840026855","15.256693840026855"
"5069","60.37919616699219","60.37919616699219","60.37919616699219","49.92444610595703","49.92444610595703","49.92444610595703","16.595121383666992","16.595121383666992","16.595121383666992","60.3520393371582","60.3520393371582","60.3520393371582","49.902626037597656","49.902626037597656","49.902626037597656","15.831974983215332","15.831974983215332","15.831974983215332"
"5099","57.86272430419922","57.86272430419922","57.86272430419922","45.78847122192383","45.78847122192383","45.78847122192383","15.435492515563965","15.435492515563965","15.435492515563965","57.9095458984375","57.9095458984375","57.9095458984375","45.71328353881836","45.71328353881836","45.71328353881836","15.057783126831055","15.057783126831055","15.057783126831055"
"5129","62.957244873046875","62.957244873046875","62.957244873046875","50.150936126708984","50.150936126708984","50.150936126708984","16.69925308227539","16.69925308227539","16.69925308227539","63.02107238769531","63.02107238769531","63.02107238769531","50.13132858276367","50.13132858276367","50.13132858276367","16.20444107055664","16.20444107055664","16.20444107055664"
"5159","87.3418960571289","87.3418960571289","87.3418960571289","51.716922760009766","51.716922760009766","51.716922760009766","15.44979476928711","15.44979476928711","15.44979476928711","87.46450805664062","87.46450805664062","87.46450805664062","51.62160110473633","51.62160110473633","51.62160110473633","15.046977043151855","15.046977043151855","15.046977043151855"
"5189","64.25859832763672","64.25859832763672","64.25859832763672","51.707332611083984","51.707332611083984","51.707332611083984","17.38094139099121","17.38094139099121","17.38094139099121","64.28205108642578","64.28205108642578","64.28205108642578","51.64215850830078","51.64215850830078","51.64215850830078","16.748992919921875","16.748992919921875","16.748992919921875"
"5219","60.877201080322266","60.877201080322266","60.877201080322266","48.904666900634766","48.904666900634766","48.904666900634766","15.791780471801758","15.791780471801758","15.791780471801758","60.83893966674805","60.83893966674805","60.83893966674805","48.937625885009766","48.937625885009766","48.937625885009766","15.424288749694824","15.424288749694824","15.424288749694824"
"5249","63.05583953857422","63.05583953857422","63.05583953857422","51.05989074707031","51.05989074707031","51.05989074707031","19.260021209716797","19.260021209716797","19.260021209716797","63.09281921386719","63.09281921386719","63.09281921386719","51.11128616333008","51.11128616333008","51.11128616333008","18.581138610839844","18.581138610839844","18.581138610839844"
"5279","57.697998046875","57.697998046875","57.697998046875","44.83090591430664","44.83090591430664","44.83090591430664","15.828998565673828","15.828998565673828","15.828998565673828","57.69761657714844","57.69761657714844","57.69761657714844","44.70241928100586","44.70241928100586","44.70241928100586","15.14130973815918","15.14130973815918","15.14130973815918"
"5309","65.44102478027344","65.44102478027344","65.44102478027344","58.956825256347656","58.956825256347656","58.956825256347656","14.669717788696289","14.669717788696289","14.669717788696289","65.41180419921875","65.41180419921875","65.41180419921875","59.6957893371582","59.6957893371582","59.6957893371582","14.218637466430664","14.218637466430664","14.218637466430664"
"5339","63.43497848510742","63.43497848510742","63.43497848510742","47.52000045776367","47.52000045776367","47.52000045776367","16.305776596069336","16.305776596069336","16.305776596069336","63.300926208496094","63.300926208496094","63.300926208496094","47.5109748840332","47.5109748840332","47.5109748840332","15.64838695526123","15.64838695526123","15.64838695526123"
"5369","84.58445739746094","84.58445739746094","84.58445739746094","56.47574996948242","56.47574996948242","56.47574996948242","18.18438148498535","18.18438148498535","18.18438148498535","84.9251708984375","84.9251708984375","84.9251708984375","56.43526077270508","56.43526077270508","56.43526077270508","17.718542098999023","17.718542098999023","17.718542098999023"
"5399","62.21492385864258","62.21492385864258","62.21492385864258","50.27480697631836","50.27480697631836","50.27480697631836","17.01612091064453","17.01612091064453","17.01612091064453","62.16300582885742","62.16300582885742","62.16300582885742","50.27517318725586","50.27517318725586","50.27517318725586","16.390625","16.390625","16.390625"
"5429","64.7830581665039","64.7830581665039","64.7830581665039","54.24132537841797","54.24132537841797","54.24132537841797","17.332950592041016","17.332950592041016","17.332950592041016","64.69343566894531","64.69343566894531","64.69343566894531","54.218353271484375","54.218353271484375","54.218353271484375","16.89454460144043","16.89454460144043","16.89454460144043"
"5459","66.351318359375","66.351318359375","66.351318359375","57.35273361206055","57.35273361206055","57.35273361206055","17.47303009033203","17.47303009033203","17.47303009033203","66.26687622070312","66.26687622070312","66.26687622070312","56.99067306518555","56.99067306518555","56.99067306518555","17.025798797607422","17.025798797607422","17.025798797607422"
"5489","57.10753631591797","57.10753631591797","57.10753631591797","42.259666442871094","42.259666442871094","42.259666442871094","14.477968215942383","14.477968215942383","14.477968215942383","57.07988739013672","57.07988739013672","57.07988739013672","42.30845642089844","42.30845642089844","42.30845642089844","14.190862655639648","14.190862655639648","14.190862655639648"
"5519","59.95698165893555","59.95698165893555","59.95698165893555","47.29800796508789","47.29800796508789","47.29800796508789","16.4830379486084","16.4830379486084","16.4830379486084","59.98195266723633","59.98195266723633","59.98195266723633","47.32674789428711","47.32674789428711","47.32674789428711","15.903532028198242","15.903532028198242","15.903532028198242"
"5549","62.55203628540039","62.55203628540039","62.55203628540039","49.191200256347656","49.191200256347656","49.191200256347656","18.140535354614258","18.140535354614258","18.140535354614258","62.5643196105957","62.5643196105957","62.5643196105957","49.22789001464844","49.22789001464844","49.22789001464844","17.61709976196289","17.61709976196289","17.61709976196289"
"5579","88.24114227294922","88.24114227294922","88.24114227294922","46.2917366027832","46.2917366027832","46.2917366027832","15.179092407226562","15.179092407226562","15.179092407226562","88.63916015625","88.63916015625","88.63916015625","46.28387451171875","46.28387451171875","46.28387451171875","14.662641525268555","14.662641525268555","14.662641525268555"
"5609","59.71328353881836","59.71328353881836","59.71328353881836","44.15458297729492","44.15458297729492","44.15458297729492","15.554927825927734","15.554927825927734","15.554927825927734","59.86403274536133","59.86403274536133","59.86403274536133","44.33919906616211","44.33919906616211","44.33919906616211","15.147828102111816","15.147828102111816","15.147828102111816"
"5639","62.24807357788086","62.24807357788086","62.24807357788086","49.96377944946289","49.96377944946289","49.96377944946289","18.817630767822266","18.817630767822266","18.817630767822266","62.101043701171875","62.101043701171875","62.101043701171875","49.98999786376953","49.98999786376953","49.98999786376953","18.261865615844727","18.261865615844727","18.261865615844727"
"5669","62.6688346862793","62.6688346862793","62.6688346862793","47.163055419921875","47.163055419921875","47.163055419921875","16.750627517700195","16.750627517700195","16.750627517700195","62.51841735839844","62.51841735839844","62.51841735839844","47.19599533081055","47.19599533081055","47.19599533081055","16.201738357543945","16.201738357543945","16.201738357543945"
"5699","96.6068115234375","96.6068115234375","96.6068115234375","55.01354217529297","55.01354217529297","55.01354217529297","15.478365898132324","15.478365898132324","15.478365898132324","96.9456787109375","96.9456787109375","96.9456787109375","55.055267333984375","55.055267333984375","55.055267333984375","15.097670555114746","15.097670555114746","15.097670555114746"
"5729","59.4623908996582","59.4623908996582","59.4623908996582","47.17278289794922","47.17278289794922","47.17278289794922","17.00773811340332","17.00773811340332","17.00773811340332","59.37804412841797","59.37804412841797","59.37804412841797","47.20326232910156","47.20326232910156","47.20326232910156","16.58964729309082","16.58964729309082","16.58964729309082"
"5759","67.03588104248047","67.03588104248047","67.03588104248047","49.12868881225586","49.12868881225586","49.12868881225586","17.284042358398438","17.284042358398438","17.284042358398438","66.88140106201172","66.88140106201172","66.88140106201172","49.09239959716797","49.09239959716797","49.09239959716797","16.873239517211914","16.873239517211914","16.873239517211914"
"5789","59.83871078491211","59.83871078491211","59.83871078491211","50.31166076660156","50.31166076660156","50.31166076660156","16.656198501586914","16.656198501586914","16.656198501586914","59.737327575683594","59.737327575683594","59.737327575683594","50.26780319213867","50.26780319213867","50.26780319213867","15.998607635498047","15.998607635498047","15.998607635498047"
"5819","57.79221725463867","57.79221725463867","57.79221725463867","43.83438491821289","43.83438491821289","43.83438491821289","15.292624473571777","15.292624473571777","15.292624473571777","57.69696807861328","57.69696807861328","57.69696807861328","43.75071716308594","43.75071716308594","43.75071716308594","14.759672164916992","14.759672164916992","14.759672164916992"
"5849","63.37272262573242","63.37272262573242","63.37272262573242","53.30200958251953","53.30200958251953","53.30200958251953","18.462697982788086","18.462697982788086","18.462697982788086","63.238037109375","63.238037109375","63.238037109375","53.25851058959961","53.25851058959961","53.25851058959961","17.917131423950195","17.917131423950195","17.917131423950195"
"5879","60.256629943847656","60.256629943847656","60.256629943847656","47.3173828125","47.3173828125","47.3173828125","16.45711898803711","16.45711898803711","16.45711898803711","60.17123031616211","60.17123031616211","60.17123031616211","47.3176155090332","47.3176155090332","47.3176155090332","16.192119598388672","16.192119598388672","16.192119598388672"
"5909","59.00407409667969","59.00407409667969","59.00407409667969","44.50390625","44.50390625","44.50390625","14.42616081237793","14.42616081237793","14.42616081237793","59.08671188354492","59.08671188354492","59.08671188354492","44.42686462402344","44.42686462402344","44.42686462402344","13.962936401367188","13.962936401367188","13.962936401367188"
"5939","103.0205078125","103.0205078125","103.0205078125","54.64731216430664","54.64731216430664","54.64731216430664","17.797807693481445","17.797807693481445","17.797807693481445","103.37833404541016","103.37833404541016","103.37833404541016","54.732421875","54.732421875","54.732421875","16.94608497619629","16.94608497619629","16.94608497619629"
"5969","65.95842742919922","65.95842742919922","65.95842742919922","52.413631439208984","52.413631439208984","52.413631439208984","16.560260772705078","16.560260772705078","16.560260772705078","65.97128295898438","65.97128295898438","65.97128295898438","52.384910583496094","52.384910583496094","52.384910583496094","16.085378646850586","16.085378646850586","16.085378646850586"
"5999","59.74765396118164","59.74765396118164","59.74765396118164","46.27972412109375","46.27972412109375","46.27972412109375","16.32986068725586","16.32986068725586","16.32986068725586","59.74262619018555","59.74262619018555","59.74262619018555","46.30828857421875","46.30828857421875","46.30828857421875","15.836091995239258","15.836091995239258","15.836091995239258"
"6029","60.82688903808594","60.82688903808594","60.82688903808594","48.846214294433594","48.846214294433594","48.846214294433594","17.260602951049805","17.260602951049805","17.260602951049805","60.769676208496094","60.769676208496094","60.769676208496094","48.881839752197266","48.881839752197266","48.881839752197266","16.72700309753418","16.72700309753418","16.72700309753418"
"6059","91.16593170166016","91.16593170166016","91.16593170166016","50.20368194580078","50.20368194580078","50.20368194580078","16.627227783203125","16.627227783203125","16.627227783203125","91.44392395019531","91.44392395019531","91.44392395019531","50.16519546508789","50.16519546508789","50.16519546508789","16.158010482788086","16.158010482788086","16.158010482788086"
"6089","58.14192581176758","58.14192581176758","58.14192581176758","41.119632720947266","41.119632720947266","41.119632720947266","15.719919204711914","15.719919204711914","15.719919204711914","58.184326171875","58.184326171875","58.184326171875","41.10859298706055","41.10859298706055","41.10859298706055","15.415839195251465","15.415839195251465","15.415839195251465"
"6119","58.782615661621094","58.782615661621094","58.782615661621094","42.94728469848633","42.94728469848633","42.94728469848633","13.756803512573242","13.756803512573242","13.756803512573242","58.86118698120117","58.86118698120117","58.86118698120117","42.87221145629883","42.87221145629883","42.87221145629883","13.37576961517334","13.37576961517334","13.37576961517334"
"6149","57.3865852355957","57.3865852355957","57.3865852355957","43.704925537109375","43.704925537109375","43.704925537109375","15.248029708862305","15.248029708862305","15.248029708862305","57.43419647216797","57.43419647216797","57.43419647216797","43.63408279418945","43.63408279418945","43.63408279418945","14.743929862976074","14.743929862976074","14.743929862976074"
"6179","55.19294738769531","55.19294738769531","55.19294738769531","39.65416717529297","39.65416717529297","39.65416717529297","14.427936553955078","14.427936553955078","14.427936553955078","55.14804458618164","55.14804458618164","55.14804458618164","39.64835739135742","39.64835739135742","39.64835739135742","14.01253604888916","14.01253604888916","14.01253604888916"
"6209","74.40209197998047","74.40209197998047","74.40209197998047","42.55332565307617","42.55332565307617","42.55332565307617","13.918554306030273","13.918554306030273","13.918554306030273","74.59937286376953","74.59937286376953","74.59937286376953","42.55691146850586","42.55691146850586","42.55691146850586","13.554733276367188","13.554733276367188","13.554733276367188"
"6239","63.87187194824219","63.87187194824219","63.87187194824219","49.67314529418945","49.67314529418945","49.67314529418945","17.729084014892578","17.729084014892578","17.729084014892578","63.98535919189453","63.98535919189453","63.98535919189453","49.623802185058594","49.623802185058594","49.623802185058594","17.181339263916016","17.181339263916016","17.181339263916016"
"6269","63.07805633544922","63.07805633544922","63.07805633544922","44.907875061035156","44.907875061035156","44.907875061035156","15.43386459350586","15.43386459350586","15.43386459350586","62.938167572021484","62.938167572021484","62.938167572021484","44.92023468017578","44.92023468017578","44.92023468017578","15.069141387939453","15.069141387939453","15.069141387939453"
"6299","62.40534973144531","62.40534973144531","62.40534973144531","48.28668975830078","48.28668975830078","48.28668975830078","16.698612213134766","16.698612213134766","16.698612213134766","62.312313079833984","62.312313079833984","62.312313079833984","48.314208984375","48.314208984375","48.314208984375","16.06938934326172","16.06938934326172","16.06938934326172"
"6329","103.64669799804688","103.64669799804688","103.64669799804688","61.29526138305664","61.29526138305664","61.29526138305664","18.32075309753418","18.32075309753418","18.32075309753418","103.71583557128906","103.71583557128906","103.71583557128906","61.34053421020508","61.34053421020508","61.34053421020508","17.73177146911621","17.73177146911621","17.73177146911621"
"6359","63.53180694580078","63.53180694580078","63.53180694580078","59.23789978027344","59.23789978027344","59.23789978027344","16.079147338867188","16.079147338867188","16.079147338867188","63.53014373779297","63.53014373779297","63.53014373779297","58.67652130126953","58.67652130126953","58.67652130126953","15.604182243347168","15.604182243347168","15.604182243347168"
"6389","60.48788833618164","60.48788833618164","60.48788833618164","42.2896728515625","42.2896728515625","42.2896728515625","16.07115936279297","16.07115936279297","16.07115936279297","60.476112365722656","60.476112365722656","60.476112365722656","42.32414627075195","42.32414627075195","42.32414627075195","15.535385131835938","15.535385131835938","15.535385131835938"
"6419","57.89802551269531","57.89802551269531","57.89802551269531","41.29770278930664","41.29770278930664","41.29770278930664","15.875442504882812","15.875442504882812","15.875442504882812","57.773860931396484","57.773860931396484","57.773860931396484","41.25569152832031","41.25569152832031","41.25569152832031","15.449943542480469","15.449943542480469","15.449943542480469"
"6449","55.59940719604492","55.59940719604492","55.59940719604492","40.10493087768555","40.10493087768555","40.10493087768555","14.176342010498047","14.176342010498047","14.176342010498047","55.59621047973633","55.59621047973633","55.59621047973633","40.10230255126953","40.10230255126953","40.10230255126953","13.51269245147705","13.51269245147705","13.51269245147705"
"6479","60.388797760009766","60.388797760009766","60.388797760009766","49.07814407348633","49.07814407348633","49.07814407348633","16.894075393676758","16.894075393676758","16.894075393676758","60.42293930053711","60.42293930053711","60.42293930053711","49.039588928222656","49.039588928222656","49.039588928222656","16.201539993286133","16.201539993286133","16.201539993286133"
"6509","92.31206512451172","92.31206512451172","92.31206512451172","49.19578170776367","49.19578170776367","49.19578170776367","16.668338775634766","16.668338775634766","16.668338775634766","92.69097137451172","92.69097137451172","92.69097137451172","49.159881591796875","49.159881591796875","49.159881591796875","16.19411277770996","16.19411277770996","16.19411277770996"
"6539","61.022518157958984","61.022518157958984","61.022518157958984","46.73823165893555","46.73823165893555","46.73823165893555","16.09552001953125","16.09552001953125","16.09552001953125","61.0099983215332","61.0099983215332","61.0099983215332","46.82359313964844","46.82359313964844","46.82359313964844","15.828744888305664","15.828744888305664","15.828744888305664"
"6569","63.89364242553711","63.89364242553711","63.89364242553711","47.92217254638672","47.92217254638672","47.92217254638672","14.942980766296387","14.942980766296387","14.942980766296387","63.822288513183594","63.822288513183594","63.822288513183594","47.885433197021484","47.885433197021484","47.885433197021484","14.5393705368042","14.5393705368042","14.5393705368042"
"6599","63.54987335205078","63.54987335205078","63.54987335205078","48.58139419555664","48.58139419555664","48.58139419555664","16.14506721496582","16.14506721496582","16.14506721496582","63.57658004760742","63.57658004760742","63.57658004760742","48.63095474243164","48.63095474243164","48.63095474243164","15.70165729522705","15.70165729522705","15.70165729522705"
"6629","61.874046325683594","61.874046325683594","61.874046325683594","50.52067184448242","50.52067184448242","50.52067184448242","19.39265251159668","19.39265251159668","19.39265251159668","61.87189865112305","61.87189865112305","61.87189865112305","50.58157730102539","50.58157730102539","50.58157730102539","18.836137771606445","18.836137771606445","18.836137771606445"
"6659","89.99312591552734","89.99312591552734","89.99312591552734","43.91360092163086","43.91360092163086","43.91360092163086","14.817763328552246","14.817763328552246","14.817763328552246","90.07230377197266","90.07230377197266","90.07230377197266","44.00360870361328","44.00360870361328","44.00360870361328","14.369325637817383","14.369325637817383","14.369325637817383"
"6689","63.728553771972656","63.728553771972656","63.728553771972656","48.08403396606445","48.08403396606445","48.08403396606445","17.15708351135254","17.15708351135254","17.15708351135254","63.69526672363281","63.69526672363281","63.69526672363281","48.00448226928711","48.00448226928711","48.00448226928711","16.46080207824707","16.46080207824707","16.46080207824707"
"6719","55.51704788208008","55.51704788208008","55.51704788208008","39.3450927734375","39.3450927734375","39.3450927734375","13.016097068786621","13.016097068786621","13.016097068786621","55.594329833984375","55.594329833984375","55.594329833984375","39.303958892822266","39.303958892822266","39.303958892822266","12.633341789245605","12.633341789245605","12.633341789245605"
"6749","128.51527404785156","128.51527404785156","128.51527404785156","43.77896499633789","43.77896499633789","43.77896499633789","12.826094627380371","12.826094627380371","12.826094627380371","129.1558074951172","129.1558074951172","129.1558074951172","43.67327880859375","43.67327880859375","43.67327880859375","12.371679306030273","12.371679306030273","12.371679306030273"
"6779","66.69252014160156","66.69252014160156","66.69252014160156","43.38918685913086","43.38918685913086","43.38918685913086","15.19237995147705","15.19237995147705","15.19237995147705","66.63311004638672","66.63311004638672","66.63311004638672","43.438968658447266","43.438968658447266","43.438968658447266","14.796846389770508","14.796846389770508","14.796846389770508"
"6809","55.08711624145508","55.08711624145508","55.08711624145508","41.47309494018555","41.47309494018555","41.47309494018555","13.443625450134277","13.443625450134277","13.443625450134277","54.96431350708008","54.96431350708008","54.96431350708008","41.39742660522461","41.39742660522461","41.39742660522461","12.933632850646973","12.933632850646973","12.933632850646973"
"6839","80.2511978149414","80.2511978149414","80.2511978149414","50.54548645019531","50.54548645019531","50.54548645019531","17.262407302856445","17.262407302856445","17.262407302856445","80.42221069335938","80.42221069335938","80.42221069335938","50.49545669555664","50.49545669555664","50.49545669555664","16.787841796875","16.787841796875","16.787841796875"
"6869","61.09668731689453","61.09668731689453","61.09668731689453","41.191463470458984","41.191463470458984","41.191463470458984","14.166396141052246","14.166396141052246","14.166396141052246","61.03435516357422","61.03435516357422","61.03435516357422","41.14560317993164","41.14560317993164","41.14560317993164","13.798065185546875","13.798065185546875","13.798065185546875"
"6899","58.02339172363281","58.02339172363281","58.02339172363281","46.12287902832031","46.12287902832031","46.12287902832031","16.68117332458496","16.68117332458496","16.68117332458496","57.9467658996582","57.9467658996582","57.9467658996582","46.436439514160156","46.436439514160156","46.436439514160156","16.047889709472656","16.047889709472656","16.047889709472656"
"6929","58.52617645263672","58.52617645263672","58.52617645263672","40.507232666015625","40.507232666015625","40.507232666015625","14.33598518371582","14.33598518371582","14.33598518371582","58.380672454833984","58.380672454833984","58.380672454833984","40.53811264038086","40.53811264038086","40.53811264038086","14.05267333984375","14.05267333984375","14.05267333984375"
"6959","57.59832000732422","57.59832000732422","57.59832000732422","43.17731475830078","43.17731475830078","43.17731475830078","15.54757022857666","15.54757022857666","15.54757022857666","57.592830657958984","57.592830657958984","57.592830657958984","43.22395324707031","43.22395324707031","43.22395324707031","15.134648323059082","15.134648323059082","15.134648323059082"
"6989","60.649208068847656","60.649208068847656","60.649208068847656","41.66667938232422","41.66667938232422","41.66667938232422","14.968864440917969","14.968864440917969","14.968864440917969","60.62884521484375","60.62884521484375","60.62884521484375","41.719539642333984","41.719539642333984","41.719539642333984","14.39529037475586","14.39529037475586","14.39529037475586"
"7019","57.00175094604492","57.00175094604492","57.00175094604492","42.29804229736328","42.29804229736328","42.29804229736328","14.863112449645996","14.863112449645996","14.863112449645996","56.968631744384766","56.968631744384766","56.968631744384766","42.237274169921875","42.237274169921875","42.237274169921875","14.26576042175293","14.26576042175293","14.26576042175293"
"7049","56.4068489074707","56.4068489074707","56.4068489074707","38.793907165527344","38.793907165527344","38.793907165527344","13.35790729522705","13.35790729522705","13.35790729522705","56.3504524230957","56.3504524230957","56.3504524230957","38.75746154785156","38.75746154785156","38.75746154785156","13.11489486694336","13.11489486694336","13.11489486694336"
"7079","59.64692687988281","59.64692687988281","59.64692687988281","45.4141845703125","45.4141845703125","45.4141845703125","15.54083251953125","15.54083251953125","15.54083251953125","59.673828125","59.673828125","59.673828125","45.33343505859375","45.33343505859375","45.33343505859375","15.002860069274902","15.002860069274902","15.002860069274902"
"7109","56.99828338623047","56.99828338623047","56.99828338623047","42.28327941894531","42.28327941894531","42.28327941894531","14.782807350158691","14.782807350158691","14.782807350158691","56.89742660522461","56.89742660522461","56.89742660522461","42.30069351196289","42.30069351196289","42.30069351196289","14.320479393005371","14.320479393005371","14.320479393005371"
"7139","61.26848602294922","61.26848602294922","61.26848602294922","42.64671325683594","42.64671325683594","42.64671325683594","15.31560230255127","15.31560230255127","15.31560230255127","61.22156524658203","61.22156524658203","61.22156524658203","42.592567443847656","42.592567443847656","42.592567443847656","14.874373435974121","14.874373435974121","14.874373435974121"
"7169","54.56669616699219","54.56669616699219","54.56669616699219","38.69509506225586","38.69509506225586","38.69509506225586","13.343198776245117","13.343198776245117","13.343198776245117","54.527626037597656","54.527626037597656","54.527626037597656","38.637699127197266","38.637699127197266","38.637699127197266","13.133514404296875","13.133514404296875","13.133514404296875"
"7199","57.257728576660156","57.257728576660156","57.257728576660156","42.10329055786133","42.10329055786133","42.10329055786133","16.588823318481445","16.588823318481445","16.588823318481445","57.12773132324219","57.12773132324219","57.12773132324219","42.14289093017578","42.14289093017578","42.14289093017578","16.185489654541016","16.185489654541016","16.185489654541016"
"7229","56.21139144897461","56.21139144897461","56.21139144897461","38.63739013671875","38.63739013671875","38.63739013671875","13.703060150146484","13.703060150146484","13.703060150146484","56.17365264892578","56.17365264892578","56.17365264892578","38.554954528808594","38.554954528808594","38.554954528808594","13.2147798538208","13.2147798538208","13.2147798538208"
"7259","83.32049560546875","83.32049560546875","83.32049560546875","63.329071044921875","63.329071044921875","63.329071044921875","17.622840881347656","17.622840881347656","17.622840881347656","83.38908386230469","83.38908386230469","83.38908386230469","63.361473083496094","63.361473083496094","63.361473083496094","16.721050262451172","16.721050262451172","16.721050262451172"
"7289","56.76192855834961","56.76192855834961","56.76192855834961","38.68552017211914","38.68552017211914","38.68552017211914","15.775592803955078","15.775592803955078","15.775592803955078","56.76212692260742","56.76212692260742","56.76212692260742","38.69597625732422","38.69597625732422","38.69597625732422","15.29444408416748","15.29444408416748","15.29444408416748"
"7319","60.84669876098633","60.84669876098633","60.84669876098633","44.55895233154297","44.55895233154297","44.55895233154297","13.696635246276855","13.696635246276855","13.696635246276855","60.8275260925293","60.8275260925293","60.8275260925293","44.520423889160156","44.520423889160156","44.520423889160156","13.294343948364258","13.294343948364258","13.294343948364258"
"7349","56.31847381591797","56.31847381591797","56.31847381591797","42.15148162841797","42.15148162841797","42.15148162841797","18.24859619140625","18.24859619140625","18.24859619140625","56.275291442871094","56.275291442871094","56.275291442871094","42.10970687866211","42.10970687866211","42.10970687866211","17.798952102661133","17.798952102661133","17.798952102661133"
"7379","52.4478759765625","52.4478759765625","52.4478759765625","39.17833709716797","39.17833709716797","39.17833709716797","13.349802017211914","13.349802017211914","13.349802017211914","52.35672378540039","52.35672378540039","52.35672378540039","39.18402099609375","39.18402099609375","39.18402099609375","12.936994552612305","12.936994552612305","12.936994552612305"
"7409","58.80281066894531","58.80281066894531","58.80281066894531","46.68612289428711","46.68612289428711","46.68612289428711","16.23953628540039","16.23953628540039","16.23953628540039","58.68450927734375","58.68450927734375","58.68450927734375","46.645545959472656","46.645545959472656","46.645545959472656","15.932870864868164","15.932870864868164","15.932870864868164"
"7439","59.23440170288086","59.23440170288086","59.23440170288086","47.16017150878906","47.16017150878906","47.16017150878906","16.80410385131836","16.80410385131836","16.80410385131836","59.238826751708984","59.238826751708984","59.238826751708984","47.20572280883789","47.20572280883789","47.20572280883789","16.21329116821289","16.21329116821289","16.21329116821289"
"7469","59.92100143432617","59.92100143432617","59.92100143432617","44.37229537963867","44.37229537963867","44.37229537963867","15.660924911499023","15.660924911499023","15.660924911499023","59.99360275268555","59.99360275268555","59.99360275268555","44.311248779296875","44.311248779296875","44.311248779296875","15.024409294128418","15.024409294128418","15.024409294128418"
"7499","55.77334976196289","55.77334976196289","55.77334976196289","41.48269271850586","41.48269271850586","41.48269271850586","14.914965629577637","14.914965629577637","14.914965629577637","55.742122650146484","55.742122650146484","55.742122650146484","41.38689422607422","41.38689422607422","41.38689422607422","14.422324180603027","14.422324180603027","14.422324180603027"
"7529","58.55291748046875","58.55291748046875","58.55291748046875","43.084716796875","43.084716796875","43.084716796875","15.784703254699707","15.784703254699707","15.784703254699707","58.60269546508789","58.60269546508789","58.60269546508789","42.89921951293945","42.89921951293945","42.89921951293945","15.294045448303223","15.294045448303223","15.294045448303223"
"7559","60.191898345947266","60.191898345947266","60.191898345947266","45.78267288208008","45.78267288208008","45.78267288208008","16.925615310668945","16.925615310668945","16.925615310668945","60.26081848144531","60.26081848144531","60.26081848144531","45.78524398803711","45.78524398803711","45.78524398803711","16.558149337768555","16.558149337768555","16.558149337768555"
"7589","55.29766082763672","55.29766082763672","55.29766082763672","38.32551574707031","38.32551574707031","38.32551574707031","13.045316696166992","13.045316696166992","13.045316696166992","55.197879791259766","55.197879791259766","55.197879791259766","38.21778869628906","38.21778869628906","38.21778869628906","12.603425025939941","12.603425025939941","12.603425025939941"
"7619","99.8623046875","99.8623046875","99.8623046875","59.42280197143555","59.42280197143555","59.42280197143555","17.759986877441406","17.759986877441406","17.759986877441406","99.90798950195312","99.90798950195312","99.90798950195312","59.43259811401367","59.43259811401367","59.43259811401367","17.46389389038086","17.46389389038086","17.46389389038086"
"7649","56.92784881591797","56.92784881591797","56.92784881591797","46.56233215332031","46.56233215332031","46.56233215332031","16.37428092956543","16.37428092956543","16.37428092956543","56.85417175292969","56.85417175292969","56.85417175292969","46.574119567871094","46.574119567871094","46.574119567871094","15.985526084899902","15.985526084899902","15.985526084899902"
"7679","53.85054397583008","53.85054397583008","53.85054397583008","37.127159118652344","37.127159118652344","37.127159118652344","13.792750358581543","13.792750358581543","13.792750358581543","53.77781295776367","53.77781295776367","53.77781295776367","37.137413024902344","37.137413024902344","37.137413024902344","13.482691764831543","13.482691764831543","13.482691764831543"
"7709","61.481483459472656","61.481483459472656","61.481483459472656","43.75261688232422","43.75261688232422","43.75261688232422","14.721954345703125","14.721954345703125","14.721954345703125","61.42275619506836","61.42275619506836","61.42275619506836","43.75664520263672","43.75664520263672","43.75664520263672","14.155600547790527","14.155600547790527","14.155600547790527"
"7739","61.477962493896484","61.477962493896484","61.477962493896484","46.030555725097656","46.030555725097656","46.030555725097656","16.8402099609375","16.8402099609375","16.8402099609375","61.47730255126953","61.47730255126953","61.47730255126953","46.15681457519531","46.15681457519531","46.15681457519531","16.221412658691406","16.221412658691406","16.221412658691406"
"7769","59.11154556274414","59.11154556274414","59.11154556274414","43.23804473876953","43.23804473876953","43.23804473876953","16.606142044067383","16.606142044067383","16.606142044067383","59.028377532958984","59.028377532958984","59.028377532958984","43.16739273071289","43.16739273071289","43.16739273071289","16.234111785888672","16.234111785888672","16.234111785888672"
"7799","54.235252380371094","54.235252380371094","54.235252380371094","41.89724349975586","41.89724349975586","41.89724349975586","16.605619430541992","16.605619430541992","16.605619430541992","54.203182220458984","54.203182220458984","54.203182220458984","41.94772720336914","41.94772720336914","41.94772720336914","16.408811569213867","16.408811569213867","16.408811569213867"
"7829","53.87583923339844","53.87583923339844","53.87583923339844","43.891685485839844","43.891685485839844","43.891685485839844","14.896903038024902","14.896903038024902","14.896903038024902","53.96311569213867","53.96311569213867","53.96311569213867","43.77317428588867","43.77317428588867","43.77317428588867","14.427255630493164","14.427255630493164","14.427255630493164"
"7859","58.35269546508789","58.35269546508789","58.35269546508789","42.93466567993164","42.93466567993164","42.93466567993164","15.200265884399414","15.200265884399414","15.200265884399414","58.3154411315918","58.3154411315918","58.3154411315918","42.92565155029297","42.92565155029297","42.92565155029297","14.598312377929688","14.598312377929688","14.598312377929688"
"7889","53.44275665283203","53.44275665283203","53.44275665283203","37.9448127746582","37.9448127746582","37.9448127746582","13.033388137817383","13.033388137817383","13.033388137817383","53.366546630859375","53.366546630859375","53.366546630859375","37.95528793334961","37.95528793334961","37.95528793334961","12.64266586303711","12.64266586303711","12.64266586303711"
"7919","55.47635269165039","55.47635269165039","55.47635269165039","42.1536750793457","42.1536750793457","42.1536750793457","16.140668869018555","16.140668869018555","16.140668869018555","55.40488052368164","55.40488052368164","55.40488052368164","42.30238342285156","42.30238342285156","42.30238342285156","15.683756828308105","15.683756828308105","15.683756828308105"
"7949","56.03475570678711","56.03475570678711","56.03475570678711","38.94856262207031","38.94856262207031","38.94856262207031","13.964147567749023","13.964147567749023","13.964147567749023","55.95861053466797","55.95861053466797","55.95861053466797","38.98336410522461","38.98336410522461","38.98336410522461","13.66080093383789","13.66080093383789","13.66080093383789"
"7979","54.4816780090332","54.4816780090332","54.4816780090332","41.00779342651367","41.00779342651367","41.00779342651367","16.261838912963867","16.261838912963867","16.261838912963867","54.40220642089844","54.40220642089844","54.40220642089844","40.96328353881836","40.96328353881836","40.96328353881836","16.02260398864746","16.02260398864746","16.02260398864746"
"8009","58.85308837890625","58.85308837890625","58.85308837890625","45.38083267211914","45.38083267211914","45.38083267211914","15.759770393371582","15.759770393371582","15.759770393371582","58.93053436279297","58.93053436279297","58.93053436279297","44.96152114868164","44.96152114868164","44.96152114868164","15.389860153198242","15.389860153198242","15.389860153198242"
"8039","61.416297912597656","61.416297912597656","61.416297912597656","47.61919021606445","47.61919021606445","47.61919021606445","18.12874984741211","18.12874984741211","18.12874984741211","61.5191535949707","61.5191535949707","61.5191535949707","47.707733154296875","47.707733154296875","47.707733154296875","17.47603988647461","17.47603988647461","17.47603988647461"
"8069","53.836219787597656","53.836219787597656","53.836219787597656","34.725765228271484","34.725765228271484","34.725765228271484","13.386474609375","13.386474609375","13.386474609375","53.760536193847656","53.760536193847656","53.760536193847656","34.62066650390625","34.62066650390625","34.62066650390625","12.951472282409668","12.951472282409668","12.951472282409668"
"8099","55.33158493041992","55.33158493041992","55.33158493041992","42.82004928588867","42.82004928588867","42.82004928588867","14.576364517211914","14.576364517211914","14.576364517211914","55.2632942199707","55.2632942199707","55.2632942199707","42.6867561340332","42.6867561340332","42.6867561340332","14.141158103942871","14.141158103942871","14.141158103942871"
"8129","57.37264633178711","57.37264633178711","57.37264633178711","36.80234909057617","36.80234909057617","36.80234909057617","13.378904342651367","13.378904342651367","13.378904342651367","57.25165939331055","57.25165939331055","57.25165939331055","36.74819564819336","36.74819564819336","36.74819564819336","13.011846542358398","13.011846542358398","13.011846542358398"
"8159","55.38011169433594","55.38011169433594","55.38011169433594","36.70951461791992","36.70951461791992","36.70951461791992","14.100241661071777","14.100241661071777","14.100241661071777","55.25204086303711","55.25204086303711","55.25204086303711","36.70927047729492","36.70927047729492","36.70927047729492","13.758506774902344","13.758506774902344","13.758506774902344"
"8189","53.5102424621582","53.5102424621582","53.5102424621582","43.36333084106445","43.36333084106445","43.36333084106445","14.140721321105957","14.140721321105957","14.140721321105957","53.495574951171875","53.495574951171875","53.495574951171875","43.41380310058594","43.41380310058594","43.41380310058594","13.687456130981445","13.687456130981445","13.687456130981445"
"8219","59.04591751098633","59.04591751098633","59.04591751098633","52.78470230102539","52.78470230102539","52.78470230102539","16.810728073120117","16.810728073120117","16.810728073120117","59.00486373901367","59.00486373901367","59.00486373901367","52.55154037475586","52.55154037475586","52.55154037475586","16.4127197265625","16.4127197265625","16.4127197265625"
"8249","57.24298858642578","57.24298858642578","57.24298858642578","40.179100036621094","40.179100036621094","40.179100036621094","14.088890075683594","14.088890075683594","14.088890075683594","57.28085708618164","57.28085708618164","57.28085708618164","40.080482482910156","40.080482482910156","40.080482482910156","13.733792304992676","13.733792304992676","13.733792304992676"
"8279","55.92143249511719","55.92143249511719","55.92143249511719","39.22114181518555","39.22114181518555","39.22114181518555","14.783641815185547","14.783641815185547","14.783641815185547","55.97669982910156","55.97669982910156","55.97669982910156","39.17876434326172","39.17876434326172","39.17876434326172","14.370658874511719","14.370658874511719","14.370658874511719"
"8309","52.62287902832031","52.62287902832031","52.62287902832031","39.19765090942383","39.19765090942383","39.19765090942383","14.595437049865723","14.595437049865723","14.595437049865723","52.75179672241211","52.75179672241211","52.75179672241211","39.20387649536133","39.20387649536133","39.20387649536133","14.1677827835083","14.1677827835083","14.1677827835083"
"8339","56.84665298461914","56.84665298461914","56.84665298461914","43.76321029663086","43.76321029663086","43.76321029663086","16.57024574279785","16.57024574279785","16.57024574279785","56.7656135559082","56.7656135559082","56.7656135559082","43.837215423583984","43.837215423583984","43.837215423583984","16.318403244018555","16.318403244018555","16.318403244018555"
"8369","56.42200469970703","56.42200469970703","56.42200469970703","43.36856460571289","43.36856460571289","43.36856460571289","17.081161499023438","17.081161499023438","17.081161499023438","56.43976593017578","56.43976593017578","56.43976593017578","43.346397399902344","43.346397399902344","43.346397399902344","16.441572189331055","16.441572189331055","16.441572189331055"
"8399","57.33382797241211","57.33382797241211","57.33382797241211","44.82368850708008","44.82368850708008","44.82368850708008","17.024944305419922","17.024944305419922","17.024944305419922","57.307861328125","57.307861328125","57.307861328125","44.77759552001953","44.77759552001953","44.77759552001953","16.456661224365234","16.456661224365234","16.456661224365234"
"8429","56.14313888549805","56.14313888549805","56.14313888549805","52.601776123046875","52.601776123046875","52.601776123046875","13.512399673461914","13.512399673461914","13.512399673461914","56.151668548583984","56.151668548583984","56.151668548583984","52.501220703125","52.501220703125","52.501220703125","13.342041015625","13.342041015625","13.342041015625"
"8459","54.684730529785156","54.684730529785156","54.684730529785156","38.41790771484375","38.41790771484375","38.41790771484375","13.577692985534668","13.577692985534668","13.577692985534668","54.697303771972656","54.697303771972656","54.697303771972656","38.36931610107422","38.36931610107422","38.36931610107422","13.39337158203125","13.39337158203125","13.39337158203125"
"8489","53.92735290527344","53.92735290527344","53.92735290527344","39.38300323486328","39.38300323486328","39.38300323486328","13.703134536743164","13.703134536743164","13.703134536743164","53.84119415283203","53.84119415283203","53.84119415283203","39.3602180480957","39.3602180480957","39.3602180480957","13.298664093017578","13.298664093017578","13.298664093017578"
"8519","56.74116134643555","56.74116134643555","56.74116134643555","41.26719665527344","41.26719665527344","41.26719665527344","14.11490249633789","14.11490249633789","14.11490249633789","56.70566940307617","56.70566940307617","56.70566940307617","41.378265380859375","41.378265380859375","41.378265380859375","13.733043670654297","13.733043670654297","13.733043670654297"
"8549","51.664588928222656","51.664588928222656","51.664588928222656","37.139400482177734","37.139400482177734","37.139400482177734","12.90536880493164","12.90536880493164","12.90536880493164","51.62816619873047","51.62816619873047","51.62816619873047","37.16221618652344","37.16221618652344","37.16221618652344","12.564298629760742","12.564298629760742","12.564298629760742"
"8579","53.12080001831055","53.12080001831055","53.12080001831055","47.861717224121094","47.861717224121094","47.861717224121094","16.547279357910156","16.547279357910156","16.547279357910156","52.976585388183594","52.976585388183594","52.976585388183594","47.67243957519531","47.67243957519531","47.67243957519531","16.243751525878906","16.243751525878906","16.243751525878906"
"8609","55.41570281982422","55.41570281982422","55.41570281982422","41.66192626953125","41.66192626953125","41.66192626953125","15.298091888427734","15.298091888427734","15.298091888427734","55.32121276855469","55.32121276855469","55.32121276855469","41.62425994873047","41.62425994873047","41.62425994873047","14.973756790161133","14.973756790161133","14.973756790161133"
"8639","54.49462890625","54.49462890625","54.49462890625","38.610328674316406","38.610328674316406","38.610328674316406","13.741692543029785","13.741692543029785","13.741692543029785","54.39964294433594","54.39964294433594","54.39964294433594","38.50688552856445","38.50688552856445","38.50688552856445","13.36380672454834","13.36380672454834","13.36380672454834"
"8669","52.73398971557617","52.73398971557617","52.73398971557617","37.25767135620117","37.25767135620117","37.25767135620117","13.831233024597168","13.831233024597168","13.831233024597168","52.71710968017578","52.71710968017578","52.71710968017578","37.149314880371094","37.149314880371094","37.149314880371094","13.488109588623047","13.488109588623047","13.488109588623047"
"8699","54.20539093017578","54.20539093017578","54.20539093017578","41.9783935546875","41.9783935546875","41.9783935546875","15.403068542480469","15.403068542480469","15.403068542480469","54.32366943359375","54.32366943359375","54.32366943359375","42.04730224609375","42.04730224609375","42.04730224609375","14.966062545776367","14.966062545776367","14.966062545776367"
"8729","54.83265686035156","54.83265686035156","54.83265686035156","40.022708892822266","40.022708892822266","40.022708892822266","14.902654647827148","14.902654647827148","14.902654647827148","54.733123779296875","54.733123779296875","54.733123779296875","39.92436981201172","39.92436981201172","39.92436981201172","14.523024559020996","14.523024559020996","14.523024559020996"
"8759","57.79542922973633","57.79542922973633","57.79542922973633","43.64732360839844","43.64732360839844","43.64732360839844","15.2279052734375","15.2279052734375","15.2279052734375","57.888240814208984","57.888240814208984","57.888240814208984","43.62843704223633","43.62843704223633","43.62843704223633","14.907023429870605","14.907023429870605","14.907023429870605"
"8789","53.792781829833984","53.792781829833984","53.792781829833984","47.559852600097656","47.559852600097656","47.559852600097656","14.117684364318848","14.117684364318848","14.117684364318848","53.69504928588867","53.69504928588867","53.69504928588867","47.57644271850586","47.57644271850586","47.57644271850586","13.74185562133789","13.74185562133789","13.74185562133789"
"8819","58.3472785949707","58.3472785949707","58.3472785949707","38.79413604736328","38.79413604736328","38.79413604736328","13.465506553649902","13.465506553649902","13.465506553649902","58.42991638183594","58.42991638183594","58.42991638183594","38.69285202026367","38.69285202026367","38.69285202026367","13.065752983093262","13.065752983093262","13.065752983093262"
"8849","51.5222053527832","51.5222053527832","51.5222053527832","37.8875732421875","37.8875732421875","37.8875732421875","14.102892875671387","14.102892875671387","14.102892875671387","51.63112258911133","51.63112258911133","51.63112258911133","37.717063903808594","37.717063903808594","37.717063903808594","13.89472484588623","13.89472484588623","13.89472484588623"
"8879","58.51676940917969","58.51676940917969","58.51676940917969","46.21263885498047","46.21263885498047","46.21263885498047","16.164047241210938","16.164047241210938","16.164047241210938","58.624637603759766","58.624637603759766","58.624637603759766","46.13695526123047","46.13695526123047","46.13695526123047","15.728385925292969","15.728385925292969","15.728385925292969"
"8909","55.64558410644531","55.64558410644531","55.64558410644531","40.12459945678711","40.12459945678711","40.12459945678711","14.643529891967773","14.643529891967773","14.643529891967773","55.621337890625","55.621337890625","55.621337890625","40.10449981689453","40.10449981689453","40.10449981689453","14.292585372924805","14.292585372924805","14.292585372924805"
"8939","54.62376022338867","54.62376022338867","54.62376022338867","36.044864654541016","36.044864654541016","36.044864654541016","13.175798416137695","13.175798416137695","13.175798416137695","54.69820785522461","54.69820785522461","54.69820785522461","35.98627853393555","35.98627853393555","35.98627853393555","13.01131820678711","13.01131820678711","13.01131820678711"
"8969","53.89795684814453","53.89795684814453","53.89795684814453","40.678955078125","40.678955078125","40.678955078125","16.140867233276367","16.140867233276367","16.140867233276367","53.97176742553711","53.97176742553711","53.97176742553711","40.71792221069336","40.71792221069336","40.71792221069336","15.901865005493164","15.901865005493164","15.901865005493164"
"8999","52.86940002441406","52.86940002441406","52.86940002441406","37.81400680541992","37.81400680541992","37.81400680541992","13.748679161071777","13.748679161071777","13.748679161071777","52.90192413330078","52.90192413330078","52.90192413330078","37.72332000732422","37.72332000732422","37.72332000732422","13.550642013549805","13.550642013549805","13.550642013549805"
"9029","51.68381118774414","51.68381118774414","51.68381118774414","35.86314010620117","35.86314010620117","35.86314010620117","12.723251342773438","12.723251342773438","12.723251342773438","51.69615173339844","51.69615173339844","51.69615173339844","35.83929443359375","35.83929443359375","35.83929443359375","12.542004585266113","12.542004585266113","12.542004585266113"
"9059","57.029354095458984","57.029354095458984","57.029354095458984","43.91382598876953","43.91382598876953","43.91382598876953","16.807783126831055","16.807783126831055","16.807783126831055","56.90156173706055","56.90156173706055","56.90156173706055","44.06991958618164","44.06991958618164","44.06991958618164","16.106584548950195","16.106584548950195","16.106584548950195"
"9089","58.58467483520508","58.58467483520508","58.58467483520508","46.16939926147461","46.16939926147461","46.16939926147461","15.862028121948242","15.862028121948242","15.862028121948242","58.66180419921875","58.66180419921875","58.66180419921875","46.20803451538086","46.20803451538086","46.20803451538086","15.263782501220703","15.263782501220703","15.263782501220703"
"9119","53.36195373535156","53.36195373535156","53.36195373535156","38.913570404052734","38.913570404052734","38.913570404052734","15.104185104370117","15.104185104370117","15.104185104370117","53.39632797241211","53.39632797241211","53.39632797241211","38.88108444213867","38.88108444213867","38.88108444213867","14.79555892944336","14.79555892944336","14.79555892944336"
"9149","51.690486907958984","51.690486907958984","51.690486907958984","38.593990325927734","38.593990325927734","38.593990325927734","13.673933982849121","13.673933982849121","13.673933982849121","51.59236145019531","51.59236145019531","51.59236145019531","38.579402923583984","38.579402923583984","38.579402923583984","13.430660247802734","13.430660247802734","13.430660247802734"
"9179","53.72176742553711","53.72176742553711","53.72176742553711","37.32008743286133","37.32008743286133","37.32008743286133","13.509574890136719","13.509574890136719","13.509574890136719","53.707069396972656","53.707069396972656","53.707069396972656","37.24879455566406","37.24879455566406","37.24879455566406","13.476655006408691","13.476655006408691","13.476655006408691"
"9209","52.12297821044922","52.12297821044922","52.12297821044922","44.374725341796875","44.374725341796875","44.374725341796875","13.156103134155273","13.156103134155273","13.156103134155273","52.10287857055664","52.10287857055664","52.10287857055664","43.73359680175781","43.73359680175781","43.73359680175781","12.941795349121094","12.941795349121094","12.941795349121094"
"9239","52.7045783996582","52.7045783996582","52.7045783996582","39.176475524902344","39.176475524902344","39.176475524902344","14.749979019165039","14.749979019165039","14.749979019165039","52.768333435058594","52.768333435058594","52.768333435058594","39.18224334716797","39.18224334716797","39.18224334716797","14.387151718139648","14.387151718139648","14.387151718139648"
"9269","51.24686050415039","51.24686050415039","51.24686050415039","39.83734893798828","39.83734893798828","39.83734893798828","15.35904598236084","15.35904598236084","15.35904598236084","51.159461975097656","51.159461975097656","51.159461975097656","39.883331298828125","39.883331298828125","39.883331298828125","14.931313514709473","14.931313514709473","14.931313514709473"
"9299","54.83978271484375","54.83978271484375","54.83978271484375","41.69682693481445","41.69682693481445","41.69682693481445","14.1719331741333","14.1719331741333","14.1719331741333","54.81316375732422","54.81316375732422","54.81316375732422","41.62718200683594","41.62718200683594","41.62718200683594","13.706992149353027","13.706992149353027","13.706992149353027"
"9329","51.139930725097656","51.139930725097656","51.139930725097656","39.6033821105957","39.6033821105957","39.6033821105957","15.13576602935791","15.13576602935791","15.13576602935791","51.05317306518555","51.05317306518555","51.05317306518555","39.60050582885742","39.60050582885742","39.60050582885742","14.77606201171875","14.77606201171875","14.77606201171875"
"9359","56.10947799682617","56.10947799682617","56.10947799682617","42.11778259277344","42.11778259277344","42.11778259277344","14.978130340576172","14.978130340576172","14.978130340576172","56.2337532043457","56.2337532043457","56.2337532043457","42.07198715209961","42.07198715209961","42.07198715209961","14.645060539245605","14.645060539245605","14.645060539245605"
"9389","56.37355422973633","56.37355422973633","56.37355422973633","42.68213653564453","42.68213653564453","42.68213653564453","16.663522720336914","16.663522720336914","16.663522720336914","56.420291900634766","56.420291900634766","56.420291900634766","42.693016052246094","42.693016052246094","42.693016052246094","16.34535026550293","16.34535026550293","16.34535026550293"
"9419","51.8607177734375","51.8607177734375","51.8607177734375","36.75989532470703","36.75989532470703","36.75989532470703","12.772405624389648","12.772405624389648","12.772405624389648","51.89490509033203","51.89490509033203","51.89490509033203","36.82377243041992","36.82377243041992","36.82377243041992","12.492749214172363","12.492749214172363","12.492749214172363"
"9449","57.071746826171875","57.071746826171875","57.071746826171875","40.5421028137207","40.5421028137207","40.5421028137207","14.388106346130371","14.388106346130371","14.388106346130371","57.070037841796875","57.070037841796875","57.070037841796875","40.50568389892578","40.50568389892578","40.50568389892578","13.930537223815918","13.930537223815918","13.930537223815918"
"9479","54.72858810424805","54.72858810424805","54.72858810424805","38.44536590576172","38.44536590576172","38.44536590576172","14.532720565795898","14.532720565795898","14.532720565795898","54.606815338134766","54.606815338134766","54.606815338134766","38.35912322998047","38.35912322998047","38.35912322998047","14.25051212310791","14.25051212310791","14.25051212310791"
"9509","57.76660919189453","57.76660919189453","57.76660919189453","46.6755256652832","46.6755256652832","46.6755256652832","17.92974281311035","17.92974281311035","17.92974281311035","57.80039978027344","57.80039978027344","57.80039978027344","46.54630661010742","46.54630661010742","46.54630661010742","17.34593391418457","17.34593391418457","17.34593391418457"
"9539","54.177547454833984","54.177547454833984","54.177547454833984","40.6931037902832","40.6931037902832","40.6931037902832","15.986639976501465","15.986639976501465","15.986639976501465","54.029197692871094","54.029197692871094","54.029197692871094","40.750091552734375","40.750091552734375","40.750091552734375","15.443012237548828","15.443012237548828","15.443012237548828"
"9569","57.80815124511719","57.80815124511719","57.80815124511719","40.52523422241211","40.52523422241211","40.52523422241211","15.50551700592041","15.50551700592041","15.50551700592041","57.73506546020508","57.73506546020508","57.73506546020508","40.50996780395508","40.50996780395508","40.50996780395508","15.02099323272705","15.02099323272705","15.02099323272705"
"9599","53.93739318847656","53.93739318847656","53.93739318847656","38.07358932495117","38.07358932495117","38.07358932495117","14.52434253692627","14.52434253692627","14.52434253692627","53.79208755493164","53.79208755493164","53.79208755493164","38.1345100402832","38.1345100402832","38.1345100402832","14.102571487426758","14.102571487426758","14.102571487426758"
"9629","51.18960952758789","51.18960952758789","51.18960952758789","38.4157600402832","38.4157600402832","38.4157600402832","13.144246101379395","13.144246101379395","13.144246101379395","51.21706771850586","51.21706771850586","51.21706771850586","38.39236068725586","38.39236068725586","38.39236068725586","12.829060554504395","12.829060554504395","12.829060554504395"
"9659","73.66586303710938","73.66586303710938","73.66586303710938","38.78030014038086","38.78030014038086","38.78030014038086","13.934968948364258","13.934968948364258","13.934968948364258","73.78248596191406","73.78248596191406","73.78248596191406","38.72023391723633","38.72023391723633","38.72023391723633","13.876518249511719","13.876518249511719","13.876518249511719"
"9689","57.54656219482422","57.54656219482422","57.54656219482422","42.34156036376953","42.34156036376953","42.34156036376953","14.967509269714355","14.967509269714355","14.967509269714355","57.48936462402344","57.48936462402344","57.48936462402344","42.310306549072266","42.310306549072266","42.310306549072266","14.641470909118652","14.641470909118652","14.641470909118652"
"9719","52.33955001831055","52.33955001831055","52.33955001831055","38.13344955444336","38.13344955444336","38.13344955444336","13.253978729248047","13.253978729248047","13.253978729248047","52.23684310913086","52.23684310913086","52.23684310913086","38.15739440917969","38.15739440917969","38.15739440917969","13.037076950073242","13.037076950073242","13.037076950073242"
"9749","53.16927719116211","53.16927719116211","53.16927719116211","37.55240249633789","37.55240249633789","37.55240249633789","12.95983600616455","12.95983600616455","12.95983600616455","53.26697540283203","53.26697540283203","53.26697540283203","37.52750778198242","37.52750778198242","37.52750778198242","12.756366729736328","12.756366729736328","12.756366729736328"
"9779","49.90188217163086","49.90188217163086","49.90188217163086","35.018367767333984","35.018367767333984","35.018367767333984","13.139227867126465","13.139227867126465","13.139227867126465","49.96903610229492","49.96903610229492","49.96903610229492","35.0791015625","35.0791015625","35.0791015625","12.908095359802246","12.908095359802246","12.908095359802246"
"9809","52.52682113647461","52.52682113647461","52.52682113647461","38.05971145629883","38.05971145629883","38.05971145629883","13.999469757080078","13.999469757080078","13.999469757080078","52.81770706176758","52.81770706176758","52.81770706176758","37.96090316772461","37.96090316772461","37.96090316772461","13.870274543762207","13.870274543762207","13.870274543762207"
"9839","52.66453170776367","52.66453170776367","52.66453170776367","41.04046630859375","41.04046630859375","41.04046630859375","14.63711166381836","14.63711166381836","14.63711166381836","52.79291915893555","52.79291915893555","52.79291915893555","40.99504852294922","40.99504852294922","40.99504852294922","14.526881217956543","14.526881217956543","14.526881217956543"
"9869","52.92399597167969","52.92399597167969","52.92399597167969","38.557334899902344","38.557334899902344","38.557334899902344","14.791292190551758","14.791292190551758","14.791292190551758","52.9213752746582","52.9213752746582","52.9213752746582","38.62145233154297","38.62145233154297","38.62145233154297","14.274974822998047","14.274974822998047","14.274974822998047"
"9899","51.28642272949219","51.28642272949219","51.28642272949219","36.37998580932617","36.37998580932617","36.37998580932617","13.933691024780273","13.933691024780273","13.933691024780273","51.28263473510742","51.28263473510742","51.28263473510742","36.49964141845703","36.49964141845703","36.49964141845703","13.451261520385742","13.451261520385742","13.451261520385742"
"9929","54.80577087402344","54.80577087402344","54.80577087402344","39.20572280883789","39.20572280883789","39.20572280883789","14.7464599609375","14.7464599609375","14.7464599609375","54.65576934814453","54.65576934814453","54.65576934814453","39.20328903198242","39.20328903198242","39.20328903198242","14.577873229980469","14.577873229980469","14.577873229980469"
"9959","56.54390335083008","56.54390335083008","56.54390335083008","43.304256439208984","43.304256439208984","43.304256439208984","15.550922393798828","15.550922393798828","15.550922393798828","56.579124450683594","56.579124450683594","56.579124450683594","43.25314712524414","43.25314712524414","43.25314712524414","14.942536354064941","14.942536354064941","14.942536354064941"
"9989","59.22939682006836","59.22939682006836","59.22939682006836","45.313133239746094","45.313133239746094","45.313133239746094","15.734628677368164","15.734628677368164","15.734628677368164","59.23341751098633","59.23341751098633","59.23341751098633","45.35806655883789","45.35806655883789","45.35806655883789","15.258322715759277","15.258322715759277","15.258322715759277"
"10019","52.07831954956055","52.07831954956055","52.07831954956055","36.144615173339844","36.144615173339844","36.144615173339844","14.078414916992188","14.078414916992188","14.078414916992188","52.037166595458984","52.037166595458984","52.037166595458984","36.12290573120117","36.12290573120117","36.12290573120117","13.925790786743164","13.925790786743164","13.925790786743164"
"10049","52.06658935546875","52.06658935546875","52.06658935546875","37.026268005371094","37.026268005371094","37.026268005371094","13.508728981018066","13.508728981018066","13.508728981018066","51.98551559448242","51.98551559448242","51.98551559448242","36.97867965698242","36.97867965698242","36.97867965698242","13.428580284118652","13.428580284118652","13.428580284118652"
"10079","50.45441818237305","50.45441818237305","50.45441818237305","39.25346755981445","39.25346755981445","39.25346755981445","13.59676742553711","13.59676742553711","13.59676742553711","50.64803695678711","50.64803695678711","50.64803695678711","39.226497650146484","39.226497650146484","39.226497650146484","13.430143356323242","13.430143356323242","13.430143356323242"
"10109","50.01061248779297","50.01061248779297","50.01061248779297","36.08658981323242","36.08658981323242","36.08658981323242","12.73933219909668","12.73933219909668","12.73933219909668","49.99871063232422","49.99871063232422","49.99871063232422","35.979705810546875","35.979705810546875","35.979705810546875","12.560198783874512","12.560198783874512","12.560198783874512"
"10139","52.5430908203125","52.5430908203125","52.5430908203125","36.97499084472656","36.97499084472656","36.97499084472656","13.481982231140137","13.481982231140137","13.481982231140137","52.57719421386719","52.57719421386719","52.57719421386719","36.92083740234375","36.92083740234375","36.92083740234375","13.291213035583496","13.291213035583496","13.291213035583496"
"10169","51.68199920654297","51.68199920654297","51.68199920654297","37.67733383178711","37.67733383178711","37.67733383178711","13.329654693603516","13.329654693603516","13.329654693603516","51.68690490722656","51.68690490722656","51.68690490722656","37.54401397705078","37.54401397705078","37.54401397705078","13.127286911010742","13.127286911010742","13.127286911010742"
"10199","50.62971115112305","50.62971115112305","50.62971115112305","38.7697639465332","38.7697639465332","38.7697639465332","14.828450202941895","14.828450202941895","14.828450202941895","50.862060546875","50.862060546875","50.862060546875","38.86499786376953","38.86499786376953","38.86499786376953","14.550972938537598","14.550972938537598","14.550972938537598"
"10229","52.81236267089844","52.81236267089844","52.81236267089844","37.54733657836914","37.54733657836914","37.54733657836914","14.327953338623047","14.327953338623047","14.327953338623047","52.63243865966797","52.63243865966797","52.63243865966797","37.52642059326172","37.52642059326172","37.52642059326172","14.205641746520996","14.205641746520996","14.205641746520996"
"10259","54.72159957885742","54.72159957885742","54.72159957885742","39.1967887878418","39.1967887878418","39.1967887878418","13.103272438049316","13.103272438049316","13.103272438049316","54.579891204833984","54.579891204833984","54.579891204833984","39.164634704589844","39.164634704589844","39.164634704589844","12.881165504455566","12.881165504455566","12.881165504455566"
"10289","51.719139099121094","51.719139099121094","51.719139099121094","36.98671340942383","36.98671340942383","36.98671340942383","13.616922378540039","13.616922378540039","13.616922378540039","51.80003356933594","51.80003356933594","51.80003356933594","37.00982666015625","37.00982666015625","37.00982666015625","13.29801082611084","13.29801082611084","13.29801082611084"
"10319","56.53284454345703","56.53284454345703","56.53284454345703","41.47984313964844","41.47984313964844","41.47984313964844","15.181612968444824","15.181612968444824","15.181612968444824","56.44573974609375","56.44573974609375","56.44573974609375","41.44443130493164","41.44443130493164","41.44443130493164","14.737895011901855","14.737895011901855","14.737895011901855"
"10349","53.64453125","53.64453125","53.64453125","39.83083724975586","39.83083724975586","39.83083724975586","14.199508666992188","14.199508666992188","14.199508666992188","53.817138671875","53.817138671875","53.817138671875","39.74466323852539","39.74466323852539","39.74466323852539","13.724223136901855","13.724223136901855","13.724223136901855"
"10379","53.841068267822266","53.841068267822266","53.841068267822266","41.2947998046875","41.2947998046875","41.2947998046875","13.778836250305176","13.778836250305176","13.778836250305176","53.85654067993164","53.85654067993164","53.85654067993164","41.27836227416992","41.27836227416992","41.27836227416992","13.411334991455078","13.411334991455078","13.411334991455078"
"10409","54.03566360473633","54.03566360473633","54.03566360473633","41.4443359375","41.4443359375","41.4443359375","15.11875057220459","15.11875057220459","15.11875057220459","54.09213638305664","54.09213638305664","54.09213638305664","41.59657669067383","41.59657669067383","41.59657669067383","14.75390911102295","14.75390911102295","14.75390911102295"
"10439","53.270301818847656","53.270301818847656","53.270301818847656","39.73834228515625","39.73834228515625","39.73834228515625","14.945990562438965","14.945990562438965","14.945990562438965","53.23788070678711","53.23788070678711","53.23788070678711","39.81322479248047","39.81322479248047","39.81322479248047","14.731279373168945","14.731279373168945","14.731279373168945"
"10469","51.57378387451172","51.57378387451172","51.57378387451172","53.25693130493164","53.25693130493164","53.25693130493164","14.205049514770508","14.205049514770508","14.205049514770508","51.44057846069336","51.44057846069336","51.44057846069336","53.18403244018555","53.18403244018555","53.18403244018555","13.879753112792969","13.879753112792969","13.879753112792969"
"10499","51.21451950073242","51.21451950073242","51.21451950073242","36.21554946899414","36.21554946899414","36.21554946899414","13.618544578552246","13.618544578552246","13.618544578552246","51.154998779296875","51.154998779296875","51.154998779296875","36.13010787963867","36.13010787963867","36.13010787963867","13.21245002746582","13.21245002746582","13.21245002746582"
"10529","64.29129028320312","64.29129028320312","64.29129028320312","38.14210510253906","38.14210510253906","38.14210510253906","14.376276969909668","14.376276969909668","14.376276969909668","64.22311401367188","64.22311401367188","64.22311401367188","38.03182601928711","38.03182601928711","38.03182601928711","14.274242401123047","14.274242401123047","14.274242401123047"
"10559","51.09938430786133","51.09938430786133","51.09938430786133","38.52175521850586","38.52175521850586","38.52175521850586","14.144478797912598","14.144478797912598","14.144478797912598","50.88903045654297","50.88903045654297","50.88903045654297","38.43465805053711","38.43465805053711","38.43465805053711","13.626598358154297","13.626598358154297","13.626598358154297"
"10589","52.607303619384766","52.607303619384766","52.607303619384766","38.39527130126953","38.39527130126953","38.39527130126953","13.753833770751953","13.753833770751953","13.753833770751953","52.46511459350586","52.46511459350586","52.46511459350586","38.55026626586914","38.55026626586914","38.55026626586914","13.689414024353027","13.689414024353027","13.689414024353027"
"10619","52.15988540649414","52.15988540649414","52.15988540649414","36.588043212890625","36.588043212890625","36.588043212890625","13.134260177612305","13.134260177612305","13.134260177612305","52.0115852355957","52.0115852355957","52.0115852355957","36.59321212768555","36.59321212768555","36.59321212768555","12.88830280303955","12.88830280303955","12.88830280303955"
"10649","50.05644989013672","50.05644989013672","50.05644989013672","34.85704040527344","34.85704040527344","34.85704040527344","14.116718292236328","14.116718292236328","14.116718292236328","50.090232849121094","50.090232849121094","50.090232849121094","34.81754684448242","34.81754684448242","34.81754684448242","14.022951126098633","14.022951126098633","14.022951126098633"
"10679","53.63121795654297","53.63121795654297","53.63121795654297","38.65597915649414","38.65597915649414","38.65597915649414","13.812807083129883","13.812807083129883","13.812807083129883","53.502899169921875","53.502899169921875","53.502899169921875","38.766902923583984","38.766902923583984","38.766902923583984","13.481304168701172","13.481304168701172","13.481304168701172"
"10709","50.611961364746094","50.611961364746094","50.611961364746094","36.45111846923828","36.45111846923828","36.45111846923828","12.806463241577148","12.806463241577148","12.806463241577148","50.55200958251953","50.55200958251953","50.55200958251953","36.399532318115234","36.399532318115234","36.399532318115234","12.658514976501465","12.658514976501465","12.658514976501465"
"10739","49.892581939697266","49.892581939697266","49.892581939697266","36.51982879638672","36.51982879638672","36.51982879638672","12.71908950805664","12.71908950805664","12.71908950805664","49.95888137817383","49.95888137817383","49.95888137817383","36.657867431640625","36.657867431640625","36.657867431640625","12.394986152648926","12.394986152648926","12.394986152648926"
"10769","54.497074127197266","54.497074127197266","54.497074127197266","39.48893356323242","39.48893356323242","39.48893356323242","15.474915504455566","15.474915504455566","15.474915504455566","54.35406494140625","54.35406494140625","54.35406494140625","39.61521911621094","39.61521911621094","39.61521911621094","14.9642333984375","14.9642333984375","14.9642333984375"
"10799","52.64015579223633","52.64015579223633","52.64015579223633","39.075767517089844","39.075767517089844","39.075767517089844","14.288344383239746","14.288344383239746","14.288344383239746","52.62500762939453","52.62500762939453","52.62500762939453","39.100341796875","39.100341796875","39.100341796875","13.955998420715332","13.955998420715332","13.955998420715332"
"10829","55.25617980957031","55.25617980957031","55.25617980957031","41.51145935058594","41.51145935058594","41.51145935058594","17.00281524658203","17.00281524658203","17.00281524658203","55.22677993774414","55.22677993774414","55.22677993774414","41.4562873840332","41.4562873840332","41.4562873840332","16.80239486694336","16.80239486694336","16.80239486694336"
"10859","53.02398681640625","53.02398681640625","53.02398681640625","38.53459548950195","38.53459548950195","38.53459548950195","12.425827026367188","12.425827026367188","12.425827026367188","53.053104400634766","53.053104400634766","53.053104400634766","38.55677795410156","38.55677795410156","38.55677795410156","12.125236511230469","12.125236511230469","12.125236511230469"
"10889","51.92893981933594","51.92893981933594","51.92893981933594","45.52500915527344","45.52500915527344","45.52500915527344","15.437287330627441","15.437287330627441","15.437287330627441","52.044960021972656","52.044960021972656","52.044960021972656","45.75084686279297","45.75084686279297","45.75084686279297","14.972169876098633","14.972169876098633","14.972169876098633"
"10919","53.87611389160156","53.87611389160156","53.87611389160156","49.34331130981445","49.34331130981445","49.34331130981445","13.472548484802246","13.472548484802246","13.472548484802246","53.64459991455078","53.64459991455078","53.64459991455078","49.40143585205078","49.40143585205078","49.40143585205078","13.046892166137695","13.046892166137695","13.046892166137695"
"10949","56.29240036010742","56.29240036010742","56.29240036010742","36.27185821533203","36.27185821533203","36.27185821533203","12.803508758544922","12.803508758544922","12.803508758544922","56.396522521972656","56.396522521972656","56.396522521972656","36.226844787597656","36.226844787597656","36.226844787597656","12.785962104797363","12.785962104797363","12.785962104797363"
"10979","52.89617919921875","52.89617919921875","52.89617919921875","36.79859924316406","36.79859924316406","36.79859924316406","13.319610595703125","13.319610595703125","13.319610595703125","52.85490036010742","52.85490036010742","52.85490036010742","36.5926628112793","36.5926628112793","36.5926628112793","13.097394943237305","13.097394943237305","13.097394943237305"
"11009","56.77239990234375","56.77239990234375","56.77239990234375","43.16775131225586","43.16775131225586","43.16775131225586","15.325145721435547","15.325145721435547","15.325145721435547","56.85141372680664","56.85141372680664","56.85141372680664","43.219886779785156","43.219886779785156","43.219886779785156","14.697050094604492","14.697050094604492","14.697050094604492"
"11039","56.37968444824219","56.37968444824219","56.37968444824219","41.15105438232422","41.15105438232422","41.15105438232422","16.13359260559082","16.13359260559082","16.13359260559082","56.39834976196289","56.39834976196289","56.39834976196289","41.087162017822266","41.087162017822266","41.087162017822266","15.93128490447998","15.93128490447998","15.93128490447998"
"11069","55.88165283203125","55.88165283203125","55.88165283203125","43.317630767822266","43.317630767822266","43.317630767822266","16.240747451782227","16.240747451782227","16.240747451782227","55.81343460083008","55.81343460083008","55.81343460083008","43.383338928222656","43.383338928222656","43.383338928222656","15.472404479980469","15.472404479980469","15.472404479980469"
"11099","50.63218688964844","50.63218688964844","50.63218688964844","34.18824768066406","34.18824768066406","34.18824768066406","13.040106773376465","13.040106773376465","13.040106773376465","50.57103729248047","50.57103729248047","50.57103729248047","34.11729049682617","34.11729049682617","34.11729049682617","12.656384468078613","12.656384468078613","12.656384468078613"
"11129","53.05204391479492","53.05204391479492","53.05204391479492","41.02041244506836","41.02041244506836","41.02041244506836","15.91748046875","15.91748046875","15.91748046875","53.00759506225586","53.00759506225586","53.00759506225586","41.07736587524414","41.07736587524414","41.07736587524414","15.406974792480469","15.406974792480469","15.406974792480469"
"11159","49.53922653198242","49.53922653198242","49.53922653198242","38.06095504760742","38.06095504760742","38.06095504760742","14.004034996032715","14.004034996032715","14.004034996032715","49.5058479309082","49.5058479309082","49.5058479309082","37.95557403564453","37.95557403564453","37.95557403564453","13.745494842529297","13.745494842529297","13.745494842529297"
"11189","53.93210220336914","53.93210220336914","53.93210220336914","49.95516586303711","49.95516586303711","49.95516586303711","13.640783309936523","13.640783309936523","13.640783309936523","54.04817199707031","54.04817199707031","54.04817199707031","50.33494567871094","50.33494567871094","50.33494567871094","13.283018112182617","13.283018112182617","13.283018112182617"
"11219","51.04118728637695","51.04118728637695","51.04118728637695","35.04144287109375","35.04144287109375","35.04144287109375","12.320693016052246","12.320693016052246","12.320693016052246","50.993499755859375","50.993499755859375","50.993499755859375","34.95497512817383","34.95497512817383","34.95497512817383","12.020190238952637","12.020190238952637","12.020190238952637"
"11249","50.34163284301758","50.34163284301758","50.34163284301758","36.3685188293457","36.3685188293457","36.3685188293457","12.681239128112793","12.681239128112793","12.681239128112793","50.39741897583008","50.39741897583008","50.39741897583008","36.2807502746582","36.2807502746582","36.2807502746582","12.4262056350708","12.4262056350708","12.4262056350708"
"11279","49.59880447387695","49.59880447387695","49.59880447387695","36.7392463684082","36.7392463684082","36.7392463684082","13.895317077636719","13.895317077636719","13.895317077636719","49.65732192993164","49.65732192993164","49.65732192993164","36.770999908447266","36.770999908447266","36.770999908447266","13.504899978637695","13.504899978637695","13.504899978637695"
"11309","56.15148162841797","56.15148162841797","56.15148162841797","43.740623474121094","43.740623474121094","43.740623474121094","15.05118465423584","15.05118465423584","15.05118465423584","56.05794906616211","56.05794906616211","56.05794906616211","43.45124053955078","43.45124053955078","43.45124053955078","14.497917175292969","14.497917175292969","14.497917175292969"
"11339","50.77875900268555","50.77875900268555","50.77875900268555","38.507240295410156","38.507240295410156","38.507240295410156","13.683781623840332","13.683781623840332","13.683781623840332","50.81829071044922","50.81829071044922","50.81829071044922","38.524314880371094","38.524314880371094","38.524314880371094","13.4493408203125","13.4493408203125","13.4493408203125"
"11369","51.37991714477539","51.37991714477539","51.37991714477539","39.89726638793945","39.89726638793945","39.89726638793945","14.306981086730957","14.306981086730957","14.306981086730957","51.35323715209961","51.35323715209961","51.35323715209961","39.716068267822266","39.716068267822266","39.716068267822266","14.037589073181152","14.037589073181152","14.037589073181152"
"11399","51.418792724609375","51.418792724609375","51.418792724609375","35.819190979003906","35.819190979003906","35.819190979003906","13.184091567993164","13.184091567993164","13.184091567993164","51.02805709838867","51.02805709838867","51.02805709838867","35.82466125488281","35.82466125488281","35.82466125488281","12.857100486755371","12.857100486755371","12.857100486755371"
"11429","53.73599624633789","53.73599624633789","53.73599624633789","46.0131721496582","46.0131721496582","46.0131721496582","14.530905723571777","14.530905723571777","14.530905723571777","53.79224395751953","53.79224395751953","53.79224395751953","46.13362503051758","46.13362503051758","46.13362503051758","14.20492172241211","14.20492172241211","14.20492172241211"
"11459","53.64016342163086","53.64016342163086","53.64016342163086","37.402095794677734","37.402095794677734","37.402095794677734","12.935441970825195","12.935441970825195","12.935441970825195","53.5380859375","53.5380859375","53.5380859375","37.421669006347656","37.421669006347656","37.421669006347656","12.614655494689941","12.614655494689941","12.614655494689941"
"11489","46.25959396362305","46.25959396362305","46.25959396362305","37.22771072387695","37.22771072387695","37.22771072387695","14.058324813842773","14.058324813842773","14.058324813842773","46.29898452758789","46.29898452758789","46.29898452758789","37.355716705322266","37.355716705322266","37.355716705322266","13.504993438720703","13.504993438720703","13.504993438720703"
"11519","50.02338409423828","50.02338409423828","50.02338409423828","35.606201171875","35.606201171875","35.606201171875","13.139083862304688","13.139083862304688","13.139083862304688","50.033851623535156","50.033851623535156","50.033851623535156","35.553157806396484","35.553157806396484","35.553157806396484","12.987662315368652","12.987662315368652","12.987662315368652"
"11549","52.6409797668457","52.6409797668457","52.6409797668457","39.17475891113281","39.17475891113281","39.17475891113281","14.032838821411133","14.032838821411133","14.032838821411133","52.79249954223633","52.79249954223633","52.79249954223633","39.29547882080078","39.29547882080078","39.29547882080078","13.565422058105469","13.565422058105469","13.565422058105469"
"11579","58.34867858886719","58.34867858886719","58.34867858886719","43.52531051635742","43.52531051635742","43.52531051635742","12.117948532104492","12.117948532104492","12.117948532104492","58.369544982910156","58.369544982910156","58.369544982910156","42.91025161743164","42.91025161743164","42.91025161743164","12.038178443908691","12.038178443908691","12.038178443908691"
"11609","50.25286102294922","50.25286102294922","50.25286102294922","32.997314453125","32.997314453125","32.997314453125","11.770947456359863","11.770947456359863","11.770947456359863","50.234466552734375","50.234466552734375","50.234466552734375","33.08713912963867","33.08713912963867","33.08713912963867","11.373031616210938","11.373031616210938","11.373031616210938"
"11639","51.346683502197266","51.346683502197266","51.346683502197266","40.16596221923828","40.16596221923828","40.16596221923828","13.89007568359375","13.89007568359375","13.89007568359375","51.35831832885742","51.35831832885742","51.35831832885742","39.96218490600586","39.96218490600586","39.96218490600586","13.64945125579834","13.64945125579834","13.64945125579834"
"11669","53.40345764160156","53.40345764160156","53.40345764160156","40.412010192871094","40.412010192871094","40.412010192871094","14.930638313293457","14.930638313293457","14.930638313293457","53.51766586303711","53.51766586303711","53.51766586303711","40.46586608886719","40.46586608886719","40.46586608886719","14.769607543945312","14.769607543945312","14.769607543945312"
"11699","55.68476486206055","55.68476486206055","55.68476486206055","40.67921447753906","40.67921447753906","40.67921447753906","15.309185028076172","15.309185028076172","15.309185028076172","55.81319046020508","55.81319046020508","55.81319046020508","40.355628967285156","40.355628967285156","40.355628967285156","15.276247024536133","15.276247024536133","15.276247024536133"
"11729","49.84954071044922","49.84954071044922","49.84954071044922","38.28297424316406","38.28297424316406","38.28297424316406","13.46236515045166","13.46236515045166","13.46236515045166","49.67879867553711","49.67879867553711","49.67879867553711","38.352596282958984","38.352596282958984","38.352596282958984","13.346654891967773","13.346654891967773","13.346654891967773"
"11759","55.62254333496094","55.62254333496094","55.62254333496094","42.89250946044922","42.89250946044922","42.89250946044922","16.14936637878418","16.14936637878418","16.14936637878418","55.54594421386719","55.54594421386719","55.54594421386719","42.96700668334961","42.96700668334961","42.96700668334961","15.830150604248047","15.830150604248047","15.830150604248047"
"11789","49.59162521362305","49.59162521362305","49.59162521362305","33.611759185791016","33.611759185791016","33.611759185791016","12.775846481323242","12.775846481323242","12.775846481323242","49.5406494140625","49.5406494140625","49.5406494140625","33.73847961425781","33.73847961425781","33.73847961425781","12.844491958618164","12.844491958618164","12.844491958618164"
"11819","52.20567321777344","52.20567321777344","52.20567321777344","36.838802337646484","36.838802337646484","36.838802337646484","13.610858917236328","13.610858917236328","13.610858917236328","52.261775970458984","52.261775970458984","52.261775970458984","36.873046875","36.873046875","36.873046875","13.487680435180664","13.487680435180664","13.487680435180664"
"11849","52.77526092529297","52.77526092529297","52.77526092529297","38.08026123046875","38.08026123046875","38.08026123046875","14.657846450805664","14.657846450805664","14.657846450805664","52.63071060180664","52.63071060180664","52.63071060180664","38.23694610595703","38.23694610595703","38.23694610595703","14.318621635437012","14.318621635437012","14.318621635437012"
"11879","51.78644943237305","51.78644943237305","51.78644943237305","35.80984878540039","35.80984878540039","35.80984878540039","13.062617301940918","13.062617301940918","13.062617301940918","51.94990539550781","51.94990539550781","51.94990539550781","35.67381286621094","35.67381286621094","35.67381286621094","12.925581932067871","12.925581932067871","12.925581932067871"
"11909","54.96979522705078","54.96979522705078","54.96979522705078","45.373592376708984","45.373592376708984","45.373592376708984","17.894445419311523","17.894445419311523","17.894445419311523","55.07830047607422","55.07830047607422","55.07830047607422","45.43783187866211","45.43783187866211","45.43783187866211","17.37104034423828","17.37104034423828","17.37104034423828"
"11939","50.2663459777832","50.2663459777832","50.2663459777832","37.37991714477539","37.37991714477539","37.37991714477539","12.630399703979492","12.630399703979492","12.630399703979492","50.01498794555664","50.01498794555664","50.01498794555664","37.28133773803711","37.28133773803711","37.28133773803711","12.501775741577148","12.501775741577148","12.501775741577148"
"11969","46.71466064453125","46.71466064453125","46.71466064453125","33.712162017822266","33.712162017822266","33.712162017822266","12.23431396484375","12.23431396484375","12.23431396484375","46.637733459472656","46.637733459472656","46.637733459472656","33.83000564575195","33.83000564575195","33.83000564575195","11.928869247436523","11.928869247436523","11.928869247436523"
"11999","55.80100631713867","55.80100631713867","55.80100631713867","51.04019546508789","51.04019546508789","51.04019546508789","13.70534896850586","13.70534896850586","13.70534896850586","55.83854293823242","55.83854293823242","55.83854293823242","51.57698440551758","51.57698440551758","51.57698440551758","13.52344799041748","13.52344799041748","13.52344799041748"
"12029","45.8781623840332","45.8781623840332","45.8781623840332","32.8343391418457","32.8343391418457","32.8343391418457","11.617323875427246","11.617323875427246","11.617323875427246","45.88384246826172","45.88384246826172","45.88384246826172","33.02493667602539","33.02493667602539","33.02493667602539","11.473573684692383","11.473573684692383","11.473573684692383"
"12059","49.04869842529297","49.04869842529297","49.04869842529297","35.42625427246094","35.42625427246094","35.42625427246094","13.105507850646973","13.105507850646973","13.105507850646973","48.899139404296875","48.899139404296875","48.899139404296875","35.454368591308594","35.454368591308594","35.454368591308594","12.871244430541992","12.871244430541992","12.871244430541992"
"12089","50.70806884765625","50.70806884765625","50.70806884765625","37.24392318725586","37.24392318725586","37.24392318725586","13.974396705627441","13.974396705627441","13.974396705627441","50.70920944213867","50.70920944213867","50.70920944213867","37.14793014526367","37.14793014526367","37.14793014526367","13.606024742126465","13.606024742126465","13.606024742126465"
"12119","60.41962432861328","60.41962432861328","60.41962432861328","79.9215087890625","79.9215087890625","79.9215087890625","14.284260749816895","14.284260749816895","14.284260749816895","60.41358947753906","60.41358947753906","60.41358947753906","80.24124908447266","80.24124908447266","80.24124908447266","14.187639236450195","14.187639236450195","14.187639236450195"
"12149","51.38308334350586","51.38308334350586","51.38308334350586","36.2444953918457","36.2444953918457","36.2444953918457","12.959975242614746","12.959975242614746","12.959975242614746","51.32619857788086","51.32619857788086","51.32619857788086","36.376136779785156","36.376136779785156","36.376136779785156","12.741670608520508","12.741670608520508","12.741670608520508"
"12179","52.30192184448242","52.30192184448242","52.30192184448242","36.734737396240234","36.734737396240234","36.734737396240234","13.110319137573242","13.110319137573242","13.110319137573242","52.36530303955078","52.36530303955078","52.36530303955078","36.641353607177734","36.641353607177734","36.641353607177734","12.828267097473145","12.828267097473145","12.828267097473145"
"12209","52.76809310913086","52.76809310913086","52.76809310913086","38.68756103515625","38.68756103515625","38.68756103515625","14.942877769470215","14.942877769470215","14.942877769470215","52.76262664794922","52.76262664794922","52.76262664794922","38.77773666381836","38.77773666381836","38.77773666381836","14.773838996887207","14.773838996887207","14.773838996887207"
"12239","49.99787902832031","49.99787902832031","49.99787902832031","33.45439147949219","33.45439147949219","33.45439147949219","13.63382339477539","13.63382339477539","13.63382339477539","50.00166320800781","50.00166320800781","50.00166320800781","33.531803131103516","33.531803131103516","33.531803131103516","13.348254203796387","13.348254203796387","13.348254203796387"
"12269","51.94797134399414","51.94797134399414","51.94797134399414","35.360965728759766","35.360965728759766","35.360965728759766","13.068668365478516","13.068668365478516","13.068668365478516","51.886775970458984","51.886775970458984","51.886775970458984","35.46563720703125","35.46563720703125","35.46563720703125","12.590495109558105","12.590495109558105","12.590495109558105"
"12299","46.639892578125","46.639892578125","46.639892578125","33.80976104736328","33.80976104736328","33.80976104736328","12.60574722290039","12.60574722290039","12.60574722290039","46.77335739135742","46.77335739135742","46.77335739135742","33.84648895263672","33.84648895263672","33.84648895263672","12.411116600036621","12.411116600036621","12.411116600036621"
"12329","50.44968795776367","50.44968795776367","50.44968795776367","38.62754440307617","38.62754440307617","38.62754440307617","13.077192306518555","13.077192306518555","13.077192306518555","50.54605484008789","50.54605484008789","50.54605484008789","38.63043975830078","38.63043975830078","38.63043975830078","12.807028770446777","12.807028770446777","12.807028770446777"
"12359","49.23017883300781","49.23017883300781","49.23017883300781","35.57200622558594","35.57200622558594","35.57200622558594","12.269248008728027","12.269248008728027","12.269248008728027","49.35005569458008","49.35005569458008","49.35005569458008","35.574893951416016","35.574893951416016","35.574893951416016","12.14808177947998","12.14808177947998","12.14808177947998"
"12389","51.41017532348633","51.41017532348633","51.41017532348633","38.98384094238281","38.98384094238281","38.98384094238281","14.609098434448242","14.609098434448242","14.609098434448242","51.47850799560547","51.47850799560547","51.47850799560547","39.00676727294922","39.00676727294922","39.00676727294922","14.299935340881348","14.299935340881348","14.299935340881348"
"12419","52.68857955932617","52.68857955932617","52.68857955932617","37.00682067871094","37.00682067871094","37.00682067871094","13.142817497253418","13.142817497253418","13.142817497253418","52.63645553588867","52.63645553588867","52.63645553588867","36.89580154418945","36.89580154418945","36.89580154418945","12.71316909790039","12.71316909790039","12.71316909790039"
"12449","49.82670974731445","49.82670974731445","49.82670974731445","35.895999908447266","35.895999908447266","35.895999908447266","13.727396965026855","13.727396965026855","13.727396965026855","49.60100555419922","49.60100555419922","49.60100555419922","35.84613800048828","35.84613800048828","35.84613800048828","13.537919998168945","13.537919998168945","13.537919998168945"
"12479","54.27840042114258","54.27840042114258","54.27840042114258","43.64686584472656","43.64686584472656","43.64686584472656","15.215961456298828","15.215961456298828","15.215961456298828","54.28435516357422","54.28435516357422","54.28435516357422","43.02374267578125","43.02374267578125","43.02374267578125","15.015509605407715","15.015509605407715","15.015509605407715"
"12509","49.5701904296875","49.5701904296875","49.5701904296875","41.79372024536133","41.79372024536133","41.79372024536133","14.19816780090332","14.19816780090332","14.19816780090332","49.67327117919922","49.67327117919922","49.67327117919922","41.96185302734375","41.96185302734375","41.96185302734375","14.001649856567383","14.001649856567383","14.001649856567383"
"12539","48.91358184814453","48.91358184814453","48.91358184814453","35.71051788330078","35.71051788330078","35.71051788330078","12.615918159484863","12.615918159484863","12.615918159484863","48.9681396484375","48.9681396484375","48.9681396484375","35.66382598876953","35.66382598876953","35.66382598876953","12.336305618286133","12.336305618286133","12.336305618286133"
"12569","51.41535186767578","51.41535186767578","51.41535186767578","38.14871597290039","38.14871597290039","38.14871597290039","13.339584350585938","13.339584350585938","13.339584350585938","51.59806442260742","51.59806442260742","51.59806442260742","38.238250732421875","38.238250732421875","38.238250732421875","13.2938814163208","13.2938814163208","13.2938814163208"
"12599","53.561527252197266","53.561527252197266","53.561527252197266","39.47510528564453","39.47510528564453","39.47510528564453","14.393503189086914","14.393503189086914","14.393503189086914","53.88603210449219","53.88603210449219","53.88603210449219","39.43745803833008","39.43745803833008","39.43745803833008","14.06961727142334","14.06961727142334","14.06961727142334"
"12629","52.28501892089844","52.28501892089844","52.28501892089844","39.58624267578125","39.58624267578125","39.58624267578125","14.344240188598633","14.344240188598633","14.344240188598633","52.24529266357422","52.24529266357422","52.24529266357422","39.6011962890625","39.6011962890625","39.6011962890625","14.2434663772583","14.2434663772583","14.2434663772583"
"12659","50.37806701660156","50.37806701660156","50.37806701660156","38.18017578125","38.18017578125","38.18017578125","15.136894226074219","15.136894226074219","15.136894226074219","50.477294921875","50.477294921875","50.477294921875","38.07831954956055","38.07831954956055","38.07831954956055","14.662550926208496","14.662550926208496","14.662550926208496"
"12689","52.75481414794922","52.75481414794922","52.75481414794922","42.661277770996094","42.661277770996094","42.661277770996094","17.016916275024414","17.016916275024414","17.016916275024414","52.77787399291992","52.77787399291992","52.77787399291992","42.748958587646484","42.748958587646484","42.748958587646484","16.33399200439453","16.33399200439453","16.33399200439453"
"12719","51.42749786376953","51.42749786376953","51.42749786376953","38.66864013671875","38.66864013671875","38.66864013671875","17.406993865966797","17.406993865966797","17.406993865966797","51.44118881225586","51.44118881225586","51.44118881225586","38.58624267578125","38.58624267578125","38.58624267578125","17.322362899780273","17.322362899780273","17.322362899780273"
"12749","51.14955139160156","51.14955139160156","51.14955139160156","36.32029724121094","36.32029724121094","36.32029724121094","13.848224639892578","13.848224639892578","13.848224639892578","51.09786605834961","51.09786605834961","51.09786605834961","36.37673568725586","36.37673568725586","36.37673568725586","13.763062477111816","13.763062477111816","13.763062477111816"
"12779","50.28596115112305","50.28596115112305","50.28596115112305","35.00218200683594","35.00218200683594","35.00218200683594","13.034543991088867","13.034543991088867","13.034543991088867","50.31220626831055","50.31220626831055","50.31220626831055","35.16323471069336","35.16323471069336","35.16323471069336","12.693015098571777","12.693015098571777","12.693015098571777"
"12809","50.76786422729492","50.76786422729492","50.76786422729492","35.944801330566406","35.944801330566406","35.944801330566406","13.207541465759277","13.207541465759277","13.207541465759277","50.73432922363281","50.73432922363281","50.73432922363281","35.75748825073242","35.75748825073242","35.75748825073242","13.228541374206543","13.228541374206543","13.228541374206543"
"12839","54.29714584350586","54.29714584350586","54.29714584350586","40.73383712768555","40.73383712768555","40.73383712768555","14.635401725769043","14.635401725769043","14.635401725769043","54.592323303222656","54.592323303222656","54.592323303222656","40.64543151855469","40.64543151855469","40.64543151855469","14.32504653930664","14.32504653930664","14.32504653930664"
"12869","49.586669921875","49.586669921875","49.586669921875","37.78763961791992","37.78763961791992","37.78763961791992","14.75664234161377","14.75664234161377","14.75664234161377","49.54302215576172","49.54302215576172","49.54302215576172","37.76736831665039","37.76736831665039","37.76736831665039","14.530611038208008","14.530611038208008","14.530611038208008"
"12899","51.639129638671875","51.639129638671875","51.639129638671875","38.878482818603516","38.878482818603516","38.878482818603516","14.176088333129883","14.176088333129883","14.176088333129883","51.616943359375","51.616943359375","51.616943359375","39.05256271362305","39.05256271362305","39.05256271362305","13.780607223510742","13.780607223510742","13.780607223510742"
"12929","51.93910217285156","51.93910217285156","51.93910217285156","40.04127502441406","40.04127502441406","40.04127502441406","15.736509323120117","15.736509323120117","15.736509323120117","51.71154022216797","51.71154022216797","51.71154022216797","40.0571174621582","40.0571174621582","40.0571174621582","15.736245155334473","15.736245155334473","15.736245155334473"
"12959","49.553714752197266","49.553714752197266","49.553714752197266","37.88544464111328","37.88544464111328","37.88544464111328","14.43268871307373","14.43268871307373","14.43268871307373","49.536903381347656","49.536903381347656","49.536903381347656","37.72948455810547","37.72948455810547","37.72948455810547","13.932300567626953","13.932300567626953","13.932300567626953"
"12989","52.602909088134766","52.602909088134766","52.602909088134766","39.85926055908203","39.85926055908203","39.85926055908203","13.216270446777344","13.216270446777344","13.216270446777344","52.559730529785156","52.559730529785156","52.559730529785156","39.9382438659668","39.9382438659668","39.9382438659668","12.933608055114746","12.933608055114746","12.933608055114746"
"13019","51.347469329833984","51.347469329833984","51.347469329833984","38.96297836303711","38.96297836303711","38.96297836303711","14.42406177520752","14.42406177520752","14.42406177520752","51.37311553955078","51.37311553955078","51.37311553955078","38.88717269897461","38.88717269897461","38.88717269897461","13.947624206542969","13.947624206542969","13.947624206542969"
"13049","53.79770278930664","53.79770278930664","53.79770278930664","39.120933532714844","39.120933532714844","39.120933532714844","14.258476257324219","14.258476257324219","14.258476257324219","53.85914611816406","53.85914611816406","53.85914611816406","38.998329162597656","38.998329162597656","38.998329162597656","14.12308406829834","14.12308406829834","14.12308406829834"
"13079","49.815975189208984","49.815975189208984","49.815975189208984","36.83279800415039","36.83279800415039","36.83279800415039","12.818056106567383","12.818056106567383","12.818056106567383","49.875457763671875","49.875457763671875","49.875457763671875","37.16138458251953","37.16138458251953","37.16138458251953","12.641777038574219","12.641777038574219","12.641777038574219"
"13109","49.461029052734375","49.461029052734375","49.461029052734375","35.92953872680664","35.92953872680664","35.92953872680664","12.666679382324219","12.666679382324219","12.666679382324219","49.49545669555664","49.49545669555664","49.49545669555664","35.967891693115234","35.967891693115234","35.967891693115234","12.524090766906738","12.524090766906738","12.524090766906738"
"13139","59.3077278137207","59.3077278137207","59.3077278137207","46.52578353881836","46.52578353881836","46.52578353881836","16.25143051147461","16.25143051147461","16.25143051147461","59.3475456237793","59.3475456237793","59.3475456237793","46.5265998840332","46.5265998840332","46.5265998840332","16.039793014526367","16.039793014526367","16.039793014526367"
"13169","50.12874984741211","50.12874984741211","50.12874984741211","35.52389144897461","35.52389144897461","35.52389144897461","13.422805786132812","13.422805786132812","13.422805786132812","50.20181655883789","50.20181655883789","50.20181655883789","35.411006927490234","35.411006927490234","35.411006927490234","13.198054313659668","13.198054313659668","13.198054313659668"
"13199","51.46323013305664","51.46323013305664","51.46323013305664","37.01506805419922","37.01506805419922","37.01506805419922","13.16232681274414","13.16232681274414","13.16232681274414","51.60904312133789","51.60904312133789","51.60904312133789","37.05788040161133","37.05788040161133","37.05788040161133","13.103899955749512","13.103899955749512","13.103899955749512"
"13229","52.04652404785156","52.04652404785156","52.04652404785156","32.714027404785156","32.714027404785156","32.714027404785156","11.88880729675293","11.88880729675293","11.88880729675293","52.10586166381836","52.10586166381836","52.10586166381836","32.8334846496582","32.8334846496582","32.8334846496582","12.021353721618652","12.021353721618652","12.021353721618652"
"13259","50.053436279296875","50.053436279296875","50.053436279296875","36.51955032348633","36.51955032348633","36.51955032348633","14.305561065673828","14.305561065673828","14.305561065673828","50.13052749633789","50.13052749633789","50.13052749633789","36.578792572021484","36.578792572021484","36.578792572021484","13.786599159240723","13.786599159240723","13.786599159240723"
"13289","48.04909133911133","48.04909133911133","48.04909133911133","31.67470359802246","31.67470359802246","31.67470359802246","11.270831108093262","11.270831108093262","11.270831108093262","48.0065803527832","48.0065803527832","48.0065803527832","31.782875061035156","31.782875061035156","31.782875061035156","11.063664436340332","11.063664436340332","11.063664436340332"
"13319","50.543182373046875","50.543182373046875","50.543182373046875","35.81629180908203","35.81629180908203","35.81629180908203","13.543402671813965","13.543402671813965","13.543402671813965","50.33364486694336","50.33364486694336","50.33364486694336","35.88912582397461","35.88912582397461","35.88912582397461","13.073761940002441","13.073761940002441","13.073761940002441"
"13349","48.56577682495117","48.56577682495117","48.56577682495117","34.55052947998047","34.55052947998047","34.55052947998047","11.952463150024414","11.952463150024414","11.952463150024414","48.72055435180664","48.72055435180664","48.72055435180664","34.69863510131836","34.69863510131836","34.69863510131836","11.71072006225586","11.71072006225586","11.71072006225586"
"13379","48.13536071777344","48.13536071777344","48.13536071777344","35.81947326660156","35.81947326660156","35.81947326660156","12.95661735534668","12.95661735534668","12.95661735534668","48.1085090637207","48.1085090637207","48.1085090637207","35.743900299072266","35.743900299072266","35.743900299072266","12.805498123168945","12.805498123168945","12.805498123168945"
"13409","48.13125991821289","48.13125991821289","48.13125991821289","32.69794845581055","32.69794845581055","32.69794845581055","10.890731811523438","10.890731811523438","10.890731811523438","47.96352005004883","47.96352005004883","47.96352005004883","32.76030349731445","32.76030349731445","32.76030349731445","10.764915466308594","10.764915466308594","10.764915466308594"
"13439","50.58513641357422","50.58513641357422","50.58513641357422","37.75103759765625","37.75103759765625","37.75103759765625","13.749757766723633","13.749757766723633","13.749757766723633","50.606170654296875","50.606170654296875","50.606170654296875","37.842750549316406","37.842750549316406","37.842750549316406","13.442414283752441","13.442414283752441","13.442414283752441"
"13469","54.74049758911133","54.74049758911133","54.74049758911133","39.70094680786133","39.70094680786133","39.70094680786133","14.829343795776367","14.829343795776367","14.829343795776367","54.79307556152344","54.79307556152344","54.79307556152344","39.539344787597656","39.539344787597656","39.539344787597656","14.040664672851562","14.040664672851562","14.040664672851562"
"13499","52.16900634765625","52.16900634765625","52.16900634765625","35.25006103515625","35.25006103515625","35.25006103515625","13.33580493927002","13.33580493927002","13.33580493927002","51.9648323059082","51.9648323059082","51.9648323059082","35.129844665527344","35.129844665527344","35.129844665527344","13.085319519042969","13.085319519042969","13.085319519042969"
"13529","52.56366729736328","52.56366729736328","52.56366729736328","37.97886276245117","37.97886276245117","37.97886276245117","13.914066314697266","13.914066314697266","13.914066314697266","52.75196075439453","52.75196075439453","52.75196075439453","37.94321823120117","37.94321823120117","37.94321823120117","13.42477798461914","13.42477798461914","13.42477798461914"
"13559","52.71485137939453","52.71485137939453","52.71485137939453","36.35427474975586","36.35427474975586","36.35427474975586","13.78341293334961","13.78341293334961","13.78341293334961","52.68751525878906","52.68751525878906","52.68751525878906","36.40574645996094","36.40574645996094","36.40574645996094","13.545735359191895","13.545735359191895","13.545735359191895"
"13589","48.61101531982422","48.61101531982422","48.61101531982422","34.92632293701172","34.92632293701172","34.92632293701172","12.964152336120605","12.964152336120605","12.964152336120605","48.57455062866211","48.57455062866211","48.57455062866211","34.9442024230957","34.9442024230957","34.9442024230957","12.55465030670166","12.55465030670166","12.55465030670166"
"13619","50.33164596557617","50.33164596557617","50.33164596557617","33.6242790222168","33.6242790222168","33.6242790222168","12.686009407043457","12.686009407043457","12.686009407043457","50.164730072021484","50.164730072021484","50.164730072021484","33.422237396240234","33.422237396240234","33.422237396240234","12.43856430053711","12.43856430053711","12.43856430053711"
"13649","47.08433532714844","47.08433532714844","47.08433532714844","32.260986328125","32.260986328125","32.260986328125","11.738204956054688","11.738204956054688","11.738204956054688","47.03095245361328","47.03095245361328","47.03095245361328","32.09029769897461","32.09029769897461","32.09029769897461","11.70085620880127","11.70085620880127","11.70085620880127"
"13679","49.77652359008789","49.77652359008789","49.77652359008789","33.97075271606445","33.97075271606445","33.97075271606445","12.985182762145996","12.985182762145996","12.985182762145996","49.809017181396484","49.809017181396484","49.809017181396484","33.97504806518555","33.97504806518555","33.97504806518555","12.58311653137207","12.58311653137207","12.58311653137207"
"13709","50.77450942993164","50.77450942993164","50.77450942993164","38.441917419433594","38.441917419433594","38.441917419433594","12.960320472717285","12.960320472717285","12.960320472717285","50.67020797729492","50.67020797729492","50.67020797729492","38.40493392944336","38.40493392944336","38.40493392944336","12.856019973754883","12.856019973754883","12.856019973754883"
"13739","54.91319274902344","54.91319274902344","54.91319274902344","38.325401306152344","38.325401306152344","38.325401306152344","13.907991409301758","13.907991409301758","13.907991409301758","55.14459228515625","55.14459228515625","55.14459228515625","38.2678108215332","38.2678108215332","38.2678108215332","13.655160903930664","13.655160903930664","13.655160903930664"
"13769","49.94953918457031","49.94953918457031","49.94953918457031","36.19712829589844","36.19712829589844","36.19712829589844","13.300504684448242","13.300504684448242","13.300504684448242","49.93519973754883","49.93519973754883","49.93519973754883","36.11746597290039","36.11746597290039","36.11746597290039","12.903287887573242","12.903287887573242","12.903287887573242"
"13799","50.546775817871094","50.546775817871094","50.546775817871094","38.95675277709961","38.95675277709961","38.95675277709961","13.427047729492188","13.427047729492188","13.427047729492188","50.58734130859375","50.58734130859375","50.58734130859375","38.848514556884766","38.848514556884766","38.848514556884766","13.162028312683105","13.162028312683105","13.162028312683105"
"13829","53.17816925048828","53.17816925048828","53.17816925048828","38.1027717590332","38.1027717590332","38.1027717590332","14.299708366394043","14.299708366394043","14.299708366394043","53.30807113647461","53.30807113647461","53.30807113647461","38.04705810546875","38.04705810546875","38.04705810546875","14.17361831665039","14.17361831665039","14.17361831665039"
"13859","51.12307357788086","51.12307357788086","51.12307357788086","39.95069885253906","39.95069885253906","39.95069885253906","14.21565055847168","14.21565055847168","14.21565055847168","50.96337890625","50.96337890625","50.96337890625","40.09813690185547","40.09813690185547","40.09813690185547","13.856598854064941","13.856598854064941","13.856598854064941"
"13889","53.06497573852539","53.06497573852539","53.06497573852539","37.976951599121094","37.976951599121094","37.976951599121094","13.279532432556152","13.279532432556152","13.279532432556152","52.94485092163086","52.94485092163086","52.94485092163086","38.13576889038086","38.13576889038086","38.13576889038086","13.133703231811523","13.133703231811523","13.133703231811523"
"13919","47.98099136352539","47.98099136352539","47.98099136352539","33.4576301574707","33.4576301574707","33.4576301574707","12.158835411071777","12.158835411071777","12.158835411071777","47.853919982910156","47.853919982910156","47.853919982910156","33.542137145996094","33.542137145996094","33.542137145996094","11.829591751098633","11.829591751098633","11.829591751098633"
"13949","48.93416976928711","48.93416976928711","48.93416976928711","35.4901008605957","35.4901008605957","35.4901008605957","13.27319049835205","13.27319049835205","13.27319049835205","48.855037689208984","48.855037689208984","48.855037689208984","35.32647705078125","35.32647705078125","35.32647705078125","12.977517127990723","12.977517127990723","12.977517127990723"
"13979","50.10271072387695","50.10271072387695","50.10271072387695","32.54574203491211","32.54574203491211","32.54574203491211","12.40029525756836","12.40029525756836","12.40029525756836","50.13483810424805","50.13483810424805","50.13483810424805","32.46880340576172","32.46880340576172","32.46880340576172","12.26162052154541","12.26162052154541","12.26162052154541"
"14009","50.97330856323242","50.97330856323242","50.97330856323242","37.880863189697266","37.880863189697266","37.880863189697266","13.830551147460938","13.830551147460938","13.830551147460938","51.10525131225586","51.10525131225586","51.10525131225586","38.07223129272461","38.07223129272461","38.07223129272461","13.761575698852539","13.761575698852539","13.761575698852539"
"14039","51.93885803222656","51.93885803222656","51.93885803222656","36.912147521972656","36.912147521972656","36.912147521972656","12.941000938415527","12.941000938415527","12.941000938415527","51.99258041381836","51.99258041381836","51.99258041381836","36.938533782958984","36.938533782958984","36.938533782958984","12.663400650024414","12.663400650024414","12.663400650024414"
"14069","53.47538375854492","53.47538375854492","53.47538375854492","38.43270492553711","38.43270492553711","38.43270492553711","15.011791229248047","15.011791229248047","15.011791229248047","53.456298828125","53.456298828125","53.456298828125","38.347938537597656","38.347938537597656","38.347938537597656","14.58971881866455","14.58971881866455","14.58971881866455"
"14099","50.09195327758789","50.09195327758789","50.09195327758789","33.75433349609375","33.75433349609375","33.75433349609375","13.086822509765625","13.086822509765625","13.086822509765625","50.19533920288086","50.19533920288086","50.19533920288086","33.7043342590332","33.7043342590332","33.7043342590332","12.989200592041016","12.989200592041016","12.989200592041016"
"14129","52.550193786621094","52.550193786621094","52.550193786621094","39.284603118896484","39.284603118896484","39.284603118896484","14.397614479064941","14.397614479064941","14.397614479064941","52.5617561340332","52.5617561340332","52.5617561340332","39.41627883911133","39.41627883911133","39.41627883911133","14.470687866210938","14.470687866210938","14.470687866210938"
"14159","49.79698181152344","49.79698181152344","49.79698181152344","36.22111129760742","36.22111129760742","36.22111129760742","13.921615600585938","13.921615600585938","13.921615600585938","49.740478515625","49.740478515625","49.740478515625","36.0976448059082","36.0976448059082","36.0976448059082","13.446500778198242","13.446500778198242","13.446500778198242"
"14189","50.48982620239258","50.48982620239258","50.48982620239258","38.375877380371094","38.375877380371094","38.375877380371094","13.455729484558105","13.455729484558105","13.455729484558105","50.45619201660156","50.45619201660156","50.45619201660156","38.47382354736328","38.47382354736328","38.47382354736328","13.169465065002441","13.169465065002441","13.169465065002441"
"14219","53.053993225097656","53.053993225097656","53.053993225097656","36.764034271240234","36.764034271240234","36.764034271240234","13.899106979370117","13.899106979370117","13.899106979370117","53.08906936645508","53.08906936645508","53.08906936645508","36.84502410888672","36.84502410888672","36.84502410888672","13.875089645385742","13.875089645385742","13.875089645385742"
"14249","52.71452331542969","52.71452331542969","52.71452331542969","37.409461975097656","37.409461975097656","37.409461975097656","13.234573364257812","13.234573364257812","13.234573364257812","52.5483283996582","52.5483283996582","52.5483283996582","37.326019287109375","37.326019287109375","37.326019287109375","12.97266674041748","12.97266674041748","12.97266674041748"
"14279","50.78544235229492","50.78544235229492","50.78544235229492","36.02585983276367","36.02585983276367","36.02585983276367","12.653360366821289","12.653360366821289","12.653360366821289","50.85446548461914","50.85446548461914","50.85446548461914","36.10548400878906","36.10548400878906","36.10548400878906","12.451727867126465","12.451727867126465","12.451727867126465"
"14309","48.494529724121094","48.494529724121094","48.494529724121094","33.946563720703125","33.946563720703125","33.946563720703125","12.176370620727539","12.176370620727539","12.176370620727539","48.53284454345703","48.53284454345703","48.53284454345703","33.87630844116211","33.87630844116211","33.87630844116211","12.272442817687988","12.272442817687988","12.272442817687988"
"14339","47.11106872558594","47.11106872558594","47.11106872558594","33.85893630981445","33.85893630981445","33.85893630981445","13.077399253845215","13.077399253845215","13.077399253845215","47.292724609375","47.292724609375","47.292724609375","33.79574966430664","33.79574966430664","33.79574966430664","12.899494171142578","12.899494171142578","12.899494171142578"
"14369","48.24585723876953","48.24585723876953","48.24585723876953","31.21454429626465","31.21454429626465","31.21454429626465","10.462306022644043","10.462306022644043","10.462306022644043","47.9870491027832","47.9870491027832","47.9870491027832","31.071067810058594","31.071067810058594","31.071067810058594","10.31888198852539","10.31888198852539","10.31888198852539"
"14399","48.86925506591797","48.86925506591797","48.86925506591797","35.986053466796875","35.986053466796875","35.986053466796875","13.536547660827637","13.536547660827637","13.536547660827637","48.89517593383789","48.89517593383789","48.89517593383789","36.04827880859375","36.04827880859375","36.04827880859375","13.311506271362305","13.311506271362305","13.311506271362305"
"14429","46.86676788330078","46.86676788330078","46.86676788330078","35.50477981567383","35.50477981567383","35.50477981567383","13.457375526428223","13.457375526428223","13.457375526428223","46.87690353393555","46.87690353393555","46.87690353393555","35.64593505859375","35.64593505859375","35.64593505859375","13.2240571975708","13.2240571975708","13.2240571975708"
"14459","52.98053741455078","52.98053741455078","52.98053741455078","36.03689956665039","36.03689956665039","36.03689956665039","12.584335327148438","12.584335327148438","12.584335327148438","53.332298278808594","53.332298278808594","53.332298278808594","36.01739501953125","36.01739501953125","36.01739501953125","12.374341011047363","12.374341011047363","12.374341011047363"
"14489","48.961116790771484","48.961116790771484","48.961116790771484","32.21174621582031","32.21174621582031","32.21174621582031","11.776140213012695","11.776140213012695","11.776140213012695","49.16788101196289","49.16788101196289","49.16788101196289","32.17971420288086","32.17971420288086","32.17971420288086","11.559661865234375","11.559661865234375","11.559661865234375"
"14519","48.87233352661133","48.87233352661133","48.87233352661133","34.14901351928711","34.14901351928711","34.14901351928711","11.974160194396973","11.974160194396973","11.974160194396973","48.68131637573242","48.68131637573242","48.68131637573242","34.03640365600586","34.03640365600586","34.03640365600586","11.913165092468262","11.913165092468262","11.913165092468262"
"14549","50.41917419433594","50.41917419433594","50.41917419433594","35.20926284790039","35.20926284790039","35.20926284790039","11.671552658081055","11.671552658081055","11.671552658081055","50.58360290527344","50.58360290527344","50.58360290527344","35.25088119506836","35.25088119506836","35.25088119506836","11.415040969848633","11.415040969848633","11.415040969848633"
"14579","50.07155990600586","50.07155990600586","50.07155990600586","38.23249816894531","38.23249816894531","38.23249816894531","13.909355163574219","13.909355163574219","13.909355163574219","50.00740051269531","50.00740051269531","50.00740051269531","38.02798080444336","38.02798080444336","38.02798080444336","13.861281394958496","13.861281394958496","13.861281394958496"
"14609","50.6712532043457","50.6712532043457","50.6712532043457","34.34420394897461","34.34420394897461","34.34420394897461","12.84524917602539","12.84524917602539","12.84524917602539","50.78145980834961","50.78145980834961","50.78145980834961","34.09556198120117","34.09556198120117","34.09556198120117","12.74831485748291","12.74831485748291","12.74831485748291"
"14639","52.63644027709961","52.63644027709961","52.63644027709961","36.02827453613281","36.02827453613281","36.02827453613281","13.357897758483887","13.357897758483887","13.357897758483887","52.466468811035156","52.466468811035156","52.466468811035156","35.977867126464844","35.977867126464844","35.977867126464844","13.139533042907715","13.139533042907715","13.139533042907715"
"14669","44.0966682434082","44.0966682434082","44.0966682434082","32.4691162109375","32.4691162109375","32.4691162109375","12.047337532043457","12.047337532043457","12.047337532043457","44.310325622558594","44.310325622558594","44.310325622558594","32.41926574707031","32.41926574707031","32.41926574707031","12.16774845123291","12.16774845123291","12.16774845123291"
"14699","45.5067138671875","45.5067138671875","45.5067138671875","30.611303329467773","30.611303329467773","30.611303329467773","12.3761568069458","12.3761568069458","12.3761568069458","45.660160064697266","45.660160064697266","45.660160064697266","30.66991424560547","30.66991424560547","30.66991424560547","11.968476295471191","11.968476295471191","11.968476295471191"
"14729","49.81230545043945","49.81230545043945","49.81230545043945","37.04248809814453","37.04248809814453","37.04248809814453","15.217665672302246","15.217665672302246","15.217665672302246","49.95387649536133","49.95387649536133","49.95387649536133","36.86638259887695","36.86638259887695","36.86638259887695","15.161873817443848","15.161873817443848","15.161873817443848"
"14759","47.07505798339844","47.07505798339844","47.07505798339844","31.09087562561035","31.09087562561035","31.09087562561035","11.33447265625","11.33447265625","11.33447265625","46.87794876098633","46.87794876098633","46.87794876098633","30.906312942504883","30.906312942504883","30.906312942504883","11.198609352111816","11.198609352111816","11.198609352111816"
"14789","48.29021453857422","48.29021453857422","48.29021453857422","35.84001541137695","35.84001541137695","35.84001541137695","13.64688777923584","13.64688777923584","13.64688777923584","48.25550079345703","48.25550079345703","48.25550079345703","35.95412826538086","35.95412826538086","35.95412826538086","13.353805541992188","13.353805541992188","13.353805541992188"
"14819","51.276912689208984","51.276912689208984","51.276912689208984","40.05853271484375","40.05853271484375","40.05853271484375","14.157428741455078","14.157428741455078","14.157428741455078","51.437538146972656","51.437538146972656","51.437538146972656","40.08222579956055","40.08222579956055","40.08222579956055","13.780290603637695","13.780290603637695","13.780290603637695"
"14849","45.58726501464844","45.58726501464844","45.58726501464844","34.67910385131836","34.67910385131836","34.67910385131836","13.253368377685547","13.253368377685547","13.253368377685547","45.67876052856445","45.67876052856445","45.67876052856445","34.55537033081055","34.55537033081055","34.55537033081055","12.931663513183594","12.931663513183594","12.931663513183594"
"14879","49.91463851928711","49.91463851928711","49.91463851928711","35.92669677734375","35.92669677734375","35.92669677734375","13.165645599365234","13.165645599365234","13.165645599365234","49.91919708251953","49.91919708251953","49.91919708251953","35.97503662109375","35.97503662109375","35.97503662109375","13.063477516174316","13.063477516174316","13.063477516174316"
"14909","52.09691619873047","52.09691619873047","52.09691619873047","37.60429000854492","37.60429000854492","37.60429000854492","14.727733612060547","14.727733612060547","14.727733612060547","51.92221450805664","51.92221450805664","51.92221450805664","37.49126052856445","37.49126052856445","37.49126052856445","14.178255081176758","14.178255081176758","14.178255081176758"
"14939","50.584999084472656","50.584999084472656","50.584999084472656","36.13457489013672","36.13457489013672","36.13457489013672","11.957273483276367","11.957273483276367","11.957273483276367","50.42436599731445","50.42436599731445","50.42436599731445","36.04307556152344","36.04307556152344","36.04307556152344","11.660633087158203","11.660633087158203","11.660633087158203"
"14969","52.29861068725586","52.29861068725586","52.29861068725586","39.26688003540039","39.26688003540039","39.26688003540039","14.359782218933105","14.359782218933105","14.359782218933105","52.25963592529297","52.25963592529297","52.25963592529297","39.169673919677734","39.169673919677734","39.169673919677734","14.04234504699707","14.04234504699707","14.04234504699707"
"14999","49.53809356689453","49.53809356689453","49.53809356689453","36.730003356933594","36.730003356933594","36.730003356933594","13.51945686340332","13.51945686340332","13.51945686340332","49.403533935546875","49.403533935546875","49.403533935546875","36.614707946777344","36.614707946777344","36.614707946777344","13.397875785827637","13.397875785827637","13.397875785827637"
"15029","53.87027359008789","53.87027359008789","53.87027359008789","40.6362419128418","40.6362419128418","40.6362419128418","14.258814811706543","14.258814811706543","14.258814811706543","54.04192352294922","54.04192352294922","54.04192352294922","40.73957061767578","40.73957061767578","40.73957061767578","13.94944953918457","13.94944953918457","13.94944953918457"
"15059","47.26533126831055","47.26533126831055","47.26533126831055","37.052303314208984","37.052303314208984","37.052303314208984","13.508051872253418","13.508051872253418","13.508051872253418","47.19244384765625","47.19244384765625","47.19244384765625","37.165523529052734","37.165523529052734","37.165523529052734","13.356107711791992","13.356107711791992","13.356107711791992"
"15089","51.3152961730957","51.3152961730957","51.3152961730957","38.3946418762207","38.3946418762207","38.3946418762207","14.87289047241211","14.87289047241211","14.87289047241211","51.11699295043945","51.11699295043945","51.11699295043945","38.33757781982422","38.33757781982422","38.33757781982422","15.01651668548584","15.01651668548584","15.01651668548584"
"15119","47.30524826049805","47.30524826049805","47.30524826049805","32.64337158203125","32.64337158203125","32.64337158203125","12.976752281188965","12.976752281188965","12.976752281188965","47.36814498901367","47.36814498901367","47.36814498901367","32.71309280395508","32.71309280395508","32.71309280395508","12.587824821472168","12.587824821472168","12.587824821472168"
"15149","47.03134536743164","47.03134536743164","47.03134536743164","35.36114501953125","35.36114501953125","35.36114501953125","12.703081130981445","12.703081130981445","12.703081130981445","47.13432693481445","47.13432693481445","47.13432693481445","35.19700622558594","35.19700622558594","35.19700622558594","12.42139720916748","12.42139720916748","12.42139720916748"
"15179","45.97075271606445","45.97075271606445","45.97075271606445","30.985565185546875","30.985565185546875","30.985565185546875","10.867352485656738","10.867352485656738","10.867352485656738","45.85271072387695","45.85271072387695","45.85271072387695","30.933963775634766","30.933963775634766","30.933963775634766","10.45234489440918","10.45234489440918","10.45234489440918"
"15209","47.24351501464844","47.24351501464844","47.24351501464844","33.46580123901367","33.46580123901367","33.46580123901367","12.3514404296875","12.3514404296875","12.3514404296875","47.25559997558594","47.25559997558594","47.25559997558594","33.64306640625","33.64306640625","33.64306640625","12.388752937316895","12.388752937316895","12.388752937316895"
"15239","47.14756774902344","47.14756774902344","47.14756774902344","36.88512420654297","36.88512420654297","36.88512420654297","13.39346694946289","13.39346694946289","13.39346694946289","46.825462341308594","46.825462341308594","46.825462341308594","36.82403564453125","36.82403564453125","36.82403564453125","13.155308723449707","13.155308723449707","13.155308723449707"
"15269","45.228797912597656","45.228797912597656","45.228797912597656","33.29324722290039","33.29324722290039","33.29324722290039","12.149660110473633","12.149660110473633","12.149660110473633","45.26543045043945","45.26543045043945","45.26543045043945","33.3236083984375","33.3236083984375","33.3236083984375","12.001181602478027","12.001181602478027","12.001181602478027"
"15299","50.13474655151367","50.13474655151367","50.13474655151367","33.20159912109375","33.20159912109375","33.20159912109375","11.942133903503418","11.942133903503418","11.942133903503418","49.82630157470703","49.82630157470703","49.82630157470703","33.19717025756836","33.19717025756836","33.19717025756836","11.83956241607666","11.83956241607666","11.83956241607666"
"15329","48.905555725097656","48.905555725097656","48.905555725097656","33.49528121948242","33.49528121948242","33.49528121948242","11.53532600402832","11.53532600402832","11.53532600402832","48.94633865356445","48.94633865356445","48.94633865356445","33.482269287109375","33.482269287109375","33.482269287109375","11.30197525024414","11.30197525024414","11.30197525024414"
"15359","50.31117630004883","50.31117630004883","50.31117630004883","33.62025451660156","33.62025451660156","33.62025451660156","12.524558067321777","12.524558067321777","12.524558067321777","50.15126037597656","50.15126037597656","50.15126037597656","33.48768615722656","33.48768615722656","33.48768615722656","12.241948127746582","12.241948127746582","12.241948127746582"
"15389","46.30852508544922","46.30852508544922","46.30852508544922","31.071102142333984","31.071102142333984","31.071102142333984","11.646768569946289","11.646768569946289","11.646768569946289","46.365936279296875","46.365936279296875","46.365936279296875","31.077777862548828","31.077777862548828","31.077777862548828","11.597012519836426","11.597012519836426","11.597012519836426"
"15419","52.399295806884766","52.399295806884766","52.399295806884766","38.95893096923828","38.95893096923828","38.95893096923828","13.951189041137695","13.951189041137695","13.951189041137695","52.26639938354492","52.26639938354492","52.26639938354492","39.00592041015625","39.00592041015625","39.00592041015625","13.7516450881958","13.7516450881958","13.7516450881958"
"15449","50.640419006347656","50.640419006347656","50.640419006347656","35.76210021972656","35.76210021972656","35.76210021972656","12.470041275024414","12.470041275024414","12.470041275024414","50.675228118896484","50.675228118896484","50.675228118896484","35.68134689331055","35.68134689331055","35.68134689331055","12.446369171142578","12.446369171142578","12.446369171142578"
"15479","47.56299591064453","47.56299591064453","47.56299591064453","34.433876037597656","34.433876037597656","34.433876037597656","13.103224754333496","13.103224754333496","13.103224754333496","47.65071105957031","47.65071105957031","47.65071105957031","34.30434036254883","34.30434036254883","34.30434036254883","13.023613929748535","13.023613929748535","13.023613929748535"
"15509","54.39356231689453","54.39356231689453","54.39356231689453","38.38810729980469","38.38810729980469","38.38810729980469","14.488791465759277","14.488791465759277","14.488791465759277","54.39274215698242","54.39274215698242","54.39274215698242","38.21997833251953","38.21997833251953","38.21997833251953","14.62098503112793","14.62098503112793","14.62098503112793"
"15539","46.7790412902832","46.7790412902832","46.7790412902832","34.52622604370117","34.52622604370117","34.52622604370117","12.215968132019043","12.215968132019043","12.215968132019043","46.84989547729492","46.84989547729492","46.84989547729492","34.44186019897461","34.44186019897461","34.44186019897461","11.905828475952148","11.905828475952148","11.905828475952148"
"15569","52.23366928100586","52.23366928100586","52.23366928100586","41.42032241821289","41.42032241821289","41.42032241821289","12.683491706848145","12.683491706848145","12.683491706848145","52.00419616699219","52.00419616699219","52.00419616699219","41.104164123535156","41.104164123535156","41.104164123535156","12.479079246520996","12.479079246520996","12.479079246520996"
"15599","50.59093475341797","50.59093475341797","50.59093475341797","33.208091735839844","33.208091735839844","33.208091735839844","11.641088485717773","11.641088485717773","11.641088485717773","50.43714904785156","50.43714904785156","50.43714904785156","33.37640380859375","33.37640380859375","33.37640380859375","11.466717720031738","11.466717720031738","11.466717720031738"
"15629","43.85581970214844","43.85581970214844","43.85581970214844","31.862865447998047","31.862865447998047","31.862865447998047","12.87399673461914","12.87399673461914","12.87399673461914","43.83473205566406","43.83473205566406","43.83473205566406","31.88087272644043","31.88087272644043","31.88087272644043","12.561027526855469","12.561027526855469","12.561027526855469"
"15659","50.955135345458984","50.955135345458984","50.955135345458984","36.36564254760742","36.36564254760742","36.36564254760742","14.393798828125","14.393798828125","14.393798828125","51.2402229309082","51.2402229309082","51.2402229309082","36.506431579589844","36.506431579589844","36.506431579589844","13.725936889648438","13.725936889648438","13.725936889648438"
"15689","47.6760139465332","47.6760139465332","47.6760139465332","33.95695877075195","33.95695877075195","33.95695877075195","11.354280471801758","11.354280471801758","11.354280471801758","47.545936584472656","47.545936584472656","47.545936584472656","34.02102279663086","34.02102279663086","34.02102279663086","11.35457992553711","11.35457992553711","11.35457992553711"
"15719","48.4105224609375","48.4105224609375","48.4105224609375","31.934261322021484","31.934261322021484","31.934261322021484","11.223776817321777","11.223776817321777","11.223776817321777","48.22625732421875","48.22625732421875","48.22625732421875","31.95421028137207","31.95421028137207","31.95421028137207","11.114142417907715","11.114142417907715","11.114142417907715"
"15749","52.11830520629883","52.11830520629883","52.11830520629883","38.9549560546875","38.9549560546875","38.9549560546875","15.361783981323242","15.361783981323242","15.361783981323242","52.10744094848633","52.10744094848633","52.10744094848633","38.71401596069336","38.71401596069336","38.71401596069336","15.134249687194824","15.134249687194824","15.134249687194824"
"15779","49.729305267333984","49.729305267333984","49.729305267333984","36.074623107910156","36.074623107910156","36.074623107910156","12.645700454711914","12.645700454711914","12.645700454711914","49.63858413696289","49.63858413696289","49.63858413696289","36.17985153198242","36.17985153198242","36.17985153198242","12.585124015808105","12.585124015808105","12.585124015808105"
"15809","51.00002670288086","51.00002670288086","51.00002670288086","39.02604293823242","39.02604293823242","39.02604293823242","17.269826889038086","17.269826889038086","17.269826889038086","50.95432662963867","50.95432662963867","50.95432662963867","39.165977478027344","39.165977478027344","39.165977478027344","16.933780670166016","16.933780670166016","16.933780670166016"
"15839","47.664310455322266","47.664310455322266","47.664310455322266","31.690542221069336","31.690542221069336","31.690542221069336","12.676674842834473","12.676674842834473","12.676674842834473","47.6629638671875","47.6629638671875","47.6629638671875","31.64540672302246","31.64540672302246","31.64540672302246","12.655792236328125","12.655792236328125","12.655792236328125"
"15869","49.28680419921875","49.28680419921875","49.28680419921875","34.67010498046875","34.67010498046875","34.67010498046875","12.919687271118164","12.919687271118164","12.919687271118164","49.39097595214844","49.39097595214844","49.39097595214844","34.63887405395508","34.63887405395508","34.63887405395508","12.700698852539062","12.700698852539062","12.700698852539062"
"15899","47.42906951904297","47.42906951904297","47.42906951904297","33.772396087646484","33.772396087646484","33.772396087646484","12.502664566040039","12.502664566040039","12.502664566040039","47.770423889160156","47.770423889160156","47.770423889160156","33.69812774658203","33.69812774658203","33.69812774658203","12.07756519317627","12.07756519317627","12.07756519317627"
"15929","47.15825653076172","47.15825653076172","47.15825653076172","34.971126556396484","34.971126556396484","34.971126556396484","12.515485763549805","12.515485763549805","12.515485763549805","47.025390625","47.025390625","47.025390625","34.46672439575195","34.46672439575195","34.46672439575195","12.301885604858398","12.301885604858398","12.301885604858398"
"15959","45.3427734375","45.3427734375","45.3427734375","31.68519401550293","31.68519401550293","31.68519401550293","11.64993953704834","11.64993953704834","11.64993953704834","45.41746139526367","45.41746139526367","45.41746139526367","31.709970474243164","31.709970474243164","31.709970474243164","11.537114143371582","11.537114143371582","11.537114143371582"
"15989","52.62757873535156","52.62757873535156","52.62757873535156","40.074058532714844","40.074058532714844","40.074058532714844","14.65007495880127","14.65007495880127","14.65007495880127","52.67219543457031","52.67219543457031","52.67219543457031","39.938934326171875","39.938934326171875","39.938934326171875","14.312521934509277","14.312521934509277","14.312521934509277"
"16019","46.93523406982422","46.93523406982422","46.93523406982422","36.524627685546875","36.524627685546875","36.524627685546875","13.282201766967773","13.282201766967773","13.282201766967773","46.59840774536133","46.59840774536133","46.59840774536133","36.45010757446289","36.45010757446289","36.45010757446289","12.886306762695312","12.886306762695312","12.886306762695312"
"16049","49.493324279785156","49.493324279785156","49.493324279785156","31.89397621154785","31.89397621154785","31.89397621154785","11.803141593933105","11.803141593933105","11.803141593933105","49.75228500366211","49.75228500366211","49.75228500366211","31.86955451965332","31.86955451965332","31.86955451965332","11.719571113586426","11.719571113586426","11.719571113586426"
"16079","51.77046585083008","51.77046585083008","51.77046585083008","41.33951950073242","41.33951950073242","41.33951950073242","16.20987319946289","16.20987319946289","16.20987319946289","51.68545913696289","51.68545913696289","51.68545913696289","41.484130859375","41.484130859375","41.484130859375","15.946703910827637","15.946703910827637","15.946703910827637"
"16109","48.36417770385742","48.36417770385742","48.36417770385742","38.484737396240234","38.484737396240234","38.484737396240234","14.036819458007812","14.036819458007812","14.036819458007812","48.36687469482422","48.36687469482422","48.36687469482422","38.41579818725586","38.41579818725586","38.41579818725586","13.470428466796875","13.470428466796875","13.470428466796875"
"16139","52.87390899658203","52.87390899658203","52.87390899658203","38.8211669921875","38.8211669921875","38.8211669921875","15.754286766052246","15.754286766052246","15.754286766052246","52.64714050292969","52.64714050292969","52.64714050292969","38.70368194580078","38.70368194580078","38.70368194580078","15.39665412902832","15.39665412902832","15.39665412902832"
"16169","49.04547882080078","49.04547882080078","49.04547882080078","33.118770599365234","33.118770599365234","33.118770599365234","12.659280776977539","12.659280776977539","12.659280776977539","49.00737762451172","49.00737762451172","49.00737762451172","32.9311408996582","32.9311408996582","32.9311408996582","12.468236923217773","12.468236923217773","12.468236923217773"
"16199","49.54449462890625","49.54449462890625","49.54449462890625","36.126888275146484","36.126888275146484","36.126888275146484","13.329936027526855","13.329936027526855","13.329936027526855","49.590980529785156","49.590980529785156","49.590980529785156","35.9305305480957","35.9305305480957","35.9305305480957","13.223197937011719","13.223197937011719","13.223197937011719"
"16229","45.86510467529297","45.86510467529297","45.86510467529297","34.86679458618164","34.86679458618164","34.86679458618164","12.421412467956543","12.421412467956543","12.421412467956543","45.82950210571289","45.82950210571289","45.82950210571289","34.77865219116211","34.77865219116211","34.77865219116211","12.473881721496582","12.473881721496582","12.473881721496582"
"16259","53.09247970581055","53.09247970581055","53.09247970581055","40.066429138183594","40.066429138183594","40.066429138183594","15.335837364196777","15.335837364196777","15.335837364196777","53.027244567871094","53.027244567871094","53.027244567871094","40.00442886352539","40.00442886352539","40.00442886352539","15.246848106384277","15.246848106384277","15.246848106384277"
"16289","48.909236907958984","48.909236907958984","48.909236907958984","35.84730529785156","35.84730529785156","35.84730529785156","14.908952713012695","14.908952713012695","14.908952713012695","48.65243148803711","48.65243148803711","48.65243148803711","35.89361572265625","35.89361572265625","35.89361572265625","14.965208053588867","14.965208053588867","14.965208053588867"
"16319","49.22499084472656","49.22499084472656","49.22499084472656","33.61396026611328","33.61396026611328","33.61396026611328","13.470189094543457","13.470189094543457","13.470189094543457","49.06608200073242","49.06608200073242","49.06608200073242","33.517478942871094","33.517478942871094","33.517478942871094","13.098222732543945","13.098222732543945","13.098222732543945"
"16349","49.33381652832031","49.33381652832031","49.33381652832031","36.23200225830078","36.23200225830078","36.23200225830078","12.545806884765625","12.545806884765625","12.545806884765625","48.86153793334961","48.86153793334961","48.86153793334961","36.427093505859375","36.427093505859375","36.427093505859375","12.337339401245117","12.337339401245117","12.337339401245117"
"16379","46.271366119384766","46.271366119384766","46.271366119384766","35.30492401123047","35.30492401123047","35.30492401123047","14.379423141479492","14.379423141479492","14.379423141479492","46.337860107421875","46.337860107421875","46.337860107421875","35.25281524658203","35.25281524658203","35.25281524658203","13.844883918762207","13.844883918762207","13.844883918762207"
"16409","55.85365295410156","55.85365295410156","55.85365295410156","38.77214431762695","38.77214431762695","38.77214431762695","13.810087203979492","13.810087203979492","13.810087203979492","56.03777313232422","56.03777313232422","56.03777313232422","39.00897216796875","39.00897216796875","39.00897216796875","13.70485782623291","13.70485782623291","13.70485782623291"
"16439","48.293025970458984","48.293025970458984","48.293025970458984","35.870567321777344","35.870567321777344","35.870567321777344","13.05077838897705","13.05077838897705","13.05077838897705","48.27294158935547","48.27294158935547","48.27294158935547","35.79161071777344","35.79161071777344","35.79161071777344","12.98090648651123","12.98090648651123","12.98090648651123"
"16469","48.33208084106445","48.33208084106445","48.33208084106445","35.37977981567383","35.37977981567383","35.37977981567383","12.86073112487793","12.86073112487793","12.86073112487793","48.32661056518555","48.32661056518555","48.32661056518555","35.28813934326172","35.28813934326172","35.28813934326172","12.943442344665527","12.943442344665527","12.943442344665527"
"16499","50.584529876708984","50.584529876708984","50.584529876708984","36.99970245361328","36.99970245361328","36.99970245361328","13.079544067382812","13.079544067382812","13.079544067382812","50.690834045410156","50.690834045410156","50.690834045410156","36.9286994934082","36.9286994934082","36.9286994934082","12.906272888183594","12.906272888183594","12.906272888183594"
"16529","49.90766143798828","49.90766143798828","49.90766143798828","37.55105209350586","37.55105209350586","37.55105209350586","14.827887535095215","14.827887535095215","14.827887535095215","50.03771209716797","50.03771209716797","50.03771209716797","37.76612091064453","37.76612091064453","37.76612091064453","14.40841293334961","14.40841293334961","14.40841293334961"
"16559","48.11956787109375","48.11956787109375","48.11956787109375","34.34482192993164","34.34482192993164","34.34482192993164","12.825321197509766","12.825321197509766","12.825321197509766","48.12125778198242","48.12125778198242","48.12125778198242","34.4463996887207","34.4463996887207","34.4463996887207","12.328414916992188","12.328414916992188","12.328414916992188"
"16589","49.65383529663086","49.65383529663086","49.65383529663086","33.85309982299805","33.85309982299805","33.85309982299805","12.353747367858887","12.353747367858887","12.353747367858887","49.59266662597656","49.59266662597656","49.59266662597656","33.959815979003906","33.959815979003906","33.959815979003906","12.21048355102539","12.21048355102539","12.21048355102539"
"16619","48.53376007080078","48.53376007080078","48.53376007080078","35.225807189941406","35.225807189941406","35.225807189941406","12.626248359680176","12.626248359680176","12.626248359680176","48.46237564086914","48.46237564086914","48.46237564086914","35.36056900024414","35.36056900024414","35.36056900024414","12.625192642211914","12.625192642211914","12.625192642211914"
"16649","45.80397415161133","45.80397415161133","45.80397415161133","34.728328704833984","34.728328704833984","34.728328704833984","12.87276554107666","12.87276554107666","12.87276554107666","45.74571228027344","45.74571228027344","45.74571228027344","34.69403839111328","34.69403839111328","34.69403839111328","12.692567825317383","12.692567825317383","12.692567825317383"
"16679","45.66245651245117","45.66245651245117","45.66245651245117","34.94216537475586","34.94216537475586","34.94216537475586","12.597124099731445","12.597124099731445","12.597124099731445","45.81353759765625","45.81353759765625","45.81353759765625","34.07526397705078","34.07526397705078","34.07526397705078","12.184782028198242","12.184782028198242","12.184782028198242"
"16709","46.74996566772461","46.74996566772461","46.74996566772461","31.195003509521484","31.195003509521484","31.195003509521484","11.68244457244873","11.68244457244873","11.68244457244873","46.66749954223633","46.66749954223633","46.66749954223633","31.178579330444336","31.178579330444336","31.178579330444336","11.540008544921875","11.540008544921875","11.540008544921875"
"16739","48.41292953491211","48.41292953491211","48.41292953491211","33.134891510009766","33.134891510009766","33.134891510009766","11.765644073486328","11.765644073486328","11.765644073486328","48.38818359375","48.38818359375","48.38818359375","33.099090576171875","33.099090576171875","33.099090576171875","11.870305061340332","11.870305061340332","11.870305061340332"
"16769","49.924072265625","49.924072265625","49.924072265625","32.21342468261719","32.21342468261719","32.21342468261719","11.392590522766113","11.392590522766113","11.392590522766113","49.8986701965332","49.8986701965332","49.8986701965332","32.283050537109375","32.283050537109375","32.283050537109375","11.091012954711914","11.091012954711914","11.091012954711914"
"16799","43.999515533447266","43.999515533447266","43.999515533447266","30.090030670166016","30.090030670166016","30.090030670166016","10.449164390563965","10.449164390563965","10.449164390563965","43.92500305175781","43.92500305175781","43.92500305175781","30.2014102935791","30.2014102935791","30.2014102935791","10.565329551696777","10.565329551696777","10.565329551696777"
"16829","50.41240692138672","50.41240692138672","50.41240692138672","33.976192474365234","33.976192474365234","33.976192474365234","12.639835357666016","12.639835357666016","12.639835357666016","50.58049774169922","50.58049774169922","50.58049774169922","33.9726448059082","33.9726448059082","33.9726448059082","12.702277183532715","12.702277183532715","12.702277183532715"
"16859","51.21622848510742","51.21622848510742","51.21622848510742","33.50824737548828","33.50824737548828","33.50824737548828","12.099212646484375","12.099212646484375","12.099212646484375","51.226806640625","51.226806640625","51.226806640625","33.32539749145508","33.32539749145508","33.32539749145508","11.798885345458984","11.798885345458984","11.798885345458984"
"16889","48.16859436035156","48.16859436035156","48.16859436035156","49.17598342895508","49.17598342895508","49.17598342895508","14.317047119140625","14.317047119140625","14.317047119140625","48.10188674926758","48.10188674926758","48.10188674926758","56.989871978759766","56.989871978759766","56.989871978759766","13.939191818237305","13.939191818237305","13.939191818237305"
"16919","49.01797866821289","49.01797866821289","49.01797866821289","38.41130828857422","38.41130828857422","38.41130828857422","14.908461570739746","14.908461570739746","14.908461570739746","48.804344177246094","48.804344177246094","48.804344177246094","38.35329055786133","38.35329055786133","38.35329055786133","14.888776779174805","14.888776779174805","14.888776779174805"
"16949","49.713523864746094","49.713523864746094","49.713523864746094","35.23492431640625","35.23492431640625","35.23492431640625","13.32921314239502","13.32921314239502","13.32921314239502","49.7128791809082","49.7128791809082","49.7128791809082","35.386878967285156","35.386878967285156","35.386878967285156","13.082077026367188","13.082077026367188","13.082077026367188"
"16979","48.75082015991211","48.75082015991211","48.75082015991211","34.56288146972656","34.56288146972656","34.56288146972656","12.478599548339844","12.478599548339844","12.478599548339844","48.723602294921875","48.723602294921875","48.723602294921875","34.76462173461914","34.76462173461914","34.76462173461914","12.369729995727539","12.369729995727539","12.369729995727539"
"17009","51.1037483215332","51.1037483215332","51.1037483215332","38.252342224121094","38.252342224121094","38.252342224121094","14.666487693786621","14.666487693786621","14.666487693786621","51.09754943847656","51.09754943847656","51.09754943847656","38.32949447631836","38.32949447631836","38.32949447631836","14.24997329711914","14.24997329711914","14.24997329711914"
"17039","47.85029983520508","47.85029983520508","47.85029983520508","31.98213005065918","31.98213005065918","31.98213005065918","12.705018043518066","12.705018043518066","12.705018043518066","47.96437072753906","47.96437072753906","47.96437072753906","32.13057327270508","32.13057327270508","32.13057327270508","12.457014083862305","12.457014083862305","12.457014083862305"
"17069","50.074851989746094","50.074851989746094","50.074851989746094","33.72850799560547","33.72850799560547","33.72850799560547","12.029437065124512","12.029437065124512","12.029437065124512","50.08198165893555","50.08198165893555","50.08198165893555","33.69446563720703","33.69446563720703","33.69446563720703","11.908556938171387","11.908556938171387","11.908556938171387"
"17099","47.93804931640625","47.93804931640625","47.93804931640625","33.71075439453125","33.71075439453125","33.71075439453125","11.764457702636719","11.764457702636719","11.764457702636719","47.73554229736328","47.73554229736328","47.73554229736328","33.78709411621094","33.78709411621094","33.78709411621094","11.390932083129883","11.390932083129883","11.390932083129883"
"17129","43.5236701965332","43.5236701965332","43.5236701965332","28.59219741821289","28.59219741821289","28.59219741821289","10.44009780883789","10.44009780883789","10.44009780883789","43.40311050415039","43.40311050415039","43.40311050415039","28.416732788085938","28.416732788085938","28.416732788085938","10.176000595092773","10.176000595092773","10.176000595092773"
"17159","49.473323822021484","49.473323822021484","49.473323822021484","34.31297302246094","34.31297302246094","34.31297302246094","11.222366333007812","11.222366333007812","11.222366333007812","49.63931655883789","49.63931655883789","49.63931655883789","34.27561569213867","34.27561569213867","34.27561569213867","10.953665733337402","10.953665733337402","10.953665733337402"
"17189","50.83734893798828","50.83734893798828","50.83734893798828","37.8923225402832","37.8923225402832","37.8923225402832","14.07159423828125","14.07159423828125","14.07159423828125","50.573543548583984","50.573543548583984","50.573543548583984","37.83578872680664","37.83578872680664","37.83578872680664","13.684836387634277","13.684836387634277","13.684836387634277"
"17219","48.28529357910156","48.28529357910156","48.28529357910156","35.809532165527344","35.809532165527344","35.809532165527344","12.951433181762695","12.951433181762695","12.951433181762695","48.360164642333984","48.360164642333984","48.360164642333984","35.86725616455078","35.86725616455078","35.86725616455078","12.558869361877441","12.558869361877441","12.558869361877441"
"17249","47.49937057495117","47.49937057495117","47.49937057495117","32.70466613769531","32.70466613769531","32.70466613769531","12.645792007446289","12.645792007446289","12.645792007446289","47.40510559082031","47.40510559082031","47.40510559082031","32.967525482177734","32.967525482177734","32.967525482177734","12.3825044631958","12.3825044631958","12.3825044631958"
"17279","50.316009521484375","50.316009521484375","50.316009521484375","38.79454803466797","38.79454803466797","38.79454803466797","14.5952730178833","14.5952730178833","14.5952730178833","50.11212921142578","50.11212921142578","50.11212921142578","38.720947265625","38.720947265625","38.720947265625","14.386174201965332","14.386174201965332","14.386174201965332"
"17309","48.307586669921875","48.307586669921875","48.307586669921875","36.60877227783203","36.60877227783203","36.60877227783203","14.849222183227539","14.849222183227539","14.849222183227539","47.99414825439453","47.99414825439453","47.99414825439453","36.33135986328125","36.33135986328125","36.33135986328125","14.567011833190918","14.567011833190918","14.567011833190918"
"17339","52.69975280761719","52.69975280761719","52.69975280761719","38.32183837890625","38.32183837890625","38.32183837890625","14.116161346435547","14.116161346435547","14.116161346435547","52.60724639892578","52.60724639892578","52.60724639892578","38.36795425415039","38.36795425415039","38.36795425415039","13.652034759521484","13.652034759521484","13.652034759521484"
"17369","47.70130920410156","47.70130920410156","47.70130920410156","32.124359130859375","32.124359130859375","32.124359130859375","11.305569648742676","11.305569648742676","11.305569648742676","47.74152374267578","47.74152374267578","47.74152374267578","32.07563781738281","32.07563781738281","32.07563781738281","11.064667701721191","11.064667701721191","11.064667701721191"
"17399","44.838661193847656","44.838661193847656","44.838661193847656","33.1201057434082","33.1201057434082","33.1201057434082","12.93220043182373","12.93220043182373","12.93220043182373","44.8541259765625","44.8541259765625","44.8541259765625","33.1995735168457","33.1995735168457","33.1995735168457","12.92093276977539","12.92093276977539","12.92093276977539"
"17429","49.90876770019531","49.90876770019531","49.90876770019531","32.79879379272461","32.79879379272461","32.79879379272461","11.389191627502441","11.389191627502441","11.389191627502441","49.89692306518555","49.89692306518555","49.89692306518555","32.9237060546875","32.9237060546875","32.9237060546875","11.207829475402832","11.207829475402832","11.207829475402832"
"17459","49.52783203125","49.52783203125","49.52783203125","32.79800033569336","32.79800033569336","32.79800033569336","11.963034629821777","11.963034629821777","11.963034629821777","49.74176025390625","49.74176025390625","49.74176025390625","32.59735870361328","32.59735870361328","32.59735870361328","11.972678184509277","11.972678184509277","11.972678184509277"
"17489","49.99861145019531","49.99861145019531","49.99861145019531","35.83747482299805","35.83747482299805","35.83747482299805","12.901507377624512","12.901507377624512","12.901507377624512","50.19668960571289","50.19668960571289","50.19668960571289","35.43794250488281","35.43794250488281","35.43794250488281","13.029541015625","13.029541015625","13.029541015625"
"17519","45.74612808227539","45.74612808227539","45.74612808227539","29.433027267456055","29.433027267456055","29.433027267456055","11.388731002807617","11.388731002807617","11.388731002807617","45.425994873046875","45.425994873046875","45.425994873046875","29.381393432617188","29.381393432617188","29.381393432617188","11.242241859436035","11.242241859436035","11.242241859436035"
"17549","49.86345291137695","49.86345291137695","49.86345291137695","37.567745208740234","37.567745208740234","37.567745208740234","14.379202842712402","14.379202842712402","14.379202842712402","50.050071716308594","50.050071716308594","50.050071716308594","37.36346435546875","37.36346435546875","37.36346435546875","13.983237266540527","13.983237266540527","13.983237266540527"
"17579","49.62648391723633","49.62648391723633","49.62648391723633","32.205501556396484","32.205501556396484","32.205501556396484","13.630268096923828","13.630268096923828","13.630268096923828","49.59967803955078","49.59967803955078","49.59967803955078","32.02338409423828","32.02338409423828","32.02338409423828","13.136907577514648","13.136907577514648","13.136907577514648"
"17609","51.466434478759766","51.466434478759766","51.466434478759766","35.83907699584961","35.83907699584961","35.83907699584961","13.757882118225098","13.757882118225098","13.757882118225098","51.6951904296875","51.6951904296875","51.6951904296875","35.70450210571289","35.70450210571289","35.70450210571289","13.673848152160645","13.673848152160645","13.673848152160645"
"17639","49.88166046142578","49.88166046142578","49.88166046142578","34.87156295776367","34.87156295776367","34.87156295776367","12.312543869018555","12.312543869018555","12.312543869018555","49.9733772277832","49.9733772277832","49.9733772277832","35.01922607421875","35.01922607421875","35.01922607421875","12.182490348815918","12.182490348815918","12.182490348815918"
"17669","48.92829132080078","48.92829132080078","48.92829132080078","32.095394134521484","32.095394134521484","32.095394134521484","11.132086753845215","11.132086753845215","11.132086753845215","48.87971496582031","48.87971496582031","48.87971496582031","32.01502227783203","32.01502227783203","32.01502227783203","10.937213897705078","10.937213897705078","10.937213897705078"
"17699","51.96564865112305","51.96564865112305","51.96564865112305","36.45315933227539","36.45315933227539","36.45315933227539","12.793231964111328","12.793231964111328","12.793231964111328","52.0621337890625","52.0621337890625","52.0621337890625","36.331626892089844","36.331626892089844","36.331626892089844","12.711261749267578","12.711261749267578","12.711261749267578"
"17729","46.63690948486328","46.63690948486328","46.63690948486328","32.26525115966797","32.26525115966797","32.26525115966797","12.15217399597168","12.15217399597168","12.15217399597168","46.62002182006836","46.62002182006836","46.62002182006836","32.18327713012695","32.18327713012695","32.18327713012695","12.1759033203125","12.1759033203125","12.1759033203125"
"17759","51.62291717529297","51.62291717529297","51.62291717529297","37.5057258605957","37.5057258605957","37.5057258605957","14.937484741210938","14.937484741210938","14.937484741210938","51.914695739746094","51.914695739746094","51.914695739746094","37.578453063964844","37.578453063964844","37.578453063964844","14.5452241897583","14.5452241897583","14.5452241897583"
"17789","49.03289031982422","49.03289031982422","49.03289031982422","32.82368469238281","32.82368469238281","32.82368469238281","12.900099754333496","12.900099754333496","12.900099754333496","48.959129333496094","48.959129333496094","48.959129333496094","32.91407775878906","32.91407775878906","32.91407775878906","12.537935256958008","12.537935256958008","12.537935256958008"
"17819","47.960205078125","47.960205078125","47.960205078125","37.03267288208008","37.03267288208008","37.03267288208008","13.341203689575195","13.341203689575195","13.341203689575195","47.85295486450195","47.85295486450195","47.85295486450195","36.97904586791992","36.97904586791992","36.97904586791992","12.980417251586914","12.980417251586914","12.980417251586914"
"17849","47.85649490356445","47.85649490356445","47.85649490356445","32.99397277832031","32.99397277832031","32.99397277832031","12.297590255737305","12.297590255737305","12.297590255737305","47.86289596557617","47.86289596557617","47.86289596557617","32.90632629394531","32.90632629394531","32.90632629394531","11.811586380004883","11.811586380004883","11.811586380004883"
"17879","45.97062301635742","45.97062301635742","45.97062301635742","34.462425231933594","34.462425231933594","34.462425231933594","12.90282154083252","12.90282154083252","12.90282154083252","45.741966247558594","45.741966247558594","45.741966247558594","34.506629943847656","34.506629943847656","34.506629943847656","12.583361625671387","12.583361625671387","12.583361625671387"
"17909","47.85645294189453","47.85645294189453","47.85645294189453","36.882041931152344","36.882041931152344","36.882041931152344","14.861361503601074","14.861361503601074","14.861361503601074","47.86875915527344","47.86875915527344","47.86875915527344","36.74718475341797","36.74718475341797","36.74718475341797","14.329486846923828","14.329486846923828","14.329486846923828"
"17939","49.05625915527344","49.05625915527344","49.05625915527344","34.5598030090332","34.5598030090332","34.5598030090332","12.530688285827637","12.530688285827637","12.530688285827637","49.08298873901367","49.08298873901367","49.08298873901367","34.63470458984375","34.63470458984375","34.63470458984375","12.20213794708252","12.20213794708252","12.20213794708252"
"17969","51.62682342529297","51.62682342529297","51.62682342529297","37.56939697265625","37.56939697265625","37.56939697265625","13.60436725616455","13.60436725616455","13.60436725616455","51.44894790649414","51.44894790649414","51.44894790649414","37.49969482421875","37.49969482421875","37.49969482421875","13.346503257751465","13.346503257751465","13.346503257751465"
"17999","47.2969970703125","47.2969970703125","47.2969970703125","36.88846969604492","36.88846969604492","36.88846969604492","13.346858978271484","13.346858978271484","13.346858978271484","47.1566162109375","47.1566162109375","47.1566162109375","37.1859130859375","37.1859130859375","37.1859130859375","13.002775192260742","13.002775192260742","13.002775192260742"
"18029","50.53475570678711","50.53475570678711","50.53475570678711","37.118896484375","37.118896484375","37.118896484375","14.926730155944824","14.926730155944824","14.926730155944824","50.55240249633789","50.55240249633789","50.55240249633789","37.10720443725586","37.10720443725586","37.10720443725586","14.623733520507812","14.623733520507812","14.623733520507812"
"18059","49.08879470825195","49.08879470825195","49.08879470825195","33.86539077758789","33.86539077758789","33.86539077758789","12.058115005493164","12.058115005493164","12.058115005493164","49.26959991455078","49.26959991455078","49.26959991455078","33.747642517089844","33.747642517089844","33.747642517089844","11.993776321411133","11.993776321411133","11.993776321411133"
"18089","48.52885818481445","48.52885818481445","48.52885818481445","33.58582305908203","33.58582305908203","33.58582305908203","13.22339916229248","13.22339916229248","13.22339916229248","48.42026901245117","48.42026901245117","48.42026901245117","33.486385345458984","33.486385345458984","33.486385345458984","12.9812593460083","12.9812593460083","12.9812593460083"
"18119","50.11201477050781","50.11201477050781","50.11201477050781","35.42817687988281","35.42817687988281","35.42817687988281","13.122447967529297","13.122447967529297","13.122447967529297","50.009735107421875","50.009735107421875","50.009735107421875","35.30437469482422","35.30437469482422","35.30437469482422","12.874330520629883","12.874330520629883","12.874330520629883"
"18149","49.28782653808594","49.28782653808594","49.28782653808594","36.62641906738281","36.62641906738281","36.62641906738281","12.950031280517578","12.950031280517578","12.950031280517578","49.44109344482422","49.44109344482422","49.44109344482422","36.55780029296875","36.55780029296875","36.55780029296875","12.866691589355469","12.866691589355469","12.866691589355469"
"18179","49.84571075439453","49.84571075439453","49.84571075439453","36.03793716430664","36.03793716430664","36.03793716430664","13.00304889678955","13.00304889678955","13.00304889678955","49.78786087036133","49.78786087036133","49.78786087036133","35.99740982055664","35.99740982055664","35.99740982055664","12.667821884155273","12.667821884155273","12.667821884155273"
"18209","47.06708908081055","47.06708908081055","47.06708908081055","35.57472610473633","35.57472610473633","35.57472610473633","13.373775482177734","13.373775482177734","13.373775482177734","47.14422607421875","47.14422607421875","47.14422607421875","36.17839431762695","36.17839431762695","36.17839431762695","13.37914752960205","13.37914752960205","13.37914752960205"
"18239","48.435482025146484","48.435482025146484","48.435482025146484","31.717674255371094","31.717674255371094","31.717674255371094","11.138663291931152","11.138663291931152","11.138663291931152","48.46782302856445","48.46782302856445","48.46782302856445","31.57857894897461","31.57857894897461","31.57857894897461","11.281172752380371","11.281172752380371","11.281172752380371"
"18269","49.39870834350586","49.39870834350586","49.39870834350586","35.11845016479492","35.11845016479492","35.11845016479492","11.417580604553223","11.417580604553223","11.417580604553223","49.41343307495117","49.41343307495117","49.41343307495117","35.09964370727539","35.09964370727539","35.09964370727539","11.372283935546875","11.372283935546875","11.372283935546875"
"18299","45.87022018432617","45.87022018432617","45.87022018432617","35.494651794433594","35.494651794433594","35.494651794433594","13.448715209960938","13.448715209960938","13.448715209960938","45.78016662597656","45.78016662597656","45.78016662597656","35.47691345214844","35.47691345214844","35.47691345214844","13.25384521484375","13.25384521484375","13.25384521484375"
"18329","46.83116912841797","46.83116912841797","46.83116912841797","33.141845703125","33.141845703125","33.141845703125","12.333539962768555","12.333539962768555","12.333539962768555","46.79013442993164","46.79013442993164","46.79013442993164","33.067298889160156","33.067298889160156","33.067298889160156","12.346611022949219","12.346611022949219","12.346611022949219"
"18359","46.509544372558594","46.509544372558594","46.509544372558594","36.15049743652344","36.15049743652344","36.15049743652344","13.19418716430664","13.19418716430664","13.19418716430664","46.54317092895508","46.54317092895508","46.54317092895508","36.22562789916992","36.22562789916992","36.22562789916992","13.061624526977539","13.061624526977539","13.061624526977539"
"18389","48.070316314697266","48.070316314697266","48.070316314697266","33.17405319213867","33.17405319213867","33.17405319213867","11.03919792175293","11.03919792175293","11.03919792175293","48.08464431762695","48.08464431762695","48.08464431762695","33.17018127441406","33.17018127441406","33.17018127441406","10.974286079406738","10.974286079406738","10.974286079406738"
"18419","48.25897979736328","48.25897979736328","48.25897979736328","33.42734909057617","33.42734909057617","33.42734909057617","12.968598365783691","12.968598365783691","12.968598365783691","48.10069274902344","48.10069274902344","48.10069274902344","33.40919876098633","33.40919876098633","33.40919876098633","12.693714141845703","12.693714141845703","12.693714141845703"
"18449","52.60516357421875","52.60516357421875","52.60516357421875","39.331607818603516","39.331607818603516","39.331607818603516","13.588908195495605","13.588908195495605","13.588908195495605","52.38081741333008","52.38081741333008","52.38081741333008","39.24784469604492","39.24784469604492","39.24784469604492","13.48928165435791","13.48928165435791","13.48928165435791"
"18479","46.39386749267578","46.39386749267578","46.39386749267578","32.998382568359375","32.998382568359375","32.998382568359375","10.920560836791992","10.920560836791992","10.920560836791992","46.61484909057617","46.61484909057617","46.61484909057617","32.99940490722656","32.99940490722656","32.99940490722656","10.714111328125","10.714111328125","10.714111328125"
"18509","49.75811004638672","49.75811004638672","49.75811004638672","35.744632720947266","35.744632720947266","35.744632720947266","14.338390350341797","14.338390350341797","14.338390350341797","49.73603439331055","49.73603439331055","49.73603439331055","35.78853988647461","35.78853988647461","35.78853988647461","14.01509952545166","14.01509952545166","14.01509952545166"
"18539","49.86506652832031","49.86506652832031","49.86506652832031","33.70704650878906","33.70704650878906","33.70704650878906","12.258904457092285","12.258904457092285","12.258904457092285","49.83380126953125","49.83380126953125","49.83380126953125","33.87488555908203","33.87488555908203","33.87488555908203","12.252031326293945","12.252031326293945","12.252031326293945"
"18569","48.75333023071289","48.75333023071289","48.75333023071289","32.261314392089844","32.261314392089844","32.261314392089844","11.602133750915527","11.602133750915527","11.602133750915527","48.865028381347656","48.865028381347656","48.865028381347656","32.34916687011719","32.34916687011719","32.34916687011719","11.631200790405273","11.631200790405273","11.631200790405273"
"18599","47.93288803100586","47.93288803100586","47.93288803100586","33.69068145751953","33.69068145751953","33.69068145751953","12.035892486572266","12.035892486572266","12.035892486572266","47.951904296875","47.951904296875","47.951904296875","33.783145904541016","33.783145904541016","33.783145904541016","11.943212509155273","11.943212509155273","11.943212509155273"
"18629","47.62958526611328","47.62958526611328","47.62958526611328","34.3336181640625","34.3336181640625","34.3336181640625","12.899894714355469","12.899894714355469","12.899894714355469","47.52585220336914","47.52585220336914","47.52585220336914","34.25263214111328","34.25263214111328","34.25263214111328","12.952963829040527","12.952963829040527","12.952963829040527"
"18659","48.37015151977539","48.37015151977539","48.37015151977539","37.6334228515625","37.6334228515625","37.6334228515625","14.095800399780273","14.095800399780273","14.095800399780273","48.30452346801758","48.30452346801758","48.30452346801758","37.97881317138672","37.97881317138672","37.97881317138672","13.952143669128418","13.952143669128418","13.952143669128418"
"18689","45.84514236450195","45.84514236450195","45.84514236450195","29.686307907104492","29.686307907104492","29.686307907104492","10.718274116516113","10.718274116516113","10.718274116516113","45.99905014038086","45.99905014038086","45.99905014038086","29.788270950317383","29.788270950317383","29.788270950317383","10.512652397155762","10.512652397155762","10.512652397155762"
"18719","47.062679290771484","47.062679290771484","47.062679290771484","31.20200538635254","31.20200538635254","31.20200538635254","11.690388679504395","11.690388679504395","11.690388679504395","47.1966552734375","47.1966552734375","47.1966552734375","31.075998306274414","31.075998306274414","31.075998306274414","11.510092735290527","11.510092735290527","11.510092735290527"
"18749","50.02164077758789","50.02164077758789","50.02164077758789","34.36417770385742","34.36417770385742","34.36417770385742","12.939167022705078","12.939167022705078","12.939167022705078","49.96775436401367","49.96775436401367","49.96775436401367","34.26857376098633","34.26857376098633","34.26857376098633","12.713357925415039","12.713357925415039","12.713357925415039"
"18779","50.70718765258789","50.70718765258789","50.70718765258789","37.64503479003906","37.64503479003906","37.64503479003906","13.180334091186523","13.180334091186523","13.180334091186523","50.77987289428711","50.77987289428711","50.77987289428711","37.93575668334961","37.93575668334961","37.93575668334961","12.82966423034668","12.82966423034668","12.82966423034668"
"18809","50.84443664550781","50.84443664550781","50.84443664550781","34.7503662109375","34.7503662109375","34.7503662109375","12.557936668395996","12.557936668395996","12.557936668395996","50.95893859863281","50.95893859863281","50.95893859863281","34.73603057861328","34.73603057861328","34.73603057861328","12.275849342346191","12.275849342346191","12.275849342346191"
"18839","44.81272506713867","44.81272506713867","44.81272506713867","35.9599494934082","35.9599494934082","35.9599494934082","12.110474586486816","12.110474586486816","12.110474586486816","44.73082733154297","44.73082733154297","44.73082733154297","36.16493606567383","36.16493606567383","36.16493606567383","11.871600151062012","11.871600151062012","11.871600151062012"
"18869","47.545047760009766","47.545047760009766","47.545047760009766","32.773353576660156","32.773353576660156","32.773353576660156","12.386073112487793","12.386073112487793","12.386073112487793","47.3550910949707","47.3550910949707","47.3550910949707","32.77053451538086","32.77053451538086","32.77053451538086","12.194450378417969","12.194450378417969","12.194450378417969"
"18899","44.26276397705078","44.26276397705078","44.26276397705078","31.161569595336914","31.161569595336914","31.161569595336914","12.100626945495605","12.100626945495605","12.100626945495605","44.39802932739258","44.39802932739258","44.39802932739258","31.375247955322266","31.375247955322266","31.375247955322266","12.038702011108398","12.038702011108398","12.038702011108398"
"18929","47.36319351196289","47.36319351196289","47.36319351196289","34.7538948059082","34.7538948059082","34.7538948059082","12.201333045959473","12.201333045959473","12.201333045959473","47.26924514770508","47.26924514770508","47.26924514770508","34.79799270629883","34.79799270629883","34.79799270629883","12.087321281433105","12.087321281433105","12.087321281433105"
"18959","46.87575912475586","46.87575912475586","46.87575912475586","34.0194091796875","34.0194091796875","34.0194091796875","12.473014831542969","12.473014831542969","12.473014831542969","46.75723648071289","46.75723648071289","46.75723648071289","33.915348052978516","33.915348052978516","33.915348052978516","12.345316886901855","12.345316886901855","12.345316886901855"
"18989","50.64737319946289","50.64737319946289","50.64737319946289","34.639305114746094","34.639305114746094","34.639305114746094","12.966740608215332","12.966740608215332","12.966740608215332","50.70319747924805","50.70319747924805","50.70319747924805","34.705604553222656","34.705604553222656","34.705604553222656","12.980368614196777","12.980368614196777","12.980368614196777"
"19019","49.40576934814453","49.40576934814453","49.40576934814453","32.87050247192383","32.87050247192383","32.87050247192383","11.472569465637207","11.472569465637207","11.472569465637207","49.46841812133789","49.46841812133789","49.46841812133789","32.66189956665039","32.66189956665039","32.66189956665039","11.586831092834473","11.586831092834473","11.586831092834473"
"19049","46.71378707885742","46.71378707885742","46.71378707885742","31.99411392211914","31.99411392211914","31.99411392211914","11.807857513427734","11.807857513427734","11.807857513427734","46.811214447021484","46.811214447021484","46.811214447021484","31.958480834960938","31.958480834960938","31.958480834960938","11.713509559631348","11.713509559631348","11.713509559631348"
"19079","51.024559020996094","51.024559020996094","51.024559020996094","37.17611312866211","37.17611312866211","37.17611312866211","13.950170516967773","13.950170516967773","13.950170516967773","51.236019134521484","51.236019134521484","51.236019134521484","37.04530334472656","37.04530334472656","37.04530334472656","13.617843627929688","13.617843627929688","13.617843627929688"
"19109","47.93353271484375","47.93353271484375","47.93353271484375","36.16949462890625","36.16949462890625","36.16949462890625","13.509574890136719","13.509574890136719","13.509574890136719","47.832889556884766","47.832889556884766","47.832889556884766","35.97430419921875","35.97430419921875","35.97430419921875","13.333271980285645","13.333271980285645","13.333271980285645"
"19139","48.16863250732422","48.16863250732422","48.16863250732422","31.804887771606445","31.804887771606445","31.804887771606445","11.964617729187012","11.964617729187012","11.964617729187012","48.16245651245117","48.16245651245117","48.16245651245117","31.898128509521484","31.898128509521484","31.898128509521484","11.9906005859375","11.9906005859375","11.9906005859375"
"19169","46.169891357421875","46.169891357421875","46.169891357421875","32.72514724731445","32.72514724731445","32.72514724731445","12.16338062286377","12.16338062286377","12.16338062286377","46.12982177734375","46.12982177734375","46.12982177734375","32.68524169921875","32.68524169921875","32.68524169921875","11.817030906677246","11.817030906677246","11.817030906677246"
"19199","49.542659759521484","49.542659759521484","49.542659759521484","35.81532287597656","35.81532287597656","35.81532287597656","13.130677223205566","13.130677223205566","13.130677223205566","49.6262092590332","49.6262092590332","49.6262092590332","35.80666732788086","35.80666732788086","35.80666732788086","12.901774406433105","12.901774406433105","12.901774406433105"
"19229","48.03803253173828","48.03803253173828","48.03803253173828","34.88739013671875","34.88739013671875","34.88739013671875","11.973484992980957","11.973484992980957","11.973484992980957","48.33420944213867","48.33420944213867","48.33420944213867","34.90596008300781","34.90596008300781","34.90596008300781","11.92832088470459","11.92832088470459","11.92832088470459"
"19259","41.09935760498047","41.09935760498047","41.09935760498047","28.39326286315918","28.39326286315918","28.39326286315918","10.759478569030762","10.759478569030762","10.759478569030762","41.027713775634766","41.027713775634766","41.027713775634766","28.259653091430664","28.259653091430664","28.259653091430664","10.510224342346191","10.510224342346191","10.510224342346191"
"19289","44.99332809448242","44.99332809448242","44.99332809448242","33.291175842285156","33.291175842285156","33.291175842285156","12.205875396728516","12.205875396728516","12.205875396728516","44.95909881591797","44.95909881591797","44.95909881591797","33.3992805480957","33.3992805480957","33.3992805480957","12.37200927734375","12.37200927734375","12.37200927734375"
"19319","49.65958023071289","49.65958023071289","49.65958023071289","36.581504821777344","36.581504821777344","36.581504821777344","13.955253601074219","13.955253601074219","13.955253601074219","49.88665771484375","49.88665771484375","49.88665771484375","36.57849884033203","36.57849884033203","36.57849884033203","13.73989200592041","13.73989200592041","13.73989200592041"
"19349","54.22627639770508","54.22627639770508","54.22627639770508","37.97923278808594","37.97923278808594","37.97923278808594","14.10634708404541","14.10634708404541","14.10634708404541","54.08234405517578","54.08234405517578","54.08234405517578","37.937599182128906","37.937599182128906","37.937599182128906","14.031049728393555","14.031049728393555","14.031049728393555"
"19379","46.69751739501953","46.69751739501953","46.69751739501953","34.0669059753418","34.0669059753418","34.0669059753418","11.94231128692627","11.94231128692627","11.94231128692627","46.680721282958984","46.680721282958984","46.680721282958984","34.031280517578125","34.031280517578125","34.031280517578125","11.767199516296387","11.767199516296387","11.767199516296387"
"19409","48.53217697143555","48.53217697143555","48.53217697143555","32.13949203491211","32.13949203491211","32.13949203491211","11.372931480407715","11.372931480407715","11.372931480407715","48.54772186279297","48.54772186279297","48.54772186279297","32.046913146972656","32.046913146972656","32.046913146972656","11.245361328125","11.245361328125","11.245361328125"
"19439","48.35513687133789","48.35513687133789","48.35513687133789","34.446533203125","34.446533203125","34.446533203125","13.566750526428223","13.566750526428223","13.566750526428223","48.24039840698242","48.24039840698242","48.24039840698242","34.774906158447266","34.774906158447266","34.774906158447266","13.531167984008789","13.531167984008789","13.531167984008789"
"19469","48.93785858154297","48.93785858154297","48.93785858154297","37.84621047973633","37.84621047973633","37.84621047973633","15.203527450561523","15.203527450561523","15.203527450561523","48.73928451538086","48.73928451538086","48.73928451538086","37.871849060058594","37.871849060058594","37.871849060058594","14.632299423217773","14.632299423217773","14.632299423217773"
"19499","42.55320358276367","42.55320358276367","42.55320358276367","32.0587272644043","32.0587272644043","32.0587272644043","13.193683624267578","13.193683624267578","13.193683624267578","42.50172805786133","42.50172805786133","42.50172805786133","32.12062072753906","32.12062072753906","32.12062072753906","12.955397605895996","12.955397605895996","12.955397605895996"
"19529","47.90098190307617","47.90098190307617","47.90098190307617","33.04299545288086","33.04299545288086","33.04299545288086","11.810490608215332","11.810490608215332","11.810490608215332","47.898128509521484","47.898128509521484","47.898128509521484","33.002410888671875","33.002410888671875","33.002410888671875","11.605741500854492","11.605741500854492","11.605741500854492"
"19559","44.99367141723633","44.99367141723633","44.99367141723633","31.372316360473633","31.372316360473633","31.372316360473633","12.00228214263916","12.00228214263916","12.00228214263916","45.07300567626953","45.07300567626953","45.07300567626953","31.032909393310547","31.032909393310547","31.032909393310547","11.978962898254395","11.978962898254395","11.978962898254395"
"19589","47.60260772705078","47.60260772705078","47.60260772705078","36.71528625488281","36.71528625488281","36.71528625488281","13.74679946899414","13.74679946899414","13.74679946899414","47.69955062866211","47.69955062866211","47.69955062866211","36.87363815307617","36.87363815307617","36.87363815307617","13.512177467346191","13.512177467346191","13.512177467346191"
"19619","47.01459884643555","47.01459884643555","47.01459884643555","37.190704345703125","37.190704345703125","37.190704345703125","12.691174507141113","12.691174507141113","12.691174507141113","47.08884048461914","47.08884048461914","47.08884048461914","37.15084457397461","37.15084457397461","37.15084457397461","12.693155288696289","12.693155288696289","12.693155288696289"
"19649","49.11326217651367","49.11326217651367","49.11326217651367","31.668853759765625","31.668853759765625","31.668853759765625","10.340410232543945","10.340410232543945","10.340410232543945","48.97406768798828","48.97406768798828","48.97406768798828","31.625457763671875","31.625457763671875","31.625457763671875","10.41709041595459","10.41709041595459","10.41709041595459"
"19679","43.22444152832031","43.22444152832031","43.22444152832031","30.123266220092773","30.123266220092773","30.123266220092773","10.750218391418457","10.750218391418457","10.750218391418457","43.517822265625","43.517822265625","43.517822265625","29.934310913085938","29.934310913085938","29.934310913085938","10.888983726501465","10.888983726501465","10.888983726501465"
"19709","47.11134719848633","47.11134719848633","47.11134719848633","38.46781921386719","38.46781921386719","38.46781921386719","13.454429626464844","13.454429626464844","13.454429626464844","47.0395393371582","47.0395393371582","47.0395393371582","38.64944839477539","38.64944839477539","38.64944839477539","12.86943244934082","12.86943244934082","12.86943244934082"
"19739","49.34331130981445","49.34331130981445","49.34331130981445","35.15599060058594","35.15599060058594","35.15599060058594","11.464897155761719","11.464897155761719","11.464897155761719","49.51646423339844","49.51646423339844","49.51646423339844","35.207275390625","35.207275390625","35.207275390625","11.440658569335938","11.440658569335938","11.440658569335938"
"19769","47.823577880859375","47.823577880859375","47.823577880859375","35.4206428527832","35.4206428527832","35.4206428527832","13.211610794067383","13.211610794067383","13.211610794067383","47.85650634765625","47.85650634765625","47.85650634765625","35.39533996582031","35.39533996582031","35.39533996582031","13.038945198059082","13.038945198059082","13.038945198059082"
"19799","47.63603591918945","47.63603591918945","47.63603591918945","31.954959869384766","31.954959869384766","31.954959869384766","11.298173904418945","11.298173904418945","11.298173904418945","47.7784423828125","47.7784423828125","47.7784423828125","32.15324020385742","32.15324020385742","32.15324020385742","11.00027084350586","11.00027084350586","11.00027084350586"
"19829","42.59275436401367","42.59275436401367","42.59275436401367","34.66398239135742","34.66398239135742","34.66398239135742","12.675247192382812","12.675247192382812","12.675247192382812","42.76316452026367","42.76316452026367","42.76316452026367","34.55905532836914","34.55905532836914","34.55905532836914","12.430465698242188","12.430465698242188","12.430465698242188"
"19859","44.1563606262207","44.1563606262207","44.1563606262207","30.89565658569336","30.89565658569336","30.89565658569336","10.88386058807373","10.88386058807373","10.88386058807373","44.26824951171875","44.26824951171875","44.26824951171875","30.713329315185547","30.713329315185547","30.713329315185547","10.741120338439941","10.741120338439941","10.741120338439941"
"19889","49.720916748046875","49.720916748046875","49.720916748046875","33.799842834472656","33.799842834472656","33.799842834472656","12.119760513305664","12.119760513305664","12.119760513305664","49.67030334472656","49.67030334472656","49.67030334472656","33.732418060302734","33.732418060302734","33.732418060302734","11.63613224029541","11.63613224029541","11.63613224029541"
"19919","48.03779983520508","48.03779983520508","48.03779983520508","42.80725860595703","42.80725860595703","42.80725860595703","13.455344200134277","13.455344200134277","13.455344200134277","48.09041976928711","48.09041976928711","48.09041976928711","42.51945114135742","42.51945114135742","42.51945114135742","13.111034393310547","13.111034393310547","13.111034393310547"
"19949","47.494300842285156","47.494300842285156","47.494300842285156","31.6981201171875","31.6981201171875","31.6981201171875","10.980209350585938","10.980209350585938","10.980209350585938","47.63392639160156","47.63392639160156","47.63392639160156","31.719833374023438","31.719833374023438","31.719833374023438","10.93074893951416","10.93074893951416","10.93074893951416"
"19979","48.22799301147461","48.22799301147461","48.22799301147461","36.05513000488281","36.05513000488281","36.05513000488281","13.403834342956543","13.403834342956543","13.403834342956543","48.148006439208984","48.148006439208984","48.148006439208984","36.04291534423828","36.04291534423828","36.04291534423828","13.281877517700195","13.281877517700195","13.281877517700195"