"Step","layer_10_hook_resid_mid_gpt2_jumprelu_fisher_true_project_TinyStories - losses/fisher_reg_term","layer_10_hook_resid_mid_gpt2_jumprelu_fisher_true_project_TinyStories - losses/fisher_reg_term__MIN","layer_10_hook_resid_mid_gpt2_jumprelu_fisher_true_project_TinyStories - losses/fisher_reg_term__MAX","layer_5_hook_resid_mid_gpt2_jumprelu_fisher_true_project_TinyStories - losses/fisher_reg_term","layer_5_hook_resid_mid_gpt2_jumprelu_fisher_true_project_TinyStories - losses/fisher_reg_term__MIN","layer_5_hook_resid_mid_gpt2_jumprelu_fisher_true_project_TinyStories - losses/fisher_reg_term__MAX","layer_0_hook_resid_mid_gpt2_jumprelu_fisher_true_project_TinyStories - losses/fisher_reg_term","layer_0_hook_resid_mid_gpt2_jumprelu_fisher_true_project_TinyStories - losses/fisher_reg_term__MIN","layer_0_hook_resid_mid_gpt2_jumprelu_fisher_true_project_TinyStories - losses/fisher_reg_term__MAX"
"29","8.074063301086426","8.074063301086426","8.074063301086426","7.036876678466797","7.036876678466797","7.036876678466797","21.896879196166992","21.896879196166992","21.896879196166992"
"59","11.60849380493164","11.60849380493164","11.60849380493164","9.498857498168945","9.498857498168945","9.498857498168945","25.748308181762695","25.748308181762695","25.748308181762695"
"89","8.672038078308105","8.672038078308105","8.672038078308105","9.058475494384766","9.058475494384766","9.058475494384766","20.331867218017578","20.331867218017578","20.331867218017578"
"119","6.766915798187256","6.766915798187256","6.766915798187256","8.041101455688477","8.041101455688477","8.041101455688477","16.422561645507812","16.422561645507812","16.422561645507812"
"149","39.4322395324707","39.4322395324707","39.4322395324707","61.32009506225586","61.32009506225586","61.32009506225586","13.282526969909668","13.282526969909668","13.282526969909668"
"179","42.04938507080078","42.04938507080078","42.04938507080078","62.3099250793457","62.3099250793457","62.3099250793457","11.82636547088623","11.82636547088623","11.82636547088623"
"209","4.819920063018799","4.819920063018799","4.819920063018799","6.127620697021484","6.127620697021484","6.127620697021484","11.295473098754883","11.295473098754883","11.295473098754883"
"239","4.822442054748535","4.822442054748535","4.822442054748535","5.192706108093262","5.192706108093262","5.192706108093262","9.665677070617676","9.665677070617676","9.665677070617676"
"269","4.543581962585449","4.543581962585449","4.543581962585449","5.423957824707031","5.423957824707031","5.423957824707031","9.389912605285645","9.389912605285645","9.389912605285645"
"299","4.051170349121094","4.051170349121094","4.051170349121094","5.114316463470459","5.114316463470459","5.114316463470459","8.061210632324219","8.061210632324219","8.061210632324219"
"329","65.79277801513672","65.79277801513672","65.79277801513672","34.26778793334961","34.26778793334961","34.26778793334961","7.973423957824707","7.973423957824707","7.973423957824707"
"359","59.4858283996582","59.4858283996582","59.4858283996582","27.55424690246582","27.55424690246582","27.55424690246582","7.300324440002441","7.300324440002441","7.300324440002441"
"389","55.07206726074219","55.07206726074219","55.07206726074219","24.244081497192383","24.244081497192383","24.244081497192383","6.833716869354248","6.833716869354248","6.833716869354248"
"419","57.122962951660156","57.122962951660156","57.122962951660156","23.978803634643555","23.978803634643555","23.978803634643555","6.35588264465332","6.35588264465332","6.35588264465332"
"449","53.21979904174805","53.21979904174805","53.21979904174805","20.361921310424805","20.361921310424805","20.361921310424805","6.412463188171387","6.412463188171387","6.412463188171387"
"479","55.77964782714844","55.77964782714844","55.77964782714844","21.98492431640625","21.98492431640625","21.98492431640625","5.88319730758667","5.88319730758667","5.88319730758667"
"509","54.12641525268555","54.12641525268555","54.12641525268555","22.557775497436523","22.557775497436523","22.557775497436523","5.686564922332764","5.686564922332764","5.686564922332764"
"539","45.566650390625","45.566650390625","45.566650390625","49.65664291381836","49.65664291381836","49.65664291381836","5.557722091674805","5.557722091674805","5.557722091674805"
"569","49.89096450805664","49.89096450805664","49.89096450805664","18.918542861938477","18.918542861938477","18.918542861938477","5.529970645904541","5.529970645904541","5.529970645904541"
"599","52.37835693359375","52.37835693359375","52.37835693359375","17.538021087646484","17.538021087646484","17.538021087646484","5.108211040496826","5.108211040496826","5.108211040496826"
"629","55.026493072509766","55.026493072509766","55.026493072509766","19.597850799560547","19.597850799560547","19.597850799560547","5.053511619567871","5.053511619567871","5.053511619567871"
"659","57.71914291381836","57.71914291381836","57.71914291381836","20.796728134155273","20.796728134155273","20.796728134155273","4.738374710083008","4.738374710083008","4.738374710083008"
"689","61.208251953125","61.208251953125","61.208251953125","62.83710861206055","62.83710861206055","62.83710861206055","4.956260681152344","4.956260681152344","4.956260681152344"
"719","53.006404876708984","53.006404876708984","53.006404876708984","18.24807357788086","18.24807357788086","18.24807357788086","4.731858253479004","4.731858253479004","4.731858253479004"
"749","51.408119201660156","51.408119201660156","51.408119201660156","18.902690887451172","18.902690887451172","18.902690887451172","4.63414192199707","4.63414192199707","4.63414192199707"
"779","51.56861877441406","51.56861877441406","51.56861877441406","17.292463302612305","17.292463302612305","17.292463302612305","4.380597114562988","4.380597114562988","4.380597114562988"
"809","60.11660385131836","60.11660385131836","60.11660385131836","61.75165557861328","61.75165557861328","61.75165557861328","4.594482421875","4.594482421875","4.594482421875"
"839","52.5182991027832","52.5182991027832","52.5182991027832","17.183883666992188","17.183883666992188","17.183883666992188","4.1112961769104","4.1112961769104","4.1112961769104"
"869","56.510990142822266","56.510990142822266","56.510990142822266","60.41609573364258","60.41609573364258","60.41609573364258","4.341991901397705","4.341991901397705","4.341991901397705"
"899","51.73634338378906","51.73634338378906","51.73634338378906","17.818307876586914","17.818307876586914","17.818307876586914","4.2888007164001465","4.2888007164001465","4.2888007164001465"
"929","50.28058624267578","50.28058624267578","50.28058624267578","16.789257049560547","16.789257049560547","16.789257049560547","3.9741125106811523","3.9741125106811523","3.9741125106811523"
"959","43.14702224731445","43.14702224731445","43.14702224731445","46.36891174316406","46.36891174316406","46.36891174316406","4.187639236450195","4.187639236450195","4.187639236450195"
"989","61.99196243286133","61.99196243286133","61.99196243286133","18.641891479492188","18.641891479492188","18.641891479492188","3.9501919746398926","3.9501919746398926","3.9501919746398926"
"1019","62.962181091308594","62.962181091308594","62.962181091308594","60.76755905151367","60.76755905151367","60.76755905151367","4.11665153503418","4.11665153503418","4.11665153503418"
"1049","57.884578704833984","57.884578704833984","57.884578704833984","15.186908721923828","15.186908721923828","15.186908721923828","3.878849506378174","3.878849506378174","3.878849506378174"
"1079","55.87840270996094","55.87840270996094","55.87840270996094","13.799931526184082","13.799931526184082","13.799931526184082","3.6251208782196045","3.6251208782196045","3.6251208782196045"
"1109","61.67129135131836","61.67129135131836","61.67129135131836","59.5609130859375","59.5609130859375","59.5609130859375","3.875405788421631","3.875405788421631","3.875405788421631"
"1139","46.56481170654297","46.56481170654297","46.56481170654297","14.73890495300293","14.73890495300293","14.73890495300293","4.053910255432129","4.053910255432129","4.053910255432129"
"1169","44.788368225097656","44.788368225097656","44.788368225097656","13.620988845825195","13.620988845825195","13.620988845825195","3.665785789489746","3.665785789489746","3.665785789489746"
"1199","43.454978942871094","43.454978942871094","43.454978942871094","12.688512802124023","12.688512802124023","12.688512802124023","3.6943490505218506","3.6943490505218506","3.6943490505218506"
"1229","62.555233001708984","62.555233001708984","62.555233001708984","59.667869567871094","59.667869567871094","59.667869567871094","3.715731382369995","3.715731382369995","3.715731382369995"
"1259","45.91238021850586","45.91238021850586","45.91238021850586","13.668932914733887","13.668932914733887","13.668932914733887","3.727205514907837","3.727205514907837","3.727205514907837"
"1289","44.32706832885742","44.32706832885742","44.32706832885742","12.592577934265137","12.592577934265137","12.592577934265137","3.443385124206543","3.443385124206543","3.443385124206543"
"1319","45.68202209472656","45.68202209472656","45.68202209472656","46.66386795043945","46.66386795043945","46.66386795043945","3.491506814956665","3.491506814956665","3.491506814956665"
"1349","47.90901184082031","47.90901184082031","47.90901184082031","13.753467559814453","13.753467559814453","13.753467559814453","3.6146209239959717","3.6146209239959717","3.6146209239959717"
"1379","49.00095748901367","49.00095748901367","49.00095748901367","13.578474998474121","13.578474998474121","13.578474998474121","3.302487373352051","3.302487373352051","3.302487373352051"
"1409","42.802947998046875","42.802947998046875","42.802947998046875","12.391318321228027","12.391318321228027","12.391318321228027","3.428347110748291","3.428347110748291","3.428347110748291"
"1439","42.03064727783203","42.03064727783203","42.03064727783203","13.010468482971191","13.010468482971191","13.010468482971191","3.702659845352173","3.702659845352173","3.702659845352173"
"1469","36.999507904052734","36.999507904052734","36.999507904052734","11.782610893249512","11.782610893249512","11.782610893249512","3.523890972137451","3.523890972137451","3.523890972137451"
"1499","42.48975372314453","42.48975372314453","42.48975372314453","10.796305656433105","10.796305656433105","10.796305656433105","3.4015378952026367","3.4015378952026367","3.4015378952026367"
"1529","43.62431716918945","43.62431716918945","43.62431716918945","11.725363731384277","11.725363731384277","11.725363731384277","3.42398738861084","3.42398738861084","3.42398738861084"
"1559","42.28807830810547","42.28807830810547","42.28807830810547","12.29656982421875","12.29656982421875","12.29656982421875","3.3144352436065674","3.3144352436065674","3.3144352436065674"
"1589","45.01047897338867","45.01047897338867","45.01047897338867","12.069816589355469","12.069816589355469","12.069816589355469","3.3075520992279053","3.3075520992279053","3.3075520992279053"
"1619","39.044456481933594","39.044456481933594","39.044456481933594","41.879520416259766","41.879520416259766","41.879520416259766","3.3114078044891357","3.3114078044891357","3.3114078044891357"
"1649","41.23859786987305","41.23859786987305","41.23859786987305","44.922000885009766","44.922000885009766","44.922000885009766","3.2160658836364746","3.2160658836364746","3.2160658836364746"
"1679","40.571617126464844","40.571617126464844","40.571617126464844","11.28921890258789","11.28921890258789","11.28921890258789","3.32662296295166","3.32662296295166","3.32662296295166"
"1709","42.612239837646484","42.612239837646484","42.612239837646484","9.315482139587402","9.315482139587402","9.315482139587402","3.289590358734131","3.289590358734131","3.289590358734131"
"1739","35.61812210083008","35.61812210083008","35.61812210083008","8.528820991516113","8.528820991516113","8.528820991516113","3.36417818069458","3.36417818069458","3.36417818069458"
"1769","36.754981994628906","36.754981994628906","36.754981994628906","10.943276405334473","10.943276405334473","10.943276405334473","3.3227789402008057","3.3227789402008057","3.3227789402008057"
"1799","35.53069305419922","35.53069305419922","35.53069305419922","9.633170127868652","9.633170127868652","9.633170127868652","3.309330940246582","3.309330940246582","3.309330940246582"
"1829","34.80792236328125","34.80792236328125","34.80792236328125","10.453947067260742","10.453947067260742","10.453947067260742","3.2266502380371094","3.2266502380371094","3.2266502380371094"
"1859","33.52194595336914","33.52194595336914","33.52194595336914","10.924277305603027","10.924277305603027","10.924277305603027","3.217783212661743","3.217783212661743","3.217783212661743"
"1889","35.6201171875","35.6201171875","35.6201171875","7.590432643890381","7.590432643890381","7.590432643890381","3.2160885334014893","3.2160885334014893","3.2160885334014893"
"1919","34.995330810546875","34.995330810546875","34.995330810546875","41.28262710571289","41.28262710571289","41.28262710571289","3.062824249267578","3.062824249267578","3.062824249267578"
"1949","33.05311965942383","33.05311965942383","33.05311965942383","9.869335174560547","9.869335174560547","9.869335174560547","3.0439164638519287","3.0439164638519287","3.0439164638519287"
"1979","35.164363861083984","35.164363861083984","35.164363861083984","9.421686172485352","9.421686172485352","9.421686172485352","3.1892645359039307","3.1892645359039307","3.1892645359039307"
"2009","33.838356018066406","33.838356018066406","33.838356018066406","9.043292999267578","9.043292999267578","9.043292999267578","3.1322407722473145","3.1322407722473145","3.1322407722473145"
"2039","33.28767013549805","33.28767013549805","33.28767013549805","8.853094100952148","8.853094100952148","8.853094100952148","3.0136139392852783","3.0136139392852783","3.0136139392852783"
"2069","30.557313919067383","30.557313919067383","30.557313919067383","9.69438362121582","9.69438362121582","9.69438362121582","3.0702571868896484","3.0702571868896484","3.0702571868896484"
"2099","30.13870620727539","30.13870620727539","30.13870620727539","10.649284362792969","10.649284362792969","10.649284362792969","3.2593743801116943","3.2593743801116943","3.2593743801116943"
"2129","30.714784622192383","30.714784622192383","30.714784622192383","8.052922248840332","8.052922248840332","8.052922248840332","2.97267746925354","2.97267746925354","2.97267746925354"
"2159","34.53018569946289","34.53018569946289","34.53018569946289","7.46860408782959","7.46860408782959","7.46860408782959","2.8831169605255127","2.8831169605255127","2.8831169605255127"
"2189","30.881771087646484","30.881771087646484","30.881771087646484","7.81238317489624","7.81238317489624","7.81238317489624","2.9959137439727783","2.9959137439727783","2.9959137439727783"
"2219","30.28509521484375","30.28509521484375","30.28509521484375","9.01926040649414","9.01926040649414","9.01926040649414","2.9793710708618164","2.9793710708618164","2.9793710708618164"
"2249","31.481359481811523","31.481359481811523","31.481359481811523","8.947819709777832","8.947819709777832","8.947819709777832","2.9095470905303955","2.9095470905303955","2.9095470905303955"
"2279","235.95497131347656","235.95497131347656","235.95497131347656","107.93559265136719","107.93559265136719","107.93559265136719","47.42463684082031","47.42463684082031","47.42463684082031"
"2309","30.10223388671875","30.10223388671875","30.10223388671875","7.0472259521484375","7.0472259521484375","7.0472259521484375","3.019214391708374","3.019214391708374","3.019214391708374"
"2339","33.26544952392578","33.26544952392578","33.26544952392578","39.67701721191406","39.67701721191406","39.67701721191406","3.1376845836639404","3.1376845836639404","3.1376845836639404"
"2369","33.215057373046875","33.215057373046875","33.215057373046875","42.14165115356445","42.14165115356445","42.14165115356445","2.9979088306427","2.9979088306427","2.9979088306427"
"2399","29.848894119262695","29.848894119262695","29.848894119262695","38.62822723388672","38.62822723388672","38.62822723388672","2.948620319366455","2.948620319366455","2.948620319366455"
"2429","26.724943161010742","26.724943161010742","26.724943161010742","7.760880947113037","7.760880947113037","7.760880947113037","3.075568199157715","3.075568199157715","3.075568199157715"
"2459","26.87654685974121","26.87654685974121","26.87654685974121","7.057910442352295","7.057910442352295","7.057910442352295","2.831134796142578","2.831134796142578","2.831134796142578"
"2489","29.735130310058594","29.735130310058594","29.735130310058594","8.45212459564209","8.45212459564209","8.45212459564209","3.071615219116211","3.071615219116211","3.071615219116211"
"2519","26.920854568481445","26.920854568481445","26.920854568481445","7.667508602142334","7.667508602142334","7.667508602142334","2.95458984375","2.95458984375","2.95458984375"
"2549","29.068859100341797","29.068859100341797","29.068859100341797","7.684742450714111","7.684742450714111","7.684742450714111","3.0772061347961426","3.0772061347961426","3.0772061347961426"
"2579","30.412452697753906","30.412452697753906","30.412452697753906","37.29289245605469","37.29289245605469","37.29289245605469","2.887603282928467","2.887603282928467","2.887603282928467"
"2609","25.05598258972168","25.05598258972168","25.05598258972168","7.29077672958374","7.29077672958374","7.29077672958374","2.9415063858032227","2.9415063858032227","2.9415063858032227"
"2639","21.19978904724121","21.19978904724121","21.19978904724121","4.981080055236816","4.981080055236816","4.981080055236816","2.9217214584350586","2.9217214584350586","2.9217214584350586"
"2669","23.751527786254883","23.751527786254883","23.751527786254883","7.0443902015686035","7.0443902015686035","7.0443902015686035","2.945416212081909","2.945416212081909","2.945416212081909"
"2699","26.839296340942383","26.839296340942383","26.839296340942383","6.594887733459473","6.594887733459473","6.594887733459473","2.7508041858673096","2.7508041858673096","2.7508041858673096"
"2729","24.7181339263916","24.7181339263916","24.7181339263916","7.577132225036621","7.577132225036621","7.577132225036621","2.7894649505615234","2.7894649505615234","2.7894649505615234"
"2759","19.79568099975586","19.79568099975586","19.79568099975586","4.937561511993408","4.937561511993408","4.937561511993408","2.900588274002075","2.900588274002075","2.900588274002075"
"2789","21.890010833740234","21.890010833740234","21.890010833740234","4.595306873321533","4.595306873321533","4.595306873321533","3.0241615772247314","3.0241615772247314","3.0241615772247314"
"2819","23.61052131652832","23.61052131652832","23.61052131652832","6.289594650268555","6.289594650268555","6.289594650268555","2.7933242321014404","2.7933242321014404","2.7933242321014404"
"2849","23.66087532043457","23.66087532043457","23.66087532043457","6.94287109375","6.94287109375","6.94287109375","2.8481805324554443","2.8481805324554443","2.8481805324554443"
"2879","26.3935489654541","26.3935489654541","26.3935489654541","35.781253814697266","35.781253814697266","35.781253814697266","2.8378727436065674","2.8378727436065674","2.8378727436065674"
"2909","20.287765502929688","20.287765502929688","20.287765502929688","5.24476432800293","5.24476432800293","5.24476432800293","2.8921029567718506","2.8921029567718506","2.8921029567718506"
"2939","11.159602165222168","11.159602165222168","11.159602165222168","3.668126344680786","3.668126344680786","3.668126344680786","2.7950854301452637","2.7950854301452637","2.7950854301452637"
"2969","28.057395935058594","28.057395935058594","28.057395935058594","35.27947235107422","35.27947235107422","35.27947235107422","2.70318603515625","2.70318603515625","2.70318603515625"
"2999","14.115405082702637","14.115405082702637","14.115405082702637","3.866981029510498","3.866981029510498","3.866981029510498","2.7570250034332275","2.7570250034332275","2.7570250034332275"
"3029","29.08131217956543","29.08131217956543","29.08131217956543","37.52153015136719","37.52153015136719","37.52153015136719","2.665088653564453","2.665088653564453","2.665088653564453"
"3059","21.169572830200195","21.169572830200195","21.169572830200195","5.2830400466918945","5.2830400466918945","5.2830400466918945","2.6381077766418457","2.6381077766418457","2.6381077766418457"
"3089","16.088964462280273","16.088964462280273","16.088964462280273","3.561774730682373","3.561774730682373","3.561774730682373","2.7858612537384033","2.7858612537384033","2.7858612537384033"
"3119","17.665273666381836","17.665273666381836","17.665273666381836","4.1120805740356445","4.1120805740356445","4.1120805740356445","2.6124300956726074","2.6124300956726074","2.6124300956726074"
"3149","15.09101390838623","15.09101390838623","15.09101390838623","3.990025520324707","3.990025520324707","3.990025520324707","2.7737908363342285","2.7737908363342285","2.7737908363342285"
"3179","16.96361541748047","16.96361541748047","16.96361541748047","5.225319862365723","5.225319862365723","5.225319862365723","2.7945845127105713","2.7945845127105713","2.7945845127105713"
"3209","21.24134635925293","21.24134635925293","21.24134635925293","5.833662986755371","5.833662986755371","5.833662986755371","2.8375794887542725","2.8375794887542725","2.8375794887542725"
"3239","17.133974075317383","17.133974075317383","17.133974075317383","4.207544326782227","4.207544326782227","4.207544326782227","2.7086894512176514","2.7086894512176514","2.7086894512176514"
"3269","18.929931640625","18.929931640625","18.929931640625","4.8650336265563965","4.8650336265563965","4.8650336265563965","2.665613889694214","2.665613889694214","2.665613889694214"
"3299","19.829193115234375","19.829193115234375","19.829193115234375","5.436165809631348","5.436165809631348","5.436165809631348","2.6754651069641113","2.6754651069641113","2.6754651069641113"
"3329","21.12318229675293","21.12318229675293","21.12318229675293","6.528334617614746","6.528334617614746","6.528334617614746","2.766735553741455","2.766735553741455","2.766735553741455"
"3359","17.751068115234375","17.751068115234375","17.751068115234375","5.074007034301758","5.074007034301758","5.074007034301758","2.6912682056427","2.6912682056427","2.6912682056427"
"3389","10.295061111450195","10.295061111450195","10.295061111450195","2.9596667289733887","2.9596667289733887","2.9596667289733887","2.6384994983673096","2.6384994983673096","2.6384994983673096"
"3419","16.63286018371582","16.63286018371582","16.63286018371582","3.9973864555358887","3.9973864555358887","3.9973864555358887","2.55269455909729","2.55269455909729","2.55269455909729"
"3449","17.160505294799805","17.160505294799805","17.160505294799805","4.476813316345215","4.476813316345215","4.476813316345215","2.586855173110962","2.586855173110962","2.586855173110962"
"3479","16.837711334228516","16.837711334228516","16.837711334228516","4.036562919616699","4.036562919616699","4.036562919616699","2.5770039558410645","2.5770039558410645","2.5770039558410645"
"3509","22.006567001342773","22.006567001342773","22.006567001342773","32.03719711303711","32.03719711303711","32.03719711303711","2.6878347396850586","2.6878347396850586","2.6878347396850586"
"3539","19.724933624267578","19.724933624267578","19.724933624267578","6.225630760192871","6.225630760192871","6.225630760192871","2.5587685108184814","2.5587685108184814","2.5587685108184814"
"3569","15.888891220092773","15.888891220092773","15.888891220092773","4.157236099243164","4.157236099243164","4.157236099243164","2.503920316696167","2.503920316696167","2.503920316696167"
"3599","14.110971450805664","14.110971450805664","14.110971450805664","3.8532564640045166","3.8532564640045166","3.8532564640045166","2.6737616062164307","2.6737616062164307","2.6737616062164307"
"3629","10.879959106445312","10.879959106445312","10.879959106445312","3.3555290699005127","3.3555290699005127","3.3555290699005127","2.7666525840759277","2.7666525840759277","2.7666525840759277"
"3659","19.83534812927246","19.83534812927246","19.83534812927246","31.30029296875","31.30029296875","31.30029296875","2.5299882888793945","2.5299882888793945","2.5299882888793945"
"3689","2.897030830383301","2.897030830383301","2.897030830383301","2.5776689052581787","2.5776689052581787","2.5776689052581787","2.6330034732818604","2.6330034732818604","2.6330034732818604"
"3719","14.09864330291748","14.09864330291748","14.09864330291748","4.635964393615723","4.635964393615723","4.635964393615723","2.5727953910827637","2.5727953910827637","2.5727953910827637"
"3749","2.7918310165405273","2.7918310165405273","2.7918310165405273","2.5462377071380615","2.5462377071380615","2.5462377071380615","2.5662989616394043","2.5662989616394043","2.5662989616394043"
"3779","11.422114372253418","11.422114372253418","11.422114372253418","3.707021951675415","3.707021951675415","3.707021951675415","2.5230369567871094","2.5230369567871094","2.5230369567871094"
"3809","13.19606876373291","13.19606876373291","13.19606876373291","3.094916820526123","3.094916820526123","3.094916820526123","2.434047222137451","2.434047222137451","2.434047222137451"
"3839","14.796340942382812","14.796340942382812","14.796340942382812","3.4374241828918457","3.4374241828918457","3.4374241828918457","2.685267686843872","2.685267686843872","2.685267686843872"
"3869","20.413677215576172","20.413677215576172","20.413677215576172","30.130634307861328","30.130634307861328","30.130634307861328","2.479124069213867","2.479124069213867","2.479124069213867"
"3899","16.497970581054688","16.497970581054688","16.497970581054688","5.096006870269775","5.096006870269775","5.096006870269775","2.537142515182495","2.537142515182495","2.537142515182495"
"3929","9.870840072631836","9.870840072631836","9.870840072631836","2.916534900665283","2.916534900665283","2.916534900665283","2.554584503173828","2.554584503173828","2.554584503173828"
"3959","10.244729042053223","10.244729042053223","10.244729042053223","3.1769466400146484","3.1769466400146484","3.1769466400146484","2.4794130325317383","2.4794130325317383","2.4794130325317383"
"3989","10.30733585357666","10.30733585357666","10.30733585357666","3.6724345684051514","3.6724345684051514","3.6724345684051514","2.627246618270874","2.627246618270874","2.627246618270874"
"4019","15.571212768554688","15.571212768554688","15.571212768554688","29.495901107788086","29.495901107788086","29.495901107788086","2.3843352794647217","2.3843352794647217","2.3843352794647217"
"4049","9.351709365844727","9.351709365844727","9.351709365844727","2.9147844314575195","2.9147844314575195","2.9147844314575195","2.498368978500366","2.498368978500366","2.498368978500366"
"4079","16.394023895263672","16.394023895263672","16.394023895263672","5.06437349319458","5.06437349319458","5.06437349319458","2.4902825355529785","2.4902825355529785","2.4902825355529785"
"4109","11.497162818908691","11.497162818908691","11.497162818908691","3.6440577507019043","3.6440577507019043","3.6440577507019043","2.5301027297973633","2.5301027297973633","2.5301027297973633"
"4139","15.7618989944458","15.7618989944458","15.7618989944458","4.8948283195495605","4.8948283195495605","4.8948283195495605","2.49733567237854","2.49733567237854","2.49733567237854"
"4169","14.878925323486328","14.878925323486328","14.878925323486328","4.153737545013428","4.153737545013428","4.153737545013428","2.4715187549591064","2.4715187549591064","2.4715187549591064"
"4199","6.277578830718994","6.277578830718994","6.277578830718994","2.830713987350464","2.830713987350464","2.830713987350464","2.4961276054382324","2.4961276054382324","2.4961276054382324"
"4229","18.906904220581055","18.906904220581055","18.906904220581055","5.5751848220825195","5.5751848220825195","5.5751848220825195","2.496427059173584","2.496427059173584","2.496427059173584"
"4259","2.669661283493042","2.669661283493042","2.669661283493042","2.5851244926452637","2.5851244926452637","2.5851244926452637","2.5021867752075195","2.5021867752075195","2.5021867752075195"
"4289","2.5649266242980957","2.5649266242980957","2.5649266242980957","2.434570550918579","2.434570550918579","2.434570550918579","2.4687557220458984","2.4687557220458984","2.4687557220458984"
"4319","2.6053624153137207","2.6053624153137207","2.6053624153137207","2.463456630706787","2.463456630706787","2.463456630706787","2.376146078109741","2.376146078109741","2.376146078109741"
"4349","2.764620065689087","2.764620065689087","2.764620065689087","2.5993363857269287","2.5993363857269287","2.5993363857269287","2.4741837978363037","2.4741837978363037","2.4741837978363037"
"4379","13.768101692199707","13.768101692199707","13.768101692199707","28.225099563598633","28.225099563598633","28.225099563598633","2.4640464782714844","2.4640464782714844","2.4640464782714844"
"4409","2.630826473236084","2.630826473236084","2.630826473236084","2.5495219230651855","2.5495219230651855","2.5495219230651855","2.5099518299102783","2.5099518299102783","2.5099518299102783"
"4439","8.017773628234863","8.017773628234863","8.017773628234863","2.699537992477417","2.699537992477417","2.699537992477417","2.377910614013672","2.377910614013672","2.377910614013672"
"4469","2.391082763671875","2.391082763671875","2.391082763671875","2.1976284980773926","2.1976284980773926","2.1976284980773926","2.250023126602173","2.250023126602173","2.250023126602173"
"4499","13.984783172607422","13.984783172607422","13.984783172607422","27.8820743560791","27.8820743560791","27.8820743560791","2.4864721298217773","2.4864721298217773","2.4864721298217773"
"4529","10.745258331298828","10.745258331298828","10.745258331298828","4.300232887268066","4.300232887268066","4.300232887268066","2.399883270263672","2.399883270263672","2.399883270263672"
"4559","13.843049049377441","13.843049049377441","13.843049049377441","3.70609188079834","3.70609188079834","3.70609188079834","2.2489776611328125","2.2489776611328125","2.2489776611328125"
"4589","2.432884454727173","2.432884454727173","2.432884454727173","2.377307891845703","2.377307891845703","2.377307891845703","2.3801980018615723","2.3801980018615723","2.3801980018615723"
"4619","2.4610817432403564","2.4610817432403564","2.4610817432403564","2.3188400268554688","2.3188400268554688","2.3188400268554688","2.2422478199005127","2.2422478199005127","2.2422478199005127"
"4649","9.261448860168457","9.261448860168457","9.261448860168457","27.22014617919922","27.22014617919922","27.22014617919922","2.3203489780426025","2.3203489780426025","2.3203489780426025"
"4679","8.671364784240723","8.671364784240723","8.671364784240723","3.1082820892333984","3.1082820892333984","3.1082820892333984","2.334073781967163","2.334073781967163","2.334073781967163"
"4709","12.548897743225098","12.548897743225098","12.548897743225098","4.110256195068359","4.110256195068359","4.110256195068359","2.2487471103668213","2.2487471103668213","2.2487471103668213"
"4739","11.918134689331055","11.918134689331055","11.918134689331055","4.706469535827637","4.706469535827637","4.706469535827637","2.3706109523773193","2.3706109523773193","2.3706109523773193"
"4769","12.525910377502441","12.525910377502441","12.525910377502441","3.5004217624664307","3.5004217624664307","3.5004217624664307","2.388758420944214","2.388758420944214","2.388758420944214"
"4799","6.407756328582764","6.407756328582764","6.407756328582764","2.553208351135254","2.553208351135254","2.553208351135254","2.1540117263793945","2.1540117263793945","2.1540117263793945"
"4829","10.161391258239746","10.161391258239746","10.161391258239746","2.832038402557373","2.832038402557373","2.832038402557373","2.3327624797821045","2.3327624797821045","2.3327624797821045"
"4859","2.449404716491699","2.449404716491699","2.449404716491699","2.365818977355957","2.365818977355957","2.365818977355957","2.3066365718841553","2.3066365718841553","2.3066365718841553"
"4889","2.2805280685424805","2.2805280685424805","2.2805280685424805","2.2940428256988525","2.2940428256988525","2.2940428256988525","2.280315399169922","2.280315399169922","2.280315399169922"
"4919","11.259889602661133","11.259889602661133","11.259889602661133","26.18985939025879","26.18985939025879","26.18985939025879","2.3409335613250732","2.3409335613250732","2.3409335613250732"
"4949","2.413006067276001","2.413006067276001","2.413006067276001","2.3755884170532227","2.3755884170532227","2.3755884170532227","2.2805016040802","2.2805016040802","2.2805016040802"
"4979","2.332165002822876","2.332165002822876","2.332165002822876","2.3397388458251953","2.3397388458251953","2.3397388458251953","2.282874345779419","2.282874345779419","2.282874345779419"
"5009","2.35174822807312","2.35174822807312","2.35174822807312","2.312530517578125","2.312530517578125","2.312530517578125","2.2418572902679443","2.2418572902679443","2.2418572902679443"
"5039","2.3712871074676514","2.3712871074676514","2.3712871074676514","2.263052225112915","2.263052225112915","2.263052225112915","2.167515754699707","2.167515754699707","2.167515754699707"
"5069","2.275010108947754","2.275010108947754","2.275010108947754","2.2356207370758057","2.2356207370758057","2.2356207370758057","2.1311123371124268","2.1311123371124268","2.1311123371124268"
"5099","2.3306422233581543","2.3306422233581543","2.3306422233581543","2.2958786487579346","2.2958786487579346","2.2958786487579346","2.1839723587036133","2.1839723587036133","2.1839723587036133"
"5129","2.356966495513916","2.356966495513916","2.356966495513916","2.377227306365967","2.377227306365967","2.377227306365967","2.324568033218384","2.324568033218384","2.324568033218384"
"5159","8.285086631774902","8.285086631774902","8.285086631774902","3.1357243061065674","3.1357243061065674","3.1357243061065674","2.2574074268341064","2.2574074268341064","2.2574074268341064"
"5189","2.338127374649048","2.338127374649048","2.338127374649048","2.331817388534546","2.331817388534546","2.331817388534546","2.234882116317749","2.234882116317749","2.234882116317749"
"5219","7.169100284576416","7.169100284576416","7.169100284576416","24.704538345336914","24.704538345336914","24.704538345336914","2.2771620750427246","2.2771620750427246","2.2771620750427246"
"5249","2.3647148609161377","2.3647148609161377","2.3647148609161377","2.316807270050049","2.316807270050049","2.316807270050049","2.178988218307495","2.178988218307495","2.178988218307495"
"5279","7.1130900382995605","7.1130900382995605","7.1130900382995605","24.501996994018555","24.501996994018555","24.501996994018555","2.151918649673462","2.151918649673462","2.151918649673462"
"5309","6.910051345825195","6.910051345825195","6.910051345825195","24.2922306060791","24.2922306060791","24.2922306060791","2.1303634643554688","2.1303634643554688","2.1303634643554688"
"5339","6.978134632110596","6.978134632110596","6.978134632110596","24.384634017944336","24.384634017944336","24.384634017944336","2.1869521141052246","2.1869521141052246","2.1869521141052246"
"5369","8.530517578125","8.530517578125","8.530517578125","3.463517427444458","3.463517427444458","3.463517427444458","2.1132028102874756","2.1132028102874756","2.1132028102874756"
"5399","2.234443426132202","2.234443426132202","2.234443426132202","2.2263426780700684","2.2263426780700684","2.2263426780700684","2.1269073486328125","2.1269073486328125","2.1269073486328125"
"5429","2.1406819820404053","2.1406819820404053","2.1406819820404053","2.137561082839966","2.137561082839966","2.137561082839966","2.097745656967163","2.097745656967163","2.097745656967163"
"5459","6.524114608764648","6.524114608764648","6.524114608764648","23.544023513793945","23.544023513793945","23.544023513793945","2.0664966106414795","2.0664966106414795","2.0664966106414795"
"5489","2.4031970500946045","2.4031970500946045","2.4031970500946045","2.524942636489868","2.524942636489868","2.524942636489868","2.4174890518188477","2.4174890518188477","2.4174890518188477"
"5519","2.2211852073669434","2.2211852073669434","2.2211852073669434","2.2911386489868164","2.2911386489868164","2.2911386489868164","2.1665284633636475","2.1665284633636475","2.1665284633636475"
"5549","2.1815996170043945","2.1815996170043945","2.1815996170043945","2.16638445854187","2.16638445854187","2.16638445854187","2.1391351222991943","2.1391351222991943","2.1391351222991943"
"5579","10.977961540222168","10.977961540222168","10.977961540222168","3.5358309745788574","3.5358309745788574","3.5358309745788574","2.195331335067749","2.195331335067749","2.195331335067749"
"5609","6.274202823638916","6.274202823638916","6.274202823638916","23.113847732543945","23.113847732543945","23.113847732543945","2.0658316612243652","2.0658316612243652","2.0658316612243652"
"5639","2.299649715423584","2.299649715423584","2.299649715423584","2.3372738361358643","2.3372738361358643","2.3372738361358643","2.2892608642578125","2.2892608642578125","2.2892608642578125"
"5669","2.1566483974456787","2.1566483974456787","2.1566483974456787","2.1764328479766846","2.1764328479766846","2.1764328479766846","2.0924508571624756","2.0924508571624756","2.0924508571624756"
"5699","12.185547828674316","12.185547828674316","12.185547828674316","3.886394500732422","3.886394500732422","3.886394500732422","2.2062718868255615","2.2062718868255615","2.2062718868255615"
"5729","2.183638572692871","2.183638572692871","2.183638572692871","2.2830727100372314","2.2830727100372314","2.2830727100372314","2.152599811553955","2.152599811553955","2.152599811553955"
"5759","2.122920513153076","2.122920513153076","2.122920513153076","2.2450673580169678","2.2450673580169678","2.2450673580169678","2.158763885498047","2.158763885498047","2.158763885498047"
"5789","2.1643006801605225","2.1643006801605225","2.1643006801605225","2.2242136001586914","2.2242136001586914","2.2242136001586914","2.0449318885803223","2.0449318885803223","2.0449318885803223"
"5819","2.268387794494629","2.268387794494629","2.268387794494629","2.3861632347106934","2.3861632347106934","2.3861632347106934","2.13061785697937","2.13061785697937","2.13061785697937"
"5849","2.107135534286499","2.107135534286499","2.107135534286499","2.1829686164855957","2.1829686164855957","2.1829686164855957","2.0825719833374023","2.0825719833374023","2.0825719833374023"
"5879","2.2372424602508545","2.2372424602508545","2.2372424602508545","2.391098737716675","2.391098737716675","2.391098737716675","2.2297558784484863","2.2297558784484863","2.2297558784484863"
"5909","2.165114641189575","2.165114641189575","2.165114641189575","2.231034755706787","2.231034755706787","2.231034755706787","2.0303878784179688","2.0303878784179688","2.0303878784179688"
"5939","13.734963417053223","13.734963417053223","13.734963417053223","3.86247181892395","3.86247181892395","3.86247181892395","2.1049325466156006","2.1049325466156006","2.1049325466156006"
"5969","2.130995750427246","2.130995750427246","2.130995750427246","2.2286436557769775","2.2286436557769775","2.2286436557769775","2.0459680557250977","2.0459680557250977","2.0459680557250977"
"5999","2.237985610961914","2.237985610961914","2.237985610961914","2.2775869369506836","2.2775869369506836","2.2775869369506836","2.04337477684021","2.04337477684021","2.04337477684021"
"6029","2.124575138092041","2.124575138092041","2.124575138092041","2.1729886531829834","2.1729886531829834","2.1729886531829834","1.9787838459014893","1.9787838459014893","1.9787838459014893"
"6059","10.645360946655273","10.645360946655273","10.645360946655273","4.382922172546387","4.382922172546387","4.382922172546387","2.073178768157959","2.073178768157959","2.073178768157959"
"6089","2.090273857116699","2.090273857116699","2.090273857116699","2.1621320247650146","2.1621320247650146","2.1621320247650146","1.9932409524917603","1.9932409524917603","1.9932409524917603"
"6119","5.582860469818115","5.582860469818115","5.582860469818115","22.140296936035156","22.140296936035156","22.140296936035156","2.1017138957977295","2.1017138957977295","2.1017138957977295"
"6149","2.3531076908111572","2.3531076908111572","2.3531076908111572","2.4177825450897217","2.4177825450897217","2.4177825450897217","2.153503894805908","2.153503894805908","2.153503894805908"
"6179","2.1815176010131836","2.1815176010131836","2.1815176010131836","2.3401100635528564","2.3401100635528564","2.3401100635528564","2.0707414150238037","2.0707414150238037","2.0707414150238037"
"6209","10.788392066955566","10.788392066955566","10.788392066955566","2.7538630962371826","2.7538630962371826","2.7538630962371826","1.9772478342056274","1.9772478342056274","1.9772478342056274"
"6239","2.114072561264038","2.114072561264038","2.114072561264038","2.1933071613311768","2.1933071613311768","2.1933071613311768","2.012357473373413","2.012357473373413","2.012357473373413"
"6269","2.131474256515503","2.131474256515503","2.131474256515503","2.239278793334961","2.239278793334961","2.239278793334961","2.072028398513794","2.072028398513794","2.072028398513794"
"6299","2.114560842514038","2.114560842514038","2.114560842514038","2.2018871307373047","2.2018871307373047","2.2018871307373047","1.9973081350326538","1.9973081350326538","1.9973081350326538"
"6329","13.117990493774414","13.117990493774414","13.117990493774414","4.321929931640625","4.321929931640625","4.321929931640625","2.0214364528656006","2.0214364528656006","2.0214364528656006"
"6359","5.363598346710205","5.363598346710205","5.363598346710205","21.451122283935547","21.451122283935547","21.451122283935547","1.960634469985962","1.960634469985962","1.960634469985962"
"6389","2.1577816009521484","2.1577816009521484","2.1577816009521484","2.3180556297302246","2.3180556297302246","2.3180556297302246","2.1027884483337402","2.1027884483337402","2.1027884483337402"
"6419","2.1165003776550293","2.1165003776550293","2.1165003776550293","2.2879538536071777","2.2879538536071777","2.2879538536071777","2.026763677597046","2.026763677597046","2.026763677597046"
"6449","2.2112348079681396","2.2112348079681396","2.2112348079681396","2.3167331218719482","2.3167331218719482","2.3167331218719482","2.0851755142211914","2.0851755142211914","2.0851755142211914"
"6479","2.0731160640716553","2.0731160640716553","2.0731160640716553","2.1805238723754883","2.1805238723754883","2.1805238723754883","1.9577233791351318","1.9577233791351318","1.9577233791351318"
"6509","14.493578910827637","14.493578910827637","14.493578910827637","2.9406213760375977","2.9406213760375977","2.9406213760375977","1.9639850854873657","1.9639850854873657","1.9639850854873657"
"6539","2.0872273445129395","2.0872273445129395","2.0872273445129395","2.1594231128692627","2.1594231128692627","2.1594231128692627","1.9811196327209473","1.9811196327209473","1.9811196327209473"
"6569","2.0577242374420166","2.0577242374420166","2.0577242374420166","2.1908681392669678","2.1908681392669678","2.1908681392669678","2.00570011138916","2.00570011138916","2.00570011138916"
"6599","2.1392412185668945","2.1392412185668945","2.1392412185668945","2.2142446041107178","2.2142446041107178","2.2142446041107178","1.9460372924804688","1.9460372924804688","1.9460372924804688"
"6629","2.1083226203918457","2.1083226203918457","2.1083226203918457","2.2105305194854736","2.2105305194854736","2.2105305194854736","1.9266222715377808","1.9266222715377808","1.9266222715377808"
"6659","15.394401550292969","15.394401550292969","15.394401550292969","3.029661178588867","3.029661178588867","3.029661178588867","1.9325158596038818","1.9325158596038818","1.9325158596038818"
"6689","2.066770076751709","2.066770076751709","2.066770076751709","2.1264684200286865","2.1264684200286865","2.1264684200286865","1.8719959259033203","1.8719959259033203","1.8719959259033203"
"6719","2.0442607402801514","2.0442607402801514","2.0442607402801514","2.179311990737915","2.179311990737915","2.179311990737915","1.9819488525390625","1.9819488525390625","1.9819488525390625"
"6749","20.27437973022461","20.27437973022461","20.27437973022461","3.322838068008423","3.322838068008423","3.322838068008423","2.032432794570923","2.032432794570923","2.032432794570923"
"6779","8.751928329467773","8.751928329467773","8.751928329467773","3.5413687229156494","3.5413687229156494","3.5413687229156494","1.9335360527038574","1.9335360527038574","1.9335360527038574"
"6809","2.050584077835083","2.050584077835083","2.050584077835083","2.2014241218566895","2.2014241218566895","2.2014241218566895","1.983408808708191","1.983408808708191","1.983408808708191"
"6839","12.523178100585938","12.523178100585938","12.523178100585938","3.3195178508758545","3.3195178508758545","3.3195178508758545","1.903389573097229","1.903389573097229","1.903389573097229"
"6869","2.0115790367126465","2.0115790367126465","2.0115790367126465","2.1807327270507812","2.1807327270507812","2.1807327270507812","1.9046365022659302","1.9046365022659302","1.9046365022659302"
"6899","5.40238094329834","5.40238094329834","5.40238094329834","22.27056884765625","22.27056884765625","22.27056884765625","1.9333981275558472","1.9333981275558472","1.9333981275558472"
"6929","1.9765145778656006","1.9765145778656006","1.9765145778656006","2.137866735458374","2.137866735458374","2.137866735458374","1.8930110931396484","1.8930110931396484","1.8930110931396484"
"6959","2.0756328105926514","2.0756328105926514","2.0756328105926514","2.2288997173309326","2.2288997173309326","2.2288997173309326","1.9566720724105835","1.9566720724105835","1.9566720724105835"
"6989","2.042188882827759","2.042188882827759","2.042188882827759","2.144740581512451","2.144740581512451","2.144740581512451","1.864278793334961","1.864278793334961","1.864278793334961"
"7019","2.047229766845703","2.047229766845703","2.047229766845703","2.15248703956604","2.15248703956604","2.15248703956604","1.8813111782073975","1.8813111782073975","1.8813111782073975"
"7049","10.986862182617188","10.986862182617188","10.986862182617188","3.44338059425354","3.44338059425354","3.44338059425354","1.9989080429077148","1.9989080429077148","1.9989080429077148"
"7079","1.9751601219177246","1.9751601219177246","1.9751601219177246","2.0696892738342285","2.0696892738342285","2.0696892738342285","1.8011595010757446","1.8011595010757446","1.8011595010757446"
"7109","2.057293653488159","2.057293653488159","2.057293653488159","2.119218587875366","2.119218587875366","2.119218587875366","1.8304023742675781","1.8304023742675781","1.8304023742675781"
"7139","2.1097939014434814","2.1097939014434814","2.1097939014434814","2.210627794265747","2.210627794265747","2.210627794265747","1.863802433013916","1.863802433013916","1.863802433013916"
"7169","2.0625662803649902","2.0625662803649902","2.0625662803649902","2.2217319011688232","2.2217319011688232","2.2217319011688232","1.8987640142440796","1.8987640142440796","1.8987640142440796"
"7199","2.0238053798675537","2.0238053798675537","2.0238053798675537","2.246128559112549","2.246128559112549","2.246128559112549","1.903525710105896","1.903525710105896","1.903525710105896"
"7229","1.996385097503662","1.996385097503662","1.996385097503662","2.139021873474121","2.139021873474121","2.139021873474121","1.8705257177352905","1.8705257177352905","1.8705257177352905"
"7259","13.830833435058594","13.830833435058594","13.830833435058594","19.63330841064453","19.63330841064453","19.63330841064453","1.829353928565979","1.829353928565979","1.829353928565979"
"7289","2.069875478744507","2.069875478744507","2.069875478744507","2.168489694595337","2.168489694595337","2.168489694595337","1.887626051902771","1.887626051902771","1.887626051902771"
"7319","2.0647571086883545","2.0647571086883545","2.0647571086883545","2.299898862838745","2.299898862838745","2.299898862838745","2.0447959899902344","2.0447959899902344","2.0447959899902344"
"7349","2.0355772972106934","2.0355772972106934","2.0355772972106934","2.169904947280884","2.169904947280884","2.169904947280884","1.8972125053405762","1.8972125053405762","1.8972125053405762"
"7379","2.0634267330169678","2.0634267330169678","2.0634267330169678","2.133161783218384","2.133161783218384","2.133161783218384","1.7486077547073364","1.7486077547073364","1.7486077547073364"
"7409","2.0317811965942383","2.0317811965942383","2.0317811965942383","2.093759059906006","2.093759059906006","2.093759059906006","1.7757989168167114","1.7757989168167114","1.7757989168167114"
"7439","2.0401322841644287","2.0401322841644287","2.0401322841644287","2.223470449447632","2.223470449447632","2.223470449447632","1.8672116994857788","1.8672116994857788","1.8672116994857788"
"7469","4.350815773010254","4.350815773010254","4.350815773010254","18.629642486572266","18.629642486572266","18.629642486572266","1.8224073648452759","1.8224073648452759","1.8224073648452759"
"7499","2.014845609664917","2.014845609664917","2.014845609664917","2.237604856491089","2.237604856491089","2.237604856491089","1.9688172340393066","1.9688172340393066","1.9688172340393066"
"7529","1.981632947921753","1.981632947921753","1.981632947921753","2.1038851737976074","2.1038851737976074","2.1038851737976074","1.8259207010269165","1.8259207010269165","1.8259207010269165"
"7559","1.9234139919281006","1.9234139919281006","1.9234139919281006","2.0628044605255127","2.0628044605255127","2.0628044605255127","1.7906279563903809","1.7906279563903809","1.7906279563903809"
"7589","2.007556915283203","2.007556915283203","2.007556915283203","2.16334867477417","2.16334867477417","2.16334867477417","1.8555126190185547","1.8555126190185547","1.8555126190185547"
"7619","18.161781311035156","18.161781311035156","18.161781311035156","4.691586971282959","4.691586971282959","4.691586971282959","1.8249810934066772","1.8249810934066772","1.8249810934066772"
"7649","1.9521645307540894","1.9521645307540894","1.9521645307540894","2.0998497009277344","2.0998497009277344","2.0998497009277344","1.7644480466842651","1.7644480466842651","1.7644480466842651"
"7679","1.996951699256897","1.996951699256897","1.996951699256897","2.1378300189971924","2.1378300189971924","2.1378300189971924","1.7763543128967285","1.7763543128967285","1.7763543128967285"
"7709","1.9635757207870483","1.9635757207870483","1.9635757207870483","2.2023587226867676","2.2023587226867676","2.2023587226867676","1.876153826713562","1.876153826713562","1.876153826713562"
"7739","1.8965325355529785","1.8965325355529785","1.8965325355529785","2.0352275371551514","2.0352275371551514","2.0352275371551514","1.7616716623306274","1.7616716623306274","1.7616716623306274"
"7769","1.9645212888717651","1.9645212888717651","1.9645212888717651","2.20365047454834","2.20365047454834","2.20365047454834","1.8716686964035034","1.8716686964035034","1.8716686964035034"
"7799","2.033433675765991","2.033433675765991","2.033433675765991","2.18528151512146","2.18528151512146","2.18528151512146","1.8593218326568604","1.8593218326568604","1.8593218326568604"
"7829","4.157959461212158","4.157959461212158","4.157959461212158","17.99416732788086","17.99416732788086","17.99416732788086","1.777651071548462","1.777651071548462","1.777651071548462"
"7859","1.9204665422439575","1.9204665422439575","1.9204665422439575","2.0661556720733643","2.0661556720733643","2.0661556720733643","1.7829865217208862","1.7829865217208862","1.7829865217208862"
"7889","1.9530390501022339","1.9530390501022339","1.9530390501022339","2.187743902206421","2.187743902206421","2.187743902206421","1.8373345136642456","1.8373345136642456","1.8373345136642456"
"7919","1.9581698179244995","1.9581698179244995","1.9581698179244995","2.1132731437683105","2.1132731437683105","2.1132731437683105","1.780570149421692","1.780570149421692","1.780570149421692"
"7949","1.9125252962112427","1.9125252962112427","1.9125252962112427","2.147442579269409","2.147442579269409","2.147442579269409","1.808342695236206","1.808342695236206","1.808342695236206"
"7979","2.016223430633545","2.016223430633545","2.016223430633545","2.1696112155914307","2.1696112155914307","2.1696112155914307","1.7903378009796143","1.7903378009796143","1.7903378009796143"
"8009","4.071367263793945","4.071367263793945","4.071367263793945","17.531843185424805","17.531843185424805","17.531843185424805","1.7748712301254272","1.7748712301254272","1.7748712301254272"
"8039","1.8822100162506104","1.8822100162506104","1.8822100162506104","2.071259021759033","2.071259021759033","2.071259021759033","1.7441108226776123","1.7441108226776123","1.7441108226776123"
"8069","1.9584978818893433","1.9584978818893433","1.9584978818893433","2.242892026901245","2.242892026901245","2.242892026901245","1.8743098974227905","1.8743098974227905","1.8743098974227905"
"8099","1.9213000535964966","1.9213000535964966","1.9213000535964966","2.1190643310546875","2.1190643310546875","2.1190643310546875","1.7412923574447632","1.7412923574447632","1.7412923574447632"
"8129","1.9714112281799316","1.9714112281799316","1.9714112281799316","2.23710560798645","2.23710560798645","2.23710560798645","1.8729784488677979","1.8729784488677979","1.8729784488677979"
"8159","1.9113324880599976","1.9113324880599976","1.9113324880599976","2.0204107761383057","2.0204107761383057","2.0204107761383057","1.6926708221435547","1.6926708221435547","1.6926708221435547"
"8189","3.983314037322998","3.983314037322998","3.983314037322998","17.305004119873047","17.305004119873047","17.305004119873047","1.8451900482177734","1.8451900482177734","1.8451900482177734"
"8219","3.894116163253784","3.894116163253784","3.894116163253784","17.050565719604492","17.050565719604492","17.050565719604492","1.6760293245315552","1.6760293245315552","1.6760293245315552"
"8249","1.9398032426834106","1.9398032426834106","1.9398032426834106","2.16996169090271","2.16996169090271","2.16996169090271","1.776596188545227","1.776596188545227","1.776596188545227"
"8279","1.9370065927505493","1.9370065927505493","1.9370065927505493","2.2484450340270996","2.2484450340270996","2.2484450340270996","1.877949833869934","1.877949833869934","1.877949833869934"
"8309","1.9144103527069092","1.9144103527069092","1.9144103527069092","2.0980052947998047","2.0980052947998047","2.0980052947998047","1.7459816932678223","1.7459816932678223","1.7459816932678223"
"8339","1.8628722429275513","1.8628722429275513","1.8628722429275513","2.0852038860321045","2.0852038860321045","2.0852038860321045","1.729937195777893","1.729937195777893","1.729937195777893"
"8369","3.8712236881256104","3.8712236881256104","3.8712236881256104","16.71633529663086","16.71633529663086","16.71633529663086","1.7499703168869019","1.7499703168869019","1.7499703168869019"
"8399","1.8500829935073853","1.8500829935073853","1.8500829935073853","2.0617594718933105","2.0617594718933105","2.0617594718933105","1.7787137031555176","1.7787137031555176","1.7787137031555176"
"8429","3.836663007736206","3.836663007736206","3.836663007736206","16.713905334472656","16.713905334472656","16.713905334472656","1.7495684623718262","1.7495684623718262","1.7495684623718262"
"8459","1.9423433542251587","1.9423433542251587","1.9423433542251587","2.2250447273254395","2.2250447273254395","2.2250447273254395","1.8305670022964478","1.8305670022964478","1.8305670022964478"
"8489","1.881373405456543","1.881373405456543","1.881373405456543","2.183074474334717","2.183074474334717","2.183074474334717","1.7921926975250244","1.7921926975250244","1.7921926975250244"
"8519","3.7733049392700195","3.7733049392700195","3.7733049392700195","16.328237533569336","16.328237533569336","16.328237533569336","1.6200700998306274","1.6200700998306274","1.6200700998306274"
"8549","2.012835741043091","2.012835741043091","2.012835741043091","2.279103994369507","2.279103994369507","2.279103994369507","1.8719242811203003","1.8719242811203003","1.8719242811203003"
"8579","3.736523151397705","3.736523151397705","3.736523151397705","16.201200485229492","16.201200485229492","16.201200485229492","1.6447374820709229","1.6447374820709229","1.6447374820709229"
"8609","1.836928367614746","1.836928367614746","1.836928367614746","2.022315263748169","2.022315263748169","2.022315263748169","1.6470317840576172","1.6470317840576172","1.6470317840576172"
"8639","1.8810622692108154","1.8810622692108154","1.8810622692108154","2.0979790687561035","2.0979790687561035","2.0979790687561035","1.7395049333572388","1.7395049333572388","1.7395049333572388"
"8669","1.833776831626892","1.833776831626892","1.833776831626892","2.1099891662597656","2.1099891662597656","2.1099891662597656","1.7568846940994263","1.7568846940994263","1.7568846940994263"
"8699","1.8719218969345093","1.8719218969345093","1.8719218969345093","2.0308735370635986","2.0308735370635986","2.0308735370635986","1.6638494729995728","1.6638494729995728","1.6638494729995728"
"8729","1.8348722457885742","1.8348722457885742","1.8348722457885742","2.1463234424591064","2.1463234424591064","2.1463234424591064","1.697339415550232","1.697339415550232","1.697339415550232"
"8759","1.8898861408233643","1.8898861408233643","1.8898861408233643","2.1502814292907715","2.1502814292907715","2.1502814292907715","1.729835033416748","1.729835033416748","1.729835033416748"
"8789","4.067650318145752","4.067650318145752","4.067650318145752","17.529069900512695","17.529069900512695","17.529069900512695","1.7149583101272583","1.7149583101272583","1.7149583101272583"
"8819","1.8568979501724243","1.8568979501724243","1.8568979501724243","2.1620724201202393","2.1620724201202393","2.1620724201202393","1.8013646602630615","1.8013646602630615","1.8013646602630615"
"8849","1.8239983320236206","1.8239983320236206","1.8239983320236206","2.0672287940979004","2.0672287940979004","2.0672287940979004","1.664623737335205","1.664623737335205","1.664623737335205"
"8879","1.849526047706604","1.849526047706604","1.849526047706604","2.1861629486083984","2.1861629486083984","2.1861629486083984","1.7946608066558838","1.7946608066558838","1.7946608066558838"
"8909","1.8105437755584717","1.8105437755584717","1.8105437755584717","2.009369373321533","2.009369373321533","2.009369373321533","1.6532834768295288","1.6532834768295288","1.6532834768295288"
"8939","1.8404555320739746","1.8404555320739746","1.8404555320739746","2.0684094429016113","2.0684094429016113","2.0684094429016113","1.6918087005615234","1.6918087005615234","1.6918087005615234"
"8969","1.8476678133010864","1.8476678133010864","1.8476678133010864","2.112760066986084","2.112760066986084","2.112760066986084","1.7015414237976074","1.7015414237976074","1.7015414237976074"
"8999","3.61919903755188","3.61919903755188","3.61919903755188","15.729352951049805","15.729352951049805","15.729352951049805","1.7996916770935059","1.7996916770935059","1.7996916770935059"
"9029","1.8151675462722778","1.8151675462722778","1.8151675462722778","2.086503744125366","2.086503744125366","2.086503744125366","1.6450170278549194","1.6450170278549194","1.6450170278549194"
"9059","1.821704626083374","1.821704626083374","1.821704626083374","2.11788272857666","2.11788272857666","2.11788272857666","1.679879903793335","1.679879903793335","1.679879903793335"
"9089","1.8610727787017822","1.8610727787017822","1.8610727787017822","2.0827269554138184","2.0827269554138184","2.0827269554138184","1.7006791830062866","1.7006791830062866","1.7006791830062866"
"9119","1.804168462753296","1.804168462753296","1.804168462753296","2.0758934020996094","2.0758934020996094","2.0758934020996094","1.6873866319656372","1.6873866319656372","1.6873866319656372"
"9149","1.8633074760437012","1.8633074760437012","1.8633074760437012","2.1424527168273926","2.1424527168273926","2.1424527168273926","1.710355281829834","1.710355281829834","1.710355281829834"
"9179","1.7734065055847168","1.7734065055847168","1.7734065055847168","2.0269775390625","2.0269775390625","2.0269775390625","1.6261370182037354","1.6261370182037354","1.6261370182037354"
"9209","3.5130858421325684","3.5130858421325684","3.5130858421325684","15.388895988464355","15.388895988464355","15.388895988464355","1.7691559791564941","1.7691559791564941","1.7691559791564941"
"9239","1.7946953773498535","1.7946953773498535","1.7946953773498535","2.1209352016448975","2.1209352016448975","2.1209352016448975","1.7860121726989746","1.7860121726989746","1.7860121726989746"
"9269","1.8706105947494507","1.8706105947494507","1.8706105947494507","2.2374861240386963","2.2374861240386963","2.2374861240386963","1.7934809923171997","1.7934809923171997","1.7934809923171997"
"9299","1.8616780042648315","1.8616780042648315","1.8616780042648315","2.176194667816162","2.176194667816162","2.176194667816162","1.773533582687378","1.773533582687378","1.773533582687378"
"9329","1.8200085163116455","1.8200085163116455","1.8200085163116455","2.137922525405884","2.137922525405884","2.137922525405884","1.6669992208480835","1.6669992208480835","1.6669992208480835"
"9359","1.8169035911560059","1.8169035911560059","1.8169035911560059","2.101503610610962","2.101503610610962","2.101503610610962","1.6826907396316528","1.6826907396316528","1.6826907396316528"
"9389","1.730303406715393","1.730303406715393","1.730303406715393","1.9957070350646973","1.9957070350646973","1.9957070350646973","1.576283574104309","1.576283574104309","1.576283574104309"
"9419","1.7820101976394653","1.7820101976394653","1.7820101976394653","2.0831844806671143","2.0831844806671143","2.0831844806671143","1.6887929439544678","1.6887929439544678","1.6887929439544678"
"9449","1.7419697046279907","1.7419697046279907","1.7419697046279907","1.9526488780975342","1.9526488780975342","1.9526488780975342","1.5536651611328125","1.5536651611328125","1.5536651611328125"
"9479","1.8065414428710938","1.8065414428710938","1.8065414428710938","2.0816125869750977","2.0816125869750977","2.0816125869750977","1.6352896690368652","1.6352896690368652","1.6352896690368652"
"9509","1.7207098007202148","1.7207098007202148","1.7207098007202148","2.0120885372161865","2.0120885372161865","2.0120885372161865","1.6337188482284546","1.6337188482284546","1.6337188482284546"
"9539","1.7278311252593994","1.7278311252593994","1.7278311252593994","2.029022216796875","2.029022216796875","2.029022216796875","1.6216493844985962","1.6216493844985962","1.6216493844985962"
"9569","1.7464770078659058","1.7464770078659058","1.7464770078659058","2.0505588054656982","2.0505588054656982","2.0505588054656982","1.6149096488952637","1.6149096488952637","1.6149096488952637"
"9599","1.7437347173690796","1.7437347173690796","1.7437347173690796","2.1298811435699463","2.1298811435699463","2.1298811435699463","1.7250707149505615","1.7250707149505615","1.7250707149505615"
"9629","1.754647135734558","1.754647135734558","1.754647135734558","2.10433030128479","2.10433030128479","2.10433030128479","1.6310970783233643","1.6310970783233643","1.6310970783233643"
"9659","17.35165023803711","17.35165023803711","17.35165023803711","2.92564058303833","2.92564058303833","2.92564058303833","1.7207818031311035","1.7207818031311035","1.7207818031311035"
"9689","1.828317642211914","1.828317642211914","1.828317642211914","2.1191184520721436","2.1191184520721436","2.1191184520721436","1.636110782623291","1.636110782623291","1.636110782623291"
"9719","1.7422585487365723","1.7422585487365723","1.7422585487365723","2.023577928543091","2.023577928543091","2.023577928543091","1.6024725437164307","1.6024725437164307","1.6024725437164307"
"9749","1.6907018423080444","1.6907018423080444","1.6907018423080444","1.9878520965576172","1.9878520965576172","1.9878520965576172","1.5841180086135864","1.5841180086135864","1.5841180086135864"
"9779","1.7372182607650757","1.7372182607650757","1.7372182607650757","2.150364398956299","2.150364398956299","2.150364398956299","1.679814100265503","1.679814100265503","1.679814100265503"
"9809","1.7888628244400024","1.7888628244400024","1.7888628244400024","2.091017723083496","2.091017723083496","2.091017723083496","1.6522883176803589","1.6522883176803589","1.6522883176803589"
"9839","1.7617958784103394","1.7617958784103394","1.7617958784103394","2.0800225734710693","2.0800225734710693","2.0800225734710693","1.6625829935073853","1.6625829935073853","1.6625829935073853"
"9869","3.2808215618133545","3.2808215618133545","3.2808215618133545","14.380014419555664","14.380014419555664","14.380014419555664","1.7387185096740723","1.7387185096740723","1.7387185096740723"
"9899","1.7271435260772705","1.7271435260772705","1.7271435260772705","2.033648729324341","2.033648729324341","2.033648729324341","1.5842607021331787","1.5842607021331787","1.5842607021331787"
"9929","1.732298493385315","1.732298493385315","1.732298493385315","2.0331859588623047","2.0331859588623047","2.0331859588623047","1.5921322107315063","1.5921322107315063","1.5921322107315063"
"9959","1.7975256443023682","1.7975256443023682","1.7975256443023682","2.2321529388427734","2.2321529388427734","2.2321529388427734","1.730285406112671","1.730285406112671","1.730285406112671"
"9989","1.7030099630355835","1.7030099630355835","1.7030099630355835","1.9795352220535278","1.9795352220535278","1.9795352220535278","1.516522765159607","1.516522765159607","1.516522765159607"
"10019","1.7406158447265625","1.7406158447265625","1.7406158447265625","2.1130545139312744","2.1130545139312744","2.1130545139312744","1.6542000770568848","1.6542000770568848","1.6542000770568848"
"10049","1.6882948875427246","1.6882948875427246","1.6882948875427246","1.9922155141830444","1.9922155141830444","1.9922155141830444","1.578216552734375","1.578216552734375","1.578216552734375"
"10079","1.6977181434631348","1.6977181434631348","1.6977181434631348","2.0999419689178467","2.0999419689178467","2.0999419689178467","1.6512413024902344","1.6512413024902344","1.6512413024902344"
"10109","1.7348217964172363","1.7348217964172363","1.7348217964172363","2.119171380996704","2.119171380996704","2.119171380996704","1.6329035758972168","1.6329035758972168","1.6329035758972168"
"10139","1.715238332748413","1.715238332748413","1.715238332748413","2.108724594116211","2.108724594116211","2.108724594116211","1.6868892908096313","1.6868892908096313","1.6868892908096313"
"10169","1.6561143398284912","1.6561143398284912","1.6561143398284912","1.9552301168441772","1.9552301168441772","1.9552301168441772","1.5600762367248535","1.5600762367248535","1.5600762367248535"
"10199","1.7074716091156006","1.7074716091156006","1.7074716091156006","2.0414061546325684","2.0414061546325684","2.0414061546325684","1.5543323755264282","1.5543323755264282","1.5543323755264282"
"10229","1.7363028526306152","1.7363028526306152","1.7363028526306152","2.0880024433135986","2.0880024433135986","2.0880024433135986","1.6351946592330933","1.6351946592330933","1.6351946592330933"
"10259","1.689919114112854","1.689919114112854","1.689919114112854","2.073117256164551","2.073117256164551","2.073117256164551","1.5554800033569336","1.5554800033569336","1.5554800033569336"
"10289","1.7419414520263672","1.7419414520263672","1.7419414520263672","2.136172294616699","2.136172294616699","2.136172294616699","1.6213533878326416","1.6213533878326416","1.6213533878326416"
"10319","1.7159087657928467","1.7159087657928467","1.7159087657928467","2.056854009628296","2.056854009628296","2.056854009628296","1.6076263189315796","1.6076263189315796","1.6076263189315796"
"10349","1.6718050241470337","1.6718050241470337","1.6718050241470337","1.9981821775436401","1.9981821775436401","1.9981821775436401","1.6007821559906006","1.6007821559906006","1.6007821559906006"
"10379","3.047163724899292","3.047163724899292","3.047163724899292","13.456015586853027","13.456015586853027","13.456015586853027","1.5548794269561768","1.5548794269561768","1.5548794269561768"
"10409","1.6581594944000244","1.6581594944000244","1.6581594944000244","2.0085275173187256","2.0085275173187256","2.0085275173187256","1.5392837524414062","1.5392837524414062","1.5392837524414062"
"10439","1.6581976413726807","1.6581976413726807","1.6581976413726807","2.0674386024475098","2.0674386024475098","2.0674386024475098","1.5797102451324463","1.5797102451324463","1.5797102451324463"
"10469","3.3782877922058105","3.3782877922058105","3.3782877922058105","14.822826385498047","14.822826385498047","14.822826385498047","1.566080927848816","1.566080927848816","1.566080927848816"
"10499","1.6829700469970703","1.6829700469970703","1.6829700469970703","2.046931028366089","2.046931028366089","2.046931028366089","1.5870978832244873","1.5870978832244873","1.5870978832244873"
"10529","19.68478012084961","19.68478012084961","19.68478012084961","3.045621633529663","3.045621633529663","3.045621633529663","1.6071707010269165","1.6071707010269165","1.6071707010269165"
"10559","1.6566617488861084","1.6566617488861084","1.6566617488861084","2.035235643386841","2.035235643386841","2.035235643386841","1.5608268976211548","1.5608268976211548","1.5608268976211548"
"10589","1.7093828916549683","1.7093828916549683","1.7093828916549683","2.0991265773773193","2.0991265773773193","2.0991265773773193","1.5287996530532837","1.5287996530532837","1.5287996530532837"
"10619","1.6510412693023682","1.6510412693023682","1.6510412693023682","2.0373876094818115","2.0373876094818115","2.0373876094818115","1.5392941236495972","1.5392941236495972","1.5392941236495972"
"10649","1.6935290098190308","1.6935290098190308","1.6935290098190308","2.10530948638916","2.10530948638916","2.10530948638916","1.6018441915512085","1.6018441915512085","1.6018441915512085"
"10679","1.6261712312698364","1.6261712312698364","1.6261712312698364","2.0167462825775146","2.0167462825775146","2.0167462825775146","1.502966284751892","1.502966284751892","1.502966284751892"
"10709","2.9717931747436523","2.9717931747436523","2.9717931747436523","13.045676231384277","13.045676231384277","13.045676231384277","1.5328682661056519","1.5328682661056519","1.5328682661056519"
"10739","1.6992297172546387","1.6992297172546387","1.6992297172546387","2.065368890762329","2.065368890762329","2.065368890762329","1.5248675346374512","1.5248675346374512","1.5248675346374512"
"10769","1.6823934316635132","1.6823934316635132","1.6823934316635132","2.0239148139953613","2.0239148139953613","2.0239148139953613","1.5356309413909912","1.5356309413909912","1.5356309413909912"
"10799","1.6502013206481934","1.6502013206481934","1.6502013206481934","2.0393636226654053","2.0393636226654053","2.0393636226654053","1.5383692979812622","1.5383692979812622","1.5383692979812622"
"10829","1.647429347038269","1.647429347038269","1.647429347038269","2.00030779838562","2.00030779838562","2.00030779838562","1.5588594675064087","1.5588594675064087","1.5588594675064087"
"10859","1.6756662130355835","1.6756662130355835","1.6756662130355835","2.047081470489502","2.047081470489502","2.047081470489502","1.52632737159729","1.52632737159729","1.52632737159729"
"10889","2.954132556915283","2.954132556915283","2.954132556915283","13.032170295715332","13.032170295715332","13.032170295715332","1.5906846523284912","1.5906846523284912","1.5906846523284912"
"10919","2.970737934112549","2.970737934112549","2.970737934112549","12.891769409179688","12.891769409179688","12.891769409179688","1.5460903644561768","1.5460903644561768","1.5460903644561768"
"10949","1.6410011053085327","1.6410011053085327","1.6410011053085327","1.9869989156723022","1.9869989156723022","1.9869989156723022","1.4812573194503784","1.4812573194503784","1.4812573194503784"
"10979","1.6636179685592651","1.6636179685592651","1.6636179685592651","2.077153205871582","2.077153205871582","2.077153205871582","1.604987621307373","1.604987621307373","1.604987621307373"
"11009","1.6509313583374023","1.6509313583374023","1.6509313583374023","2.0763442516326904","2.0763442516326904","2.0763442516326904","1.5943305492401123","1.5943305492401123","1.5943305492401123"
"11039","1.6772717237472534","1.6772717237472534","1.6772717237472534","2.032193660736084","2.032193660736084","2.032193660736084","1.502368688583374","1.502368688583374","1.502368688583374"
"11069","1.787589430809021","1.787589430809021","1.787589430809021","1.977056860923767","1.977056860923767","1.977056860923767","1.454225778579712","1.454225778579712","1.454225778579712"
"11099","1.6716041564941406","1.6716041564941406","1.6716041564941406","2.0969762802124023","2.0969762802124023","2.0969762802124023","1.6095504760742188","1.6095504760742188","1.6095504760742188"
"11129","1.6701220273971558","1.6701220273971558","1.6701220273971558","1.9655625820159912","1.9655625820159912","1.9655625820159912","1.46073579788208","1.46073579788208","1.46073579788208"
"11159","1.6967588663101196","1.6967588663101196","1.6967588663101196","2.0671918392181396","2.0671918392181396","2.0671918392181396","1.5491209030151367","1.5491209030151367","1.5491209030151367"
"11189","3.2158665657043457","3.2158665657043457","3.2158665657043457","14.051369667053223","14.051369667053223","14.051369667053223","1.5159960985183716","1.5159960985183716","1.5159960985183716"
"11219","1.7581725120544434","1.7581725120544434","1.7581725120544434","2.0509657859802246","2.0509657859802246","2.0509657859802246","1.5504717826843262","1.5504717826843262","1.5504717826843262"
"11249","1.6918416023254395","1.6918416023254395","1.6918416023254395","2.0710256099700928","2.0710256099700928","2.0710256099700928","1.5493229627609253","1.5493229627609253","1.5493229627609253"
"11279","1.6401448249816895","1.6401448249816895","1.6401448249816895","1.9945142269134521","1.9945142269134521","1.9945142269134521","1.4700101613998413","1.4700101613998413","1.4700101613998413"
"11309","2.9072773456573486","2.9072773456573486","2.9072773456573486","12.613029479980469","12.613029479980469","12.613029479980469","1.4936602115631104","1.4936602115631104","1.4936602115631104"
"11339","1.7644060850143433","1.7644060850143433","1.7644060850143433","2.125988483428955","2.125988483428955","2.125988483428955","1.5300740003585815","1.5300740003585815","1.5300740003585815"
"11369","1.59877347946167","1.59877347946167","1.59877347946167","1.9739495515823364","1.9739495515823364","1.9739495515823364","1.4620119333267212","1.4620119333267212","1.4620119333267212"
"11399","1.6115505695343018","1.6115505695343018","1.6115505695343018","2.026721477508545","2.026721477508545","2.026721477508545","1.5286473035812378","1.5286473035812378","1.5286473035812378"
"11429","2.8861918449401855","2.8861918449401855","2.8861918449401855","12.62593936920166","12.62593936920166","12.62593936920166","1.504286766052246","1.504286766052246","1.504286766052246"
"11459","1.6567933559417725","1.6567933559417725","1.6567933559417725","2.0363006591796875","2.0363006591796875","2.0363006591796875","1.5296911001205444","1.5296911001205444","1.5296911001205444"
"11489","1.6741422414779663","1.6741422414779663","1.6741422414779663","2.086545705795288","2.086545705795288","2.086545705795288","1.5227586030960083","1.5227586030960083","1.5227586030960083"
"11519","1.6796760559082031","1.6796760559082031","1.6796760559082031","1.9592711925506592","1.9592711925506592","1.9592711925506592","1.5033215284347534","1.5033215284347534","1.5033215284347534"
"11549","1.6840569972991943","1.6840569972991943","1.6840569972991943","2.1171367168426514","2.1171367168426514","2.1171367168426514","1.5181511640548706","1.5181511640548706","1.5181511640548706"
"11579","2.853673219680786","2.853673219680786","2.853673219680786","12.4183349609375","12.4183349609375","12.4183349609375","1.4910659790039062","1.4910659790039062","1.4910659790039062"
"11609","1.6153204441070557","1.6153204441070557","1.6153204441070557","1.9820995330810547","1.9820995330810547","1.9820995330810547","1.4900857210159302","1.4900857210159302","1.4900857210159302"
"11639","2.9062044620513916","2.9062044620513916","2.9062044620513916","12.344186782836914","12.344186782836914","12.344186782836914","1.4965859651565552","1.4965859651565552","1.4965859651565552"
"11669","1.6094951629638672","1.6094951629638672","1.6094951629638672","1.9933626651763916","1.9933626651763916","1.9933626651763916","1.4673861265182495","1.4673861265182495","1.4673861265182495"
"11699","2.820589542388916","2.820589542388916","2.820589542388916","12.213326454162598","12.213326454162598","12.213326454162598","1.4065483808517456","1.4065483808517456","1.4065483808517456"
"11729","1.6064540147781372","1.6064540147781372","1.6064540147781372","2.051403284072876","2.051403284072876","2.051403284072876","1.4630587100982666","1.4630587100982666","1.4630587100982666"
"11759","1.5899407863616943","1.5899407863616943","1.5899407863616943","1.935981273651123","1.935981273651123","1.935981273651123","1.3958758115768433","1.3958758115768433","1.3958758115768433"
"11789","1.6812680959701538","1.6812680959701538","1.6812680959701538","2.070931911468506","2.070931911468506","2.070931911468506","1.517050862312317","1.517050862312317","1.517050862312317"
"11819","1.6118755340576172","1.6118755340576172","1.6118755340576172","1.9674516916275024","1.9674516916275024","1.9674516916275024","1.4484771490097046","1.4484771490097046","1.4484771490097046"
"11849","1.5985440015792847","1.5985440015792847","1.5985440015792847","1.9550280570983887","1.9550280570983887","1.9550280570983887","1.44564950466156","1.44564950466156","1.44564950466156"
"11879","1.6266237497329712","1.6266237497329712","1.6266237497329712","1.9905266761779785","1.9905266761779785","1.9905266761779785","1.440487027168274","1.440487027168274","1.440487027168274"
"11909","2.77647066116333","2.77647066116333","2.77647066116333","12.11633014678955","12.11633014678955","12.11633014678955","1.4539306163787842","1.4539306163787842","1.4539306163787842"
"11939","1.6311901807785034","1.6311901807785034","1.6311901807785034","2.028226375579834","2.028226375579834","2.028226375579834","1.4642319679260254","1.4642319679260254","1.4642319679260254"
"11969","1.6411724090576172","1.6411724090576172","1.6411724090576172","2.0602426528930664","2.0602426528930664","2.0602426528930664","1.5069048404693604","1.5069048404693604","1.5069048404693604"
"11999","2.8302810192108154","2.8302810192108154","2.8302810192108154","12.227373123168945","12.227373123168945","12.227373123168945","1.535844087600708","1.535844087600708","1.535844087600708"
"12029","2.8084497451782227","2.8084497451782227","2.8084497451782227","12.133841514587402","12.133841514587402","12.133841514587402","1.4565192461013794","1.4565192461013794","1.4565192461013794"
"12059","1.6219013929367065","1.6219013929367065","1.6219013929367065","2.0210015773773193","2.0210015773773193","2.0210015773773193","1.4586704969406128","1.4586704969406128","1.4586704969406128"
"12089","1.626778244972229","1.626778244972229","1.626778244972229","1.9937353134155273","1.9937353134155273","1.9937353134155273","1.4531463384628296","1.4531463384628296","1.4531463384628296"
"12119","38.40091323852539","38.40091323852539","38.40091323852539","122.74267578125","122.74267578125","122.74267578125","25.93796157836914","25.93796157836914","25.93796157836914"
"12149","1.6281222105026245","1.6281222105026245","1.6281222105026245","2.0408482551574707","2.0408482551574707","2.0408482551574707","1.488759160041809","1.488759160041809","1.488759160041809"
"12179","1.61711585521698","1.61711585521698","1.61711585521698","1.9764137268066406","1.9764137268066406","1.9764137268066406","1.4010770320892334","1.4010770320892334","1.4010770320892334"
"12209","1.606229305267334","1.606229305267334","1.606229305267334","2.069894313812256","2.069894313812256","2.069894313812256","1.45134699344635","1.45134699344635","1.45134699344635"
"12239","1.645510196685791","1.645510196685791","1.645510196685791","2.0977957248687744","2.0977957248687744","2.0977957248687744","1.5426501035690308","1.5426501035690308","1.5426501035690308"
"12269","1.582348346710205","1.582348346710205","1.582348346710205","1.9672656059265137","1.9672656059265137","1.9672656059265137","1.4940935373306274","1.4940935373306274","1.4940935373306274"
"12299","1.6043766736984253","1.6043766736984253","1.6043766736984253","1.992747187614441","1.992747187614441","1.992747187614441","1.4108631610870361","1.4108631610870361","1.4108631610870361"
"12329","1.6062082052230835","1.6062082052230835","1.6062082052230835","1.952832579612732","1.952832579612732","1.952832579612732","1.4278632402420044","1.4278632402420044","1.4278632402420044"
"12359","2.7175662517547607","2.7175662517547607","2.7175662517547607","11.708932876586914","11.708932876586914","11.708932876586914","1.438057780265808","1.438057780265808","1.438057780265808"
"12389","1.6058732271194458","1.6058732271194458","1.6058732271194458","1.9501577615737915","1.9501577615737915","1.9501577615737915","1.398262619972229","1.398262619972229","1.398262619972229"
"12419","1.557214379310608","1.557214379310608","1.557214379310608","1.9340740442276","1.9340740442276","1.9340740442276","1.4197251796722412","1.4197251796722412","1.4197251796722412"
"12449","2.7431797981262207","2.7431797981262207","2.7431797981262207","11.726933479309082","11.726933479309082","11.726933479309082","1.444238305091858","1.444238305091858","1.444238305091858"
"12479","2.7406108379364014","2.7406108379364014","2.7406108379364014","11.636924743652344","11.636924743652344","11.636924743652344","1.4066097736358643","1.4066097736358643","1.4066097736358643"
"12509","2.749451160430908","2.749451160430908","2.749451160430908","11.733640670776367","11.733640670776367","11.733640670776367","1.506238341331482","1.506238341331482","1.506238341331482"
"12539","1.585853099822998","1.585853099822998","1.585853099822998","1.9428030252456665","1.9428030252456665","1.9428030252456665","1.3844765424728394","1.3844765424728394","1.3844765424728394"
"12569","1.6365419626235962","1.6365419626235962","1.6365419626235962","2.0552709102630615","2.0552709102630615","2.0552709102630615","1.5063656568527222","1.5063656568527222","1.5063656568527222"
"12599","1.6006066799163818","1.6006066799163818","1.6006066799163818","2.001004219055176","2.001004219055176","2.001004219055176","1.4083209037780762","1.4083209037780762","1.4083209037780762"
"12629","1.6240932941436768","1.6240932941436768","1.6240932941436768","2.031817674636841","2.031817674636841","2.031817674636841","1.4717309474945068","1.4717309474945068","1.4717309474945068"
"12659","1.6269347667694092","1.6269347667694092","1.6269347667694092","2.053090810775757","2.053090810775757","2.053090810775757","1.4569867849349976","1.4569867849349976","1.4569867849349976"
"12689","1.6055419445037842","1.6055419445037842","1.6055419445037842","1.9627898931503296","1.9627898931503296","1.9627898931503296","1.3734872341156006","1.3734872341156006","1.3734872341156006"
"12719","1.5811620950698853","1.5811620950698853","1.5811620950698853","1.9940744638442993","1.9940744638442993","1.9940744638442993","1.4234464168548584","1.4234464168548584","1.4234464168548584"
"12749","1.657051920890808","1.657051920890808","1.657051920890808","2.0887162685394287","2.0887162685394287","2.0887162685394287","1.4934264421463013","1.4934264421463013","1.4934264421463013"
"12779","1.5647680759429932","1.5647680759429932","1.5647680759429932","1.945113182067871","1.945113182067871","1.945113182067871","1.3782094717025757","1.3782094717025757","1.3782094717025757"
"12809","1.5573124885559082","1.5573124885559082","1.5573124885559082","1.9360265731811523","1.9360265731811523","1.9360265731811523","1.3765374422073364","1.3765374422073364","1.3765374422073364"
"12839","1.5663726329803467","1.5663726329803467","1.5663726329803467","1.90130615234375","1.90130615234375","1.90130615234375","1.3597506284713745","1.3597506284713745","1.3597506284713745"
"12869","1.6768743991851807","1.6768743991851807","1.6768743991851807","2.0229601860046387","2.0229601860046387","2.0229601860046387","1.4212572574615479","1.4212572574615479","1.4212572574615479"
"12899","1.636979341506958","1.636979341506958","1.636979341506958","2.00268816947937","2.00268816947937","2.00268816947937","1.4220901727676392","1.4220901727676392","1.4220901727676392"
"12929","1.606441617012024","1.606441617012024","1.606441617012024","1.9822951555252075","1.9822951555252075","1.9822951555252075","1.4547529220581055","1.4547529220581055","1.4547529220581055"
"12959","3.1806371212005615","3.1806371212005615","3.1806371212005615","14.170315742492676","14.170315742492676","14.170315742492676","1.4738812446594238","1.4738812446594238","1.4738812446594238"
"12989","1.6000912189483643","1.6000912189483643","1.6000912189483643","1.9645551443099976","1.9645551443099976","1.9645551443099976","1.381277084350586","1.381277084350586","1.381277084350586"
"13019","1.5576485395431519","1.5576485395431519","1.5576485395431519","1.9400683641433716","1.9400683641433716","1.9400683641433716","1.3801838159561157","1.3801838159561157","1.3801838159561157"
"13049","1.5442919731140137","1.5442919731140137","1.5442919731140137","1.956658124923706","1.956658124923706","1.956658124923706","1.3722784519195557","1.3722784519195557","1.3722784519195557"
"13079","1.561658263206482","1.561658263206482","1.561658263206482","1.9037058353424072","1.9037058353424072","1.9037058353424072","1.344340205192566","1.344340205192566","1.344340205192566"
"13109","1.5375105142593384","1.5375105142593384","1.5375105142593384","1.9332962036132812","1.9332962036132812","1.9332962036132812","1.354645013809204","1.354645013809204","1.354645013809204"
"13139","2.6768176555633545","2.6768176555633545","2.6768176555633545","11.198880195617676","11.198880195617676","11.198880195617676","1.383852481842041","1.383852481842041","1.383852481842041"
"13169","1.5665029287338257","1.5665029287338257","1.5665029287338257","2.013232707977295","2.013232707977295","2.013232707977295","1.4252972602844238","1.4252972602844238","1.4252972602844238"
"13199","1.617143154144287","1.617143154144287","1.617143154144287","2.0318069458007812","2.0318069458007812","2.0318069458007812","1.4309457540512085","1.4309457540512085","1.4309457540512085"
"13229","1.5948766469955444","1.5948766469955444","1.5948766469955444","1.990246057510376","1.990246057510376","1.990246057510376","1.3487038612365723","1.3487038612365723","1.3487038612365723"
"13259","1.6186425685882568","1.6186425685882568","1.6186425685882568","1.9827359914779663","1.9827359914779663","1.9827359914779663","1.4312598705291748","1.4312598705291748","1.4312598705291748"
"13289","1.6316076517105103","1.6316076517105103","1.6316076517105103","2.0051229000091553","2.0051229000091553","2.0051229000091553","1.3993526697158813","1.3993526697158813","1.3993526697158813"
"13319","1.5968736410140991","1.5968736410140991","1.5968736410140991","2.0460519790649414","2.0460519790649414","2.0460519790649414","1.4013763666152954","1.4013763666152954","1.4013763666152954"
"13349","1.573513150215149","1.573513150215149","1.573513150215149","2.0016210079193115","2.0016210079193115","2.0016210079193115","1.4174461364746094","1.4174461364746094","1.4174461364746094"
"13379","1.6613606214523315","1.6613606214523315","1.6613606214523315","1.9965959787368774","1.9965959787368774","1.9965959787368774","1.3533809185028076","1.3533809185028076","1.3533809185028076"
"13409","1.680674433708191","1.680674433708191","1.680674433708191","2.0571374893188477","2.0571374893188477","2.0571374893188477","1.3718249797821045","1.3718249797821045","1.3718249797821045"
"13439","1.6523878574371338","1.6523878574371338","1.6523878574371338","2.04176926612854","2.04176926612854","2.04176926612854","1.4030457735061646","1.4030457735061646","1.4030457735061646"
"13469","1.5802172422409058","1.5802172422409058","1.5802172422409058","1.9295986890792847","1.9295986890792847","1.9295986890792847","1.3466455936431885","1.3466455936431885","1.3466455936431885"
"13499","1.5836522579193115","1.5836522579193115","1.5836522579193115","2.0383148193359375","2.0383148193359375","2.0383148193359375","1.4296778440475464","1.4296778440475464","1.4296778440475464"
"13529","1.5861865282058716","1.5861865282058716","1.5861865282058716","2.044785499572754","2.044785499572754","2.044785499572754","1.398693323135376","1.398693323135376","1.398693323135376"
"13559","1.590905785560608","1.590905785560608","1.590905785560608","2.0379199981689453","2.0379199981689453","2.0379199981689453","1.4062952995300293","1.4062952995300293","1.4062952995300293"
"13589","1.583154320716858","1.583154320716858","1.583154320716858","2.0139687061309814","2.0139687061309814","2.0139687061309814","1.3633999824523926","1.3633999824523926","1.3633999824523926"
"13619","1.569337010383606","1.569337010383606","1.569337010383606","1.9677636623382568","1.9677636623382568","1.9677636623382568","1.3678624629974365","1.3678624629974365","1.3678624629974365"
"13649","1.5983343124389648","1.5983343124389648","1.5983343124389648","2.0360469818115234","2.0360469818115234","2.0360469818115234","1.4012267589569092","1.4012267589569092","1.4012267589569092"
"13679","1.6052181720733643","1.6052181720733643","1.6052181720733643","1.915507435798645","1.915507435798645","1.915507435798645","1.333028793334961","1.333028793334961","1.333028793334961"
"13709","2.562234401702881","2.562234401702881","2.562234401702881","10.915461540222168","10.915461540222168","10.915461540222168","1.3864810466766357","1.3864810466766357","1.3864810466766357"
"13739","1.623006820678711","1.623006820678711","1.623006820678711","1.9475822448730469","1.9475822448730469","1.9475822448730469","1.336043119430542","1.336043119430542","1.336043119430542"
"13769","1.5618003606796265","1.5618003606796265","1.5618003606796265","1.9250560998916626","1.9250560998916626","1.9250560998916626","1.3668649196624756","1.3668649196624756","1.3668649196624756"
"13799","1.5569695234298706","1.5569695234298706","1.5569695234298706","2.0057373046875","2.0057373046875","2.0057373046875","1.4027529954910278","1.4027529954910278","1.4027529954910278"
"13829","1.5680383443832397","1.5680383443832397","1.5680383443832397","1.9653148651123047","1.9653148651123047","1.9653148651123047","1.3902020454406738","1.3902020454406738","1.3902020454406738"
"13859","1.569946527481079","1.569946527481079","1.569946527481079","1.9140087366104126","1.9140087366104126","1.9140087366104126","1.330618143081665","1.330618143081665","1.330618143081665"
"13889","1.6165995597839355","1.6165995597839355","1.6165995597839355","1.998200535774231","1.998200535774231","1.998200535774231","1.4028446674346924","1.4028446674346924","1.4028446674346924"
"13919","1.609161376953125","1.609161376953125","1.609161376953125","2.066472053527832","2.066472053527832","2.066472053527832","1.4349520206451416","1.4349520206451416","1.4349520206451416"
"13949","1.581595778465271","1.581595778465271","1.581595778465271","1.9322081804275513","1.9322081804275513","1.9322081804275513","1.3414584398269653","1.3414584398269653","1.3414584398269653"
"13979","1.579811930656433","1.579811930656433","1.579811930656433","2.0742709636688232","2.0742709636688232","2.0742709636688232","1.448243260383606","1.448243260383606","1.448243260383606"
"14009","1.623732089996338","1.623732089996338","1.623732089996338","2.049262285232544","2.049262285232544","2.049262285232544","1.386393666267395","1.386393666267395","1.386393666267395"
"14039","1.6180330514907837","1.6180330514907837","1.6180330514907837","2.0078446865081787","2.0078446865081787","2.0078446865081787","1.377147912979126","1.377147912979126","1.377147912979126"
"14069","2.5508439540863037","2.5508439540863037","2.5508439540863037","10.588824272155762","10.588824272155762","10.588824272155762","1.4343585968017578","1.4343585968017578","1.4343585968017578"
"14099","1.5671086311340332","1.5671086311340332","1.5671086311340332","1.948643445968628","1.948643445968628","1.948643445968628","1.3031646013259888","1.3031646013259888","1.3031646013259888"
"14129","1.5300817489624023","1.5300817489624023","1.5300817489624023","1.876489520072937","1.876489520072937","1.876489520072937","1.2568567991256714","1.2568567991256714","1.2568567991256714"
"14159","1.581528902053833","1.581528902053833","1.581528902053833","1.9639931917190552","1.9639931917190552","1.9639931917190552","1.3434759378433228","1.3434759378433228","1.3434759378433228"
"14189","1.6399586200714111","1.6399586200714111","1.6399586200714111","1.9724007844924927","1.9724007844924927","1.9724007844924927","1.3173989057540894","1.3173989057540894","1.3173989057540894"
"14219","1.5652062892913818","1.5652062892913818","1.5652062892913818","2.00321626663208","2.00321626663208","2.00321626663208","1.3709787130355835","1.3709787130355835","1.3709787130355835"
"14249","1.553234577178955","1.553234577178955","1.553234577178955","1.9110090732574463","1.9110090732574463","1.9110090732574463","1.332544207572937","1.332544207572937","1.332544207572937"
"14279","1.5535285472869873","1.5535285472869873","1.5535285472869873","1.9435924291610718","1.9435924291610718","1.9435924291610718","1.2884496450424194","1.2884496450424194","1.2884496450424194"
"14309","1.5843921899795532","1.5843921899795532","1.5843921899795532","1.9960814714431763","1.9960814714431763","1.9960814714431763","1.4014004468917847","1.4014004468917847","1.4014004468917847"
"14339","1.5775610208511353","1.5775610208511353","1.5775610208511353","1.9457143545150757","1.9457143545150757","1.9457143545150757","1.3276937007904053","1.3276937007904053","1.3276937007904053"
"14369","1.6187821626663208","1.6187821626663208","1.6187821626663208","1.9609410762786865","1.9609410762786865","1.9609410762786865","1.3077762126922607","1.3077762126922607","1.3077762126922607"
"14399","1.5509588718414307","1.5509588718414307","1.5509588718414307","1.9139755964279175","1.9139755964279175","1.9139755964279175","1.2960760593414307","1.2960760593414307","1.2960760593414307"
"14429","1.6148390769958496","1.6148390769958496","1.6148390769958496","1.9872376918792725","1.9872376918792725","1.9872376918792725","1.3245877027511597","1.3245877027511597","1.3245877027511597"
"14459","1.5598087310791016","1.5598087310791016","1.5598087310791016","1.9706536531448364","1.9706536531448364","1.9706536531448364","1.42607581615448","1.42607581615448","1.42607581615448"
"14489","1.593733787536621","1.593733787536621","1.593733787536621","1.98431396484375","1.98431396484375","1.98431396484375","1.3454511165618896","1.3454511165618896","1.3454511165618896"
"14519","1.535473108291626","1.535473108291626","1.535473108291626","1.931771159172058","1.931771159172058","1.931771159172058","1.292419195175171","1.292419195175171","1.292419195175171"
"14549","1.5489327907562256","1.5489327907562256","1.5489327907562256","1.9729788303375244","1.9729788303375244","1.9729788303375244","1.3496733903884888","1.3496733903884888","1.3496733903884888"
"14579","1.6614012718200684","1.6614012718200684","1.6614012718200684","2.0599191188812256","2.0599191188812256","2.0599191188812256","1.4270572662353516","1.4270572662353516","1.4270572662353516"
"14609","1.5961991548538208","1.5961991548538208","1.5961991548538208","2.045741558074951","2.045741558074951","2.045741558074951","1.3575921058654785","1.3575921058654785","1.3575921058654785"
"14639","1.5600030422210693","1.5600030422210693","1.5600030422210693","1.974138617515564","1.974138617515564","1.974138617515564","1.3895827531814575","1.3895827531814575","1.3895827531814575"
"14669","1.6410162448883057","1.6410162448883057","1.6410162448883057","1.996024489402771","1.996024489402771","1.996024489402771","1.3081152439117432","1.3081152439117432","1.3081152439117432"
"14699","1.5897079706192017","1.5897079706192017","1.5897079706192017","2.007145404815674","2.007145404815674","2.007145404815674","1.3270106315612793","1.3270106315612793","1.3270106315612793"
"14729","1.591356635093689","1.591356635093689","1.591356635093689","2.0453109741210938","2.0453109741210938","2.0453109741210938","1.40290367603302","1.40290367603302","1.40290367603302"
"14759","1.5837839841842651","1.5837839841842651","1.5837839841842651","1.973437786102295","1.973437786102295","1.973437786102295","1.4084488153457642","1.4084488153457642","1.4084488153457642"
"14789","1.6072834730148315","1.6072834730148315","1.6072834730148315","2.0009829998016357","2.0009829998016357","2.0009829998016357","1.3120195865631104","1.3120195865631104","1.3120195865631104"
"14819","1.6537240743637085","1.6537240743637085","1.6537240743637085","2.0327565670013428","2.0327565670013428","2.0327565670013428","1.3708339929580688","1.3708339929580688","1.3708339929580688"
"14849","1.5268535614013672","1.5268535614013672","1.5268535614013672","1.9246025085449219","1.9246025085449219","1.9246025085449219","1.3152542114257812","1.3152542114257812","1.3152542114257812"
"14879","1.568182349205017","1.568182349205017","1.568182349205017","1.9483373165130615","1.9483373165130615","1.9483373165130615","1.2787505388259888","1.2787505388259888","1.2787505388259888"
"14909","1.564036250114441","1.564036250114441","1.564036250114441","1.956134557723999","1.956134557723999","1.956134557723999","1.3059459924697876","1.3059459924697876","1.3059459924697876"
"14939","2.465266704559326","2.465266704559326","2.465266704559326","9.851736068725586","9.851736068725586","9.851736068725586","1.2837342023849487","1.2837342023849487","1.2837342023849487"
"14969","1.5600035190582275","1.5600035190582275","1.5600035190582275","1.977966547012329","1.977966547012329","1.977966547012329","1.3281410932540894","1.3281410932540894","1.3281410932540894"
"14999","1.6252349615097046","1.6252349615097046","1.6252349615097046","1.925474762916565","1.925474762916565","1.925474762916565","1.2612909078598022","1.2612909078598022","1.2612909078598022"
"15029","1.5533405542373657","1.5533405542373657","1.5533405542373657","1.9107311964035034","1.9107311964035034","1.9107311964035034","1.2608842849731445","1.2608842849731445","1.2608842849731445"
"15059","1.5130876302719116","1.5130876302719116","1.5130876302719116","1.8570598363876343","1.8570598363876343","1.8570598363876343","1.2459378242492676","1.2459378242492676","1.2459378242492676"
"15089","1.5866268873214722","1.5866268873214722","1.5866268873214722","1.938963532447815","1.938963532447815","1.938963532447815","1.2884113788604736","1.2884113788604736","1.2884113788604736"
"15119","1.549704909324646","1.549704909324646","1.549704909324646","1.92901611328125","1.92901611328125","1.92901611328125","1.262221336364746","1.262221336364746","1.262221336364746"
"15149","1.6083569526672363","1.6083569526672363","1.6083569526672363","2.0284576416015625","2.0284576416015625","2.0284576416015625","1.388013482093811","1.388013482093811","1.388013482093811"
"15179","1.5515050888061523","1.5515050888061523","1.5515050888061523","1.931130290031433","1.931130290031433","1.931130290031433","1.3405448198318481","1.3405448198318481","1.3405448198318481"
"15209","1.6073793172836304","1.6073793172836304","1.6073793172836304","2.0744636058807373","2.0744636058807373","2.0744636058807373","1.3560817241668701","1.3560817241668701","1.3560817241668701"
"15239","1.5977215766906738","1.5977215766906738","1.5977215766906738","2.0112643241882324","2.0112643241882324","2.0112643241882324","1.3263734579086304","1.3263734579086304","1.3263734579086304"
"15269","1.5827187299728394","1.5827187299728394","1.5827187299728394","1.9313998222351074","1.9313998222351074","1.9313998222351074","1.2614511251449585","1.2614511251449585","1.2614511251449585"
"15299","1.5597424507141113","1.5597424507141113","1.5597424507141113","1.917179822921753","1.917179822921753","1.917179822921753","1.3184421062469482","1.3184421062469482","1.3184421062469482"
"15329","1.6232270002365112","1.6232270002365112","1.6232270002365112","2.0442452430725098","2.0442452430725098","2.0442452430725098","1.3094712495803833","1.3094712495803833","1.3094712495803833"
"15359","1.565410852432251","1.565410852432251","1.565410852432251","1.9858356714248657","1.9858356714248657","1.9858356714248657","1.317108392715454","1.317108392715454","1.317108392715454"
"15389","1.5394513607025146","1.5394513607025146","1.5394513607025146","1.9421476125717163","1.9421476125717163","1.9421476125717163","1.2926479578018188","1.2926479578018188","1.2926479578018188"
"15419","1.5323878526687622","1.5323878526687622","1.5323878526687622","1.9360997676849365","1.9360997676849365","1.9360997676849365","1.3423954248428345","1.3423954248428345","1.3423954248428345"
"15449","2.439882755279541","2.439882755279541","2.439882755279541","9.555916786193848","9.555916786193848","9.555916786193848","1.3006014823913574","1.3006014823913574","1.3006014823913574"
"15479","1.5780824422836304","1.5780824422836304","1.5780824422836304","1.9776934385299683","1.9776934385299683","1.9776934385299683","1.3352216482162476","1.3352216482162476","1.3352216482162476"
"15509","1.5554907321929932","1.5554907321929932","1.5554907321929932","1.9354074001312256","1.9354074001312256","1.9354074001312256","1.2964211702346802","1.2964211702346802","1.2964211702346802"
"15539","1.5664583444595337","1.5664583444595337","1.5664583444595337","1.9020254611968994","1.9020254611968994","1.9020254611968994","1.257700800895691","1.257700800895691","1.257700800895691"
"15569","2.4156835079193115","2.4156835079193115","2.4156835079193115","9.43871784210205","9.43871784210205","9.43871784210205","1.2434520721435547","1.2434520721435547","1.2434520721435547"
"15599","1.5810366868972778","1.5810366868972778","1.5810366868972778","2.019343137741089","2.019343137741089","2.019343137741089","1.3391964435577393","1.3391964435577393","1.3391964435577393"
"15629","1.6011443138122559","1.6011443138122559","1.6011443138122559","1.9311968088150024","1.9311968088150024","1.9311968088150024","1.2163175344467163","1.2163175344467163","1.2163175344467163"
"15659","1.5354477167129517","1.5354477167129517","1.5354477167129517","1.9447240829467773","1.9447240829467773","1.9447240829467773","1.2945793867111206","1.2945793867111206","1.2945793867111206"
"15689","1.5922269821166992","1.5922269821166992","1.5922269821166992","1.9745612144470215","1.9745612144470215","1.9745612144470215","1.309715986251831","1.309715986251831","1.309715986251831"
"15719","1.571513056755066","1.571513056755066","1.571513056755066","1.9426034688949585","1.9426034688949585","1.9426034688949585","1.26646089553833","1.26646089553833","1.26646089553833"
"15749","1.5817879438400269","1.5817879438400269","1.5817879438400269","2.0059142112731934","2.0059142112731934","2.0059142112731934","1.3748337030410767","1.3748337030410767","1.3748337030410767"
"15779","1.6056207418441772","1.6056207418441772","1.6056207418441772","2.0857129096984863","2.0857129096984863","2.0857129096984863","1.3641670942306519","1.3641670942306519","1.3641670942306519"
"15809","1.5776379108428955","1.5776379108428955","1.5776379108428955","1.945656418800354","1.945656418800354","1.945656418800354","1.2487901449203491","1.2487901449203491","1.2487901449203491"
"15839","1.5768460035324097","1.5768460035324097","1.5768460035324097","1.9578726291656494","1.9578726291656494","1.9578726291656494","1.2629621028900146","1.2629621028900146","1.2629621028900146"
"15869","1.576864242553711","1.576864242553711","1.576864242553711","1.9845728874206543","1.9845728874206543","1.9845728874206543","1.2590528726577759","1.2590528726577759","1.2590528726577759"
"15899","1.6013562679290771","1.6013562679290771","1.6013562679290771","2.0150246620178223","2.0150246620178223","2.0150246620178223","1.3225065469741821","1.3225065469741821","1.3225065469741821"
"15929","2.4437015056610107","2.4437015056610107","2.4437015056610107","9.419781684875488","9.419781684875488","9.419781684875488","1.2958669662475586","1.2958669662475586","1.2958669662475586"
"15959","1.5616445541381836","1.5616445541381836","1.5616445541381836","1.9038991928100586","1.9038991928100586","1.9038991928100586","1.2434552907943726","1.2434552907943726","1.2434552907943726"
"15989","1.6622982025146484","1.6622982025146484","1.6622982025146484","1.9298739433288574","1.9298739433288574","1.9298739433288574","1.2197617292404175","1.2197617292404175","1.2197617292404175"
"16019","1.5791796445846558","1.5791796445846558","1.5791796445846558","1.894508957862854","1.894508957862854","1.894508957862854","1.1968845129013062","1.1968845129013062","1.1968845129013062"
"16049","1.54924738407135","1.54924738407135","1.54924738407135","1.9716442823410034","1.9716442823410034","1.9716442823410034","1.2423007488250732","1.2423007488250732","1.2423007488250732"
"16079","1.6276203393936157","1.6276203393936157","1.6276203393936157","1.9837349653244019","1.9837349653244019","1.9837349653244019","1.2770888805389404","1.2770888805389404","1.2770888805389404"
"16109","2.375253915786743","2.375253915786743","2.375253915786743","9.234679222106934","9.234679222106934","9.234679222106934","1.2908257246017456","1.2908257246017456","1.2908257246017456"
"16139","1.5738811492919922","1.5738811492919922","1.5738811492919922","1.9430184364318848","1.9430184364318848","1.9430184364318848","1.2516754865646362","1.2516754865646362","1.2516754865646362"
"16169","1.5906713008880615","1.5906713008880615","1.5906713008880615","2.0976736545562744","2.0976736545562744","2.0976736545562744","1.3240200281143188","1.3240200281143188","1.3240200281143188"
"16199","1.5636670589447021","1.5636670589447021","1.5636670589447021","1.9916799068450928","1.9916799068450928","1.9916799068450928","1.23026442527771","1.23026442527771","1.23026442527771"
"16229","1.5735329389572144","1.5735329389572144","1.5735329389572144","1.9757800102233887","1.9757800102233887","1.9757800102233887","1.2738587856292725","1.2738587856292725","1.2738587856292725"
"16259","2.3743298053741455","2.3743298053741455","2.3743298053741455","9.141858100891113","9.141858100891113","9.141858100891113","1.2641351222991943","1.2641351222991943","1.2641351222991943"
"16289","1.5557551383972168","1.5557551383972168","1.5557551383972168","1.9085094928741455","1.9085094928741455","1.9085094928741455","1.2241277694702148","1.2241277694702148","1.2241277694702148"
"16319","1.5945543050765991","1.5945543050765991","1.5945543050765991","2.055722713470459","2.055722713470459","2.055722713470459","1.3351638317108154","1.3351638317108154","1.3351638317108154"
"16349","2.5743064880371094","2.5743064880371094","2.5743064880371094","10.266891479492188","10.266891479492188","10.266891479492188","1.2146676778793335","1.2146676778793335","1.2146676778793335"
"16379","1.5783300399780273","1.5783300399780273","1.5783300399780273","1.9876885414123535","1.9876885414123535","1.9876885414123535","1.3239047527313232","1.3239047527313232","1.3239047527313232"
"16409","1.5945038795471191","1.5945038795471191","1.5945038795471191","1.9486364126205444","1.9486364126205444","1.9486364126205444","1.2816497087478638","1.2816497087478638","1.2816497087478638"
"16439","1.575900673866272","1.575900673866272","1.575900673866272","1.9329971075057983","1.9329971075057983","1.9329971075057983","1.2108652591705322","1.2108652591705322","1.2108652591705322"
"16469","1.5791186094284058","1.5791186094284058","1.5791186094284058","1.9688506126403809","1.9688506126403809","1.9688506126403809","1.2638866901397705","1.2638866901397705","1.2638866901397705"
"16499","1.5478904247283936","1.5478904247283936","1.5478904247283936","1.9464788436889648","1.9464788436889648","1.9464788436889648","1.267655611038208","1.267655611038208","1.267655611038208"
"16529","1.558964490890503","1.558964490890503","1.558964490890503","1.9211159944534302","1.9211159944534302","1.9211159944534302","1.2356096506118774","1.2356096506118774","1.2356096506118774"
"16559","1.5470051765441895","1.5470051765441895","1.5470051765441895","1.9427926540374756","1.9427926540374756","1.9427926540374756","1.2461042404174805","1.2461042404174805","1.2461042404174805"
"16589","1.5785183906555176","1.5785183906555176","1.5785183906555176","1.9834036827087402","1.9834036827087402","1.9834036827087402","1.261866807937622","1.261866807937622","1.261866807937622"
"16619","1.595329761505127","1.595329761505127","1.595329761505127","2.020439624786377","2.020439624786377","2.020439624786377","1.2981880903244019","1.2981880903244019","1.2981880903244019"
"16649","1.564638376235962","1.564638376235962","1.564638376235962","1.986304759979248","1.986304759979248","1.986304759979248","1.2172353267669678","1.2172353267669678","1.2172353267669678"
"16679","2.379256248474121","2.379256248474121","2.379256248474121","8.832098007202148","8.832098007202148","8.832098007202148","1.2861592769622803","1.2861592769622803","1.2861592769622803"
"16709","1.5838388204574585","1.5838388204574585","1.5838388204574585","2.0033280849456787","2.0033280849456787","2.0033280849456787","1.256147027015686","1.256147027015686","1.256147027015686"
"16739","1.5700647830963135","1.5700647830963135","1.5700647830963135","1.9913549423217773","1.9913549423217773","1.9913549423217773","1.2855780124664307","1.2855780124664307","1.2855780124664307"
"16769","1.561861515045166","1.561861515045166","1.561861515045166","1.999050259590149","1.999050259590149","1.999050259590149","1.2462184429168701","1.2462184429168701","1.2462184429168701"
"16799","1.6621968746185303","1.6621968746185303","1.6621968746185303","2.020409107208252","2.020409107208252","2.020409107208252","1.2978240251541138","1.2978240251541138","1.2978240251541138"
"16829","1.5428411960601807","1.5428411960601807","1.5428411960601807","1.9157460927963257","1.9157460927963257","1.9157460927963257","1.2012910842895508","1.2012910842895508","1.2012910842895508"
"16859","1.5963720083236694","1.5963720083236694","1.5963720083236694","2.048351764678955","2.048351764678955","2.048351764678955","1.2489590644836426","1.2489590644836426","1.2489590644836426"
"16889","2.7119853496551514","2.7119853496551514","2.7119853496551514","10.771769523620605","10.771769523620605","10.771769523620605","1.1812957525253296","1.1812957525253296","1.1812957525253296"
"16919","2.359937906265259","2.359937906265259","2.359937906265259","8.66511344909668","8.66511344909668","8.66511344909668","1.2124477624893188","1.2124477624893188","1.2124477624893188"
"16949","1.5693978071212769","1.5693978071212769","1.5693978071212769","1.9655513763427734","1.9655513763427734","1.9655513763427734","1.1854207515716553","1.1854207515716553","1.1854207515716553"
"16979","1.5079437494277954","1.5079437494277954","1.5079437494277954","1.876265048980713","1.876265048980713","1.876265048980713","1.207162857055664","1.207162857055664","1.207162857055664"
"17009","1.59171724319458","1.59171724319458","1.59171724319458","1.9808379411697388","1.9808379411697388","1.9808379411697388","1.2457231283187866","1.2457231283187866","1.2457231283187866"
"17039","1.5287725925445557","1.5287725925445557","1.5287725925445557","1.9429070949554443","1.9429070949554443","1.9429070949554443","1.235722303390503","1.235722303390503","1.235722303390503"
"17069","1.5757012367248535","1.5757012367248535","1.5757012367248535","1.991796851158142","1.991796851158142","1.991796851158142","1.2771892547607422","1.2771892547607422","1.2771892547607422"
"17099","1.574623942375183","1.574623942375183","1.574623942375183","1.9953945875167847","1.9953945875167847","1.9953945875167847","1.2446112632751465","1.2446112632751465","1.2446112632751465"
"17129","1.5616849660873413","1.5616849660873413","1.5616849660873413","1.9584935903549194","1.9584935903549194","1.9584935903549194","1.225691795349121","1.225691795349121","1.225691795349121"
"17159","1.6114333868026733","1.6114333868026733","1.6114333868026733","2.028512477874756","2.028512477874756","2.028512477874756","1.2807520627975464","1.2807520627975464","1.2807520627975464"
"17189","1.522883415222168","1.522883415222168","1.522883415222168","1.9244905710220337","1.9244905710220337","1.9244905710220337","1.1539738178253174","1.1539738178253174","1.1539738178253174"
"17219","1.5440480709075928","1.5440480709075928","1.5440480709075928","1.9096566438674927","1.9096566438674927","1.9096566438674927","1.2112350463867188","1.2112350463867188","1.2112350463867188"
"17249","1.5316283702850342","1.5316283702850342","1.5316283702850342","1.9256106615066528","1.9256106615066528","1.9256106615066528","1.2373275756835938","1.2373275756835938","1.2373275756835938"
"17279","1.5439785718917847","1.5439785718917847","1.5439785718917847","1.8826349973678589","1.8826349973678589","1.8826349973678589","1.189415693283081","1.189415693283081","1.189415693283081"
"17309","1.5474528074264526","1.5474528074264526","1.5474528074264526","1.9176851511001587","1.9176851511001587","1.9176851511001587","1.2170226573944092","1.2170226573944092","1.2170226573944092"
"17339","1.5329711437225342","1.5329711437225342","1.5329711437225342","1.9401040077209473","1.9401040077209473","1.9401040077209473","1.1894718408584595","1.1894718408584595","1.1894718408584595"
"17369","1.5186165571212769","1.5186165571212769","1.5186165571212769","1.9418010711669922","1.9418010711669922","1.9418010711669922","1.22124183177948","1.22124183177948","1.22124183177948"
"17399","1.5767648220062256","1.5767648220062256","1.5767648220062256","1.9754012823104858","1.9754012823104858","1.9754012823104858","1.2551159858703613","1.2551159858703613","1.2551159858703613"
"17429","2.271136522293091","2.271136522293091","2.271136522293091","8.483925819396973","8.483925819396973","8.483925819396973","1.1908825635910034","1.1908825635910034","1.1908825635910034"
"17459","1.5906115770339966","1.5906115770339966","1.5906115770339966","1.9949700832366943","1.9949700832366943","1.9949700832366943","1.2542740106582642","1.2542740106582642","1.2542740106582642"
"17489","2.331353187561035","2.331353187561035","2.331353187561035","8.583030700683594","8.583030700683594","8.583030700683594","1.2962745428085327","1.2962745428085327","1.2962745428085327"
"17519","1.630998134613037","1.630998134613037","1.630998134613037","2.0531280040740967","2.0531280040740967","2.0531280040740967","1.324225902557373","1.324225902557373","1.324225902557373"
"17549","1.5314358472824097","1.5314358472824097","1.5314358472824097","1.9306069612503052","1.9306069612503052","1.9306069612503052","1.2153534889221191","1.2153534889221191","1.2153534889221191"
"17579","1.5599398612976074","1.5599398612976074","1.5599398612976074","1.9634655714035034","1.9634655714035034","1.9634655714035034","1.238877773284912","1.238877773284912","1.238877773284912"
"17609","1.542161226272583","1.542161226272583","1.542161226272583","1.875259518623352","1.875259518623352","1.875259518623352","1.222564935684204","1.222564935684204","1.222564935684204"
"17639","1.5679823160171509","1.5679823160171509","1.5679823160171509","1.9710112810134888","1.9710112810134888","1.9710112810134888","1.2334684133529663","1.2334684133529663","1.2334684133529663"
"17669","1.5328298807144165","1.5328298807144165","1.5328298807144165","1.9738025665283203","1.9738025665283203","1.9738025665283203","1.1843584775924683","1.1843584775924683","1.1843584775924683"
"17699","1.5306097269058228","1.5306097269058228","1.5306097269058228","1.9218878746032715","1.9218878746032715","1.9218878746032715","1.1813573837280273","1.1813573837280273","1.1813573837280273"
"17729","1.57621431350708","1.57621431350708","1.57621431350708","1.9707167148590088","1.9707167148590088","1.9707167148590088","1.208694577217102","1.208694577217102","1.208694577217102"
"17759","1.5232136249542236","1.5232136249542236","1.5232136249542236","1.880927562713623","1.880927562713623","1.880927562713623","1.124585509300232","1.124585509300232","1.124585509300232"
"17789","1.5164109468460083","1.5164109468460083","1.5164109468460083","1.8741223812103271","1.8741223812103271","1.8741223812103271","1.1420835256576538","1.1420835256576538","1.1420835256576538"
"17819","1.5552116632461548","1.5552116632461548","1.5552116632461548","1.9523868560791016","1.9523868560791016","1.9523868560791016","1.153477430343628","1.153477430343628","1.153477430343628"
"17849","1.5512967109680176","1.5512967109680176","1.5512967109680176","1.920343279838562","1.920343279838562","1.920343279838562","1.1529589891433716","1.1529589891433716","1.1529589891433716"
"17879","1.6413886547088623","1.6413886547088623","1.6413886547088623","2.0650835037231445","2.0650835037231445","2.0650835037231445","1.248047947883606","1.248047947883606","1.248047947883606"
"17909","2.3130221366882324","2.3130221366882324","2.3130221366882324","8.370319366455078","8.370319366455078","8.370319366455078","1.2096410989761353","1.2096410989761353","1.2096410989761353"
"17939","1.5172176361083984","1.5172176361083984","1.5172176361083984","1.9126145839691162","1.9126145839691162","1.9126145839691162","1.1715364456176758","1.1715364456176758","1.1715364456176758"
"17969","1.5597343444824219","1.5597343444824219","1.5597343444824219","1.907889723777771","1.907889723777771","1.907889723777771","1.184548020362854","1.184548020362854","1.184548020362854"
"17999","2.279740810394287","2.279740810394287","2.279740810394287","8.343232154846191","8.343232154846191","8.343232154846191","1.2206149101257324","1.2206149101257324","1.2206149101257324"
"18029","1.5068943500518799","1.5068943500518799","1.5068943500518799","1.9030593633651733","1.9030593633651733","1.9030593633651733","1.1629598140716553","1.1629598140716553","1.1629598140716553"
"18059","1.566150426864624","1.566150426864624","1.566150426864624","1.987225890159607","1.987225890159607","1.987225890159607","1.2188498973846436","1.2188498973846436","1.2188498973846436"
"18089","1.5518783330917358","1.5518783330917358","1.5518783330917358","1.9351301193237305","1.9351301193237305","1.9351301193237305","1.1972262859344482","1.1972262859344482","1.1972262859344482"
"18119","1.5790871381759644","1.5790871381759644","1.5790871381759644","1.9057754278182983","1.9057754278182983","1.9057754278182983","1.1768566370010376","1.1768566370010376","1.1768566370010376"
"18149","1.5342137813568115","1.5342137813568115","1.5342137813568115","1.931599736213684","1.931599736213684","1.931599736213684","1.1389609575271606","1.1389609575271606","1.1389609575271606"
"18179","1.5560991764068604","1.5560991764068604","1.5560991764068604","1.9123585224151611","1.9123585224151611","1.9123585224151611","1.147841453552246","1.147841453552246","1.147841453552246"
"18209","2.4730207920074463","2.4730207920074463","2.4730207920074463","9.370156288146973","9.370156288146973","9.370156288146973","1.1788671016693115","1.1788671016693115","1.1788671016693115"
"18239","1.5773407220840454","1.5773407220840454","1.5773407220840454","1.8730318546295166","1.8730318546295166","1.8730318546295166","1.1241977214813232","1.1241977214813232","1.1241977214813232"
"18269","1.5297497510910034","1.5297497510910034","1.5297497510910034","1.891904592514038","1.891904592514038","1.891904592514038","1.1492658853530884","1.1492658853530884","1.1492658853530884"
"18299","2.2845702171325684","2.2845702171325684","2.2845702171325684","8.184041023254395","8.184041023254395","8.184041023254395","1.1994727849960327","1.1994727849960327","1.1994727849960327"
"18329","1.5982955694198608","1.5982955694198608","1.5982955694198608","2.003706693649292","2.003706693649292","2.003706693649292","1.238272786140442","1.238272786140442","1.238272786140442"
"18359","2.3098835945129395","2.3098835945129395","2.3098835945129395","8.004398345947266","8.004398345947266","8.004398345947266","1.1622554063796997","1.1622554063796997","1.1622554063796997"
"18389","1.5562024116516113","1.5562024116516113","1.5562024116516113","1.9323183298110962","1.9323183298110962","1.9323183298110962","1.1855520009994507","1.1855520009994507","1.1855520009994507"
"18419","1.579988956451416","1.579988956451416","1.579988956451416","1.9604010581970215","1.9604010581970215","1.9604010581970215","1.1658194065093994","1.1658194065093994","1.1658194065093994"
"18449","1.5530346632003784","1.5530346632003784","1.5530346632003784","1.9432921409606934","1.9432921409606934","1.9432921409606934","1.1360100507736206","1.1360100507736206","1.1360100507736206"
"18479","1.5629708766937256","1.5629708766937256","1.5629708766937256","1.962427020072937","1.962427020072937","1.962427020072937","1.2003896236419678","1.2003896236419678","1.2003896236419678"
"18509","1.5538359880447388","1.5538359880447388","1.5538359880447388","1.9855566024780273","1.9855566024780273","1.9855566024780273","1.2336210012435913","1.2336210012435913","1.2336210012435913"
"18539","1.5724977254867554","1.5724977254867554","1.5724977254867554","1.9646552801132202","1.9646552801132202","1.9646552801132202","1.224753499031067","1.224753499031067","1.224753499031067"
"18569","1.5361263751983643","1.5361263751983643","1.5361263751983643","1.9275211095809937","1.9275211095809937","1.9275211095809937","1.1679484844207764","1.1679484844207764","1.1679484844207764"
"18599","1.50307035446167","1.50307035446167","1.50307035446167","1.9210615158081055","1.9210615158081055","1.9210615158081055","1.1412984132766724","1.1412984132766724","1.1412984132766724"
"18629","1.5591446161270142","1.5591446161270142","1.5591446161270142","1.928362488746643","1.928362488746643","1.928362488746643","1.148193359375","1.148193359375","1.148193359375"
"18659","2.2746288776397705","2.2746288776397705","2.2746288776397705","8.025104522705078","8.025104522705078","8.025104522705078","1.1765719652175903","1.1765719652175903","1.1765719652175903"
"18689","1.5632283687591553","1.5632283687591553","1.5632283687591553","1.971759557723999","1.971759557723999","1.971759557723999","1.1718398332595825","1.1718398332595825","1.1718398332595825"
"18719","1.5109223127365112","1.5109223127365112","1.5109223127365112","1.8847332000732422","1.8847332000732422","1.8847332000732422","1.2103142738342285","1.2103142738342285","1.2103142738342285"
"18749","1.5716936588287354","1.5716936588287354","1.5716936588287354","1.9611636400222778","1.9611636400222778","1.9611636400222778","1.1701879501342773","1.1701879501342773","1.1701879501342773"
"18779","2.278184413909912","2.278184413909912","2.278184413909912","8.034777641296387","8.034777641296387","8.034777641296387","1.1576534509658813","1.1576534509658813","1.1576534509658813"
"18809","1.6705273389816284","1.6705273389816284","1.6705273389816284","2.0161185264587402","2.0161185264587402","2.0161185264587402","1.2057160139083862","1.2057160139083862","1.2057160139083862"
"18839","2.270125150680542","2.270125150680542","2.270125150680542","7.888397216796875","7.888397216796875","7.888397216796875","1.1178535223007202","1.1178535223007202","1.1178535223007202"
"18869","1.5336456298828125","1.5336456298828125","1.5336456298828125","1.9272445440292358","1.9272445440292358","1.9272445440292358","1.1191304922103882","1.1191304922103882","1.1191304922103882"
"18899","1.560640573501587","1.560640573501587","1.560640573501587","1.9800249338150024","1.9800249338150024","1.9800249338150024","1.1689361333847046","1.1689361333847046","1.1689361333847046"
"18929","2.265329122543335","2.265329122543335","2.265329122543335","7.986874103546143","7.986874103546143","7.986874103546143","1.144005298614502","1.144005298614502","1.144005298614502"
"18959","1.549196720123291","1.549196720123291","1.549196720123291","1.9510955810546875","1.9510955810546875","1.9510955810546875","1.2066837549209595","1.2066837549209595","1.2066837549209595"
"18989","1.5195350646972656","1.5195350646972656","1.5195350646972656","1.8943933248519897","1.8943933248519897","1.8943933248519897","1.1390637159347534","1.1390637159347534","1.1390637159347534"
"19019","1.5383994579315186","1.5383994579315186","1.5383994579315186","1.9706275463104248","1.9706275463104248","1.9706275463104248","1.1401859521865845","1.1401859521865845","1.1401859521865845"
"19049","1.5673751831054688","1.5673751831054688","1.5673751831054688","2.088552236557007","2.088552236557007","2.088552236557007","1.2314659357070923","1.2314659357070923","1.2314659357070923"
"19079","1.5477404594421387","1.5477404594421387","1.5477404594421387","1.8869719505310059","1.8869719505310059","1.8869719505310059","1.1432223320007324","1.1432223320007324","1.1432223320007324"
"19109","2.2900476455688477","2.2900476455688477","2.2900476455688477","7.931385517120361","7.931385517120361","7.931385517120361","1.2472561597824097","1.2472561597824097","1.2472561597824097"
"19139","1.5694241523742676","1.5694241523742676","1.5694241523742676","1.920276165008545","1.920276165008545","1.920276165008545","1.155831217765808","1.155831217765808","1.155831217765808"
"19169","1.5488876104354858","1.5488876104354858","1.5488876104354858","1.929176688194275","1.929176688194275","1.929176688194275","1.1217200756072998","1.1217200756072998","1.1217200756072998"
"19199","1.5095101594924927","1.5095101594924927","1.5095101594924927","1.8867267370224","1.8867267370224","1.8867267370224","1.117387056350708","1.117387056350708","1.117387056350708"
"19229","1.5661617517471313","1.5661617517471313","1.5661617517471313","1.9225270748138428","1.9225270748138428","1.9225270748138428","1.1986985206604004","1.1986985206604004","1.1986985206604004"
"19259","1.6104466915130615","1.6104466915130615","1.6104466915130615","1.9333161115646362","1.9333161115646362","1.9333161115646362","1.1418546438217163","1.1418546438217163","1.1418546438217163"
"19289","1.5155898332595825","1.5155898332595825","1.5155898332595825","1.8862316608428955","1.8862316608428955","1.8862316608428955","1.1663826704025269","1.1663826704025269","1.1663826704025269"
"19319","1.5366876125335693","1.5366876125335693","1.5366876125335693","1.9180822372436523","1.9180822372436523","1.9180822372436523","1.1468886137008667","1.1468886137008667","1.1468886137008667"
"19349","1.5812435150146484","1.5812435150146484","1.5812435150146484","1.9820454120635986","1.9820454120635986","1.9820454120635986","1.212551236152649","1.212551236152649","1.212551236152649"
"19379","1.5507209300994873","1.5507209300994873","1.5507209300994873","1.8921966552734375","1.8921966552734375","1.8921966552734375","1.1166311502456665","1.1166311502456665","1.1166311502456665"
"19409","1.6340312957763672","1.6340312957763672","1.6340312957763672","2.011931896209717","2.011931896209717","2.011931896209717","1.202177882194519","1.202177882194519","1.202177882194519"
"19439","1.532479166984558","1.532479166984558","1.532479166984558","1.8919777870178223","1.8919777870178223","1.8919777870178223","1.1310211420059204","1.1310211420059204","1.1310211420059204"
"19469","1.5646893978118896","1.5646893978118896","1.5646893978118896","1.924984097480774","1.924984097480774","1.924984097480774","1.1468359231948853","1.1468359231948853","1.1468359231948853"
"19499","1.6297760009765625","1.6297760009765625","1.6297760009765625","2.012808084487915","2.012808084487915","2.012808084487915","1.1535314321517944","1.1535314321517944","1.1535314321517944"
"19529","1.5362499952316284","1.5362499952316284","1.5362499952316284","1.9002429246902466","1.9002429246902466","1.9002429246902466","1.137495517730713","1.137495517730713","1.137495517730713"
"19559","1.5354162454605103","1.5354162454605103","1.5354162454605103","1.9231749773025513","1.9231749773025513","1.9231749773025513","1.1271557807922363","1.1271557807922363","1.1271557807922363"
"19589","1.5563280582427979","1.5563280582427979","1.5563280582427979","1.9274145364761353","1.9274145364761353","1.9274145364761353","1.1665643453598022","1.1665643453598022","1.1665643453598022"
"19619","1.5438768863677979","1.5438768863677979","1.5438768863677979","1.8985717296600342","1.8985717296600342","1.8985717296600342","1.148632287979126","1.148632287979126","1.148632287979126"
"19649","1.593699336051941","1.593699336051941","1.593699336051941","2.018598794937134","2.018598794937134","2.018598794937134","1.1794154644012451","1.1794154644012451","1.1794154644012451"
"19679","1.5548336505889893","1.5548336505889893","1.5548336505889893","1.9368340969085693","1.9368340969085693","1.9368340969085693","1.1015609502792358","1.1015609502792358","1.1015609502792358"
"19709","2.2725415229797363","2.2725415229797363","2.2725415229797363","7.724756717681885","7.724756717681885","7.724756717681885","1.161467432975769","1.161467432975769","1.161467432975769"
"19739","1.5486801862716675","1.5486801862716675","1.5486801862716675","1.8961952924728394","1.8961952924728394","1.8961952924728394","1.079395055770874","1.079395055770874","1.079395055770874"
"19769","1.5267431735992432","1.5267431735992432","1.5267431735992432","1.9625133275985718","1.9625133275985718","1.9625133275985718","1.1343793869018555","1.1343793869018555","1.1343793869018555"
"19799","1.574625015258789","1.574625015258789","1.574625015258789","1.9510613679885864","1.9510613679885864","1.9510613679885864","1.16387140750885","1.16387140750885","1.16387140750885"
"19829","2.2415547370910645","2.2415547370910645","2.2415547370910645","7.81121301651001","7.81121301651001","7.81121301651001","1.163244605064392","1.163244605064392","1.163244605064392"
"19859","1.5426218509674072","1.5426218509674072","1.5426218509674072","1.9423550367355347","1.9423550367355347","1.9423550367355347","1.1453646421432495","1.1453646421432495","1.1453646421432495"
"19889","1.508722186088562","1.508722186088562","1.508722186088562","1.9180538654327393","1.9180538654327393","1.9180538654327393","1.167195200920105","1.167195200920105","1.167195200920105"
"19919","2.2422468662261963","2.2422468662261963","2.2422468662261963","7.777010440826416","7.777010440826416","7.777010440826416","1.1683732271194458","1.1683732271194458","1.1683732271194458"
"19949","1.541311264038086","1.541311264038086","1.541311264038086","1.8995389938354492","1.8995389938354492","1.8995389938354492","1.1116893291473389","1.1116893291473389","1.1116893291473389"
"19979","1.550722360610962","1.550722360610962","1.550722360610962","1.8953571319580078","1.8953571319580078","1.8953571319580078","1.134149432182312","1.134149432182312","1.134149432182312"