"Step","layer_10_hook_resid_mid_gpt2_gated_fisher_true_project_TinyStories - losses/fisher_reg_term","layer_10_hook_resid_mid_gpt2_gated_fisher_true_project_TinyStories - losses/fisher_reg_term__MIN","layer_10_hook_resid_mid_gpt2_gated_fisher_true_project_TinyStories - losses/fisher_reg_term__MAX","layer_5_hook_resid_mid_gpt2_gated_fisher_true_project_TinyStories - losses/fisher_reg_term","layer_5_hook_resid_mid_gpt2_gated_fisher_true_project_TinyStories - losses/fisher_reg_term__MIN","layer_5_hook_resid_mid_gpt2_gated_fisher_true_project_TinyStories - losses/fisher_reg_term__MAX","layer_0_hook_resid_mid_gpt2_gated_fisher_true_project_TinyStories - losses/fisher_reg_term","layer_0_hook_resid_mid_gpt2_gated_fisher_true_project_TinyStories - losses/fisher_reg_term__MIN","layer_0_hook_resid_mid_gpt2_gated_fisher_true_project_TinyStories - losses/fisher_reg_term__MAX"
"29","6.7584452629089355","6.7584452629089355","6.7584452629089355","5.475076675415039","5.475076675415039","5.475076675415039","9.382566452026367","9.382566452026367","9.382566452026367"
"59","7.821749210357666","7.821749210357666","7.821749210357666","6.6931986808776855","6.6931986808776855","6.6931986808776855","13.29248046875","13.29248046875","13.29248046875"
"89","5.495439529418945","5.495439529418945","5.495439529418945","6.54943323135376","6.54943323135376","6.54943323135376","11.927173614501953","11.927173614501953","11.927173614501953"
"119","4.825247287750244","4.825247287750244","4.825247287750244","5.952286243438721","5.952286243438721","5.952286243438721","9.900347709655762","9.900347709655762","9.900347709655762"
"149","34.792667388916016","34.792667388916016","34.792667388916016","42.99112319946289","42.99112319946289","42.99112319946289","8.53785514831543","8.53785514831543","8.53785514831543"
"179","35.04734802246094","35.04734802246094","35.04734802246094","41.581546783447266","41.581546783447266","41.581546783447266","7.902934551239014","7.902934551239014","7.902934551239014"
"209","3.595306634902954","3.595306634902954","3.595306634902954","4.45976448059082","4.45976448059082","4.45976448059082","7.489624977111816","7.489624977111816","7.489624977111816"
"239","3.280320882797241","3.280320882797241","3.280320882797241","3.858893871307373","3.858893871307373","3.858893871307373","7.001297473907471","7.001297473907471","7.001297473907471"
"269","3.290304183959961","3.290304183959961","3.290304183959961","3.8982343673706055","3.8982343673706055","3.8982343673706055","6.935403823852539","6.935403823852539","6.935403823852539"
"299","2.9117000102996826","2.9117000102996826","2.9117000102996826","3.5825419425964355","3.5825419425964355","3.5825419425964355","6.422220706939697","6.422220706939697","6.422220706939697"
"329","8.607054710388184","8.607054710388184","8.607054710388184","4.401132583618164","4.401132583618164","4.401132583618164","5.99487829208374","5.99487829208374","5.99487829208374"
"359","7.67459774017334","7.67459774017334","7.67459774017334","4.288959980010986","4.288959980010986","4.288959980010986","5.96796989440918","5.96796989440918","5.96796989440918"
"389","6.795584678649902","6.795584678649902","6.795584678649902","4.0653977394104","4.0653977394104","4.0653977394104","5.7368597984313965","5.7368597984313965","5.7368597984313965"
"419","6.365171909332275","6.365171909332275","6.365171909332275","3.8039305210113525","3.8039305210113525","3.8039305210113525","5.61545991897583","5.61545991897583","5.61545991897583"
"449","6.191817283630371","6.191817283630371","6.191817283630371","3.7892909049987793","3.7892909049987793","3.7892909049987793","5.550450325012207","5.550450325012207","5.550450325012207"
"479","6.092233657836914","6.092233657836914","6.092233657836914","3.768488883972168","3.768488883972168","3.768488883972168","5.390442371368408","5.390442371368408","5.390442371368408"
"509","6.247258186340332","6.247258186340332","6.247258186340332","3.8070569038391113","3.8070569038391113","3.8070569038391113","5.351646423339844","5.351646423339844","5.351646423339844"
"539","8.307792663574219","8.307792663574219","8.307792663574219","20.543107986450195","20.543107986450195","20.543107986450195","5.313169479370117","5.313169479370117","5.313169479370117"
"569","5.029639720916748","5.029639720916748","5.029639720916748","3.666485548019409","3.666485548019409","3.666485548019409","5.050346374511719","5.050346374511719","5.050346374511719"
"599","5.419641017913818","5.419641017913818","5.419641017913818","3.5767464637756348","3.5767464637756348","3.5767464637756348","4.866119384765625","4.866119384765625","4.866119384765625"
"629","5.720498085021973","5.720498085021973","5.720498085021973","3.6444785594940186","3.6444785594940186","3.6444785594940186","5.004922866821289","5.004922866821289","5.004922866821289"
"659","6.239891052246094","6.239891052246094","6.239891052246094","3.577598810195923","3.577598810195923","3.577598810195923","4.670949459075928","4.670949459075928","4.670949459075928"
"689","24.9959716796875","24.9959716796875","24.9959716796875","23.0164794921875","23.0164794921875","23.0164794921875","4.862445831298828","4.862445831298828","4.862445831298828"
"719","5.563318729400635","5.563318729400635","5.563318729400635","3.4993700981140137","3.4993700981140137","3.4993700981140137","4.725318431854248","4.725318431854248","4.725318431854248"
"749","5.393815994262695","5.393815994262695","5.393815994262695","3.503180503845215","3.503180503845215","3.503180503845215","4.537022113800049","4.537022113800049","4.537022113800049"
"779","5.4009857177734375","5.4009857177734375","5.4009857177734375","3.2808427810668945","3.2808427810668945","3.2808427810668945","4.455015659332275","4.455015659332275","4.455015659332275"
"809","23.584150314331055","23.584150314331055","23.584150314331055","21.476186752319336","21.476186752319336","21.476186752319336","4.603247165679932","4.603247165679932","4.603247165679932"
"839","5.482479095458984","5.482479095458984","5.482479095458984","3.2529006004333496","3.2529006004333496","3.2529006004333496","4.254688262939453","4.254688262939453","4.254688262939453"
"869","22.57841682434082","22.57841682434082","22.57841682434082","20.524139404296875","20.524139404296875","20.524139404296875","4.37298583984375","4.37298583984375","4.37298583984375"
"899","5.139395713806152","5.139395713806152","5.139395713806152","3.4481968879699707","3.4481968879699707","3.4481968879699707","4.426527500152588","4.426527500152588","4.426527500152588"
"929","5.130970478057861","5.130970478057861","5.130970478057861","3.241133451461792","3.241133451461792","3.241133451461792","4.0716938972473145","4.0716938972473145","4.0716938972473145"
"959","7.404768943786621","7.404768943786621","7.404768943786621","15.694860458374023","15.694860458374023","15.694860458374023","4.473809242248535","4.473809242248535","4.473809242248535"
"989","7.509549617767334","7.509549617767334","7.509549617767334","3.582808494567871","3.582808494567871","3.582808494567871","4.050795078277588","4.050795078277588","4.050795078277588"
"1019","24.578935623168945","24.578935623168945","24.578935623168945","19.09859275817871","19.09859275817871","19.09859275817871","4.168739318847656","4.168739318847656","4.168739318847656"
"1049","7.410819053649902","7.410819053649902","7.410819053649902","3.3664214611053467","3.3664214611053467","3.3664214611053467","3.9772777557373047","3.9772777557373047","3.9772777557373047"
"1079","7.406943321228027","7.406943321228027","7.406943321228027","3.109873056411743","3.109873056411743","3.109873056411743","3.8561558723449707","3.8561558723449707","3.8561558723449707"
"1109","23.6303653717041","23.6303653717041","23.6303653717041","18.0612850189209","18.0612850189209","18.0612850189209","4.067368507385254","4.067368507385254","4.067368507385254"
"1139","6.232392311096191","6.232392311096191","6.232392311096191","3.361743927001953","3.361743927001953","3.361743927001953","4.17982292175293","4.17982292175293","4.17982292175293"
"1169","5.598400592803955","5.598400592803955","5.598400592803955","3.24832820892334","3.24832820892334","3.24832820892334","3.9279417991638184","3.9279417991638184","3.9279417991638184"
"1199","5.707680702209473","5.707680702209473","5.707680702209473","3.3257088661193848","3.3257088661193848","3.3257088661193848","3.8949828147888184","3.8949828147888184","3.8949828147888184"
"1229","24.228124618530273","24.228124618530273","24.228124618530273","17.100902557373047","17.100902557373047","17.100902557373047","3.833777904510498","3.833777904510498","3.833777904510498"
"1259","6.468286514282227","6.468286514282227","6.468286514282227","3.138301134109497","3.138301134109497","3.138301134109497","3.8303966522216797","3.8303966522216797","3.8303966522216797"
"1289","6.54993200302124","6.54993200302124","6.54993200302124","3.0805413722991943","3.0805413722991943","3.0805413722991943","3.750185251235962","3.750185251235962","3.750185251235962"
"1319","11.081472396850586","11.081472396850586","11.081472396850586","13.291403770446777","13.291403770446777","13.291403770446777","3.704082489013672","3.704082489013672","3.704082489013672"
"1349","6.994945526123047","6.994945526123047","6.994945526123047","3.2109670639038086","3.2109670639038086","3.2109670639038086","3.6713366508483887","3.6713366508483887","3.6713366508483887"
"1379","7.07733154296875","7.07733154296875","7.07733154296875","3.117126703262329","3.117126703262329","3.117126703262329","3.5089192390441895","3.5089192390441895","3.5089192390441895"
"1409","6.424709320068359","6.424709320068359","6.424709320068359","3.1910793781280518","3.1910793781280518","3.1910793781280518","3.56952166557312","3.56952166557312","3.56952166557312"
"1439","5.811332702636719","5.811332702636719","5.811332702636719","3.3735923767089844","3.3735923767089844","3.3735923767089844","3.792503833770752","3.792503833770752","3.792503833770752"
"1469","5.324284553527832","5.324284553527832","5.324284553527832","3.1043989658355713","3.1043989658355713","3.1043989658355713","3.512941837310791","3.512941837310791","3.512941837310791"
"1499","6.068447113037109","6.068447113037109","6.068447113037109","2.972256898880005","2.972256898880005","2.972256898880005","3.6262834072113037","3.6262834072113037","3.6262834072113037"
"1529","6.872790813446045","6.872790813446045","6.872790813446045","3.08048677444458","3.08048677444458","3.08048677444458","3.550849437713623","3.550849437713623","3.550849437713623"
"1559","6.591969966888428","6.591969966888428","6.591969966888428","3.3407483100891113","3.3407483100891113","3.3407483100891113","3.490448474884033","3.490448474884033","3.490448474884033"
"1589","6.676473140716553","6.676473140716553","6.676473140716553","2.94667387008667","2.94667387008667","2.94667387008667","3.497605323791504","3.497605323791504","3.497605323791504"
"1619","8.638032913208008","8.638032913208008","8.638032913208008","10.289308547973633","10.289308547973633","10.289308547973633","3.336019277572632","3.336019277572632","3.336019277572632"
"1649","12.11865234375","12.11865234375","12.11865234375","10.707687377929688","10.707687377929688","10.707687377929688","3.517899513244629","3.517899513244629","3.517899513244629"
"1679","7.79356050491333","7.79356050491333","7.79356050491333","3.08380126953125","3.08380126953125","3.08380126953125","3.548809051513672","3.548809051513672","3.548809051513672"
"1709","8.185430526733398","8.185430526733398","8.185430526733398","2.8954124450683594","2.8954124450683594","2.8954124450683594","3.403409242630005","3.403409242630005","3.403409242630005"
"1739","7.192971706390381","7.192971706390381","7.192971706390381","2.8433678150177","2.8433678150177","2.8433678150177","3.346641778945923","3.346641778945923","3.346641778945923"
"1769","7.009100914001465","7.009100914001465","7.009100914001465","2.7979326248168945","2.7979326248168945","2.7979326248168945","3.3739867210388184","3.3739867210388184","3.3739867210388184"
"1799","7.601933002471924","7.601933002471924","7.601933002471924","2.900550127029419","2.900550127029419","2.900550127029419","3.246997594833374","3.246997594833374","3.246997594833374"
"1829","6.714068412780762","6.714068412780762","6.714068412780762","2.870438814163208","2.870438814163208","2.870438814163208","3.289443016052246","3.289443016052246","3.289443016052246"
"1859","6.523765563964844","6.523765563964844","6.523765563964844","2.9616568088531494","2.9616568088531494","2.9616568088531494","3.2803666591644287","3.2803666591644287","3.2803666591644287"
"1889","7.84606409072876","7.84606409072876","7.84606409072876","2.740784168243408","2.740784168243408","2.740784168243408","3.2807605266571045","3.2807605266571045","3.2807605266571045"
"1919","10.415468215942383","10.415468215942383","10.415468215942383","8.410524368286133","8.410524368286133","8.410524368286133","3.0702102184295654","3.0702102184295654","3.0702102184295654"
"1949","7.460594177246094","7.460594177246094","7.460594177246094","2.8873279094696045","2.8873279094696045","2.8873279094696045","3.1724095344543457","3.1724095344543457","3.1724095344543457"
"1979","7.323353290557861","7.323353290557861","7.323353290557861","2.7926318645477295","2.7926318645477295","2.7926318645477295","3.271625280380249","3.271625280380249","3.271625280380249"
"2009","7.570698261260986","7.570698261260986","7.570698261260986","2.922790765762329","2.922790765762329","2.922790765762329","3.259382486343384","3.259382486343384","3.259382486343384"
"2039","7.134886264801025","7.134886264801025","7.134886264801025","2.7396576404571533","2.7396576404571533","2.7396576404571533","3.13552188873291","3.13552188873291","3.13552188873291"
"2069","6.611741065979004","6.611741065979004","6.611741065979004","2.88486647605896","2.88486647605896","2.88486647605896","3.1191704273223877","3.1191704273223877","3.1191704273223877"
"2099","6.519491195678711","6.519491195678711","6.519491195678711","3.1213810443878174","3.1213810443878174","3.1213810443878174","3.2441976070404053","3.2441976070404053","3.2441976070404053"
"2129","6.8952813148498535","6.8952813148498535","6.8952813148498535","2.6862034797668457","2.6862034797668457","2.6862034797668457","3.0312914848327637","3.0312914848327637","3.0312914848327637"
"2159","7.148852348327637","7.148852348327637","7.148852348327637","2.6062207221984863","2.6062207221984863","2.6062207221984863","2.9859228134155273","2.9859228134155273","2.9859228134155273"
"2189","6.56218147277832","6.56218147277832","6.56218147277832","2.4427590370178223","2.4427590370178223","2.4427590370178223","3.1792924404144287","3.1792924404144287","3.1792924404144287"
"2219","6.810324668884277","6.810324668884277","6.810324668884277","2.6901490688323975","2.6901490688323975","2.6901490688323975","3.014751434326172","3.014751434326172","3.014751434326172"
"2249","7.027211666107178","7.027211666107178","7.027211666107178","2.692054271697998","2.692054271697998","2.692054271697998","2.99517822265625","2.99517822265625","2.99517822265625"
"2279","80.07257843017578","80.07257843017578","80.07257843017578","33.933555603027344","33.933555603027344","33.933555603027344","31.19613265991211","31.19613265991211","31.19613265991211"
"2309","6.163810729980469","6.163810729980469","6.163810729980469","2.3819849491119385","2.3819849491119385","2.3819849491119385","3.0086309909820557","3.0086309909820557","3.0086309909820557"
"2339","9.470232963562012","9.470232963562012","9.470232963562012","6.744721412658691","6.744721412658691","6.744721412658691","3.0259759426116943","3.0259759426116943","3.0259759426116943"
"2369","9.381828308105469","9.381828308105469","9.381828308105469","6.6427483558654785","6.6427483558654785","6.6427483558654785","2.9550118446350098","2.9550118446350098","2.9550118446350098"
"2399","8.452640533447266","8.452640533447266","8.452640533447266","6.198012351989746","6.198012351989746","6.198012351989746","2.8795530796051025","2.8795530796051025","2.8795530796051025"
"2429","5.690752029418945","5.690752029418945","5.690752029418945","2.5621676445007324","2.5621676445007324","2.5621676445007324","2.966085433959961","2.966085433959961","2.966085433959961"
"2459","6.6133599281311035","6.6133599281311035","6.6133599281311035","2.453199625015259","2.453199625015259","2.453199625015259","2.888646125793457","2.888646125793457","2.888646125793457"
"2489","6.777230262756348","6.777230262756348","6.777230262756348","2.681412696838379","2.681412696838379","2.681412696838379","3.0514214038848877","3.0514214038848877","3.0514214038848877"
"2519","6.692472457885742","6.692472457885742","6.692472457885742","2.434544086456299","2.434544086456299","2.434544086456299","2.828768014907837","2.828768014907837","2.828768014907837"
"2549","6.7819719314575195","6.7819719314575195","6.7819719314575195","2.4148759841918945","2.4148759841918945","2.4148759841918945","2.943350076675415","2.943350076675415","2.943350076675415"
"2579","8.092611312866211","8.092611312866211","8.092611312866211","5.321208477020264","5.321208477020264","5.321208477020264","2.9180972576141357","2.9180972576141357","2.9180972576141357"
"2609","6.149307727813721","6.149307727813721","6.149307727813721","2.49588680267334","2.49588680267334","2.49588680267334","2.8998022079467773","2.8998022079467773","2.8998022079467773"
"2639","4.78972053527832","4.78972053527832","4.78972053527832","2.2107110023498535","2.2107110023498535","2.2107110023498535","2.7652809619903564","2.7652809619903564","2.7652809619903564"
"2669","5.742541313171387","5.742541313171387","5.742541313171387","2.350032329559326","2.350032329559326","2.350032329559326","2.864061117172241","2.864061117172241","2.864061117172241"
"2699","6.604615211486816","6.604615211486816","6.604615211486816","2.2824459075927734","2.2824459075927734","2.2824459075927734","2.821979522705078","2.821979522705078","2.821979522705078"
"2729","6.231085300445557","6.231085300445557","6.231085300445557","2.5135748386383057","2.5135748386383057","2.5135748386383057","2.785059690475464","2.785059690475464","2.785059690475464"
"2759","4.425430774688721","4.425430774688721","4.425430774688721","2.1367459297180176","2.1367459297180176","2.1367459297180176","2.7023186683654785","2.7023186683654785","2.7023186683654785"
"2789","4.314619541168213","4.314619541168213","4.314619541168213","2.056575059890747","2.056575059890747","2.056575059890747","2.7276573181152344","2.7276573181152344","2.7276573181152344"
"2819","5.857432842254639","5.857432842254639","5.857432842254639","2.2747509479522705","2.2747509479522705","2.2747509479522705","2.8021042346954346","2.8021042346954346","2.8021042346954346"
"2849","6.442786693572998","6.442786693572998","6.442786693572998","2.2719783782958984","2.2719783782958984","2.2719783782958984","2.72638201713562","2.72638201713562","2.72638201713562"
"2879","6.355044841766357","6.355044841766357","6.355044841766357","4.3372979164123535","4.3372979164123535","4.3372979164123535","2.7743194103240967","2.7743194103240967","2.7743194103240967"
"2909","4.105557918548584","4.105557918548584","4.105557918548584","2.3290843963623047","2.3290843963623047","2.3290843963623047","2.8069512844085693","2.8069512844085693","2.8069512844085693"
"2939","3.2626354694366455","3.2626354694366455","3.2626354694366455","2.210984230041504","2.210984230041504","2.210984230041504","2.7324554920196533","2.7324554920196533","2.7324554920196533"
"2969","5.948273658752441","5.948273658752441","5.948273658752441","4.0258612632751465","4.0258612632751465","4.0258612632751465","2.613811492919922","2.613811492919922","2.613811492919922"
"2999","2.802506685256958","2.802506685256958","2.802506685256958","2.015317678451538","2.015317678451538","2.015317678451538","2.6894633769989014","2.6894633769989014","2.6894633769989014"
"3029","6.182831287384033","6.182831287384033","6.182831287384033","3.960165023803711","3.960165023803711","3.960165023803711","2.5909957885742188","2.5909957885742188","2.5909957885742188"
"3059","4.7245378494262695","4.7245378494262695","4.7245378494262695","2.277470827102661","2.277470827102661","2.277470827102661","2.61507511138916","2.61507511138916","2.61507511138916"
"3089","3.599759340286255","3.599759340286255","3.599759340286255","1.9071496725082397","1.9071496725082397","1.9071496725082397","2.674744129180908","2.674744129180908","2.674744129180908"
"3119","3.4596190452575684","3.4596190452575684","3.4596190452575684","1.9294397830963135","1.9294397830963135","1.9294397830963135","2.5840959548950195","2.5840959548950195","2.5840959548950195"
"3149","3.385286569595337","3.385286569595337","3.385286569595337","1.958357810974121","1.958357810974121","1.958357810974121","2.6768181324005127","2.6768181324005127","2.6768181324005127"
"3179","4.390090465545654","4.390090465545654","4.390090465545654","2.0144217014312744","2.0144217014312744","2.0144217014312744","2.568403482437134","2.568403482437134","2.568403482437134"
"3209","4.896129608154297","4.896129608154297","4.896129608154297","2.0531859397888184","2.0531859397888184","2.0531859397888184","2.629038095474243","2.629038095474243","2.629038095474243"
"3239","3.5838394165039062","3.5838394165039062","3.5838394165039062","1.9186065196990967","1.9186065196990967","1.9186065196990967","2.564603328704834","2.564603328704834","2.564603328704834"
"3269","4.244411945343018","4.244411945343018","4.244411945343018","1.872910737991333","1.872910737991333","1.872910737991333","2.6225290298461914","2.6225290298461914","2.6225290298461914"
"3299","4.537079334259033","4.537079334259033","4.537079334259033","2.1438651084899902","2.1438651084899902","2.1438651084899902","2.579784870147705","2.579784870147705","2.579784870147705"
"3329","5.123263835906982","5.123263835906982","5.123263835906982","2.1227951049804688","2.1227951049804688","2.1227951049804688","2.569934129714966","2.569934129714966","2.569934129714966"
"3359","4.236295700073242","4.236295700073242","4.236295700073242","1.9542049169540405","1.9542049169540405","1.9542049169540405","2.521806240081787","2.521806240081787","2.521806240081787"
"3389","2.805833101272583","2.805833101272583","2.805833101272583","1.8000190258026123","1.8000190258026123","1.8000190258026123","2.6073384284973145","2.6073384284973145","2.6073384284973145"
"3419","3.828605890274048","3.828605890274048","3.828605890274048","1.8327709436416626","1.8327709436416626","1.8327709436416626","2.5553364753723145","2.5553364753723145","2.5553364753723145"
"3449","3.667992115020752","3.667992115020752","3.667992115020752","1.9189263582229614","1.9189263582229614","1.9189263582229614","2.5434088706970215","2.5434088706970215","2.5434088706970215"
"3479","3.792917013168335","3.792917013168335","3.792917013168335","1.7609871625900269","1.7609871625900269","1.7609871625900269","2.487483501434326","2.487483501434326","2.487483501434326"
"3509","5.106721878051758","5.106721878051758","5.106721878051758","3.0317723751068115","3.0317723751068115","3.0317723751068115","2.4852406978607178","2.4852406978607178","2.4852406978607178"
"3539","5.534341812133789","5.534341812133789","5.534341812133789","1.9830044507980347","1.9830044507980347","1.9830044507980347","2.4501113891601562","2.4501113891601562","2.4501113891601562"
"3569","3.6490581035614014","3.6490581035614014","3.6490581035614014","1.7468419075012207","1.7468419075012207","1.7468419075012207","2.35620379447937","2.35620379447937","2.35620379447937"
"3599","3.504037618637085","3.504037618637085","3.504037618637085","1.7504220008850098","1.7504220008850098","1.7504220008850098","2.541445016860962","2.541445016860962","2.541445016860962"
"3629","3.2666685581207275","3.2666685581207275","3.2666685581207275","1.600403070449829","1.600403070449829","1.600403070449829","2.4070353507995605","2.4070353507995605","2.4070353507995605"
"3659","3.4085192680358887","3.4085192680358887","3.4085192680358887","2.8675167560577393","2.8675167560577393","2.8675167560577393","2.4171125888824463","2.4171125888824463","2.4171125888824463"
"3689","1.7404251098632812","1.7404251098632812","1.7404251098632812","1.6111434698104858","1.6111434698104858","1.6111434698104858","2.4639055728912354","2.4639055728912354","2.4639055728912354"
"3719","3.029362201690674","3.029362201690674","3.029362201690674","1.768727421760559","1.768727421760559","1.768727421760559","2.5013210773468018","2.5013210773468018","2.5013210773468018"
"3749","1.733042597770691","1.733042597770691","1.733042597770691","1.55693781375885","1.55693781375885","1.55693781375885","2.2969419956207275","2.2969419956207275","2.2969419956207275"
"3779","2.288083553314209","2.288083553314209","2.288083553314209","1.671913981437683","1.671913981437683","1.671913981437683","2.443448781967163","2.443448781967163","2.443448781967163"
"3809","2.882147789001465","2.882147789001465","2.882147789001465","1.5945913791656494","1.5945913791656494","1.5945913791656494","2.3383023738861084","2.3383023738861084","2.3383023738861084"
"3839","3.3046910762786865","3.3046910762786865","3.3046910762786865","1.6484750509262085","1.6484750509262085","1.6484750509262085","2.528038263320923","2.528038263320923","2.528038263320923"
"3869","4.282041072845459","4.282041072845459","4.282041072845459","2.7049083709716797","2.7049083709716797","2.7049083709716797","2.3860397338867188","2.3860397338867188","2.3860397338867188"
"3899","4.150527477264404","4.150527477264404","4.150527477264404","1.7192836999893188","1.7192836999893188","1.7192836999893188","2.396181344985962","2.396181344985962","2.396181344985962"
"3929","2.4342236518859863","2.4342236518859863","2.4342236518859863","1.6351248025894165","1.6351248025894165","1.6351248025894165","2.34147310256958","2.34147310256958","2.34147310256958"
"3959","2.2656424045562744","2.2656424045562744","2.2656424045562744","1.5420565605163574","1.5420565605163574","1.5420565605163574","2.3163352012634277","2.3163352012634277","2.3163352012634277"
"3989","2.279569149017334","2.279569149017334","2.279569149017334","1.5786319971084595","1.5786319971084595","1.5786319971084595","2.4077064990997314","2.4077064990997314","2.4077064990997314"
"4019","2.7876923084259033","2.7876923084259033","2.7876923084259033","2.4265084266662598","2.4265084266662598","2.4265084266662598","2.3325984477996826","2.3325984477996826","2.3325984477996826"
"4049","2.108515739440918","2.108515739440918","2.108515739440918","1.5478495359420776","1.5478495359420776","1.5478495359420776","2.4165380001068115","2.4165380001068115","2.4165380001068115"
"4079","3.050323963165283","3.050323963165283","3.050323963165283","1.5341182947158813","1.5341182947158813","1.5341182947158813","2.347475290298462","2.347475290298462","2.347475290298462"
"4109","2.598097085952759","2.598097085952759","2.598097085952759","1.6779175996780396","1.6779175996780396","1.6779175996780396","2.469479560852051","2.469479560852051","2.469479560852051"
"4139","3.7334675788879395","3.7334675788879395","3.7334675788879395","1.4854061603546143","1.4854061603546143","1.4854061603546143","2.269351005554199","2.269351005554199","2.269351005554199"
"4169","3.1258485317230225","3.1258485317230225","3.1258485317230225","1.483819842338562","1.483819842338562","1.483819842338562","2.2890520095825195","2.2890520095825195","2.2890520095825195"
"4199","1.7051464319229126","1.7051464319229126","1.7051464319229126","1.4221868515014648","1.4221868515014648","1.4221868515014648","2.2535672187805176","2.2535672187805176","2.2535672187805176"
"4229","3.6712682247161865","3.6712682247161865","3.6712682247161865","1.4278490543365479","1.4278490543365479","1.4278490543365479","2.1626181602478027","2.1626181602478027","2.1626181602478027"
"4259","1.6025545597076416","1.6025545597076416","1.6025545597076416","1.4321950674057007","1.4321950674057007","1.4321950674057007","2.2241997718811035","2.2241997718811035","2.2241997718811035"
"4289","1.6540669202804565","1.6540669202804565","1.6540669202804565","1.3862438201904297","1.3862438201904297","1.3862438201904297","2.266523599624634","2.266523599624634","2.266523599624634"
"4319","1.5731099843978882","1.5731099843978882","1.5731099843978882","1.270732045173645","1.270732045173645","1.270732045173645","2.1869890689849854","2.1869890689849854","2.1869890689849854"
"4349","1.5784844160079956","1.5784844160079956","1.5784844160079956","1.4476884603500366","1.4476884603500366","1.4476884603500366","2.2840781211853027","2.2840781211853027","2.2840781211853027"
"4379","2.4058334827423096","2.4058334827423096","2.4058334827423096","2.152909994125366","2.152909994125366","2.152909994125366","2.2851321697235107","2.2851321697235107","2.2851321697235107"
"4409","1.5107083320617676","1.5107083320617676","1.5107083320617676","1.3305710554122925","1.3305710554122925","1.3305710554122925","2.156761646270752","2.156761646270752","2.156761646270752"
"4439","1.8285249471664429","1.8285249471664429","1.8285249471664429","1.334863305091858","1.334863305091858","1.334863305091858","2.2110846042633057","2.2110846042633057","2.2110846042633057"
"4469","1.5068998336791992","1.5068998336791992","1.5068998336791992","1.33998441696167","1.33998441696167","1.33998441696167","2.213059663772583","2.213059663772583","2.213059663772583"
"4499","2.605433940887451","2.605433940887451","2.605433940887451","2.052031993865967","2.052031993865967","2.052031993865967","2.168506383895874","2.168506383895874","2.168506383895874"
"4529","2.740527629852295","2.740527629852295","2.740527629852295","1.3547242879867554","1.3547242879867554","1.3547242879867554","2.154229164123535","2.154229164123535","2.154229164123535"
"4559","2.9750847816467285","2.9750847816467285","2.9750847816467285","1.4291250705718994","1.4291250705718994","1.4291250705718994","2.182192087173462","2.182192087173462","2.182192087173462"
"4589","1.4524470567703247","1.4524470567703247","1.4524470567703247","1.1999660730361938","1.1999660730361938","1.1999660730361938","2.147050380706787","2.147050380706787","2.147050380706787"
"4619","1.4727234840393066","1.4727234840393066","1.4727234840393066","1.3156719207763672","1.3156719207763672","1.3156719207763672","2.1673407554626465","2.1673407554626465","2.1673407554626465"
"4649","1.6759719848632812","1.6759719848632812","1.6759719848632812","1.855525016784668","1.855525016784668","1.855525016784668","2.08170223236084","2.08170223236084","2.08170223236084"
"4679","1.781005859375","1.781005859375","1.781005859375","1.3037803173065186","1.3037803173065186","1.3037803173065186","2.0781733989715576","2.0781733989715576","2.0781733989715576"
"4709","2.537147045135498","2.537147045135498","2.537147045135498","1.4315577745437622","1.4315577745437622","1.4315577745437622","2.1169209480285645","2.1169209480285645","2.1169209480285645"
"4739","2.580831289291382","2.580831289291382","2.580831289291382","1.2921738624572754","1.2921738624572754","1.2921738624572754","2.171771287918091","2.171771287918091","2.171771287918091"
"4769","2.2161431312561035","2.2161431312561035","2.2161431312561035","1.2268860340118408","1.2268860340118408","1.2268860340118408","2.1641499996185303","2.1641499996185303","2.1641499996185303"
"4799","1.7227202653884888","1.7227202653884888","1.7227202653884888","1.321254849433899","1.321254849433899","1.321254849433899","2.1919314861297607","2.1919314861297607","2.1919314861297607"
"4829","2.055123805999756","2.055123805999756","2.055123805999756","1.2401123046875","1.2401123046875","1.2401123046875","2.031167507171631","2.031167507171631","2.031167507171631"
"4859","1.3459197282791138","1.3459197282791138","1.3459197282791138","1.1566789150238037","1.1566789150238037","1.1566789150238037","2.1142327785491943","2.1142327785491943","2.1142327785491943"
"4889","1.3723316192626953","1.3723316192626953","1.3723316192626953","1.202703833580017","1.202703833580017","1.202703833580017","2.099209785461426","2.099209785461426","2.099209785461426"
"4919","1.7034581899642944","1.7034581899642944","1.7034581899642944","1.7393839359283447","1.7393839359283447","1.7393839359283447","2.1671152114868164","2.1671152114868164","2.1671152114868164"
"4949","1.3025929927825928","1.3025929927825928","1.3025929927825928","1.2646995782852173","1.2646995782852173","1.2646995782852173","2.1289095878601074","2.1289095878601074","2.1289095878601074"
"4979","1.2899655103683472","1.2899655103683472","1.2899655103683472","1.2126884460449219","1.2126884460449219","1.2126884460449219","2.156494140625","2.156494140625","2.156494140625"
"5009","1.2357213497161865","1.2357213497161865","1.2357213497161865","1.0540194511413574","1.0540194511413574","1.0540194511413574","2.0094411373138428","2.0094411373138428","2.0094411373138428"
"5039","1.3269946575164795","1.3269946575164795","1.3269946575164795","1.1457316875457764","1.1457316875457764","1.1457316875457764","2.070265531539917","2.070265531539917","2.070265531539917"
"5069","1.2031956911087036","1.2031956911087036","1.2031956911087036","1.1721625328063965","1.1721625328063965","1.1721625328063965","2.0691304206848145","2.0691304206848145","2.0691304206848145"
"5099","1.189167857170105","1.189167857170105","1.189167857170105","1.1151490211486816","1.1151490211486816","1.1151490211486816","2.0653607845306396","2.0653607845306396","2.0653607845306396"
"5129","1.2614907026290894","1.2614907026290894","1.2614907026290894","1.1184507608413696","1.1184507608413696","1.1184507608413696","2.048632860183716","2.048632860183716","2.048632860183716"
"5159","1.9784084558486938","1.9784084558486938","1.9784084558486938","1.0874756574630737","1.0874756574630737","1.0874756574630737","1.9943346977233887","1.9943346977233887","1.9943346977233887"
"5189","1.1839708089828491","1.1839708089828491","1.1839708089828491","1.131558895111084","1.131558895111084","1.131558895111084","2.083357095718384","2.083357095718384","2.083357095718384"
"5219","1.3698745965957642","1.3698745965957642","1.3698745965957642","1.6340686082839966","1.6340686082839966","1.6340686082839966","1.9841808080673218","1.9841808080673218","1.9841808080673218"
"5249","1.1795116662979126","1.1795116662979126","1.1795116662979126","1.1871211528778076","1.1871211528778076","1.1871211528778076","2.105492353439331","2.105492353439331","2.105492353439331"
"5279","1.219167709350586","1.219167709350586","1.219167709350586","1.6393401622772217","1.6393401622772217","1.6393401622772217","2.0880143642425537","2.0880143642425537","2.0880143642425537"
"5309","1.3180286884307861","1.3180286884307861","1.3180286884307861","1.6038775444030762","1.6038775444030762","1.6038775444030762","1.9611356258392334","1.9611356258392334","1.9611356258392334"
"5339","1.2626707553863525","1.2626707553863525","1.2626707553863525","1.5975960493087769","1.5975960493087769","1.5975960493087769","2.04399037361145","2.04399037361145","2.04399037361145"
"5369","1.6310904026031494","1.6310904026031494","1.6310904026031494","1.2155829668045044","1.2155829668045044","1.2155829668045044","2.08467960357666","2.08467960357666","2.08467960357666"
"5399","1.0936315059661865","1.0936315059661865","1.0936315059661865","1.1000534296035767","1.1000534296035767","1.1000534296035767","1.987727165222168","1.987727165222168","1.987727165222168"
"5429","1.1279051303863525","1.1279051303863525","1.1279051303863525","1.0547945499420166","1.0547945499420166","1.0547945499420166","1.9806166887283325","1.9806166887283325","1.9806166887283325"
"5459","1.214812994003296","1.214812994003296","1.214812994003296","1.5709011554718018","1.5709011554718018","1.5709011554718018","2.005991220474243","2.005991220474243","2.005991220474243"
"5489","1.07369863986969","1.07369863986969","1.07369863986969","0.9592756628990173","0.9592756628990173","0.9592756628990173","2.018977403640747","2.018977403640747","2.018977403640747"
"5519","1.0578856468200684","1.0578856468200684","1.0578856468200684","1.0660459995269775","1.0660459995269775","1.0660459995269775","1.9489541053771973","1.9489541053771973","1.9489541053771973"
"5549","1.1190311908721924","1.1190311908721924","1.1190311908721924","1.0742168426513672","1.0742168426513672","1.0742168426513672","2.0293991565704346","2.0293991565704346","2.0293991565704346"
"5579","1.3605213165283203","1.3605213165283203","1.3605213165283203","0.938261866569519","0.938261866569519","0.938261866569519","1.8467904329299927","1.8467904329299927","1.8467904329299927"
"5609","1.114235520362854","1.114235520362854","1.114235520362854","1.4342249631881714","1.4342249631881714","1.4342249631881714","1.926562786102295","1.926562786102295","1.926562786102295"
"5639","0.9391657710075378","0.9391657710075378","0.9391657710075378","0.9954399466514587","0.9954399466514587","0.9954399466514587","2.030658483505249","2.030658483505249","2.030658483505249"
"5669","1.0118454694747925","1.0118454694747925","1.0118454694747925","1.036604642868042","1.036604642868042","1.036604642868042","1.9096484184265137","1.9096484184265137","1.9096484184265137"
"5699","1.3353147506713867","1.3353147506713867","1.3353147506713867","1.0987026691436768","1.0987026691436768","1.0987026691436768","1.9992002248764038","1.9992002248764038","1.9992002248764038"
"5729","0.965595543384552","0.965595543384552","0.965595543384552","1.0447014570236206","1.0447014570236206","1.0447014570236206","1.9895849227905273","1.9895849227905273","1.9895849227905273"
"5759","0.9520414471626282","0.9520414471626282","0.9520414471626282","0.9973104596138","0.9973104596138","0.9973104596138","2.036813259124756","2.036813259124756","2.036813259124756"
"5789","0.9340181350708008","0.9340181350708008","0.9340181350708008","1.0312554836273193","1.0312554836273193","1.0312554836273193","1.9442923069000244","1.9442923069000244","1.9442923069000244"
"5819","0.9225039482116699","0.9225039482116699","0.9225039482116699","0.9871601462364197","0.9871601462364197","0.9871601462364197","1.8707311153411865","1.8707311153411865","1.8707311153411865"
"5849","0.9085920453071594","0.9085920453071594","0.9085920453071594","1.029761552810669","1.029761552810669","1.029761552810669","1.9818679094314575","1.9818679094314575","1.9818679094314575"
"5879","0.8348829746246338","0.8348829746246338","0.8348829746246338","0.9049538969993591","0.9049538969993591","0.9049538969993591","1.9636633396148682","1.9636633396148682","1.9636633396148682"
"5909","0.9099021553993225","0.9099021553993225","0.9099021553993225","0.8771865367889404","0.8771865367889404","0.8771865367889404","1.8186211585998535","1.8186211585998535","1.8186211585998535"
"5939","1.229290246963501","1.229290246963501","1.229290246963501","1.0989768505096436","1.0989768505096436","1.0989768505096436","2.0527451038360596","2.0527451038360596","2.0527451038360596"
"5969","0.9059813618659973","0.9059813618659973","0.9059813618659973","0.9844045639038086","0.9844045639038086","0.9844045639038086","1.9089159965515137","1.9089159965515137","1.9089159965515137"
"5999","0.8114686608314514","0.8114686608314514","0.8114686608314514","0.940853476524353","0.940853476524353","0.940853476524353","1.9574483633041382","1.9574483633041382","1.9574483633041382"
"6029","0.9155563116073608","0.9155563116073608","0.9155563116073608","0.957273006439209","0.957273006439209","0.957273006439209","1.8927489519119263","1.8927489519119263","1.8927489519119263"
"6059","1.2304737567901611","1.2304737567901611","1.2304737567901611","0.9139623045921326","0.9139623045921326","0.9139623045921326","1.9265371561050415","1.9265371561050415","1.9265371561050415"
"6089","0.8307180404663086","0.8307180404663086","0.8307180404663086","0.9185436964035034","0.9185436964035034","0.9185436964035034","1.9101126194000244","1.9101126194000244","1.9101126194000244"
"6119","0.9472524523735046","0.9472524523735046","0.9472524523735046","1.2106590270996094","1.2106590270996094","1.2106590270996094","1.8455233573913574","1.8455233573913574","1.8455233573913574"
"6149","0.8442776203155518","0.8442776203155518","0.8442776203155518","0.8329241275787354","0.8329241275787354","0.8329241275787354","1.8412951231002808","1.8412951231002808","1.8412951231002808"
"6179","0.8249140977859497","0.8249140977859497","0.8249140977859497","0.7815432548522949","0.7815432548522949","0.7815432548522949","1.7318394184112549","1.7318394184112549","1.7318394184112549"
"6209","0.9108126759529114","0.9108126759529114","0.9108126759529114","0.8446415662765503","0.8446415662765503","0.8446415662765503","1.7893890142440796","1.7893890142440796","1.7893890142440796"
"6239","0.8240217566490173","0.8240217566490173","0.8240217566490173","0.9414823651313782","0.9414823651313782","0.9414823651313782","1.9572843313217163","1.9572843313217163","1.9572843313217163"
"6269","0.8028303384780884","0.8028303384780884","0.8028303384780884","0.8801518082618713","0.8801518082618713","0.8801518082618713","1.8196321725845337","1.8196321725845337","1.8196321725845337"
"6299","0.7682778239250183","0.7682778239250183","0.7682778239250183","0.9285793900489807","0.9285793900489807","0.9285793900489807","1.9063999652862549","1.9063999652862549","1.9063999652862549"
"6329","1.1560609340667725","1.1560609340667725","1.1560609340667725","1.023934245109558","1.023934245109558","1.023934245109558","1.8327393531799316","1.8327393531799316","1.8327393531799316"
"6359","0.9277531504631042","0.9277531504631042","0.9277531504631042","1.2918576002120972","1.2918576002120972","1.2918576002120972","1.8377267122268677","1.8377267122268677","1.8377267122268677"
"6389","0.7470856308937073","0.7470856308937073","0.7470856308937073","0.8702622056007385","0.8702622056007385","0.8702622056007385","1.8605680465698242","1.8605680465698242","1.8605680465698242"
"6419","0.6968749761581421","0.6968749761581421","0.6968749761581421","0.7983083724975586","0.7983083724975586","0.7983083724975586","1.8145312070846558","1.8145312070846558","1.8145312070846558"
"6449","0.6706489324569702","0.6706489324569702","0.6706489324569702","0.8086684942245483","0.8086684942245483","0.8086684942245483","1.7442926168441772","1.7442926168441772","1.7442926168441772"
"6479","0.7017577886581421","0.7017577886581421","0.7017577886581421","0.9391337633132935","0.9391337633132935","0.9391337633132935","1.8701245784759521","1.8701245784759521","1.8701245784759521"
"6509","1.3721978664398193","1.3721978664398193","1.3721978664398193","0.8326961398124695","0.8326961398124695","0.8326961398124695","1.8541369438171387","1.8541369438171387","1.8541369438171387"
"6539","0.7075860500335693","0.7075860500335693","0.7075860500335693","0.8763189315795898","0.8763189315795898","0.8763189315795898","1.8553866147994995","1.8553866147994995","1.8553866147994995"
"6569","0.7575611472129822","0.7575611472129822","0.7575611472129822","0.9178395867347717","0.9178395867347717","0.9178395867347717","1.822793960571289","1.822793960571289","1.822793960571289"
"6599","0.8048753142356873","0.8048753142356873","0.8048753142356873","0.8472737669944763","0.8472737669944763","0.8472737669944763","1.7909365892410278","1.7909365892410278","1.7909365892410278"
"6629","0.7161010503768921","0.7161010503768921","0.7161010503768921","0.8866965174674988","0.8866965174674988","0.8866965174674988","1.877120018005371","1.877120018005371","1.877120018005371"
"6659","0.8932288289070129","0.8932288289070129","0.8932288289070129","0.7788546085357666","0.7788546085357666","0.7788546085357666","1.7996044158935547","1.7996044158935547","1.7996044158935547"
"6689","0.7338902354240417","0.7338902354240417","0.7338902354240417","0.8267590403556824","0.8267590403556824","0.8267590403556824","1.7780169248580933","1.7780169248580933","1.7780169248580933"
"6719","0.6562400460243225","0.6562400460243225","0.6562400460243225","0.6922563314437866","0.6922563314437866","0.6922563314437866","1.5750573873519897","1.5750573873519897","1.5750573873519897"
"6749","1.4768116474151611","1.4768116474151611","1.4768116474151611","0.7282653450965881","0.7282653450965881","0.7282653450965881","1.6089996099472046","1.6089996099472046","1.6089996099472046"
"6779","0.6976277232170105","0.6976277232170105","0.6976277232170105","0.7594544291496277","0.7594544291496277","0.7594544291496277","1.8334912061691284","1.8334912061691284","1.8334912061691284"
"6809","0.5958778858184814","0.5958778858184814","0.5958778858184814","0.6310163736343384","0.6310163736343384","0.6310163736343384","1.6082100868225098","1.6082100868225098","1.6082100868225098"
"6839","0.9176762104034424","0.9176762104034424","0.9176762104034424","0.8007081151008606","0.8007081151008606","0.8007081151008606","1.7409133911132812","1.7409133911132812","1.7409133911132812"
"6869","0.6344740390777588","0.6344740390777588","0.6344740390777588","0.7221096754074097","0.7221096754074097","0.7221096754074097","1.6702626943588257","1.6702626943588257","1.6702626943588257"
"6899","0.7468528747558594","0.7468528747558594","0.7468528747558594","1.162968397140503","1.162968397140503","1.162968397140503","1.8155038356781006","1.8155038356781006","1.8155038356781006"
"6929","0.634510338306427","0.634510338306427","0.634510338306427","0.7383074164390564","0.7383074164390564","0.7383074164390564","1.7139363288879395","1.7139363288879395","1.7139363288879395"
"6959","0.6542196273803711","0.6542196273803711","0.6542196273803711","0.7468151450157166","0.7468151450157166","0.7468151450157166","1.786000370979309","1.786000370979309","1.786000370979309"
"6989","0.6473883390426636","0.6473883390426636","0.6473883390426636","0.7366354465484619","0.7366354465484619","0.7366354465484619","1.7380226850509644","1.7380226850509644","1.7380226850509644"
"7019","0.6022132635116577","0.6022132635116577","0.6022132635116577","0.756597638130188","0.756597638130188","0.756597638130188","1.7968169450759888","1.7968169450759888","1.7968169450759888"
"7049","0.6336817741394043","0.6336817741394043","0.6336817741394043","0.7033782601356506","0.7033782601356506","0.7033782601356506","1.679132342338562","1.679132342338562","1.679132342338562"
"7079","0.6274390816688538","0.6274390816688538","0.6274390816688538","0.7813290953636169","0.7813290953636169","0.7813290953636169","1.7572824954986572","1.7572824954986572","1.7572824954986572"
"7109","0.6049943566322327","0.6049943566322327","0.6049943566322327","0.7473745346069336","0.7473745346069336","0.7473745346069336","1.6932308673858643","1.6932308673858643","1.6932308673858643"
"7139","0.6333787441253662","0.6333787441253662","0.6333787441253662","0.7221298813819885","0.7221298813819885","0.7221298813819885","1.773299217224121","1.773299217224121","1.773299217224121"
"7169","0.5514654517173767","0.5514654517173767","0.5514654517173767","0.6606018543243408","0.6606018543243408","0.6606018543243408","1.6731921434402466","1.6731921434402466","1.6731921434402466"
"7199","0.575598418712616","0.575598418712616","0.575598418712616","0.743579626083374","0.743579626083374","0.743579626083374","1.7512043714523315","1.7512043714523315","1.7512043714523315"
"7229","0.5745109915733337","0.5745109915733337","0.5745109915733337","0.676347017288208","0.676347017288208","0.676347017288208","1.691954255104065","1.691954255104065","1.691954255104065"
"7259","0.8309563994407654","0.8309563994407654","0.8309563994407654","1.1355088949203491","1.1355088949203491","1.1355088949203491","1.7565206289291382","1.7565206289291382","1.7565206289291382"
"7289","0.6063181757926941","0.6063181757926941","0.6063181757926941","0.7115361094474792","0.7115361094474792","0.7115361094474792","1.6785504817962646","1.6785504817962646","1.6785504817962646"
"7319","0.5648698210716248","0.5648698210716248","0.5648698210716248","0.69057697057724","0.69057697057724","0.69057697057724","1.713692307472229","1.713692307472229","1.713692307472229"
"7349","0.568793773651123","0.568793773651123","0.568793773651123","0.6674188375473022","0.6674188375473022","0.6674188375473022","1.761963963508606","1.761963963508606","1.761963963508606"
"7379","0.5818944573402405","0.5818944573402405","0.5818944573402405","0.677293062210083","0.677293062210083","0.677293062210083","1.6052651405334473","1.6052651405334473","1.6052651405334473"
"7409","0.5873784422874451","0.5873784422874451","0.5873784422874451","0.8331930637359619","0.8331930637359619","0.8331930637359619","1.7286657094955444","1.7286657094955444","1.7286657094955444"
"7439","0.553485095500946","0.553485095500946","0.553485095500946","0.7087372541427612","0.7087372541427612","0.7087372541427612","1.6708513498306274","1.6708513498306274","1.6708513498306274"
"7469","0.6540859341621399","0.6540859341621399","0.6540859341621399","1.0133427381515503","1.0133427381515503","1.0133427381515503","1.7117609977722168","1.7117609977722168","1.7117609977722168"
"7499","0.4917828142642975","0.4917828142642975","0.4917828142642975","0.6765607595443726","0.6765607595443726","0.6765607595443726","1.7073702812194824","1.7073702812194824","1.7073702812194824"
"7529","0.5226208567619324","0.5226208567619324","0.5226208567619324","0.7300785779953003","0.7300785779953003","0.7300785779953003","1.6471525430679321","1.6471525430679321","1.6471525430679321"
"7559","0.536310076713562","0.536310076713562","0.536310076713562","0.7593671083450317","0.7593671083450317","0.7593671083450317","1.7368407249450684","1.7368407249450684","1.7368407249450684"
"7589","0.5120120644569397","0.5120120644569397","0.5120120644569397","0.5919893383979797","0.5919893383979797","0.5919893383979797","1.5845632553100586","1.5845632553100586","1.5845632553100586"
"7619","0.902466893196106","0.902466893196106","0.902466893196106","0.8120994567871094","0.8120994567871094","0.8120994567871094","1.7122622728347778","1.7122622728347778","1.7122622728347778"
"7649","0.5305675864219666","0.5305675864219666","0.5305675864219666","0.7367567420005798","0.7367567420005798","0.7367567420005798","1.6589818000793457","1.6589818000793457","1.6589818000793457"
"7679","0.45939719676971436","0.45939719676971436","0.45939719676971436","0.6317685842514038","0.6317685842514038","0.6317685842514038","1.6196844577789307","1.6196844577789307","1.6196844577789307"
"7709","0.5079578161239624","0.5079578161239624","0.5079578161239624","0.7261334657669067","0.7261334657669067","0.7261334657669067","1.7449074983596802","1.7449074983596802","1.7449074983596802"
"7739","0.5045458078384399","0.5045458078384399","0.5045458078384399","0.7084084749221802","0.7084084749221802","0.7084084749221802","1.6819332838058472","1.6819332838058472","1.6819332838058472"
"7769","0.473917156457901","0.473917156457901","0.473917156457901","0.6534680724143982","0.6534680724143982","0.6534680724143982","1.6182087659835815","1.6182087659835815","1.6182087659835815"
"7799","0.4772380590438843","0.4772380590438843","0.4772380590438843","0.6027360558509827","0.6027360558509827","0.6027360558509827","1.6594804525375366","1.6594804525375366","1.6594804525375366"
"7829","0.5727910995483398","0.5727910995483398","0.5727910995483398","0.8839743137359619","0.8839743137359619","0.8839743137359619","1.5476876497268677","1.5476876497268677","1.5476876497268677"
"7859","0.516713559627533","0.516713559627533","0.516713559627533","0.6586183309555054","0.6586183309555054","0.6586183309555054","1.6304830312728882","1.6304830312728882","1.6304830312728882"
"7889","0.4807981848716736","0.4807981848716736","0.4807981848716736","0.6140236258506775","0.6140236258506775","0.6140236258506775","1.5575653314590454","1.5575653314590454","1.5575653314590454"
"7919","0.48930037021636963","0.48930037021636963","0.48930037021636963","0.6649673581123352","0.6649673581123352","0.6649673581123352","1.6602686643600464","1.6602686643600464","1.6602686643600464"
"7949","0.46232870221138","0.46232870221138","0.46232870221138","0.5486758947372437","0.5486758947372437","0.5486758947372437","1.559110403060913","1.559110403060913","1.559110403060913"
"7979","0.4570288062095642","0.4570288062095642","0.4570288062095642","0.6779873371124268","0.6779873371124268","0.6779873371124268","1.6322790384292603","1.6322790384292603","1.6322790384292603"
"8009","0.6423808336257935","0.6423808336257935","0.6423808336257935","0.987384021282196","0.987384021282196","0.987384021282196","1.6893324851989746","1.6893324851989746","1.6893324851989746"
"8039","0.4996969997882843","0.4996969997882843","0.4996969997882843","0.6807368993759155","0.6807368993759155","0.6807368993759155","1.6638802289962769","1.6638802289962769","1.6638802289962769"
"8069","0.43501654267311096","0.43501654267311096","0.43501654267311096","0.5631577372550964","0.5631577372550964","0.5631577372550964","1.6122548580169678","1.6122548580169678","1.6122548580169678"
"8099","0.4174375832080841","0.4174375832080841","0.4174375832080841","0.5980876684188843","0.5980876684188843","0.5980876684188843","1.59219491481781","1.59219491481781","1.59219491481781"
"8129","0.4994083344936371","0.4994083344936371","0.4994083344936371","0.46946048736572266","0.46946048736572266","0.46946048736572266","1.5170236825942993","1.5170236825942993","1.5170236825942993"
"8159","0.426946222782135","0.426946222782135","0.426946222782135","0.5543007254600525","0.5543007254600525","0.5543007254600525","1.5325499773025513","1.5325499773025513","1.5325499773025513"
"8189","0.5146610736846924","0.5146610736846924","0.5146610736846924","0.885432779788971","0.885432779788971","0.885432779788971","1.5909008979797363","1.5909008979797363","1.5909008979797363"
"8219","0.5725163817405701","0.5725163817405701","0.5725163817405701","0.9377567768096924","0.9377567768096924","0.9377567768096924","1.621875524520874","1.621875524520874","1.621875524520874"
"8249","0.47136300802230835","0.47136300802230835","0.47136300802230835","0.5960900187492371","0.5960900187492371","0.5960900187492371","1.474863052368164","1.474863052368164","1.474863052368164"
"8279","0.44734129309654236","0.44734129309654236","0.44734129309654236","0.5867009162902832","0.5867009162902832","0.5867009162902832","1.5295559167861938","1.5295559167861938","1.5295559167861938"
"8309","0.4228780269622803","0.4228780269622803","0.4228780269622803","0.5567926168441772","0.5567926168441772","0.5567926168441772","1.5211079120635986","1.5211079120635986","1.5211079120635986"
"8339","0.4633401036262512","0.4633401036262512","0.4633401036262512","0.6529107689857483","0.6529107689857483","0.6529107689857483","1.5675923824310303","1.5675923824310303","1.5675923824310303"
"8369","0.5176064968109131","0.5176064968109131","0.5176064968109131","0.8268465399742126","0.8268465399742126","0.8268465399742126","1.5955121517181396","1.5955121517181396","1.5955121517181396"
"8399","0.4526457190513611","0.4526457190513611","0.4526457190513611","0.6163027882575989","0.6163027882575989","0.6163027882575989","1.6410961151123047","1.6410961151123047","1.6410961151123047"
"8429","0.5009791254997253","0.5009791254997253","0.5009791254997253","0.7943742275238037","0.7943742275238037","0.7943742275238037","1.5136324167251587","1.5136324167251587","1.5136324167251587"
"8459","0.4068678915500641","0.4068678915500641","0.4068678915500641","0.51032954454422","0.51032954454422","0.51032954454422","1.5537935495376587","1.5537935495376587","1.5537935495376587"
"8489","0.3965076804161072","0.3965076804161072","0.3965076804161072","0.5059212446212769","0.5059212446212769","0.5059212446212769","1.4591174125671387","1.4591174125671387","1.4591174125671387"
"8519","0.5105275511741638","0.5105275511741638","0.5105275511741638","0.8410595655441284","0.8410595655441284","0.8410595655441284","1.5717672109603882","1.5717672109603882","1.5717672109603882"
"8549","0.38427889347076416","0.38427889347076416","0.38427889347076416","0.5436349511146545","0.5436349511146545","0.5436349511146545","1.5404573678970337","1.5404573678970337","1.5404573678970337"
"8579","0.507759690284729","0.507759690284729","0.507759690284729","0.8630711436271667","0.8630711436271667","0.8630711436271667","1.573482632637024","1.573482632637024","1.573482632637024"
"8609","0.4527580142021179","0.4527580142021179","0.4527580142021179","0.6245136260986328","0.6245136260986328","0.6245136260986328","1.5828473567962646","1.5828473567962646","1.5828473567962646"
"8639","0.41193801164627075","0.41193801164627075","0.41193801164627075","0.5432013273239136","0.5432013273239136","0.5432013273239136","1.482613444328308","1.482613444328308","1.482613444328308"
"8669","0.4383572041988373","0.4383572041988373","0.4383572041988373","0.5397962331771851","0.5397962331771851","0.5397962331771851","1.5374611616134644","1.5374611616134644","1.5374611616134644"
"8699","0.4095883071422577","0.4095883071422577","0.4095883071422577","0.6158683896064758","0.6158683896064758","0.6158683896064758","1.5505965948104858","1.5505965948104858","1.5505965948104858"
"8729","0.3940872251987457","0.3940872251987457","0.3940872251987457","0.5831801295280457","0.5831801295280457","0.5831801295280457","1.4866918325424194","1.4866918325424194","1.4866918325424194"
"8759","0.4325162172317505","0.4325162172317505","0.4325162172317505","0.6089694499969482","0.6089694499969482","0.6089694499969482","1.538534164428711","1.538534164428711","1.538534164428711"
"8789","0.45549046993255615","0.45549046993255615","0.45549046993255615","0.7773033976554871","0.7773033976554871","0.7773033976554871","1.5545520782470703","1.5545520782470703","1.5545520782470703"
"8819","0.4108954966068268","0.4108954966068268","0.4108954966068268","0.46696898341178894","0.46696898341178894","0.46696898341178894","1.3890645503997803","1.3890645503997803","1.3890645503997803"
"8849","0.4019716680049896","0.4019716680049896","0.4019716680049896","0.5415941476821899","0.5415941476821899","0.5415941476821899","1.465813398361206","1.465813398361206","1.465813398361206"
"8879","0.38556617498397827","0.38556617498397827","0.38556617498397827","0.575628399848938","0.575628399848938","0.575628399848938","1.5256719589233398","1.5256719589233398","1.5256719589233398"
"8909","0.40556150674819946","0.40556150674819946","0.40556150674819946","0.5471645593643188","0.5471645593643188","0.5471645593643188","1.466296672821045","1.466296672821045","1.466296672821045"
"8939","0.40776410698890686","0.40776410698890686","0.40776410698890686","0.5089640617370605","0.5089640617370605","0.5089640617370605","1.3986679315567017","1.3986679315567017","1.3986679315567017"
"8969","0.3610019087791443","0.3610019087791443","0.3610019087791443","0.5553844571113586","0.5553844571113586","0.5553844571113586","1.5042239427566528","1.5042239427566528","1.5042239427566528"
"8999","0.4587893486022949","0.4587893486022949","0.4587893486022949","0.7401221394538879","0.7401221394538879","0.7401221394538879","1.5319799184799194","1.5319799184799194","1.5319799184799194"
"9029","0.40497875213623047","0.40497875213623047","0.40497875213623047","0.49235960841178894","0.49235960841178894","0.49235960841178894","1.4092158079147339","1.4092158079147339","1.4092158079147339"
"9059","0.42937830090522766","0.42937830090522766","0.42937830090522766","0.5982028245925903","0.5982028245925903","0.5982028245925903","1.5088849067687988","1.5088849067687988","1.5088849067687988"
"9089","0.3834008276462555","0.3834008276462555","0.3834008276462555","0.583878219127655","0.583878219127655","0.583878219127655","1.4939936399459839","1.4939936399459839","1.4939936399459839"
"9119","0.4090234041213989","0.4090234041213989","0.4090234041213989","0.5214550495147705","0.5214550495147705","0.5214550495147705","1.4868197441101074","1.4868197441101074","1.4868197441101074"
"9149","0.36730071902275085","0.36730071902275085","0.36730071902275085","0.48334407806396484","0.48334407806396484","0.48334407806396484","1.3924022912979126","1.3924022912979126","1.3924022912979126"
"9179","0.37351784110069275","0.37351784110069275","0.37351784110069275","0.5419237613677979","0.5419237613677979","0.5419237613677979","1.492844820022583","1.492844820022583","1.492844820022583"
"9209","0.44906753301620483","0.44906753301620483","0.44906753301620483","0.6647887825965881","0.6647887825965881","0.6647887825965881","1.4786641597747803","1.4786641597747803","1.4786641597747803"
"9239","0.36590710282325745","0.36590710282325745","0.36590710282325745","0.48364493250846863","0.48364493250846863","0.48364493250846863","1.4956998825073242","1.4956998825073242","1.4956998825073242"
"9269","0.3684096932411194","0.3684096932411194","0.3684096932411194","0.5279446244239807","0.5279446244239807","0.5279446244239807","1.4776071310043335","1.4776071310043335","1.4776071310043335"
"9299","0.35833048820495605","0.35833048820495605","0.35833048820495605","0.4773824214935303","0.4773824214935303","0.4773824214935303","1.450819969177246","1.450819969177246","1.450819969177246"
"9329","0.35247501730918884","0.35247501730918884","0.35247501730918884","0.5650381445884705","0.5650381445884705","0.5650381445884705","1.481669545173645","1.481669545173645","1.481669545173645"
"9359","0.37736618518829346","0.37736618518829346","0.37736618518829346","0.5146487355232239","0.5146487355232239","0.5146487355232239","1.4495431184768677","1.4495431184768677","1.4495431184768677"
"9389","0.3755998909473419","0.3755998909473419","0.3755998909473419","0.5432690382003784","0.5432690382003784","0.5432690382003784","1.4813381433486938","1.4813381433486938","1.4813381433486938"
"9419","0.3485657274723053","0.3485657274723053","0.3485657274723053","0.5090200304985046","0.5090200304985046","0.5090200304985046","1.4400081634521484","1.4400081634521484","1.4400081634521484"
"9449","0.3927450478076935","0.3927450478076935","0.3927450478076935","0.5200173258781433","0.5200173258781433","0.5200173258781433","1.4774831533432007","1.4774831533432007","1.4774831533432007"
"9479","0.3729146122932434","0.3729146122932434","0.3729146122932434","0.44111502170562744","0.44111502170562744","0.44111502170562744","1.418908715248108","1.418908715248108","1.418908715248108"
"9509","0.36171966791152954","0.36171966791152954","0.36171966791152954","0.5581300854682922","0.5581300854682922","0.5581300854682922","1.5415310859680176","1.5415310859680176","1.5415310859680176"
"9539","0.34917354583740234","0.34917354583740234","0.34917354583740234","0.5425834059715271","0.5425834059715271","0.5425834059715271","1.4757741689682007","1.4757741689682007","1.4757741689682007"
"9569","0.3910040855407715","0.3910040855407715","0.3910040855407715","0.5131348371505737","0.5131348371505737","0.5131348371505737","1.4124853610992432","1.4124853610992432","1.4124853610992432"
"9599","0.33945906162261963","0.33945906162261963","0.33945906162261963","0.43329918384552","0.43329918384552","0.43329918384552","1.341988444328308","1.341988444328308","1.341988444328308"
"9629","0.3272973299026489","0.3272973299026489","0.3272973299026489","0.4623493552207947","0.4623493552207947","0.4623493552207947","1.410561442375183","1.410561442375183","1.410561442375183"
"9659","0.41249433159828186","0.41249433159828186","0.41249433159828186","0.4439028203487396","0.4439028203487396","0.4439028203487396","1.4572341442108154","1.4572341442108154","1.4572341442108154"
"9689","0.3848858177661896","0.3848858177661896","0.3848858177661896","0.5784378051757812","0.5784378051757812","0.5784378051757812","1.4813815355300903","1.4813815355300903","1.4813815355300903"
"9719","0.33648502826690674","0.33648502826690674","0.33648502826690674","0.43740034103393555","0.43740034103393555","0.43740034103393555","1.3398046493530273","1.3398046493530273","1.3398046493530273"
"9749","0.3704931437969208","0.3704931437969208","0.3704931437969208","0.46761855483055115","0.46761855483055115","0.46761855483055115","1.3545641899108887","1.3545641899108887","1.3545641899108887"
"9779","0.3190712034702301","0.3190712034702301","0.3190712034702301","0.47226664423942566","0.47226664423942566","0.47226664423942566","1.4008408784866333","1.4008408784866333","1.4008408784866333"
"9809","0.33951589465141296","0.33951589465141296","0.33951589465141296","0.4635883569717407","0.4635883569717407","0.4635883569717407","1.3579483032226562","1.3579483032226562","1.3579483032226562"
"9839","0.3055552542209625","0.3055552542209625","0.3055552542209625","0.4585430920124054","0.4585430920124054","0.4585430920124054","1.362762689590454","1.362762689590454","1.362762689590454"
"9869","0.3803093135356903","0.3803093135356903","0.3803093135356903","0.6166006326675415","0.6166006326675415","0.6166006326675415","1.4371284246444702","1.4371284246444702","1.4371284246444702"
"9899","0.3217009902000427","0.3217009902000427","0.3217009902000427","0.4640052020549774","0.4640052020549774","0.4640052020549774","1.4016162157058716","1.4016162157058716","1.4016162157058716"
"9929","0.342752605676651","0.342752605676651","0.342752605676651","0.49626514315605164","0.49626514315605164","0.49626514315605164","1.41733980178833","1.41733980178833","1.41733980178833"
"9959","0.3266999125480652","0.3266999125480652","0.3266999125480652","0.5491204857826233","0.5491204857826233","0.5491204857826233","1.5162127017974854","1.5162127017974854","1.5162127017974854"
"9989","0.36239093542099","0.36239093542099","0.36239093542099","0.5208985805511475","0.5208985805511475","0.5208985805511475","1.4064289331436157","1.4064289331436157","1.4064289331436157"
"10019","0.3241822421550751","0.3241822421550751","0.3241822421550751","0.4590566158294678","0.4590566158294678","0.4590566158294678","1.382566213607788","1.382566213607788","1.382566213607788"
"10049","0.3350096046924591","0.3350096046924591","0.3350096046924591","0.4266624450683594","0.4266624450683594","0.4266624450683594","1.351738452911377","1.351738452911377","1.351738452911377"
"10079","0.3073602318763733","0.3073602318763733","0.3073602318763733","0.41698551177978516","0.41698551177978516","0.41698551177978516","1.307271122932434","1.307271122932434","1.307271122932434"
"10109","0.32119154930114746","0.32119154930114746","0.32119154930114746","0.4386376738548279","0.4386376738548279","0.4386376738548279","1.4020791053771973","1.4020791053771973","1.4020791053771973"
"10139","0.2997529208660126","0.2997529208660126","0.2997529208660126","0.4407559633255005","0.4407559633255005","0.4407559633255005","1.3585597276687622","1.3585597276687622","1.3585597276687622"
"10169","0.3004695475101471","0.3004695475101471","0.3004695475101471","0.44786742329597473","0.44786742329597473","0.44786742329597473","1.3758519887924194","1.3758519887924194","1.3758519887924194"
"10199","0.31364530324935913","0.31364530324935913","0.31364530324935913","0.46285003423690796","0.46285003423690796","0.46285003423690796","1.4263503551483154","1.4263503551483154","1.4263503551483154"
"10229","0.33468809723854065","0.33468809723854065","0.33468809723854065","0.4480329155921936","0.4480329155921936","0.4480329155921936","1.361843228340149","1.361843228340149","1.361843228340149"
"10259","0.32144686579704285","0.32144686579704285","0.32144686579704285","0.4431014060974121","0.4431014060974121","0.4431014060974121","1.347401738166809","1.347401738166809","1.347401738166809"
"10289","0.30804887413978577","0.30804887413978577","0.30804887413978577","0.4686224162578583","0.4686224162578583","0.4686224162578583","1.3642520904541016","1.3642520904541016","1.3642520904541016"
"10319","0.31924015283584595","0.31924015283584595","0.31924015283584595","0.46571364998817444","0.46571364998817444","0.46571364998817444","1.428525686264038","1.428525686264038","1.428525686264038"
"10349","0.3311375379562378","0.3311375379562378","0.3311375379562378","0.46440234780311584","0.46440234780311584","0.46440234780311584","1.397087812423706","1.397087812423706","1.397087812423706"
"10379","0.37810176610946655","0.37810176610946655","0.37810176610946655","0.5807098746299744","0.5807098746299744","0.5807098746299744","1.3051217794418335","1.3051217794418335","1.3051217794418335"
"10409","0.310444712638855","0.310444712638855","0.310444712638855","0.4397905766963959","0.4397905766963959","0.4397905766963959","1.3593937158584595","1.3593937158584595","1.3593937158584595"
"10439","0.2901633083820343","0.2901633083820343","0.2901633083820343","0.4795228838920593","0.4795228838920593","0.4795228838920593","1.3847776651382446","1.3847776651382446","1.3847776651382446"
"10469","0.3752882778644562","0.3752882778644562","0.3752882778644562","0.6157954931259155","0.6157954931259155","0.6157954931259155","1.3836376667022705","1.3836376667022705","1.3836376667022705"
"10499","0.30284684896469116","0.30284684896469116","0.30284684896469116","0.4005904197692871","0.4005904197692871","0.4005904197692871","1.3069231510162354","1.3069231510162354","1.3069231510162354"
"10529","0.33593252301216125","0.33593252301216125","0.33593252301216125","0.43961402773857117","0.43961402773857117","0.43961402773857117","1.3450793027877808","1.3450793027877808","1.3450793027877808"
"10559","0.30007362365722656","0.30007362365722656","0.30007362365722656","0.4274309575557709","0.4274309575557709","0.4274309575557709","1.2910622358322144","1.2910622358322144","1.2910622358322144"
"10589","0.32164210081100464","0.32164210081100464","0.32164210081100464","0.4504591226577759","0.4504591226577759","0.4504591226577759","1.3221327066421509","1.3221327066421509","1.3221327066421509"
"10619","0.30217552185058594","0.30217552185058594","0.30217552185058594","0.3918011784553528","0.3918011784553528","0.3918011784553528","1.3221056461334229","1.3221056461334229","1.3221056461334229"
"10649","0.28871676325798035","0.28871676325798035","0.28871676325798035","0.43236243724823","0.43236243724823","0.43236243724823","1.3505805730819702","1.3505805730819702","1.3505805730819702"
"10679","0.2914848029613495","0.2914848029613495","0.2914848029613495","0.42027491331100464","0.42027491331100464","0.42027491331100464","1.343483805656433","1.343483805656433","1.343483805656433"
"10709","0.36316075921058655","0.36316075921058655","0.36316075921058655","0.5777278542518616","0.5777278542518616","0.5777278542518616","1.2843859195709229","1.2843859195709229","1.2843859195709229"
"10739","0.27735212445259094","0.27735212445259094","0.27735212445259094","0.37301063537597656","0.37301063537597656","0.37301063537597656","1.2662361860275269","1.2662361860275269","1.2662361860275269"
"10769","0.30825984477996826","0.30825984477996826","0.30825984477996826","0.44953879714012146","0.44953879714012146","0.44953879714012146","1.409242868423462","1.409242868423462","1.409242868423462"
"10799","0.3067559003829956","0.3067559003829956","0.3067559003829956","0.43281611800193787","0.43281611800193787","0.43281611800193787","1.3251034021377563","1.3251034021377563","1.3251034021377563"
"10829","0.30704984068870544","0.30704984068870544","0.30704984068870544","0.4905841648578644","0.4905841648578644","0.4905841648578644","1.4269826412200928","1.4269826412200928","1.4269826412200928"
"10859","0.3088737726211548","0.3088737726211548","0.3088737726211548","0.3833315074443817","0.3833315074443817","0.3833315074443817","1.3013557195663452","1.3013557195663452","1.3013557195663452"
"10889","0.3559287488460541","0.3559287488460541","0.3559287488460541","0.5646659135818481","0.5646659135818481","0.5646659135818481","1.338641881942749","1.338641881942749","1.338641881942749"
"10919","0.3615379333496094","0.3615379333496094","0.3615379333496094","0.546367347240448","0.546367347240448","0.546367347240448","1.3354510068893433","1.3354510068893433","1.3354510068893433"
"10949","0.31386256217956543","0.31386256217956543","0.31386256217956543","0.3897688090801239","0.3897688090801239","0.3897688090801239","1.2504009008407593","1.2504009008407593","1.2504009008407593"
"10979","0.28111639618873596","0.28111639618873596","0.28111639618873596","0.36462387442588806","0.36462387442588806","0.36462387442588806","1.2532459497451782","1.2532459497451782","1.2532459497451782"
"11009","0.3090983033180237","0.3090983033180237","0.3090983033180237","0.4282805621623993","0.4282805621623993","0.4282805621623993","1.2727240324020386","1.2727240324020386","1.2727240324020386"
"11039","0.2985697388648987","0.2985697388648987","0.2985697388648987","0.4324222207069397","0.4324222207069397","0.4324222207069397","1.3303992748260498","1.3303992748260498","1.3303992748260498"
"11069","0.3132917582988739","0.3132917582988739","0.3132917582988739","0.46666035056114197","0.46666035056114197","0.46666035056114197","1.37168550491333","1.37168550491333","1.37168550491333"
"11099","0.27360397577285767","0.27360397577285767","0.27360397577285767","0.358549565076828","0.358549565076828","0.358549565076828","1.250346064567566","1.250346064567566","1.250346064567566"
"11129","0.3041260540485382","0.3041260540485382","0.3041260540485382","0.44636985659599304","0.44636985659599304","0.44636985659599304","1.3563308715820312","1.3563308715820312","1.3563308715820312"
"11159","0.26446619629859924","0.26446619629859924","0.26446619629859924","0.42464500665664673","0.42464500665664673","0.42464500665664673","1.3194048404693604","1.3194048404693604","1.3194048404693604"
"11189","0.351571649312973","0.351571649312973","0.351571649312973","0.5672701597213745","0.5672701597213745","0.5672701597213745","1.3095247745513916","1.3095247745513916","1.3095247745513916"
"11219","0.2825789153575897","0.2825789153575897","0.2825789153575897","0.3559160530567169","0.3559160530567169","0.3559160530567169","1.2148666381835938","1.2148666381835938","1.2148666381835938"
"11249","0.28341278433799744","0.28341278433799744","0.28341278433799744","0.35652828216552734","0.35652828216552734","0.35652828216552734","1.20594322681427","1.20594322681427","1.20594322681427"
"11279","0.26905548572540283","0.26905548572540283","0.26905548572540283","0.3953680992126465","0.3953680992126465","0.3953680992126465","1.2838128805160522","1.2838128805160522","1.2838128805160522"
"11309","0.34468159079551697","0.34468159079551697","0.34468159079551697","0.5654997229576111","0.5654997229576111","0.5654997229576111","1.3160779476165771","1.3160779476165771","1.3160779476165771"
"11339","0.26524263620376587","0.26524263620376587","0.26524263620376587","0.3903816044330597","0.3903816044330597","0.3903816044330597","1.2721024751663208","1.2721024751663208","1.2721024751663208"
"11369","0.2818344533443451","0.2818344533443451","0.2818344533443451","0.41181066632270813","0.41181066632270813","0.41181066632270813","1.2752594947814941","1.2752594947814941","1.2752594947814941"
"11399","0.2683098614215851","0.2683098614215851","0.2683098614215851","0.3666539788246155","0.3666539788246155","0.3666539788246155","1.284450650215149","1.284450650215149","1.284450650215149"
"11429","0.3414858281612396","0.3414858281612396","0.3414858281612396","0.5322728753089905","0.5322728753089905","0.5322728753089905","1.3038498163223267","1.3038498163223267","1.3038498163223267"
"11459","0.28515830636024475","0.28515830636024475","0.28515830636024475","0.36643722653388977","0.36643722653388977","0.36643722653388977","1.2849770784378052","1.2849770784378052","1.2849770784378052"
"11489","0.25417575240135193","0.25417575240135193","0.25417575240135193","0.44013547897338867","0.44013547897338867","0.44013547897338867","1.3233413696289062","1.3233413696289062","1.3233413696289062"
"11519","0.27066317200660706","0.27066317200660706","0.27066317200660706","0.37875160574913025","0.37875160574913025","0.37875160574913025","1.2508255243301392","1.2508255243301392","1.2508255243301392"
"11549","0.2825099229812622","0.2825099229812622","0.2825099229812622","0.417754203081131","0.417754203081131","0.417754203081131","1.2721760272979736","1.2721760272979736","1.2721760272979736"
"11579","0.3531761169433594","0.3531761169433594","0.3531761169433594","0.5302115082740784","0.5302115082740784","0.5302115082740784","1.300028681755066","1.300028681755066","1.300028681755066"
"11609","0.2763046324253082","0.2763046324253082","0.2763046324253082","0.299825519323349","0.299825519323349","0.299825519323349","1.179560661315918","1.179560661315918","1.179560661315918"
"11639","0.33308908343315125","0.33308908343315125","0.33308908343315125","0.52032470703125","0.52032470703125","0.52032470703125","1.2353062629699707","1.2353062629699707","1.2353062629699707"
"11669","0.25811439752578735","0.25811439752578735","0.25811439752578735","0.3853265643119812","0.3853265643119812","0.3853265643119812","1.3225843906402588","1.3225843906402588","1.3225843906402588"
"11699","0.3609769344329834","0.3609769344329834","0.3609769344329834","0.5653152465820312","0.5653152465820312","0.5653152465820312","1.2469590902328491","1.2469590902328491","1.2469590902328491"
"11729","0.24838538467884064","0.24838538467884064","0.24838538467884064","0.34458962082862854","0.34458962082862854","0.34458962082862854","1.2070672512054443","1.2070672512054443","1.2070672512054443"
"11759","0.290749192237854","0.290749192237854","0.290749192237854","0.45972928404808044","0.45972928404808044","0.45972928404808044","1.3102285861968994","1.3102285861968994","1.3102285861968994"
"11789","0.24882668256759644","0.24882668256759644","0.24882668256759644","0.3316488564014435","0.3316488564014435","0.3316488564014435","1.2483363151550293","1.2483363151550293","1.2483363151550293"
"11819","0.26093319058418274","0.26093319058418274","0.26093319058418274","0.3724019527435303","0.3724019527435303","0.3724019527435303","1.2350305318832397","1.2350305318832397","1.2350305318832397"
"11849","0.2593790292739868","0.2593790292739868","0.2593790292739868","0.42400848865509033","0.42400848865509033","0.42400848865509033","1.3038772344589233","1.3038772344589233","1.3038772344589233"
"11879","0.25889235734939575","0.25889235734939575","0.25889235734939575","0.33747008442878723","0.33747008442878723","0.33747008442878723","1.1536955833435059","1.1536955833435059","1.1536955833435059"
"11909","0.3483678102493286","0.3483678102493286","0.3483678102493286","0.5555762648582458","0.5555762648582458","0.5555762648582458","1.2951077222824097","1.2951077222824097","1.2951077222824097"
"11939","0.26699236035346985","0.26699236035346985","0.26699236035346985","0.34718289971351624","0.34718289971351624","0.34718289971351624","1.230690836906433","1.230690836906433","1.230690836906433"
"11969","0.22803013026714325","0.22803013026714325","0.22803013026714325","0.3344970643520355","0.3344970643520355","0.3344970643520355","1.2538963556289673","1.2538963556289673","1.2538963556289673"
"11999","0.32500433921813965","0.32500433921813965","0.32500433921813965","0.5142319202423096","0.5142319202423096","0.5142319202423096","1.2599217891693115","1.2599217891693115","1.2599217891693115"
"12029","0.30297866463661194","0.30297866463661194","0.30297866463661194","0.4602768123149872","0.4602768123149872","0.4602768123149872","1.1457948684692383","1.1457948684692383","1.1457948684692383"
"12059","0.24181108176708221","0.24181108176708221","0.24181108176708221","0.3542572557926178","0.3542572557926178","0.3542572557926178","1.1592518091201782","1.1592518091201782","1.1592518091201782"
"12089","0.24556255340576172","0.24556255340576172","0.24556255340576172","0.3790777623653412","0.3790777623653412","0.3790777623653412","1.2707457542419434","1.2707457542419434","1.2707457542419434"
"12119","2.373415470123291","2.373415470123291","2.373415470123291","3.561577796936035","3.561577796936035","3.561577796936035","10.327436447143555","10.327436447143555","10.327436447143555"
"12149","0.24638736248016357","0.24638736248016357","0.24638736248016357","0.3377072811126709","0.3377072811126709","0.3377072811126709","1.2572133541107178","1.2572133541107178","1.2572133541107178"
"12179","0.26090818643569946","0.26090818643569946","0.26090818643569946","0.3407864570617676","0.3407864570617676","0.3407864570617676","1.2056595087051392","1.2056595087051392","1.2056595087051392"
"12209","0.2353413850069046","0.2353413850069046","0.2353413850069046","0.3399093449115753","0.3399093449115753","0.3399093449115753","1.1635005474090576","1.1635005474090576","1.1635005474090576"
"12239","0.2410435676574707","0.2410435676574707","0.2410435676574707","0.3443581461906433","0.3443581461906433","0.3443581461906433","1.2195698022842407","1.2195698022842407","1.2195698022842407"
"12269","0.25413778424263","0.25413778424263","0.25413778424263","0.34471040964126587","0.34471040964126587","0.34471040964126587","1.1901746988296509","1.1901746988296509","1.1901746988296509"
"12299","0.23956087231636047","0.23956087231636047","0.23956087231636047","0.34256812930107117","0.34256812930107117","0.34256812930107117","1.2156147956848145","1.2156147956848145","1.2156147956848145"
"12329","0.23014119267463684","0.23014119267463684","0.23014119267463684","0.31083694100379944","0.31083694100379944","0.31083694100379944","1.15752112865448","1.15752112865448","1.15752112865448"
"12359","0.31516045331954956","0.31516045331954956","0.31516045331954956","0.45423850417137146","0.45423850417137146","0.45423850417137146","1.1900968551635742","1.1900968551635742","1.1900968551635742"
"12389","0.2554910182952881","0.2554910182952881","0.2554910182952881","0.3754109740257263","0.3754109740257263","0.3754109740257263","1.177672266960144","1.177672266960144","1.177672266960144"
"12419","0.2481522262096405","0.2481522262096405","0.2481522262096405","0.3569457530975342","0.3569457530975342","0.3569457530975342","1.2547495365142822","1.2547495365142822","1.2547495365142822"
"12449","0.3019596338272095","0.3019596338272095","0.3019596338272095","0.4468704164028168","0.4468704164028168","0.4468704164028168","1.168082356452942","1.168082356452942","1.168082356452942"
"12479","0.33533602952957153","0.33533602952957153","0.33533602952957153","0.5010725259780884","0.5010725259780884","0.5010725259780884","1.239256739616394","1.239256739616394","1.239256739616394"
"12509","0.2984877824783325","0.2984877824783325","0.2984877824783325","0.4480314552783966","0.4480314552783966","0.4480314552783966","1.1796848773956299","1.1796848773956299","1.1796848773956299"
"12539","0.2276337593793869","0.2276337593793869","0.2276337593793869","0.31704092025756836","0.31704092025756836","0.31704092025756836","1.1897506713867188","1.1897506713867188","1.1897506713867188"
"12569","0.2423173487186432","0.2423173487186432","0.2423173487186432","0.347643107175827","0.347643107175827","0.347643107175827","1.2404226064682007","1.2404226064682007","1.2404226064682007"
"12599","0.24834489822387695","0.24834489822387695","0.24834489822387695","0.3983088731765747","0.3983088731765747","0.3983088731765747","1.2375779151916504","1.2375779151916504","1.2375779151916504"
"12629","0.2488216906785965","0.2488216906785965","0.2488216906785965","0.3520183563232422","0.3520183563232422","0.3520183563232422","1.2414765357971191","1.2414765357971191","1.2414765357971191"
"12659","0.25475800037384033","0.25475800037384033","0.25475800037384033","0.4013766050338745","0.4013766050338745","0.4013766050338745","1.243214726448059","1.243214726448059","1.243214726448059"
"12689","0.24541643261909485","0.24541643261909485","0.24541643261909485","0.3981851637363434","0.3981851637363434","0.3981851637363434","1.2346441745758057","1.2346441745758057","1.2346441745758057"
"12719","0.24516695737838745","0.24516695737838745","0.24516695737838745","0.38496914505958557","0.38496914505958557","0.38496914505958557","1.2526929378509521","1.2526929378509521","1.2526929378509521"
"12749","0.23816026747226715","0.23816026747226715","0.23816026747226715","0.31936895847320557","0.31936895847320557","0.31936895847320557","1.195844292640686","1.195844292640686","1.195844292640686"
"12779","0.23166705667972565","0.23166705667972565","0.23166705667972565","0.29286831617355347","0.29286831617355347","0.29286831617355347","1.1262078285217285","1.1262078285217285","1.1262078285217285"
"12809","0.23023322224617004","0.23023322224617004","0.23023322224617004","0.3195543885231018","0.3195543885231018","0.3195543885231018","1.2065701484680176","1.2065701484680176","1.2065701484680176"
"12839","0.25808021426200867","0.25808021426200867","0.25808021426200867","0.39048370718955994","0.39048370718955994","0.39048370718955994","1.2230161428451538","1.2230161428451538","1.2230161428451538"
"12869","0.2307063639163971","0.2307063639163971","0.2307063639163971","0.3384406268596649","0.3384406268596649","0.3384406268596649","1.1940908432006836","1.1940908432006836","1.1940908432006836"
"12899","0.24711808562278748","0.24711808562278748","0.24711808562278748","0.37408262491226196","0.37408262491226196","0.37408262491226196","1.2221567630767822","1.2221567630767822","1.2221567630767822"
"12929","0.23466983437538147","0.23466983437538147","0.23466983437538147","0.3806358277797699","0.3806358277797699","0.3806358277797699","1.2398005723953247","1.2398005723953247","1.2398005723953247"
"12959","0.29956066608428955","0.29956066608428955","0.29956066608428955","0.4524115025997162","0.4524115025997162","0.4524115025997162","1.1780402660369873","1.1780402660369873","1.1780402660369873"
"12989","0.22591842710971832","0.22591842710971832","0.22591842710971832","0.3678206503391266","0.3678206503391266","0.3678206503391266","1.2098063230514526","1.2098063230514526","1.2098063230514526"
"13019","0.2662394344806671","0.2662394344806671","0.2662394344806671","0.3499409854412079","0.3499409854412079","0.3499409854412079","1.139625906944275","1.139625906944275","1.139625906944275"
"13049","0.2282409369945526","0.2282409369945526","0.2282409369945526","0.3158087134361267","0.3158087134361267","0.3158087134361267","1.1824514865875244","1.1824514865875244","1.1824514865875244"
"13079","0.2347581386566162","0.2347581386566162","0.2347581386566162","0.3255552649497986","0.3255552649497986","0.3255552649497986","1.1773521900177002","1.1773521900177002","1.1773521900177002"
"13109","0.2266187220811844","0.2266187220811844","0.2266187220811844","0.3265382945537567","0.3265382945537567","0.3265382945537567","1.1425952911376953","1.1425952911376953","1.1425952911376953"
"13139","0.32244789600372314","0.32244789600372314","0.32244789600372314","0.49202612042427063","0.49202612042427063","0.49202612042427063","1.1688854694366455","1.1688854694366455","1.1688854694366455"
"13169","0.22895830869674683","0.22895830869674683","0.22895830869674683","0.2935003340244293","0.2935003340244293","0.2935003340244293","1.1651264429092407","1.1651264429092407","1.1651264429092407"
"13199","0.23036958277225494","0.23036958277225494","0.23036958277225494","0.32188862562179565","0.32188862562179565","0.32188862562179565","1.1636406183242798","1.1636406183242798","1.1636406183242798"
"13229","0.23635032773017883","0.23635032773017883","0.23635032773017883","0.29837074875831604","0.29837074875831604","0.29837074875831604","1.1097806692123413","1.1097806692123413","1.1097806692123413"
"13259","0.2359340637922287","0.2359340637922287","0.2359340637922287","0.32009440660476685","0.32009440660476685","0.32009440660476685","1.1523768901824951","1.1523768901824951","1.1523768901824951"
"13289","0.22802668809890747","0.22802668809890747","0.22802668809890747","0.27960434556007385","0.27960434556007385","0.27960434556007385","1.109628438949585","1.109628438949585","1.109628438949585"
"13319","0.23459742963314056","0.23459742963314056","0.23459742963314056","0.3404843509197235","0.3404843509197235","0.3404843509197235","1.1462352275848389","1.1462352275848389","1.1462352275848389"
"13349","0.21708117425441742","0.21708117425441742","0.21708117425441742","0.27786415815353394","0.27786415815353394","0.27786415815353394","1.1292353868484497","1.1292353868484497","1.1292353868484497"
"13379","0.22764338552951813","0.22764338552951813","0.22764338552951813","0.32903754711151123","0.32903754711151123","0.32903754711151123","1.1125454902648926","1.1125454902648926","1.1125454902648926"
"13409","0.21916720271110535","0.21916720271110535","0.21916720271110535","0.2532351315021515","0.2532351315021515","0.2532351315021515","1.0240925550460815","1.0240925550460815","1.0240925550460815"
"13439","0.2334393709897995","0.2334393709897995","0.2334393709897995","0.349527508020401","0.349527508020401","0.349527508020401","1.1341129541397095","1.1341129541397095","1.1341129541397095"
"13469","0.22344501316547394","0.22344501316547394","0.22344501316547394","0.3428218364715576","0.3428218364715576","0.3428218364715576","1.1866874694824219","1.1866874694824219","1.1866874694824219"
"13499","0.22219780087471008","0.22219780087471008","0.22219780087471008","0.30300983786582947","0.30300983786582947","0.30300983786582947","1.1735666990280151","1.1735666990280151","1.1735666990280151"
"13529","0.2332056313753128","0.2332056313753128","0.2332056313753128","0.3476146161556244","0.3476146161556244","0.3476146161556244","1.1378998756408691","1.1378998756408691","1.1378998756408691"
"13559","0.2406492978334427","0.2406492978334427","0.2406492978334427","0.3112623989582062","0.3112623989582062","0.3112623989582062","1.143357753753662","1.143357753753662","1.143357753753662"
"13589","0.2261505126953125","0.2261505126953125","0.2261505126953125","0.31312158703804016","0.31312158703804016","0.31312158703804016","1.1601567268371582","1.1601567268371582","1.1601567268371582"
"13619","0.23368075489997864","0.23368075489997864","0.23368075489997864","0.3066574037075043","0.3066574037075043","0.3066574037075043","1.1411129236221313","1.1411129236221313","1.1411129236221313"
"13649","0.1946297287940979","0.1946297287940979","0.1946297287940979","0.2554496228694916","0.2554496228694916","0.2554496228694916","1.064320683479309","1.064320683479309","1.064320683479309"
"13679","0.2222021073102951","0.2222021073102951","0.2222021073102951","0.3204539120197296","0.3204539120197296","0.3204539120197296","1.1368379592895508","1.1368379592895508","1.1368379592895508"
"13709","0.30012571811676025","0.30012571811676025","0.30012571811676025","0.4296952784061432","0.4296952784061432","0.4296952784061432","1.1563256978988647","1.1563256978988647","1.1563256978988647"
"13739","0.22466427087783813","0.22466427087783813","0.22466427087783813","0.3360758125782013","0.3360758125782013","0.3360758125782013","1.1564031839370728","1.1564031839370728","1.1564031839370728"
"13769","0.22427082061767578","0.22427082061767578","0.22427082061767578","0.32949039340019226","0.32949039340019226","0.32949039340019226","1.1368061304092407","1.1368061304092407","1.1368061304092407"
"13799","0.22108379006385803","0.22108379006385803","0.22108379006385803","0.3077233135700226","0.3077233135700226","0.3077233135700226","1.0948622226715088","1.0948622226715088","1.0948622226715088"
"13829","0.23295576870441437","0.23295576870441437","0.23295576870441437","0.3424915671348572","0.3424915671348572","0.3424915671348572","1.1919397115707397","1.1919397115707397","1.1919397115707397"
"13859","0.21775321662425995","0.21775321662425995","0.21775321662425995","0.31710681319236755","0.31710681319236755","0.31710681319236755","1.0906243324279785","1.0906243324279785","1.0906243324279785"
"13889","0.22140812873840332","0.22140812873840332","0.22140812873840332","0.2959512770175934","0.2959512770175934","0.2959512770175934","1.108114242553711","1.108114242553711","1.108114242553711"
"13919","0.216337651014328","0.216337651014328","0.216337651014328","0.2827084958553314","0.2827084958553314","0.2827084958553314","1.0690182447433472","1.0690182447433472","1.0690182447433472"
"13949","0.22303546965122223","0.22303546965122223","0.22303546965122223","0.28859689831733704","0.28859689831733704","0.28859689831733704","1.1021313667297363","1.1021313667297363","1.1021313667297363"
"13979","0.21947874128818512","0.21947874128818512","0.21947874128818512","0.2531357407569885","0.2531357407569885","0.2531357407569885","1.09352707862854","1.09352707862854","1.09352707862854"
"14009","0.20660188794136047","0.20660188794136047","0.20660188794136047","0.2898455262184143","0.2898455262184143","0.2898455262184143","1.0824514627456665","1.0824514627456665","1.0824514627456665"
"14039","0.22981040179729462","0.22981040179729462","0.22981040179729462","0.29802244901657104","0.29802244901657104","0.29802244901657104","1.0988801717758179","1.0988801717758179","1.0988801717758179"
"14069","0.2944040894508362","0.2944040894508362","0.2944040894508362","0.4118448495864868","0.4118448495864868","0.4118448495864868","1.1304634809494019","1.1304634809494019","1.1304634809494019"
"14099","0.20742855966091156","0.20742855966091156","0.20742855966091156","0.2890993356704712","0.2890993356704712","0.2890993356704712","1.1304969787597656","1.1304969787597656","1.1304969787597656"
"14129","0.23081925511360168","0.23081925511360168","0.23081925511360168","0.3319656252861023","0.3319656252861023","0.3319656252861023","1.12208092212677","1.12208092212677","1.12208092212677"
"14159","0.20594555139541626","0.20594555139541626","0.20594555139541626","0.2899751365184784","0.2899751365184784","0.2899751365184784","1.1225972175598145","1.1225972175598145","1.1225972175598145"
"14189","0.24234923720359802","0.24234923720359802","0.24234923720359802","0.287296861410141","0.287296861410141","0.287296861410141","1.1202671527862549","1.1202671527862549","1.1202671527862549"
"14219","0.21959169209003448","0.21959169209003448","0.21959169209003448","0.2906413674354553","0.2906413674354553","0.2906413674354553","1.1279678344726562","1.1279678344726562","1.1279678344726562"
"14249","0.2204744815826416","0.2204744815826416","0.2204744815826416","0.3032989501953125","0.3032989501953125","0.3032989501953125","1.1171506643295288","1.1171506643295288","1.1171506643295288"
"14279","0.20918525755405426","0.20918525755405426","0.20918525755405426","0.2643645703792572","0.2643645703792572","0.2643645703792572","1.033420205116272","1.033420205116272","1.033420205116272"
"14309","0.20260551571846008","0.20260551571846008","0.20260551571846008","0.25402939319610596","0.25402939319610596","0.25402939319610596","1.0176070928573608","1.0176070928573608","1.0176070928573608"
"14339","0.21754714846611023","0.21754714846611023","0.21754714846611023","0.3019787073135376","0.3019787073135376","0.3019787073135376","1.084102749824524","1.084102749824524","1.084102749824524"
"14369","0.19676409661769867","0.19676409661769867","0.19676409661769867","0.22343918681144714","0.22343918681144714","0.22343918681144714","0.9822646975517273","0.9822646975517273","0.9822646975517273"
"14399","0.21340329945087433","0.21340329945087433","0.21340329945087433","0.288989394903183","0.288989394903183","0.288989394903183","1.069907784461975","1.069907784461975","1.069907784461975"
"14429","0.20762194693088531","0.20762194693088531","0.20762194693088531","0.29694291949272156","0.29694291949272156","0.29694291949272156","1.1010687351226807","1.1010687351226807","1.1010687351226807"
"14459","0.19834892451763153","0.19834892451763153","0.19834892451763153","0.2478194683790207","0.2478194683790207","0.2478194683790207","1.0546067953109741","1.0546067953109741","1.0546067953109741"
"14489","0.20628608763217926","0.20628608763217926","0.20628608763217926","0.22996070981025696","0.22996070981025696","0.22996070981025696","0.9858790636062622","0.9858790636062622","0.9858790636062622"
"14519","0.19892482459545135","0.19892482459545135","0.19892482459545135","0.2779088616371155","0.2779088616371155","0.2779088616371155","1.0625029802322388","1.0625029802322388","1.0625029802322388"
"14549","0.20199847221374512","0.20199847221374512","0.20199847221374512","0.26746025681495667","0.26746025681495667","0.26746025681495667","1.0689213275909424","1.0689213275909424","1.0689213275909424"
"14579","0.22928571701049805","0.22928571701049805","0.22928571701049805","0.2918214499950409","0.2918214499950409","0.2918214499950409","1.0958019495010376","1.0958019495010376","1.0958019495010376"
"14609","0.21748989820480347","0.21748989820480347","0.21748989820480347","0.276885449886322","0.276885449886322","0.276885449886322","1.0261754989624023","1.0261754989624023","1.0261754989624023"
"14639","0.19862359762191772","0.19862359762191772","0.19862359762191772","0.27636268734931946","0.27636268734931946","0.27636268734931946","1.036247730255127","1.036247730255127","1.036247730255127"
"14669","0.17435550689697266","0.17435550689697266","0.17435550689697266","0.2422824651002884","0.2422824651002884","0.2422824651002884","1.0244675874710083","1.0244675874710083","1.0244675874710083"
"14699","0.1867087483406067","0.1867087483406067","0.1867087483406067","0.24860338866710663","0.24860338866710663","0.24860338866710663","1.0569509267807007","1.0569509267807007","1.0569509267807007"
"14729","0.1926174908876419","0.1926174908876419","0.1926174908876419","0.28732576966285706","0.28732576966285706","0.28732576966285706","1.053942322731018","1.053942322731018","1.053942322731018"
"14759","0.18272188305854797","0.18272188305854797","0.18272188305854797","0.24967113137245178","0.24967113137245178","0.24967113137245178","1.0296199321746826","1.0296199321746826","1.0296199321746826"
"14789","0.2029147893190384","0.2029147893190384","0.2029147893190384","0.3004608750343323","0.3004608750343323","0.3004608750343323","1.0965009927749634","1.0965009927749634","1.0965009927749634"
"14819","0.21889865398406982","0.21889865398406982","0.21889865398406982","0.30986329913139343","0.30986329913139343","0.30986329913139343","1.0717380046844482","1.0717380046844482","1.0717380046844482"
"14849","0.20760966837406158","0.20760966837406158","0.20760966837406158","0.25228604674339294","0.25228604674339294","0.25228604674339294","1.003778100013733","1.003778100013733","1.003778100013733"
"14879","0.19547198712825775","0.19547198712825775","0.19547198712825775","0.3081211745738983","0.3081211745738983","0.3081211745738983","1.0570679903030396","1.0570679903030396","1.0570679903030396"
"14909","0.19103208184242249","0.19103208184242249","0.19103208184242249","0.3111444115638733","0.3111444115638733","0.3111444115638733","1.1425987482070923","1.1425987482070923","1.1425987482070923"
"14939","0.2655455768108368","0.2655455768108368","0.2655455768108368","0.3566100299358368","0.3566100299358368","0.3566100299358368","1.0496718883514404","1.0496718883514404","1.0496718883514404"
"14969","0.19616034626960754","0.19616034626960754","0.19616034626960754","0.298985093832016","0.298985093832016","0.298985093832016","1.062255859375","1.062255859375","1.062255859375"
"14999","0.22156980633735657","0.22156980633735657","0.22156980633735657","0.3005990982055664","0.3005990982055664","0.3005990982055664","1.0724929571151733","1.0724929571151733","1.0724929571151733"
"15029","0.20888720452785492","0.20888720452785492","0.20888720452785492","0.3476259410381317","0.3476259410381317","0.3476259410381317","1.1303966045379639","1.1303966045379639","1.1303966045379639"
"15059","0.19989962875843048","0.19989962875843048","0.19989962875843048","0.2735142409801483","0.2735142409801483","0.2735142409801483","1.061311960220337","1.061311960220337","1.061311960220337"
"15089","0.1972721815109253","0.1972721815109253","0.1972721815109253","0.307824045419693","0.307824045419693","0.307824045419693","1.0916393995285034","1.0916393995285034","1.0916393995285034"
"15119","0.19085784256458282","0.19085784256458282","0.19085784256458282","0.2746020257472992","0.2746020257472992","0.2746020257472992","1.0643988847732544","1.0643988847732544","1.0643988847732544"
"15149","0.19921863079071045","0.19921863079071045","0.19921863079071045","0.25372952222824097","0.25372952222824097","0.25372952222824097","1.0148468017578125","1.0148468017578125","1.0148468017578125"
"15179","0.183949276804924","0.183949276804924","0.183949276804924","0.23142944276332855","0.23142944276332855","0.23142944276332855","0.9485294222831726","0.9485294222831726","0.9485294222831726"
"15209","0.19458240270614624","0.19458240270614624","0.19458240270614624","0.25770264863967896","0.25770264863967896","0.25770264863967896","1.065832495689392","1.065832495689392","1.065832495689392"
"15239","0.19362717866897583","0.19362717866897583","0.19362717866897583","0.2524888813495636","0.2524888813495636","0.2524888813495636","1.0069303512573242","1.0069303512573242","1.0069303512573242"
"15269","0.18651515245437622","0.18651515245437622","0.18651515245437622","0.2480037659406662","0.2480037659406662","0.2480037659406662","1.0345278978347778","1.0345278978347778","1.0345278978347778"
"15299","0.19267135858535767","0.19267135858535767","0.19267135858535767","0.2678583860397339","0.2678583860397339","0.2678583860397339","1.0049903392791748","1.0049903392791748","1.0049903392791748"
"15329","0.1911730319261551","0.1911730319261551","0.1911730319261551","0.24687467515468597","0.24687467515468597","0.24687467515468597","1.0095696449279785","1.0095696449279785","1.0095696449279785"
"15359","0.18220122158527374","0.18220122158527374","0.18220122158527374","0.24456951022148132","0.24456951022148132","0.24456951022148132","1.001511573791504","1.001511573791504","1.001511573791504"
"15389","0.19543635845184326","0.19543635845184326","0.19543635845184326","0.25109460949897766","0.25109460949897766","0.25109460949897766","1.016087532043457","1.016087532043457","1.016087532043457"
"15419","0.2133737951517105","0.2133737951517105","0.2133737951517105","0.3127044141292572","0.3127044141292572","0.3127044141292572","1.0441968441009521","1.0441968441009521","1.0441968441009521"
"15449","0.2717016935348511","0.2717016935348511","0.2717016935348511","0.36169567704200745","0.36169567704200745","0.36169567704200745","1.0303122997283936","1.0303122997283936","1.0303122997283936"
"15479","0.1946287900209427","0.1946287900209427","0.1946287900209427","0.26994845271110535","0.26994845271110535","0.26994845271110535","1.0264878273010254","1.0264878273010254","1.0264878273010254"
"15509","0.19867293536663055","0.19867293536663055","0.19867293536663055","0.30145034193992615","0.30145034193992615","0.30145034193992615","1.0325038433074951","1.0325038433074951","1.0325038433074951"
"15539","0.18607036769390106","0.18607036769390106","0.18607036769390106","0.24666841328144073","0.24666841328144073","0.24666841328144073","1.0120490789413452","1.0120490789413452","1.0120490789413452"
"15569","0.27465587854385376","0.27465587854385376","0.27465587854385376","0.3795372545719147","0.3795372545719147","0.3795372545719147","1.0098282098770142","1.0098282098770142","1.0098282098770142"
"15599","0.19269447028636932","0.19269447028636932","0.19269447028636932","0.218246728181839","0.218246728181839","0.218246728181839","0.984761655330658","0.984761655330658","0.984761655330658"
"15629","0.1930265724658966","0.1930265724658966","0.1930265724658966","0.2805163562297821","0.2805163562297821","0.2805163562297821","1.0311042070388794","1.0311042070388794","1.0311042070388794"
"15659","0.1909850686788559","0.1909850686788559","0.1909850686788559","0.24833764135837555","0.24833764135837555","0.24833764135837555","1.0184005498886108","1.0184005498886108","1.0184005498886108"
"15689","0.18859484791755676","0.18859484791755676","0.18859484791755676","0.2437402904033661","0.2437402904033661","0.2437402904033661","0.9816663861274719","0.9816663861274719","0.9816663861274719"
"15719","0.20197051763534546","0.20197051763534546","0.20197051763534546","0.22227057814598083","0.22227057814598083","0.22227057814598083","0.9544727802276611","0.9544727802276611","0.9544727802276611"
"15749","0.19559341669082642","0.19559341669082642","0.19559341669082642","0.2817116379737854","0.2817116379737854","0.2817116379737854","1.0443295240402222","1.0443295240402222","1.0443295240402222"
"15779","0.17929492890834808","0.17929492890834808","0.17929492890834808","0.26471441984176636","0.26471441984176636","0.26471441984176636","1.0112050771713257","1.0112050771713257","1.0112050771713257"
"15809","0.20771560072898865","0.20771560072898865","0.20771560072898865","0.3085426390171051","0.3085426390171051","0.3085426390171051","1.064353108406067","1.064353108406067","1.064353108406067"
"15839","0.18726089596748352","0.18726089596748352","0.18726089596748352","0.22979195415973663","0.22979195415973663","0.22979195415973663","0.9469500780105591","0.9469500780105591","0.9469500780105591"
"15869","0.18337062001228333","0.18337062001228333","0.18337062001228333","0.2692239284515381","0.2692239284515381","0.2692239284515381","1.0021591186523438","1.0021591186523438","1.0021591186523438"
"15899","0.18513160943984985","0.18513160943984985","0.18513160943984985","0.23584531247615814","0.23584531247615814","0.23584531247615814","1.0101923942565918","1.0101923942565918","1.0101923942565918"
"15929","0.25232672691345215","0.25232672691345215","0.25232672691345215","0.338428258895874","0.338428258895874","0.338428258895874","0.997361958026886","0.997361958026886","0.997361958026886"
"15959","0.18783023953437805","0.18783023953437805","0.18783023953437805","0.2294619381427765","0.2294619381427765","0.2294619381427765","0.9497053027153015","0.9497053027153015","0.9497053027153015"
"15989","0.20631201565265656","0.20631201565265656","0.20631201565265656","0.27269071340560913","0.27269071340560913","0.27269071340560913","1.043991208076477","1.043991208076477","1.043991208076477"
"16019","0.183426171541214","0.183426171541214","0.183426171541214","0.26549312472343445","0.26549312472343445","0.26549312472343445","1.0106945037841797","1.0106945037841797","1.0106945037841797"
"16049","0.17872653901576996","0.17872653901576996","0.17872653901576996","0.22325164079666138","0.22325164079666138","0.22325164079666138","0.9796369671821594","0.9796369671821594","0.9796369671821594"
"16079","0.1902570277452469","0.1902570277452469","0.1902570277452469","0.3493199050426483","0.3493199050426483","0.3493199050426483","1.076784372329712","1.076784372329712","1.076784372329712"
"16109","0.2658279836177826","0.2658279836177826","0.2658279836177826","0.3756004273891449","0.3756004273891449","0.3756004273891449","1.062900424003601","1.062900424003601","1.062900424003601"
"16139","0.18998175859451294","0.18998175859451294","0.18998175859451294","0.2662007808685303","0.2662007808685303","0.2662007808685303","0.9823963046073914","0.9823963046073914","0.9823963046073914"
"16169","0.17662560939788818","0.17662560939788818","0.17662560939788818","0.23862628638744354","0.23862628638744354","0.23862628638744354","0.9482600092887878","0.9482600092887878","0.9482600092887878"
"16199","0.17330580949783325","0.17330580949783325","0.17330580949783325","0.2824634611606598","0.2824634611606598","0.2824634611606598","0.9887824654579163","0.9887824654579163","0.9887824654579163"
"16229","0.17678505182266235","0.17678505182266235","0.17678505182266235","0.2398560792207718","0.2398560792207718","0.2398560792207718","0.9963575005531311","0.9963575005531311","0.9963575005531311"
"16259","0.2550077736377716","0.2550077736377716","0.2550077736377716","0.37498176097869873","0.37498176097869873","0.37498176097869873","1.0372282266616821","1.0372282266616821","1.0372282266616821"
"16289","0.17686322331428528","0.17686322331428528","0.17686322331428528","0.2587934136390686","0.2587934136390686","0.2587934136390686","0.9998852610588074","0.9998852610588074","0.9998852610588074"
"16319","0.17356708645820618","0.17356708645820618","0.17356708645820618","0.23306839168071747","0.23306839168071747","0.23306839168071747","0.9536251425743103","0.9536251425743103","0.9536251425743103"
"16349","0.26380518078804016","0.26380518078804016","0.26380518078804016","0.3621782660484314","0.3621782660484314","0.3621782660484314","0.983414888381958","0.983414888381958","0.983414888381958"
"16379","0.16804547607898712","0.16804547607898712","0.16804547607898712","0.23691855370998383","0.23691855370998383","0.23691855370998383","1.0014958381652832","1.0014958381652832","1.0014958381652832"
"16409","0.2049170583486557","0.2049170583486557","0.2049170583486557","0.27098068594932556","0.27098068594932556","0.27098068594932556","1.0079628229141235","1.0079628229141235","1.0079628229141235"
"16439","0.1745838075876236","0.1745838075876236","0.1745838075876236","0.22476570308208466","0.22476570308208466","0.22476570308208466","0.9711459279060364","0.9711459279060364","0.9711459279060364"
"16469","0.18872493505477905","0.18872493505477905","0.18872493505477905","0.24630583822727203","0.24630583822727203","0.24630583822727203","0.9926851391792297","0.9926851391792297","0.9926851391792297"
"16499","0.18318866193294525","0.18318866193294525","0.18318866193294525","0.2502574026584625","0.2502574026584625","0.2502574026584625","0.9903184771537781","0.9903184771537781","0.9903184771537781"
"16529","0.18513129651546478","0.18513129651546478","0.18513129651546478","0.25477564334869385","0.25477564334869385","0.25477564334869385","1.0253826379776","1.0253826379776","1.0253826379776"
"16559","0.17629604041576385","0.17629604041576385","0.17629604041576385","0.24033962190151215","0.24033962190151215","0.24033962190151215","0.974647581577301","0.974647581577301","0.974647581577301"
"16589","0.18133459985256195","0.18133459985256195","0.18133459985256195","0.23151256144046783","0.23151256144046783","0.23151256144046783","0.9939648509025574","0.9939648509025574","0.9939648509025574"
"16619","0.1740131974220276","0.1740131974220276","0.1740131974220276","0.2522253692150116","0.2522253692150116","0.2522253692150116","0.996100664138794","0.996100664138794","0.996100664138794"
"16649","0.1707841008901596","0.1707841008901596","0.1707841008901596","0.23237670958042145","0.23237670958042145","0.23237670958042145","1.008304476737976","1.008304476737976","1.008304476737976"
"16679","0.25144943594932556","0.25144943594932556","0.25144943594932556","0.32993534207344055","0.32993534207344055","0.32993534207344055","0.9563552737236023","0.9563552737236023","0.9563552737236023"
"16709","0.16987936198711395","0.16987936198711395","0.16987936198711395","0.24951118230819702","0.24951118230819702","0.24951118230819702","0.9497700333595276","0.9497700333595276","0.9497700333595276"
"16739","0.17526479065418243","0.17526479065418243","0.17526479065418243","0.20439550280570984","0.20439550280570984","0.20439550280570984","0.9272106885910034","0.9272106885910034","0.9272106885910034"
"16769","0.1813250333070755","0.1813250333070755","0.1813250333070755","0.21831077337265015","0.21831077337265015","0.21831077337265015","0.9295925498008728","0.9295925498008728","0.9295925498008728"
"16799","0.16676966845989227","0.16676966845989227","0.16676966845989227","0.22604258358478546","0.22604258358478546","0.22604258358478546","0.9601966142654419","0.9601966142654419","0.9601966142654419"
"16829","0.17980945110321045","0.17980945110321045","0.17980945110321045","0.23390239477157593","0.23390239477157593","0.23390239477157593","0.9666552543640137","0.9666552543640137","0.9666552543640137"
"16859","0.16997455060482025","0.16997455060482025","0.16997455060482025","0.23354582488536835","0.23354582488536835","0.23354582488536835","0.9511174559593201","0.9511174559593201","0.9511174559593201"
"16889","0.2407710999250412","0.2407710999250412","0.2407710999250412","0.334460586309433","0.334460586309433","0.334460586309433","0.9733656048774719","0.9733656048774719","0.9733656048774719"
"16919","0.23410241305828094","0.23410241305828094","0.23410241305828094","0.36653703451156616","0.36653703451156616","0.36653703451156616","1.0313316583633423","1.0313316583633423","1.0313316583633423"
"16949","0.1883143037557602","0.1883143037557602","0.1883143037557602","0.23141787946224213","0.23141787946224213","0.23141787946224213","0.9548068642616272","0.9548068642616272","0.9548068642616272"
"16979","0.18096694350242615","0.18096694350242615","0.18096694350242615","0.26083818078041077","0.26083818078041077","0.26083818078041077","0.9875732064247131","0.9875732064247131","0.9875732064247131"
"17009","0.18331800401210785","0.18331800401210785","0.18331800401210785","0.26344096660614014","0.26344096660614014","0.26344096660614014","1.0259660482406616","1.0259660482406616","1.0259660482406616"
"17039","0.1698714792728424","0.1698714792728424","0.1698714792728424","0.20952241122722626","0.20952241122722626","0.20952241122722626","0.9220054149627686","0.9220054149627686","0.9220054149627686"
"17069","0.1708628088235855","0.1708628088235855","0.1708628088235855","0.21242086589336395","0.21242086589336395","0.21242086589336395","0.945445716381073","0.945445716381073","0.945445716381073"
"17099","0.1761162132024765","0.1761162132024765","0.1761162132024765","0.233299121260643","0.233299121260643","0.233299121260643","0.916705310344696","0.916705310344696","0.916705310344696"
"17129","0.15523883700370789","0.15523883700370789","0.15523883700370789","0.1803215593099594","0.1803215593099594","0.1803215593099594","0.8931715488433838","0.8931715488433838","0.8931715488433838"
"17159","0.17531505227088928","0.17531505227088928","0.17531505227088928","0.20203489065170288","0.20203489065170288","0.20203489065170288","0.9186640977859497","0.9186640977859497","0.9186640977859497"
"17189","0.16426563262939453","0.16426563262939453","0.16426563262939453","0.2580939531326294","0.2580939531326294","0.2580939531326294","0.986373782157898","0.986373782157898","0.986373782157898"
"17219","0.16433793306350708","0.16433793306350708","0.16433793306350708","0.23990967869758606","0.23990967869758606","0.23990967869758606","0.9072912931442261","0.9072912931442261","0.9072912931442261"
"17249","0.1712568998336792","0.1712568998336792","0.1712568998336792","0.23281230032444","0.23281230032444","0.23281230032444","0.9959284663200378","0.9959284663200378","0.9959284663200378"
"17279","0.1752447783946991","0.1752447783946991","0.1752447783946991","0.23737002909183502","0.23737002909183502","0.23737002909183502","0.9636623859405518","0.9636623859405518","0.9636623859405518"
"17309","0.17090487480163574","0.17090487480163574","0.17090487480163574","0.2337493896484375","0.2337493896484375","0.2337493896484375","0.9937359690666199","0.9937359690666199","0.9937359690666199"
"17339","0.1826895922422409","0.1826895922422409","0.1826895922422409","0.2409454733133316","0.2409454733133316","0.2409454733133316","0.9977151155471802","0.9977151155471802","0.9977151155471802"
"17369","0.15646129846572876","0.15646129846572876","0.15646129846572876","0.19098876416683197","0.19098876416683197","0.19098876416683197","0.9259522557258606","0.9259522557258606","0.9259522557258606"
"17399","0.16393239796161652","0.16393239796161652","0.16393239796161652","0.20897582173347473","0.20897582173347473","0.20897582173347473","0.9621232151985168","0.9621232151985168","0.9621232151985168"
"17429","0.24021244049072266","0.24021244049072266","0.24021244049072266","0.29330727458000183","0.29330727458000183","0.29330727458000183","0.8582255244255066","0.8582255244255066","0.8582255244255066"
"17459","0.16480690240859985","0.16480690240859985","0.16480690240859985","0.23211754858493805","0.23211754858493805","0.23211754858493805","0.9850031733512878","0.9850031733512878","0.9850031733512878"
"17489","0.23344013094902039","0.23344013094902039","0.23344013094902039","0.30086299777030945","0.30086299777030945","0.30086299777030945","0.9730517864227295","0.9730517864227295","0.9730517864227295"
"17519","0.1597738265991211","0.1597738265991211","0.1597738265991211","0.19226649403572083","0.19226649403572083","0.19226649403572083","0.9120151996612549","0.9120151996612549","0.9120151996612549"
"17549","0.17276181280612946","0.17276181280612946","0.17276181280612946","0.21316483616828918","0.21316483616828918","0.21316483616828918","0.9299964904785156","0.9299964904785156","0.9299964904785156"
"17579","0.17091533541679382","0.17091533541679382","0.17091533541679382","0.22856895625591278","0.22856895625591278","0.22856895625591278","0.9994198679924011","0.9994198679924011","0.9994198679924011"
"17609","0.18758462369441986","0.18758462369441986","0.18758462369441986","0.23139573633670807","0.23139573633670807","0.23139573633670807","0.937026858329773","0.937026858329773","0.937026858329773"
"17639","0.16969503462314606","0.16969503462314606","0.16969503462314606","0.207742378115654","0.207742378115654","0.207742378115654","0.9174848794937134","0.9174848794937134","0.9174848794937134"
"17669","0.15267105400562286","0.15267105400562286","0.15267105400562286","0.19352146983146667","0.19352146983146667","0.19352146983146667","0.8937015533447266","0.8937015533447266","0.8937015533447266"
"17699","0.17555062472820282","0.17555062472820282","0.17555062472820282","0.22035525739192963","0.22035525739192963","0.22035525739192963","0.9410531520843506","0.9410531520843506","0.9410531520843506"
"17729","0.16698239743709564","0.16698239743709564","0.16698239743709564","0.20116043090820312","0.20116043090820312","0.20116043090820312","0.8898199200630188","0.8898199200630188","0.8898199200630188"
"17759","0.17519588768482208","0.17519588768482208","0.17519588768482208","0.23423366248607635","0.23423366248607635","0.23423366248607635","0.9669038653373718","0.9669038653373718","0.9669038653373718"
"17789","0.18079572916030884","0.18079572916030884","0.18079572916030884","0.22838465869426727","0.22838465869426727","0.22838465869426727","0.951136589050293","0.951136589050293","0.951136589050293"
"17819","0.16378895938396454","0.16378895938396454","0.16378895938396454","0.233751118183136","0.233751118183136","0.233751118183136","0.9094703197479248","0.9094703197479248","0.9094703197479248"
"17849","0.1687624752521515","0.1687624752521515","0.1687624752521515","0.2289390116930008","0.2289390116930008","0.2289390116930008","0.9298420548439026","0.9298420548439026","0.9298420548439026"
"17879","0.15452967584133148","0.15452967584133148","0.15452967584133148","0.2157919853925705","0.2157919853925705","0.2157919853925705","0.9301623106002808","0.9301623106002808","0.9301623106002808"
"17909","0.2447327822446823","0.2447327822446823","0.2447327822446823","0.35396045446395874","0.35396045446395874","0.35396045446395874","1.0192244052886963","1.0192244052886963","1.0192244052886963"
"17939","0.1633915901184082","0.1633915901184082","0.1633915901184082","0.2194565385580063","0.2194565385580063","0.2194565385580063","0.9000405073165894","0.9000405073165894","0.9000405073165894"
"17969","0.16022051870822906","0.16022051870822906","0.16022051870822906","0.22908687591552734","0.22908687591552734","0.22908687591552734","0.9071438908576965","0.9071438908576965","0.9071438908576965"
"17999","0.2283966839313507","0.2283966839313507","0.2283966839313507","0.3132365942001343","0.3132365942001343","0.3132365942001343","0.9105322957038879","0.9105322957038879","0.9105322957038879"
"18029","0.17949965596199036","0.17949965596199036","0.17949965596199036","0.2533619701862335","0.2533619701862335","0.2533619701862335","0.9519466757774353","0.9519466757774353","0.9519466757774353"
"18059","0.16026824712753296","0.16026824712753296","0.16026824712753296","0.2040940672159195","0.2040940672159195","0.2040940672159195","0.9253243207931519","0.9253243207931519","0.9253243207931519"
"18089","0.18066944181919098","0.18066944181919098","0.18066944181919098","0.20020850002765656","0.20020850002765656","0.20020850002765656","0.9000700116157532","0.9000700116157532","0.9000700116157532"
"18119","0.16078686714172363","0.16078686714172363","0.16078686714172363","0.2121172696352005","0.2121172696352005","0.2121172696352005","0.8773126006126404","0.8773126006126404","0.8773126006126404"
"18149","0.15653444826602936","0.15653444826602936","0.15653444826602936","0.22909662127494812","0.22909662127494812","0.22909662127494812","0.8948512077331543","0.8948512077331543","0.8948512077331543"
"18179","0.1639871895313263","0.1639871895313263","0.1639871895313263","0.2334464192390442","0.2334464192390442","0.2334464192390442","0.9007812142372131","0.9007812142372131","0.9007812142372131"
"18209","0.22208553552627563","0.22208553552627563","0.22208553552627563","0.27995243668556213","0.27995243668556213","0.27995243668556213","0.900890588760376","0.900890588760376","0.900890588760376"
"18239","0.15870335698127747","0.15870335698127747","0.15870335698127747","0.18251195549964905","0.18251195549964905","0.18251195549964905","0.8640690445899963","0.8640690445899963","0.8640690445899963"
"18269","0.16203197836875916","0.16203197836875916","0.16203197836875916","0.1867464929819107","0.1867464929819107","0.1867464929819107","0.8734668493270874","0.8734668493270874","0.8734668493270874"
"18299","0.21802394092082977","0.21802394092082977","0.21802394092082977","0.31434234976768494","0.31434234976768494","0.31434234976768494","0.9230746030807495","0.9230746030807495","0.9230746030807495"
"18329","0.16216522455215454","0.16216522455215454","0.16216522455215454","0.21410125494003296","0.21410125494003296","0.21410125494003296","0.8882471323013306","0.8882471323013306","0.8882471323013306"
"18359","0.23911389708518982","0.23911389708518982","0.23911389708518982","0.3160565495491028","0.3160565495491028","0.3160565495491028","0.9057011008262634","0.9057011008262634","0.9057011008262634"
"18389","0.15830810368061066","0.15830810368061066","0.15830810368061066","0.1838201880455017","0.1838201880455017","0.1838201880455017","0.8625270128250122","0.8625270128250122","0.8625270128250122"
"18419","0.16006259620189667","0.16006259620189667","0.16006259620189667","0.1978415697813034","0.1978415697813034","0.1978415697813034","0.9300330281257629","0.9300330281257629","0.9300330281257629"
"18449","0.17142783105373383","0.17142783105373383","0.17142783105373383","0.23578917980194092","0.23578917980194092","0.23578917980194092","0.9192999005317688","0.9192999005317688","0.9192999005317688"
"18479","0.15499906241893768","0.15499906241893768","0.15499906241893768","0.18437500298023224","0.18437500298023224","0.18437500298023224","0.8386225700378418","0.8386225700378418","0.8386225700378418"
"18509","0.16238944232463837","0.16238944232463837","0.16238944232463837","0.19740596413612366","0.19740596413612366","0.19740596413612366","0.8819229006767273","0.8819229006767273","0.8819229006767273"
"18539","0.14790217578411102","0.14790217578411102","0.14790217578411102","0.19046752154827118","0.19046752154827118","0.19046752154827118","0.877447783946991","0.877447783946991","0.877447783946991"
"18569","0.1682160496711731","0.1682160496711731","0.1682160496711731","0.18005068600177765","0.18005068600177765","0.18005068600177765","0.8401355743408203","0.8401355743408203","0.8401355743408203"
"18599","0.17498312890529633","0.17498312890529633","0.17498312890529633","0.19575971364974976","0.19575971364974976","0.19575971364974976","0.9039846062660217","0.9039846062660217","0.9039846062660217"
"18629","0.15039508044719696","0.15039508044719696","0.15039508044719696","0.21530437469482422","0.21530437469482422","0.21530437469482422","0.9116764068603516","0.9116764068603516","0.9116764068603516"
"18659","0.23286515474319458","0.23286515474319458","0.23286515474319458","0.332339346408844","0.332339346408844","0.332339346408844","0.9796792268753052","0.9796792268753052","0.9796792268753052"
"18689","0.14796948432922363","0.14796948432922363","0.14796948432922363","0.17209498584270477","0.17209498584270477","0.17209498584270477","0.8590319752693176","0.8590319752693176","0.8590319752693176"
"18719","0.15469905734062195","0.15469905734062195","0.15469905734062195","0.1824088841676712","0.1824088841676712","0.1824088841676712","0.8930432200431824","0.8930432200431824","0.8930432200431824"
"18749","0.1652754247188568","0.1652754247188568","0.1652754247188568","0.19079963862895966","0.19079963862895966","0.19079963862895966","0.8685128092765808","0.8685128092765808","0.8685128092765808"
"18779","0.2220636010169983","0.2220636010169983","0.2220636010169983","0.3042919933795929","0.3042919933795929","0.3042919933795929","0.8672376871109009","0.8672376871109009","0.8672376871109009"
"18809","0.16695785522460938","0.16695785522460938","0.16695785522460938","0.22599196434020996","0.22599196434020996","0.22599196434020996","0.8744416832923889","0.8744416832923889","0.8744416832923889"
"18839","0.21383723616600037","0.21383723616600037","0.21383723616600037","0.29576796293258667","0.29576796293258667","0.29576796293258667","0.8562976717948914","0.8562976717948914","0.8562976717948914"
"18869","0.15115323662757874","0.15115323662757874","0.15115323662757874","0.20041978359222412","0.20041978359222412","0.20041978359222412","0.8436934947967529","0.8436934947967529","0.8436934947967529"
"18899","0.14803926646709442","0.14803926646709442","0.14803926646709442","0.19009877741336823","0.19009877741336823","0.19009877741336823","0.8699003458023071","0.8699003458023071","0.8699003458023071"
"18929","0.22253288328647614","0.22253288328647614","0.22253288328647614","0.2880493104457855","0.2880493104457855","0.2880493104457855","0.8757026195526123","0.8757026195526123","0.8757026195526123"
"18959","0.15162232518196106","0.15162232518196106","0.15162232518196106","0.18539224565029144","0.18539224565029144","0.18539224565029144","0.8624677658081055","0.8624677658081055","0.8624677658081055"
"18989","0.16135753691196442","0.16135753691196442","0.16135753691196442","0.18873482942581177","0.18873482942581177","0.18873482942581177","0.8683135509490967","0.8683135509490967","0.8683135509490967"
"19019","0.15426357090473175","0.15426357090473175","0.15426357090473175","0.18564710021018982","0.18564710021018982","0.18564710021018982","0.8361533284187317","0.8361533284187317","0.8361533284187317"
"19049","0.14982886612415314","0.14982886612415314","0.14982886612415314","0.18243519961833954","0.18243519961833954","0.18243519961833954","0.8698344230651855","0.8698344230651855","0.8698344230651855"
"19079","0.16447147727012634","0.16447147727012634","0.16447147727012634","0.220163032412529","0.220163032412529","0.220163032412529","0.8620349168777466","0.8620349168777466","0.8620349168777466"
"19109","0.2327161282300949","0.2327161282300949","0.2327161282300949","0.3102704882621765","0.3102704882621765","0.3102704882621765","0.9230265617370605","0.9230265617370605","0.9230265617370605"
"19139","0.16046710312366486","0.16046710312366486","0.16046710312366486","0.19366243481636047","0.19366243481636047","0.19366243481636047","0.8494535684585571","0.8494535684585571","0.8494535684585571"
"19169","0.15454620122909546","0.15454620122909546","0.15454620122909546","0.19405551254749298","0.19405551254749298","0.19405551254749298","0.8523168563842773","0.8523168563842773","0.8523168563842773"
"19199","0.1611398309469223","0.1611398309469223","0.1611398309469223","0.21338851749897003","0.21338851749897003","0.21338851749897003","0.880616307258606","0.880616307258606","0.880616307258606"
"19229","0.1450125277042389","0.1450125277042389","0.1450125277042389","0.1754712611436844","0.1754712611436844","0.1754712611436844","0.8388656377792358","0.8388656377792358","0.8388656377792358"
"19259","0.15073557198047638","0.15073557198047638","0.15073557198047638","0.17094644904136658","0.17094644904136658","0.17094644904136658","0.8302847743034363","0.8302847743034363","0.8302847743034363"
"19289","0.14195235073566437","0.14195235073566437","0.14195235073566437","0.18613265454769135","0.18613265454769135","0.18613265454769135","0.8791561722755432","0.8791561722755432","0.8791561722755432"
"19319","0.1544123739004135","0.1544123739004135","0.1544123739004135","0.20383808016777039","0.20383808016777039","0.20383808016777039","0.9006243944168091","0.9006243944168091","0.9006243944168091"
"19349","0.15357312560081482","0.15357312560081482","0.15357312560081482","0.2023094892501831","0.2023094892501831","0.2023094892501831","0.8685085773468018","0.8685085773468018","0.8685085773468018"
"19379","0.15249276161193848","0.15249276161193848","0.15249276161193848","0.18831999599933624","0.18831999599933624","0.18831999599933624","0.8467792868614197","0.8467792868614197","0.8467792868614197"
"19409","0.14126251637935638","0.14126251637935638","0.14126251637935638","0.17172826826572418","0.17172826826572418","0.17172826826572418","0.8643637895584106","0.8643637895584106","0.8643637895584106"
"19439","0.1427546888589859","0.1427546888589859","0.1427546888589859","0.19170516729354858","0.19170516729354858","0.19170516729354858","0.8395780920982361","0.8395780920982361","0.8395780920982361"
"19469","0.17077746987342834","0.17077746987342834","0.17077746987342834","0.23760175704956055","0.23760175704956055","0.23760175704956055","0.9535008668899536","0.9535008668899536","0.9535008668899536"
"19499","0.14461661875247955","0.14461661875247955","0.14461661875247955","0.18629956245422363","0.18629956245422363","0.18629956245422363","0.8786327838897705","0.8786327838897705","0.8786327838897705"
"19529","0.15590807795524597","0.15590807795524597","0.15590807795524597","0.19443365931510925","0.19443365931510925","0.19443365931510925","0.8697570562362671","0.8697570562362671","0.8697570562362671"
"19559","0.14543147385120392","0.14543147385120392","0.14543147385120392","0.16572999954223633","0.16572999954223633","0.16572999954223633","0.8352211713790894","0.8352211713790894","0.8352211713790894"
"19589","0.14948678016662598","0.14948678016662598","0.14948678016662598","0.1906624138355255","0.1906624138355255","0.1906624138355255","0.8643331527709961","0.8643331527709961","0.8643331527709961"
"19619","0.15462149679660797","0.15462149679660797","0.15462149679660797","0.19732359051704407","0.19732359051704407","0.19732359051704407","0.8440634608268738","0.8440634608268738","0.8440634608268738"
"19649","0.15540942549705505","0.15540942549705505","0.15540942549705505","0.17586082220077515","0.17586082220077515","0.17586082220077515","0.8365638256072998","0.8365638256072998","0.8365638256072998"
"19679","0.13916444778442383","0.13916444778442383","0.13916444778442383","0.1696745604276657","0.1696745604276657","0.1696745604276657","0.8200924396514893","0.8200924396514893","0.8200924396514893"
"19709","0.22383902966976166","0.22383902966976166","0.22383902966976166","0.2874167263507843","0.2874167263507843","0.2874167263507843","0.8626136779785156","0.8626136779785156","0.8626136779785156"
"19739","0.1568017452955246","0.1568017452955246","0.1568017452955246","0.18915396928787231","0.18915396928787231","0.18915396928787231","0.7975480556488037","0.7975480556488037","0.7975480556488037"
"19769","0.1430349349975586","0.1430349349975586","0.1430349349975586","0.1884365975856781","0.1884365975856781","0.1884365975856781","0.8569048643112183","0.8569048643112183","0.8569048643112183"
"19799","0.14904320240020752","0.14904320240020752","0.14904320240020752","0.17775364220142365","0.17775364220142365","0.17775364220142365","0.8184829354286194","0.8184829354286194","0.8184829354286194"
"19829","0.21743427217006683","0.21743427217006683","0.21743427217006683","0.3045009970664978","0.3045009970664978","0.3045009970664978","0.8934783935546875","0.8934783935546875","0.8934783935546875"
"19859","0.1470685750246048","0.1470685750246048","0.1470685750246048","0.1599048376083374","0.1599048376083374","0.1599048376083374","0.7962398529052734","0.7962398529052734","0.7962398529052734"
"19889","0.1412712037563324","0.1412712037563324","0.1412712037563324","0.19163501262664795","0.19163501262664795","0.19163501262664795","0.8469389081001282","0.8469389081001282","0.8469389081001282"
"19919","0.21700425446033478","0.21700425446033478","0.21700425446033478","0.2956368327140808","0.2956368327140808","0.2956368327140808","0.855721116065979","0.855721116065979","0.855721116065979"
"19949","0.15064583718776703","0.15064583718776703","0.15064583718776703","0.16745930910110474","0.16745930910110474","0.16745930910110474","0.8468350172042847","0.8468350172042847","0.8468350172042847"
"19979","0.15704147517681122","0.15704147517681122","0.15704147517681122","0.178700253367424","0.178700253367424","0.178700253367424","0.8430305123329163","0.8430305123329163","0.8430305123329163"